student_id,major,age,housing,commute_miles,work_hours_per_week,advisor_meetings,credits_attempted,final_gpa,study_hours_reported,enrollment_date,dropped_out
NU-101508,Data Science,27,Off-Campus,7.6,15,1,81,1.86,,2023-09-13,1
NU-102438,Learning Technologies,25,With Family,14.3,35,1,100,2.06,9.5,2023-10-19,0
NU-102385,Learning Technologies,26,With Family,3.4,18,9,77,3.41,19.1,11/16/2022,0
NU-100767,Cyber Security,22,On-Campus,23.7,40,1,65,1.73,8.1,2024-05-03,0
NU-106054,Information Technology,21,Off-Campus,2.3,20,4,59,2.37,6.6,10/24/2022,0
NU-108827,Data Science,25,Off-Campus,21.5,18,2,2,1.62,7.7,2023-10-15,0
NU-102295,Cybersecurity,22,Off-Campus,11.8,20,1,57,0.0,2.9,12/13/2022,1
NU-107954,Information Technology,24,With Family,6.0,25,0,22,2.71,15.1,25-Aug-2023,0
NU-101674,Cybersecurity,28,Off-Campus,4.5,25,3,45,3.06,13.4,03/06/2024,0
NU-102682,Information Technology,22,Off-Campus,10.3,28,1,96,2.46,10.2,12/15/2023,0
NU-105635,Data Science,20,Off-Campus,28.5,20,1,85,1.97,,2023-09-10,0
NU-102227,Data Science,24,Off-Campus,4.2,0,4,31,2.97,10.8,29-Sep-2022,0
NU-101532,Cybersecurity,22,on-campus,13.8,20,3,43,1.96,5.4,11/07/2022,0
NU-109351,Business Analytics,20,On-Campus,2.4,25,2,98,2.28,11.2,2022-12-20,0
NU-103967,Learning Technologies,20,On-Campus,3.2,15,4,57,1.44,10.0,05/13/2024,0
NU-109666,Cybersecurity,22,With Family,7.4,28,0,29,0.0,,09/09/2022,0
NU-108538,Learning Technologies,24, On-Campus,15.2,20,3,0,0.0,9.3,01/20/2025,0
NU-101387,Information Science,21,With Family,7.3,25,2,54,2.48,8.1,26-Oct-2023,1
NU-102364,Information Science,23,Off-Campus,6.7,20,6,81,3.54,15.9,04/23/2024,0
NU-100500,Cybersecurity,22,On-Campus,18.7,10,3,61,2.73,13.3,09/11/2023,1
NU-100837,Business Analytics,25,On-Campus,28.4,18,3,41,1.77,9.6,09/22/2022,0
NU-108628,Cybersecurity,24,Off-Campus,16.2,12,5,81,2.04,7.4,2022-10-14,0
NU-108099,Information Technology,25,Off-Campus,4.3,0,1,55,2.27,11.0,03/15/2024,0
NU-107135,Information Science,29,On-Campus,3.6,40,2,0,0.0,3.4,01/20/2025,0
NU-109116,Cybersecurity,22,on-campus,4.5,20,1,75,3.02,7.9,05/04/2024,0
NU-104466,Cybersecurity,25,off campus,5.0,10,4,63,2.53,8.3,02/19/2024,1
NU-107618,Information Science,22,With Family,4.0,5,3,29,3.27,11.8,09/24/2022,0
NU-105906,Information Science,25,Off-campus,15.1,10,4,2,2.31,9.6,04-Dec-2022,0
NU-109564,Information Technology,28,Off-Campus,29.3,30,1,49,1.88,9.9,10/08/2023,0
NU-108999,Information Science,21,On-Campus,10.7,30,2,51,2.33,14.9,2023-09-29,0
NU-108654,Information Technology,23,With Family,7.6,20,5,69,2.76,13.4,16-Oct-2023,0
NU-105893,Information Science,22,With Family,10.8,25,1,33,2.75,12.8,06-Dec-2023,0
NU-100101,Cybersecurity,22,On-Campus,5.1,18,2,49,2.24,8.1,2024-03-14,0
NU-109641,Cybersecurity,23,Off-Campus,7.9,35,4,35,2.42,12.5,04/08/2024,0
NU-101130,Learning Technologies,0,with family,37.2,12,1,43,1.65,0.5,09/22/2022,1
NU-107610,Cybersecurity,25,on-campus,4.5,0,1,29,2.83,13.3,11/13/2023,1
NU-100021,Business Analytics,23,Off-Campus,16.3,28,3,33,1.4,2.3,08/24/2023,0
NU-108470,Cybersecurity,23,Off-Campus,7.5,18,4,15,3.2,12.5,11/26/2022,0
NU-103104,Information Technology,27,On-Campus,38.3,0,4,40,2.39,,05/05/2024,0
NU-102986,Data Science,22,With Family,20.0,18,2,45,1.84,5.6,2024-02-17,0
NU-103481,Information Science,28,On-Campus,29.0,20,1,21,2.29,10.2,2022-10-05,1
NU-108751,Information Technology,32,On-Campus,34.7,18,2,50,2.12,9.2,10/10/2023,0
NU-102734,Information Technology,27,On-Campus,5.8,12,3,28,2.79,8.7,2024-02-09,0
NU-103229,DataScience,26,Off-Campus,4.6,30,1,60,3.03,17.9,09/01/2022,0
NU-103924,Information Science,29,Off-Campus,13.1,18,4,74,3.04,10.2,03/24/2024,0
NU-108818,Information Technology,30,On-Campus,5.3,25,3,8,2.8,11.3,2024-05-05,0
NU-100863,Cybersecurity,23,On-Campus,9.8,18,4,93,3.02,13.6,15-Apr-2024,0
NU-103940,Information  Science,23,off campus,13.3,0,3,29,3.55,12.1,05/24/2024,0
NU-100895,Cybersecurity,31,With Family,14.1,30,2,63,3.24,13.3,12/17/2022,0
NU-106691,Information Science,26,On-Campus,8.6,20,7,70,2.25,8.5,09/30/2023,1
NU-103525,Learning Technologies,22,Off-Campus,16.9,15,1,26,2.74,15.4,2024-02-05,0
NU-102705,Business Analytics,20,Off-Campus,25.3,15,4,86,2.07,11.9,02/17/2024,0
NU-102946,Data Science,25,With Family,6.6,25,2,93,1.6,6.3,2022-12-14,0
NU-105110,Learning Technologies,23,On-Campus,11.9,20,0,25,2.36,6.8,10/24/2023,0
NU-103820,Learning Technologies,28,On-Campus,6.3,20,0,9,1.87,5.5,11/05/2022,0
NU-109021,Data Science,22,Off-Campus,5.9,12,4,76,3.16,14.7,11/14/2022,0
NU-109466,Cybersecurity,25,with family,2.9,30,2,43,1.67,4.4,09/05/2023,0
NU-104783,Learning Technologies,21,On-Campus,2.2,12,4,51,2.98,18.7,11/20/2022,0
NU-105414,Info Technology,24,Off-Campus,9.2,0,3,50,3.11,17.2,2023-09-26,0
NU-109845,Learning Technologies,24,Off-Campus,20.3,18,0,91,2.43,12.0,2022-11-18,0
NU-102146,DataScience,25,With Family,17.2,20,2,49,1.68,12.6,2024-03-16,0
NU-104269,Learning Technologies,30,Off-Campus,22.4,28,1,72,1.64,7.6,05/02/2024,1
NU-101053,Information Technology,32,Off-Campus,9.3,30,1,76,1.92,6.4,12/06/2023,0
NU-108633,Cybersecurity,26,With Family,14.8,30,1,81,2.83,15.1,2022-09-16,0
NU-101025,Business Analytics,26,On-Campus,1.7,18,2,53,2.79,10.9,2023-08-28,1
NU-108608,Business Analytics,22,Off-Campus,4.0,35,3,37,2.13,8.4,2024-05-04,1
NU-108643,Data Science,34,Off-Campus,6.7,5,1,74,2.13,,12/16/2023,0
NU-100953,Business Analytics,23,Off-Campus,12.1,15,4,73,1.95,8.8,09/20/2023,0
NU-109264,Cybersecurity,22,On-Campus,14.6,35,2,32,2.56,13.4,09/16/2022,0
NU-107711,Information Technology,26,With Family,42.4,20,0,47,1.64,2.6,07-Sep-2023,0
NU-106213,Cybersecurity,22,With Family,22.2,25,0,29,1.18,1.8,2022-10-29,1
NU-108451,Cybersecurity,25,Off-Campus,6.0,20,3,70,1.12,6.1,09/22/2022,0
NU-108767,Information Science,23,Off-Campus,9.7,0,3,79,2.96,9.4,12/08/2022,1
NU-108061,Cybersecurity,29,off campus,5.6,30,2,34,2.36,13.4,11/06/2022,0
NU-109501,Cybersecurity,21,off campus,14.6,0,3,28,2.88,16.2,05/18/2024,0
NU-107060,Information Science,20,On-Campus,9.6,0,2,64,2.13,,02/02/2024,0
NU-108564,Cybersecurity,26,With Family,6.9,10,1,55,3.08,17.4,27-Nov-2023,0
NU-106890,Information Science,30,Off-Campus,14.1,5,2,0,0.0,11.2,01/21/2025,0
NU-104945,Data Science,27,On-Campus,4.2,0,1,0,1.45,4.9,09/21/2022,0
NU-102436,Learning Technologies,27,On-Campus,21.2,18,1,74,2.64,9.0,2022-10-17,0
NU-109740,Data Science,23,Off-Campus,25.7,0,1,56,2.35,10.1,2022-08-25,0
NU-105355,Business Analytics,25,Off-Campus,21.3,28,0,79,1.65,,2023-11-14,0
NU-101292,Data Science,29,Off-Campus,28.2,10,4,91,1.77,1.6,07-Dec-2023,0
NU-106152,Business Analytics,25,With Family,10.5,20,2,29,2.14,11.4,12/06/2022,1
NU-103619,Business Analytics,28,Off-Campus,13.1,18,5,71,1.77,7.6,2024-02-17,0
NU-100905,Cybersecurity,22,Off-Campus,17.4,30,3,128,2.32,12.0,2024-03-30,1
NU-108004,Business Analytics,30,on-campus,14.0,20,1,51,2.79,10.9,12/04/2022,0
NU-103836,Cyber Security,26,off campus,4.6,18,5,77,2.6,16.8,2022-08-26,0
NU-101928,Data Science,31,Off-Campus,6.8,35,1,0,1.38,6.5,09/26/2023,0
NU-101479,Information Technology,24,Off-Campus,3.0,10,1,46,2.25,,2024-03-13,0
NU-108130,Data Science,26,Off-Campus,8.4,25,0,64,2.22,10.0,02/14/2024,0
NU-104529,Cybersecurity,22,Off-campus,12.9,18,1,74,2.45,10.2,12-Nov-2023,0
NU-103330,Information Technology,27,Off-Campus,1.7,15,0,28,3.47,,10/01/2022,1
NU-104053,Information Science,26,On-Campus,7.5,15,2,39,1.37,,2022-09-05,1
NU-104763,Cyber Security,21,With Family,8.4,30,2,65,2.29,9.6,12/03/2022,0
NU-107891,Data Science,32,off campus,6.8,40,1,54,2.51,14.1,2023-10-13,0
NU-103586,Data Science,21,With Family,34.5,12,1,121,1.84,3.2,10/01/2022,0
NU-107455,Cybersecurity,23,off campus,28.3,18,1,90,1.54,5.6,09/01/2022,0
NU-104877,Business Analytics,23,Off-Campus,11.1,15,1,13,2.12,10.3,02/11/2024,0
NU-106795,Business Analytics,24,Off-Campus,21.1,20,0,63,1.29,,12/18/2023,1
NU-104889,Learning Technologies,21,With Family,6.7,20,2,65,1.97,7.4,23-Aug-2022,0
NU-104621,Information  Science,22,Off-Campus,15.5,28,2,19,1.41,3.0,12/15/2022,0
NU-108334,Data Science,22,with family,11.9,20,0,77,1.57,8.5,30-Aug-2023,1
NU-104676,Information Science,25,Off-Campus,2.3,15,5,63,2.25,12.9,10/18/2023,1
NU-103390,Business Analytics,24,With Family,20.8,25,4,62,2.13,6.3,11/02/2023,0
NU-105693,Cyber Security,23, On-Campus,13.6,18,7,43,2.59,12.6,09/05/2023,0
NU-102077,Business Analytics,24,Off-Campus,1.2,30,5,23,1.82,6.4,2022-10-24,0
NU-104583,Information Science,27,With Family,10.8,25,1,12,2.1,11.3,04/20/2024,1
NU-102683,Business Analytics,23,Off-Campus,39.9,0,2,71,2.57,9.4,02/03/2024,0
NU-106940,Cybersecurity,26,With Family,22.6,35,5,73,2.11,6.5,09/29/2023,0
NU-106854,Business Analytics,27,On-Campus,9.3,0,9,84,2.08,13.8,2023-09-06,0
NU-105645,Information Technology,29,With Family,24.7,15,1,62,2.7,11.1,05-Dec-2022,1
NU-109747,Learning Technologies,19,Off-Campus,7.3,5,5,70,2.3,,28-Oct-2023,0
NU-108800,Business Analytics,26,On-Campus,2.0,5,3,46,2.91,13.8,11/16/2022,0
NU-100365,Info Technology,23,On-Campus,27.7,15,4,51,1.97,8.8,2022-12-02,1
NU-109436,Cybersecurity,24,off campus,12.1,35,3,20,2.28,10.5,09/25/2022,0
NU-104789,Cybersecurity,22,On-Campus,18.0,40,4,61,2.28,6.1,2023-12-14,0
NU-102955,Information Science,22,Off-Campus,1.3,12,2,97,2.43,7.1,2023-11-24,1
NU-103342,Information Science,26,Off-Campus,13.5,20,3,80,2.54,,2024-04-23,0
NU-105476,Cybersecurity,23,Off-Campus,7.8,28,1,2,2.07,16.6,20-Oct-2023,0
NU-103898,Cybersecurity,30,On-Campus,8.4,20,2,2,3.07,8.3,2024-03-11,0
NU-104883,Cyber Security,29,Off-Campus,7.8,18,3,42,2.63,12.6,09/07/2023,1
NU-107154,Cybersecurity,21,on-campus,4.4,15,2,23,2.78,11.6,11/04/2023,0
NU-108560,Business Analytics,25,Off-campus,15.5,35,2,39,0.95,6.2,2024-04-07,0
NU-103069,Data Science,23,On-Campus,3.2,15,6,70,2.26,,08/29/2022,1
NU-106129,Business Analytics,27,Off-campus,11.2,15,6,82,3.19,10.9,04/21/2024,0
NU-100133,Information Technology,22,With Family,23.2,40,3,66,1.53,6.6,10/14/2023,0
NU-109871,Data Science,24,On-Campus,8.1,18,1,17,1.25,3.4,2022-12-01,1
NU-100485,Learning Technologies,26,on-campus,12.5,18,6,10,3.26,13.6,20-Oct-2023,0
NU-106041,Cybersecurity,26,with family,12.9,20,6,54,3.0,10.5,05/22/2024,0
NU-102530,Cybersecurity,32,Off-campus,5.9,15,0,0,0.0,15.1,01/21/2025,0
NU-109164,Cybersecurity,23,With Family,10.2,5,2,64,2.88,7.2,07-Dec-2022,0
NU-104597,Cybersecurity,30,With Family,4.4,10,2,52,2.32,4.8,09/18/2023,0
NU-108724,Cybersecurity,34,Off-campus,13.8,18,0,23,2.88,16.4,11/05/2023,0
NU-105970,Cybersecurity,26,On-Campus,10.7,20,1,82,1.84,5.8,04/01/2024,0
NU-104915,Cybersecurity,22,On-Campus,16.8,10,3,11,0.39,,2022-08-29,0
NU-108281,Info Technology,23,Off-Campus,4.9,30,3,20,2.32,,11/03/2022,0
NU-106505,Information Technology,25,On-Campus,13.6,25,1,60,2.24,,10/07/2023,0
NU-109852,Learning Technologies,25,Off-Campus,24.1,20,5,74,2.66,13.9,10/08/2022,0
NU-108269,Data Science,27,Off-Campus,9.9,10,3,0,0.0,10.6,2025-01-15,0
NU-109291,Data Science,29,Off-Campus,2.5,35,1,16,1.88,6.1,2023-10-31,0
NU-108143,Learning Technologies,25,On-Campus,38.2,15,1,21,1.87,6.9,04-Sep-2022,0
NU-107832,Business Analytics,23,On-Campus,46.7,0,0,40,1.95,4.6,11/30/2023,0
NU-106983,DataScience,26,Off-Campus,1.1,40,3,86,2.38,5.8,02/28/2024,1
NU-106572,Information Science,28,Off-Campus,1.7,20,1,5,2.11,15.6,11/01/2022,0
NU-105988,Cybersecurity,26,Off-Campus,8.7,0,5,54,3.08,15.4,11-Feb-2024,0
NU-109161,Information Science,21,Off-Campus,4.3,0,9,103,1.98,11.1,19-Nov-2022,0
NU-100135,Cybersecurity,20,on-campus,8.7,10,4,85,2.89,14.0,2024-02-24,0
NU-105568,Cybersecurity,24,Off-Campus,17.2,18,0,0,2.22,6.9,2022-12-16,0
NU-104072,Cybersecurity,28,On-Campus,26.7,25,1,22,1.34,,05/16/2024,1
NU-103001,Information Science,24,Off-Campus,7.9,20,1,38,2.09,7.9,2024-05-03,0
NU-109593,Cybersecurity,30,off campus,5.6,0,0,54,1.93,,11/09/2022,0
NU-104612,Data Science,21, On-Campus,4.5,12,0,39,2.77,10.6,21-Apr-2024,0
NU-103298,Cybersecurity,28,Off-Campus,5.7,25,2,82,1.97,8.3,11/30/2022,0
NU-103717,Cybersecurity,26,Off-Campus,4.3,0,3,12,2.3,5.8,12/12/2022,0
NU-104639,Information Technology,26,With Family,0.2,20,0,28,3.19,14.8,2022-09-02,1
NU-106855,Cybersecurity,28,Off-Campus,13.2,30,6,100,2.34,15.1,10/26/2023,1
NU-104020,Data Science,22,off campus,9.5,10,7,69,2.97,16.6,10/29/2022,0
NU-104222,Learning Technologies,21,Off-Campus,29.1,5,4,19,2.47,12.6,02/05/2024,0
NU-101226,Data Science,25,Off-Campus,3.3,15,2,0,2.03,7.7,11/04/2023,1
NU-102859,Learning Technologies,24,Off-Campus,19.5,10,0,0,2.98,13.5,2024-04-20,0
NU-103058,Information Science,24,With Family,8.8,5,1,75,2.13,8.8,2023-11-12,0
NU-103727,Information  Science,23,Off-Campus,0.7,0,2,43,2.99,8.2,2022-08-24,0
NU-102726,Learning Technologies,23,Off-Campus,23.1,28,1,45,2.13,10.1,10/08/2022,0
NU-105401,Learning Technologies,25,On-Campus,3.7,10,1,59,2.28,,2022-10-23,0
NU-101568,Learning Technologies,20,With Family,27.0,20,0,94,1.2,6.1,2024-04-30,0
NU-106608,Cybersecurity,27,Off-Campus,8.1,25,8,17,2.09,8.6,2023-11-27,0
NU-101988,Cybersecurity,20,On-Campus,8.8,0,2,0,0.0,2.7,01/13/2025,0
NU-102237,Learning Technologies,23,Off-Campus,51.3,12,5,90,2.63,10.1,03/01/2024,0
NU-103204,Data Science,24,Off-Campus,4.3,28,1,22,0.85,,11/16/2022,0
NU-106998,Learning Technologies,21,With Family,11.2,0,0,0,3.26,16.9,09/15/2023,0
NU-100492,Business Analytics,31,With Family,15.3,30,2,37,1.61,9.2,2023-08-22,1
NU-102024,Cybersecurity,20,On-Campus,28.1,30,2,57,1.76,6.2,10/19/2022,0
NU-106478,Business Analytics,28,With Family,1.4,20,1,83,1.29,3.2,2022-08-24,1
NU-104860,Data Science,29,On-Campus,2.9,28,5,85,2.88,12.0,2022-09-14,0
NU-103275,Learning Technologies,24,With Family,38.5,15,4,65,2.41,8.3,02/08/2024,0
NU-104766,Information Science,28,On-Campus,8.5,5,3,32,3.42,16.7,11/11/2023,0
NU-106496,Cybersecurity,22,Off-Campus,5.8,40,5,51,2.62,15.0,03/26/2024,0
NU-105750,Business Analytics,26,With Family,2.4,30,5,65,2.88,15.9,29-Aug-2022,0
NU-107644,Data Science,28,on-campus,10.0,10,5,43,3.49,19.0,06-Nov-2022,0
NU-106027,Information Technology,19,Off-Campus,2.0,28,4,46,2.78,17.3,30-Nov-2023,0
NU-102961,Business Analytics,24,Off-Campus,7.1,35,0,3,2.5,,10/07/2023,0
NU-101150,Business Analytics,24,on-campus,30.2,30,3,53,1.38,7.4,07-Dec-2022,0
NU-105090,Cybersecurity,22,Off-Campus,2.8,0,5,42,3.09,12.6,11/05/2023,0
NU-103905,Data Science,29,On-Campus,8.8,18,2,73,3.66,11.5,24-Oct-2022,0
NU-108386,Business Analytics,25,With Family,46.2,10,1,82,1.98,12.5,05/01/2024,0
NU-102194,Information Science,27,Off-Campus,8.1,25,3,30,2.22,12.8,07-Apr-2024,0
NU-106303,Information Science,26,Off-Campus,16.3,20,2,75,1.2,5.8,2022-12-20,0
NU-106401,Data Science,27,With Family,8.9,35,1,63,2.28,8.9,19-Nov-2023,1
NU-108733,Information Technology,21,Off-campus,2.5,0,2,43,2.28,7.5,04/01/2024,0
NU-100478,Business Analytics,27,on-campus,12.4,0,1,13,2.4,7.1,12/08/2023,1
NU-100685,Business Analytics,23,With Family,17.7,12,6,56,2.26,9.6,12/08/2022,0
NU-106425,Cyber Security,25,Off-Campus,38.5,18,2,15,2.57,8.8,12/04/2022,1
NU-109736,Information Technology,30,Off-campus,28.5,10,1,67,2.68,10.5,2024-04-09,0
NU-108928,Information Technology,29,Off-campus,1.5,12,1,33,2.73,13.9,11/03/2023,1
NU-105317,Data Science,24,Off-Campus,7.6,30,1,42,1.74,10.5,2024-02-06,0
NU-102608,Cybersecurity,22,On-Campus,10.7,25,3,57,2.28,15.7,2024-02-02,1
NU-103498,Cybersecurity,20,Off-Campus,3.4,28,5,87,1.97,9.8,08-Sep-2022,0
NU-108602,Information Technology,23,On-Campus,4.2,15,5,42,2.38,6.0,09-Mar-2024,0
NU-107971,Learning Technologies,25,off campus,3.3,18,2,90,2.73,13.9,02/22/2024,0
NU-108749,Information Technology,30,Off-Campus,5.5,30,3,31,2.35,8.2,2022-10-09,0
NU-109121,Information Science,27,With Family,11.4,18,5,42,2.19,7.9,22-Nov-2023,0
NU-108965,Cybersecurity,31,On-Campus,13.0,18,0,52,1.49,5.6,2022-11-16,0
NU-102671,Cybersecurity,33,On-Campus,27.3,15,1,71,0.0,,02-Oct-2023,0
NU-101091,Cybersecurity,28,On-Campus,1.6,30,3,74,1.53,3.5,09/09/2022,0
NU-103703,Information Technology,26,Off-Campus,20.5,5,3,31,2.28,5.4,2024-02-05,0
NU-109636,Information Technology,34,With Family,17.3,28,1,71,1.19,,03/12/2024,0
NU-102593,Cybersecurity,27,On-Campus,17.4,30,1,98,1.78,6.0,2022-10-28,0
NU-104536,Learning Technologies,28,On-Campus,6.8,0,3,82,3.01,12.8,12/07/2023,0
NU-104885,Learning Technologies,26,On-Campus,0.4,20,3,0,2.53,19.7,05/19/2024,0
NU-100911,Data Science,20,Off-Campus,6.0,10,3,62,3.55,16.1,12/06/2023,0
NU-104142,Learning Technologies,29,On-Campus,9.5,30,5,37,3.13,11.8,10/02/2023,1
NU-104473,Business Analytics,23,Off-Campus,5.1,12,2,72,2.87,13.5,05/05/2024,0
NU-104352,Data Science,25, On-Campus,12.7,10,3,68,2.73,10.2,10/19/2023,0
NU-104836,Information Technology,28,On-Campus,9.4,30,1,33,1.53,,18-Mar-2024,0
NU-106599,Business Analytics,24,Off-Campus,30.2,10,1,0,1.82,6.9,08-Nov-2023,0
NU-107855,DataScience,23,Off-Campus,3.8,28,4,39,2.09,7.1,05/21/2024,0
NU-101480,Data Science,25,Off-Campus,8.5,30,2,45,2.1,7.9,09/25/2022,0
NU-103042,Information Science,32,Off-Campus,13.7,0,5,84,3.35,13.7,09/01/2022,0
NU-108033,Data Science,25,Off-Campus,8.0,20,1,32,1.78,6.5,12/05/2022,1
NU-104585,DataScience,21,Off-Campus,20.1,20,1,19,2.12,9.0,11/20/2023,0
NU-108848,Cyber Security,22,Off-Campus,17.6,20,2,45,1.77,5.5,09/09/2022,0
NU-109202,Information Technology,22,Off-Campus,10.9,10,2,54,3.08,17.2,11/17/2022,0
NU-102938,Cybersecurity,27,With Family,3.0,30,1,75,1.82,8.2,31-Aug-2022,0
NU-105272,Cybersecurity,25, On-Campus,26.3,25,5,18,2.07,,2022-12-11,1
NU-107774,Cybersecurity,30,Off-Campus,13.1,15,3,55,4.0,12.2,02/07/2024,0
NU-105076,Data Science,24,Off-Campus,15.5,28,4,66,2.49,11.3,11/14/2022,1
NU-108424,Cyber Security,23,Off-Campus,10.9,30,3,84,2.81,15.0,12/12/2023,0
NU-105487,Learning Technologies,23,off campus,19.6,18,1,58,1.61,7.6,03/24/2024,0
NU-105676,Info Technology,20,On-Campus,8.1,20,1,0,0.0,10.0,2025-01-22,0
NU-101223,Business Analytics,27,Off-campus,14.4,40,3,38,2.55,9.9,2024-03-07,0
NU-107835,Cybersecurity,25,Off-Campus,18.0,20,0,75,1.11,,2023-12-15,0
NU-104342,Cyber Security,30,On-Campus,6.8,12,2,2,3.62,18.2,10/30/2022,0
NU-103408,Cyber Security,28,On-Campus,10.1,0,4,68,3.2,11.4,02/05/2024,0
NU-105840,Data Science,24,Off-Campus,3.9,35,2,75,2.28,9.0,08/21/2023,0
NU-104931,Information Science,22,With Family,5.1,18,2,75,3.27,15.6,02/18/2024,0
NU-109647,Cybersecurity,39,on-campus,15.7,30,4,80,1.65,,10/24/2022,0
NU-109340,Information Science,22,Off-Campus,8.9,10,1,2,2.32,12.5,2022-12-05,0
NU-104044,Business Analytics,22,On-Campus,6.9,30,3,55,1.96,,10/09/2022,0
NU-105997,Cybersecurity,19,With Family,9.7,28,1,39,0.0,,11/18/2023,0
NU-104825,Cyber Security,27,with family,13.2,40,2,90,1.2,,03/04/2024,1
NU-105896,Business Analytics,27,With Family,32.2,40,2,31,1.72,6.3,12/11/2022,0
NU-103867,Cybersecurity,26,With Family,0.7,20,0,39,3.02,11.1,05/04/2024,0
NU-106975,Cyber Security,27,on-campus,28.2,18,1,39,1.95,7.7,10/30/2022,0
NU-109762,Information Technology,30,On-Campus,26.4,0,1,81,2.66,11.2,2024-02-26,1
NU-108825,Cybersecurity,21,Off-Campus,11.7,10,3,44,2.05,8.3,2023-08-29,0
NU-109676,Learning Technologies,26,On-Campus,7.2,15,0,0,1.93,11.7,2022-09-23,0
NU-106951,Cybersecurity,23,Off-Campus,13.8,20,2,31,1.71,6.7,02-Oct-2023,1
NU-104782,Information Science,20,Off-Campus,0.8,25,1,63,2.19,11.6,11-Oct-2022,0
NU-104756,Info Technology,30,Off-Campus,8.8,10,3,37,2.51,8.2,2024-03-31,0
NU-102836,Information Technology,20,Off-Campus,5.8,15,4,34,2.76,14.1,25-Aug-2022,0
NU-105475,Business Analytics,28,Off-Campus,17.5,20,3,46,1.73,5.5,2024-02-11,0
NU-109701,Business Analytics,27,With Family,15.3,10,1,30,2.05,7.0,2024-05-28,0
NU-107830,Information Technology,22,On-Campus,9.8,5,6,81,3.27,18.7,2024-03-03,0
NU-106280,Information Science,27,On-Campus,14.3,12,3,28,2.61,14.7,2022-11-19,0
NU-101798,Data Science,23,Off-Campus,37.4,5,1,48,2.57,11.7,2023-10-17,0
NU-107893,Cybersecurity,25,Off-Campus,4.4,18,4,78,2.32,11.0,05/03/2024,0
NU-107349,Information Technology,23,Off-Campus,11.8,18,3,45,3.03,18.8,2024-03-29,0
NU-109617,Data Science,24, On-Campus,5.6,40,3,45,2.1,9.6,10/31/2022,0
NU-109175,Cybersecurity,23,With Family,3.0,12,3,59,3.1,12.0,2023-10-19,0
NU-100300,Learning Technologies,29,With Family,10.3,30,1,63,2.2,9.9,03/31/2024,0
NU-109492,DataScience,30,On-Campus,6.3,15,3,21,2.94,17.2,2024-02-13,0
NU-109006,Cybersecurity,22,On-Campus,17.8,20,1,55,2.1,8.6,11/13/2023,0
NU-108508,Learning Technologies,21,Off-Campus,1.3,15,1,14,2.91,11.6,05/23/2024,1
NU-106842,Information Science,24,With Family,16.0,5,5,44,2.36,9.5,10/31/2022,0
NU-101826,Cyber Security,28,On-Campus,17.7,12,2,27,2.98,11.6,09/10/2023,0
NU-102580,Cybersecurity,31,on-campus,4.8,25,2,50,2.7,12.9,02/06/2024,0
NU-100077,Information Technology,28,On-Campus,10.8,0,0,102,2.02,7.2,04/24/2024,1
NU-105526,Information Science,22,On-Campus,19.3,25,3,99,1.91,7.2,10/16/2022,0
NU-107391,Business Analytics,23,On-Campus,6.6,25,2,25,2.69,13.0,2022-12-03,0
NU-100161,Information Science,26,On-Campus,4.1,15,4,8,3.45,19.1,09/24/2023,1
NU-107878,Cybersecurity,25,With Family,9.5,30,3,71,2.39,15.8,15-Nov-2023,0
NU-103635,Information Science,25,Off-campus,3.7,5,3,96,3.71,15.0,09/13/2022,0
NU-107536,Cybersecurity,27,On-Campus,7.5,20,1,36,2.0,8.7,17-Sep-2023,0
NU-104973,Cybersecurity,21,off campus,4.6,0,1,9,2.13,10.4,11/03/2023,0
NU-104228,Cybersecurity,32,Off-Campus,12.0,40,1,77,2.12,,08/27/2022,0
NU-106255,Learning Technologies,31, On-Campus,10.3,10,2,0,0.0,12.3,2025-01-17,0
NU-108403,Business Analytics,25,Off-Campus,3.9,20,1,74,2.18,12.6,2022-11-22,0
NU-103303,Business Analytics,22,On-Campus,8.5,30,0,47,1.38,8.4,12/03/2023,0
NU-108770,Information Technology,25,On-Campus,11.2,28,1,79,2.97,12.3,09/01/2023,0
NU-100564,Data Science,31,on-campus,9.4,0,1,43,1.66,6.1,24-Oct-2022,0
NU-108316,Business Analytics,28,On-Campus,12.5,0,6,24,3.23,14.5,20-Mar-2024,0
NU-103606,Cybersecurity,22,Off-Campus,4.0,0,0,72,1.48,11.2,2022-10-20,0
NU-105127,Data Science,25,With Family,8.7,18,2,28,2.52,10.7,2022-09-09,1
NU-106007,Cybersecurity,22,Off-Campus,14.8,28,2,45,2.04,7.8,22-Sep-2022,0
NU-102883,Cyber Security,28,Off-Campus,10.0,18,3,63,2.71,11.8,11/14/2022,0
NU-100544,Data Science,25,With Family,16.5,15,0,70,1.84,5.7,22-Apr-2024,0
NU-106175,Cybersecurity,21,With Family,2.3,5,2,47,3.0,11.7,11/01/2023,0
NU-107026,Business Analytics,26,With Family,12.3,30,1,65,2.04,10.0,2023-12-17,0
NU-108181,Business Analytics,22,Off-Campus,11.1,20,3,39,2.56,13.1,04/30/2024,0
NU-109962,Information Technology,19,Off-Campus,31.4,10,1,108,1.75,,2022-09-20,1
NU-100483,Data Science,22,With Family,28.7,18,5,54,1.41,11.6,11/03/2023,0
NU-103973,Data Science,28,with family,7.1,30,1,42,2.36,7.7,10/17/2022,1
NU-108265,Information Technology,22,Off-Campus,6.0,30,4,100,2.83,12.2,03/17/2024,0
NU-101333,Data Science,23,On-Campus,10.4,0,2,68,2.85,11.3,04/16/2024,0
NU-105132,Cybersecurity,32,With Family,21.5,12,2,116,2.57,9.9,12/17/2022,0
NU-103420,Learning Technologies,22,Off-Campus,10.4,20,2,93,2.62,10.4,05/11/2024,1
NU-103995,Information Technology,25,on-campus,2.4,15,0,44,2.49,11.2,11/25/2022,0
NU-105556,Cybersecurity,20,Off-Campus,19.9,30,1,45,2.28,8.2,2022-11-17,1
NU-105333,Cybersecurity,25,Off-Campus,12.6,10,3,42,2.41,10.0,13-Nov-2022,0
NU-109858,Data Science,38,On-Campus,1.8,25,2,66,2.39,,12/19/2022,0
NU-106185,Cybersecurity,23, On-Campus,2.5,30,0,0,0.38,2.4,08/23/2022,1
NU-109868,Learning Technologies,23,With Family,14.6,20,0,24,2.14,9.3,2023-10-02,1
NU-103039,Learning Technologies,25,Off-Campus,18.0,15,2,50,2.41,12.3,2024-05-26,0
NU-104207,Business Analytics,26,Off-Campus,12.5,18,4,39,2.36,15.9,21-May-2024,0
NU-100692,Business Analytics,22,Off-Campus,8.1,18,3,116,2.96,14.9,05-Apr-2024,1
NU-100236,Cyber Security,20,With Family,11.0,28,3,31,2.5,9.0,10/23/2022,0
NU-104686,Cybersecurity,24,Off-Campus,7.9,12,2,59,2.18,,10/13/2023,1
NU-102199,Cybersecurity,25,off campus,12.5,5,1,88,1.8,4.9,30-Apr-2024,0
NU-108993,Information  Science,26,On-Campus,19.6,40,0,105,0.0,,10/12/2022,0
NU-109399,Cybersecurity,25,Off-Campus,37.1,10,0,1,1.68,6.4,12/14/2022,0
NU-102982,Data Science,25,On-Campus,4.6,30,1,73,2.07,9.2,11/02/2023,0
NU-103683,Cybersecurity,23,Off-Campus,18.8,28,0,71,3.11,13.1,03/08/2024,0
NU-107996,Learning Technologies,24,Off-Campus,9.1,15,3,50,3.08,16.7,04/23/2024,0
NU-104935,Cybersecurity,21,Off-Campus,32.9,0,3,77,1.56,,09/18/2022,1
NU-103237,Information Science,21,On-Campus,5.7,5,2,42,2.25,12.9,05-Sep-2023,0
NU-103256,Cybersecurity,21,Off-Campus,7.2,15,3,69,2.75,7.4,11/15/2022,0
NU-103278,Cybersecurity,27,With Family,34.9,30,2,97,1.21,1.6,2022-09-06,0
NU-107315,Data Science,29,On-Campus,21.5,15,2,4,2.41,13.7,11/04/2023,0
NU-103832,Business Analytics,25,Off-Campus,5.2,0,1,6,1.63,6.8,12/01/2023,0
NU-106781,Information  Science,24,Off-Campus,8.8,0,1,27,1.4,4.4,2024-05-10,1
NU-100469,Cybersecurity,28,On-Campus,9.0,25,5,57,2.62,,12/09/2022,0
NU-108828,Cybersecurity,24,Off-campus,26.1,5,3,57,2.61,11.4,2024-04-05,0
NU-103923,Information Technology,25,Off-campus,6.8,18,3,0,2.65,11.9,03-Feb-2024,1
NU-102623,Learning Technologies,27,on-campus,15.1,25,1,25,0.89,,04/03/2024,1
NU-103761,Cybersecurity,21,On-Campus,13.4,12,3,48,2.98,13.8,10/01/2022,0
NU-106610,Cyber Security,27,Off-Campus,6.0,28,4,73,3.02,10.9,12/04/2023,0
NU-103857,Cybersecurity,24,Off-Campus,6.8,35,2,72,2.23,5.8,02/08/2024,0
NU-100679,Information Science,26,With Family,4.0,15,0,51,2.09,14.0,12/04/2022,1
NU-100701,Information Technology,28,Off-Campus,27.1,25,1,2,1.43,7.1,09/19/2022,0
NU-103613,Learning Technologies,25,Off-Campus,18.5,0,1,59,1.92,6.4,2024-02-24,0
NU-101788,Info Technology,23,On-Campus,3.9,25,3,52,2.25,10.8,11/02/2022,0
NU-104491,Data Science,21,With Family,8.7,18,3,105,2.94,17.6,2022-09-22,0
NU-103852,Information Science,27,Off-Campus,3.7,28,5,63,2.01,,06-Nov-2022,0
NU-107301,Information Technology,31,On-Campus,10.1,10,0,54,2.94,10.9,09/30/2022,0
NU-108219,DataScience,24,Off-Campus,5.4,30,3,27,2.02,11.4,02/05/2024,1
NU-109170,Information Technology,25,On-Campus,12.5,25,5,24,1.93,9.7,05/28/2024,0
NU-101744,Information Science,32,On-Campus,22.5,20,2,28,1.42,,12/15/2023,0
NU-103626,Data Science,21,On-Campus,6.1,5,2,46,3.29,14.4,2022-11-06,0
NU-103155,Cybersecurity,26,Off-Campus,16.9,10,1,47,1.81,5.1,10/13/2022,1
NU-100715,Business Analytics,21,On-Campus,32.6,12,2,43,2.28,10.3,13-Dec-2023,0
NU-103786,Business Analytics,27,On-Campus,2.9,15,2,79,1.74,11.4,05/14/2024,0
NU-100739,Cyber Security,22,Off-Campus,47.1,25,3,41,1.47,6.1,03/14/2024,0
NU-101966,Cybersecurity,20,Off-Campus,8.3,40,5,77,2.3,10.4,2024-02-29,0
NU-100466,Cybersecurity,22,Off-Campus,1.7,12,4,35,2.06,,2024-03-07,0
NU-102108,Information Technology,25,on-campus,8.3,18,4,22,3.23,16.4,04-Feb-2024,0
NU-107941,Information Technology,24,on-campus,14.8,0,0,39,2.68,13.8,10/16/2022,0
NU-106758,Cybersecurity,25,With Family,0.9,5,0,81,1.82,4.4,2022-11-22,0
NU-100373,Information Technology,29,Off-Campus,13.0,0,1,65,1.46,9.1,11/13/2022,1
NU-109435,Information Science,23,Off-Campus,13.9,25,3,73,2.12,,02/17/2024,0
NU-104535,Learning Technologies,25,On-Campus,3.1,18,1,7,2.54,11.7,12-May-2024,0
NU-103466,Cybersecurity,23,On-Campus,29.9,15,1,58,1.62,,2022-11-25,0
NU-103520,Cybersecurity,22,Off-Campus,6.4,15,1,54,2.13,9.7,2023-11-14,0
NU-103554,Cybersecurity,25,With Family,9.5,15,1,0,0.0,13.9,01/20/2025,0
NU-103262,Information Science,22,Off-Campus,9.3,30,3,69,2.97,15.2,12/13/2022,1
NU-101022,Cybersecurity,33,On-Campus,15.2,15,3,18,2.91,14.0,2023-11-21,0
NU-109613,Learning Technologies,21,With Family,5.8,15,1,40,2.74,7.9,10/05/2023,0
NU-101558,Cybersecurity,29,On-Campus,19.6,0,2,45,2.01,,2022-12-17,0
NU-108140,Cybersecurity,26,On-Campus,6.0,15,1,66,3.35,10.7,12/06/2022,0
NU-100376,Information Science,26,Off-Campus,4.3,20,3,43,2.8,,2022-11-03,1
NU-106240,Information Technology,21,With Family,10.4,0,4,47,2.45,9.7,09/26/2023,0
NU-103109,Cyber Security,28,Off-Campus,6.7,12,5,55,2.19,8.4,10/13/2022,1
NU-107870,Cybersecurity,23,Off-Campus,27.8,0,5,52,2.58,9.8,09/13/2022,0
NU-106667,Data Science,27,On-Campus,5.0,28,4,73,3.02,10.5,05/26/2024,1
NU-107024,Data Science,24,Off-campus,4.9,20,2,32,2.22,9.3,10/28/2022,0
NU-102227,Data Science,24,Off-Campus,4.3,0,4,31,2.97,10.8,29-Sep-2022,0
NU-100770,Business Analytics,27,With Family,5.3,35,3,30,2.83,11.7,2023-11-23,0
NU-107340,Information Science,22,Off-Campus,29.7,5,0,20,1.18,8.6,12/12/2022,0
NU-109132,Cybersecurity,31,Off-Campus,14.8,18,2,84,2.96,15.0,02/15/2024,0
NU-103502,Information Technology,20,On-Campus,6.0,5,2,44,3.4,16.8,11-Nov-2022,0
NU-105284,Information Science,24,On-Campus,25.7,10,1,86,1.17,8.2,09/30/2022,0
NU-108977,Business Analytics,25,on-campus,7.1,5,3,68,2.71,13.7,10/03/2022,0
NU-109550,Information Science,22,on-campus,4.5,10,5,52,2.91,9.8,14-Oct-2022,1
NU-108544,Cybersecurity,25,On-Campus,6.5,25,4,60,2.99,13.3,01-Dec-2023,0
NU-107602,Information Technology,21,On-Campus,4.2,20,3,67,2.74,13.0,02/03/2024,0
NU-103469,Cybersecurity,26,with family,6.5,25,0,28,2.29,11.3,10/08/2022,0
NU-106717,Learning Technologies,24,Off-Campus,4.9,5,2,34,1.76,7.2,04/10/2024,1
NU-109458,Business Analytics,25,Off-Campus,14.2,5,0,92,2.95,13.6,2023-12-08,0
NU-100113,Information Science,23,Off-Campus,32.2,10,4,57,2.06,6.3,16-Feb-2024,1
NU-106403,Cybersecurity,22,Off-Campus,0.3,20,4,57,2.34,7.5,04/08/2024,0
NU-104157,Data Science,25,Off-Campus,23.8,10,0,2,1.86,,2022-10-09,1
NU-102605,Cybersecurity,22,Off-Campus,0.7,20,3,17,3.08,12.6,09/30/2022,0
NU-102983,Information Science,28,on-campus,4.6,12,1,43,4.0,15.6,2023-12-01,0
NU-101356,Learning Technologies,22,On-Campus,18.6,20,3,37,1.99,11.0,2023-11-08,0
NU-108355,Cybersecurity,23,Off-Campus,1.6,18,2,41,2.13,15.2,23-Feb-2024,1
NU-100575,Cybersecurity,26,With Family,12.4,12,2,74,2.49,10.2,2024-04-05,1
NU-104742,Cybersecurity,23,Off-Campus,29.0,0,2,36,2.69,11.1,05/24/2024,0
NU-103754,Learning Technologies,23,Off-Campus,24.6,30,0,30,1.66,,23-Mar-2024,1
NU-103389,Information Science,26,With Family,2.6,35,3,68,2.24,12.6,12/14/2022,0
NU-108117,Info Technology,23,On-Campus,7.9,15,6,32,2.67,14.7,31-Aug-2023,0
NU-104638,Cybersecurity,25,With Family,7.1,15,3,65,2.73,,30-Sep-2022,0
NU-100565,Cyber Security,21,Off-Campus,18.0,15,1,33,2.54,11.6,2023-09-12,0
NU-108523,Cyber Security,24,With Family,14.4,15,0,65,2.83,12.9,11/24/2022,0
NU-103545,Cybersecurity,23,Off-Campus,18.9,35,3,119,2.42,7.0,2024-02-15,0
NU-103492,Business Analytics,24,On-Campus,8.9,15,4,64,2.53,14.4,12/18/2023,0
NU-101961,Learning Technologies,27,Off-Campus,2.2,12,3,56,2.85,16.1,12/03/2023,0
NU-102518,Learning Technologies,27,with family,3.8,30,2,60,2.7,11.6,24-Sep-2022,0
NU-100899,Info Technology,24,On-Campus,12.1,25,4,48,2.64,13.3,04/29/2024,1
NU-109680,Cybersecurity,27,Off-Campus,11.8,10,5,95,2.99,16.2,09/26/2023,0
NU-104440,Cyber Security,25,Off-Campus,8.5,35,0,34,2.83,16.3,2022-10-23,0
NU-102365,Data Science,24,Off-Campus,6.8,5,3,59,2.77,16.2,12/10/2022,0
NU-106748,Cybersecurity,22,On-Campus,1.9,5,4,22,2.24,6.6,11/24/2022,0
NU-104946,Cybersecurity,30,off campus,3.2,5,2,52,2.68,12.3,24-Sep-2022,1
NU-101490,Learning Technologies,22,With Family,2.1,15,3,50,2.71,8.7,03-Oct-2023,0
NU-100283,Cybersecurity,21,With Family,10.3,12,2,21,2.64,12.1,03/16/2024,0
NU-103471,Data Science,24, On-Campus,3.2,28,3,13,2.02,11.1,19-Dec-2022,0
NU-103232,Cybersecurity,23,Off-Campus,17.3,25,1,28,2.22,6.4,2022-09-02,0
NU-109862,Learning Technologies,25,With Family,11.7,25,1,13,2.18,8.9,12/10/2022,0
NU-104895,Information Technology,24,On-Campus,4.0,15,4,17,2.74,11.9,09/23/2022,0
NU-100529,Data Science,27,With Family,8.8,15,2,27,2.41,9.4,2024-05-18,1
NU-100061,Information Science,24,Off-Campus,2.3,25,4,51,2.6,7.0,28-Mar-2024,1
NU-103888,Information  Science,26,Off-Campus,11.3,30,0,83,2.0,8.8,05/04/2024,0
NU-106452,Learning Technologies,25,Off-Campus,4.9,28,0,88,2.08,4.5,11/26/2022,0
NU-101134,Information Science,28,Off-Campus,6.5,15,1,77,2.29,15.3,2022-09-03,0
NU-103675,Information Technology,24,off campus,26.3,25,1,47,2.84,15.2,10/27/2022,0
NU-102331,Information Technology,21,Off-Campus,14.2,15,5,107,3.35,17.6,09/21/2023,0
NU-107048,Cybersecurity,26,On-Campus,29.7,0,2,0,1.63,,2022-10-14,0
NU-102154,Cyber Security,25,Off-Campus,9.8,5,3,80,1.83,12.1,2024-03-29,0
NU-103191,Information Science,26,with family,9.4,5,3,30,3.76,15.7,03/27/2024,0
NU-101899,Cybersecurity,22,with family,16.1,15,2,71,2.56,10.7,04-Dec-2022,0
NU-101030,Cybersecurity,1,Off-Campus,6.5,20,2,46,1.58,13.6,2022-10-18,0
NU-106711,Information Technology,25,Off-Campus,18.1,25,3,49,1.09,,04/27/2024,0
NU-107337,Business Analytics,25,Off-Campus,15.2,15,1,93,1.48,,09/15/2023,1
NU-108352,Learning Technologies,22,Off-Campus,7.7,10,1,44,3.36,12.6,2024-02-21,0
NU-106920,Cybersecurity,25,Off-campus,7.9,30,2,43,2.42,10.5,10/01/2022,0
NU-104265,Business Analytics,28,Off-Campus,1.5,15,4,93,3.62,18.1,09/25/2022,0
NU-100590,Information Science,29,On-Campus,6.8,10,2,29,2.24,8.0,11/06/2022,1
NU-106874,Cybersecurity,30,Off-Campus,13.2,25,3,64,2.27,10.4,2022-09-08,0
NU-106856,Cybersecurity,20,Off-campus,3.3,25,1,50,1.92,,09/02/2023,0
NU-102862,Information Technology,29,With Family,16.6,15,4,32,1.84,8.4,11/11/2022,1
NU-103677,Business Analytics,23,off campus,10.9,12,5,66,3.39,12.9,09/23/2022,0
NU-109377,Business Analytics,24,Off-Campus,6.8,0,4,22,2.99,14.3,10/30/2022,0
NU-107691,Business Analytics,21,Off-Campus,14.5,35,2,33,1.27,,2024-03-07,1
NU-105439,Information Science,29,With Family,6.2,12,5,0,0.0,14.9,21-Jan-2025,0
NU-105254,Cybersecurity,26,Off-Campus,1.6,25,4,73,2.95,14.6,10/11/2023,0
NU-102564,Learning Technologies,21,Off-Campus,0.2,20,2,48,2.15,10.1,14-Dec-2022,1
NU-101591,Cybersecurity,20,Off-Campus,7.5,15,2,49,3.18,15.2,2024-02-03,0
NU-100922,Learning Technologies,26,Off-campus,17.8,10,1,71,2.95,12.4,2023-09-29,1
NU-105922,Learning Technologies,23,Off-campus,17.8,12,5,80,2.54,7.6,10/11/2023,0
NU-106762,Information Science,23,Off-Campus,18.3,5,3,51,2.73,7.9,02/07/2024,0
NU-101125,Business Analytics,22,off campus,17.1,12,0,60,2.33,8.8,05/13/2024,0
NU-104133,Cybersecurity,20,Off-Campus,5.2,35,1,32,1.29,1.0,11/27/2022,0
NU-105319,Information Science,20,With Family,11.6,30,3,16,1.67,6.1,2023-12-03,0
NU-102974,Learning Technologies,25,Off-Campus,5.5,0,3,63,2.65,8.8,11/06/2022,1
NU-107293,Information Technology,26,With Family,2.7,20,2,53,2.93,14.5,04/23/2024,0
NU-101701,Business Analytics,24,Off-Campus,8.2,20,3,0,2.51,10.3,10/13/2023,0
NU-101090,Information Science,28,On-Campus,14.8,20,2,55,2.55,,09-Dec-2023,0
NU-100659,Learning Technologies,28,Off-Campus,10.5,0,2,59,2.79,15.7,2022-08-27,1
NU-104001,Information Science,24,With Family,21.1,10,2,41,2.26,10.9,02/20/2024,1
NU-105967,Information Technology,22,With Family,36.1,15,0,36,1.42,10.1,04/28/2024,0
NU-103248,Cybersecurity,23,off campus,2.7,15,1,34,2.04,12.2,10/21/2023,0
NU-104318,Information Technology,21,Off-Campus,18.6,25,4,57,1.1,3.3,2022-09-04,0
NU-104511,Business Analytics,26,With Family,23.6,28,1,36,1.61,7.9,09/03/2023,1
NU-107965,Cybersecurity,28,On-Campus,13.2,12,2,62,2.69,11.6,06-Nov-2022,1
NU-100561,Business Analytics,25,On-Campus,6.5,40,2,68,2.69,12.1,11/03/2023,0
NU-101058,Information Technology,34,On-Campus,11.2,28,1,28,2.28,12.1,08/28/2023,0
NU-104193,Data Science,24,Off-campus,17.1,0,0,67,2.25,9.1,22-Sep-2023,0
NU-103550,Cybersecurity,24,off campus,13.7,0,3,59,2.4,13.5,10/11/2022,0
NU-106246,Cybersecurity,25, On-Campus,13.3,15,2,128,2.67,9.8,2024-02-18,0
NU-109306,Cybersecurity,26,With Family,5.5,0,1,71,3.41,18.7,10/29/2023,0
NU-103674,Cybersecurity,28,on-campus,12.0,10,5,51,3.43,16.8,03/13/2024,0
NU-107710,Learning Technologies,21,off campus,26.8,15,2,58,1.3,3.8,2022-09-08,0
NU-106104,Data Science,27,On-Campus,21.6,0,0,30,1.65,7.2,22-Apr-2024,0
NU-105660,Information Technology,25,With Family,26.0,20,2,0,1.2,6.3,12/04/2023,1
NU-107823,Data Science,26,Off-Campus,1.2,35,2,34,1.61,3.2,2022-12-18,1
NU-105485,Information Science,20,Off-Campus,4.7,0,3,42,2.2,,09/30/2022,1
NU-100705,Data Science,29,Off-Campus,15.8,15,2,56,0.0,1.7,2022-10-20,1
NU-104764,Cybersecurity,25,Off-Campus,20.0,30,1,71,1.96,6.4,04/27/2024,0
NU-101186,Cybersecurity,22,with family,29.2,15,6,83,2.34,10.0,2023-08-30,0
NU-100932,Information Technology,26,With Family,16.6,15,2,65,2.31,,2023-12-01,0
NU-101266,Business Analytics,23,On-Campus,0.8,30,2,80,2.45,12.1,2022-10-20,0
NU-103753,Cybersecurity,23,With Family,16.0,5,0,48,1.98,8.9,04/30/2024,0
NU-101297,Cybersecurity,27,Off-Campus,15.3,30,2,50,1.39,7.3,2023-12-07,0
NU-107895,Information Science,28,Off-Campus,5.1,15,1,54,2.07,13.6,2023-10-13,1
NU-106232,Information Technology,30,With Family,30.8,28,1,65,2.64,10.8,14-May-2024,0
NU-103653,Information Technology,26,off campus,8.4,15,3,65,1.83,9.3,2022-09-20,0
NU-104873,Cybersecurity,22,Off-Campus,6.5,5,5,73,2.34,8.2,12/14/2022,1
NU-101753,Cybersecurity,24,Off-campus,3.2,18,2,19,3.43,14.2,26-Sep-2022,0
NU-109950,Cybersecurity,27,On-Campus,31.1,15,4,51,2.1,11.3,11/19/2023,0
NU-101142,Cyber Security,24,Off-campus,1.4,20,1,55,2.5,14.2,10/25/2023,0
NU-102585,Cybersecurity,23,off campus,14.0,20,1,39,1.21,3.8,10/12/2023,1
NU-103551,Business Analytics,19,with family,20.7,0,5,70,2.89,12.0,2022-08-27,0
NU-106229,Information Technology,22,Off-Campus,15.7,5,3,63,1.72,11.2,2024-05-03,1
NU-108410,Cybersecurity,23,On-Campus,15.5,10,4,90,3.07,,2022-11-14,0
NU-106962,Information Technology,24,On-Campus,5.2,10,1,40,2.14,10.8,02-Sep-2022,0
NU-102037,Business Analytics,22,Off-Campus,10.1,12,5,74,3.31,12.3,02/01/2024,0
NU-103374,DataScience,25,With Family,8.0,10,1,24,3.12,16.8,03/31/2024,0
NU-109685,Information Technology,24,On-Campus,1.1,10,3,70,2.53,,11/04/2022,0
NU-101702,Cyber Security,23,Off-Campus,6.9,5,0,6,2.83,17.0,09/25/2022,0
NU-106648,Cybersecurity,20, On-Campus,9.5,15,1,50,3.17,18.0,02/25/2024,0
NU-101041,Cybersecurity,33,On-Campus,12.0,25,4,71,1.76,10.6,02/19/2024,0
NU-106585,Cybersecurity,25,With Family,2.2,25,1,77,2.28,,03-Sep-2022,0
NU-100798,Cybersecurity,25,With Family,4.1,10,3,41,1.66,2.5,2024-04-27,0
NU-102223,Cyber Security,28,With Family,13.3,18,3,30,2.44,,2023-08-24,0
NU-103386,Learning Technologies,26,Off-Campus,13.8,0,3,0,2.11,12.2,09/24/2022,0
NU-109956,Information Science,24,Off-Campus,4.8,10,3,70,3.74,17.4,2024-02-21,1
NU-100073,Business Analytics,26,Off-campus,22.2,28,0,59,0.0,5.3,09/10/2022,0
NU-108813,Cybersecurity,26,Off-Campus,16.2,5,2,31,1.76,6.6,2024-04-18,1
NU-101735,Information Technology,23,Off-Campus,7.0,15,1,60,2.85,9.2,2022-11-26,0
NU-103260,Information Science,23,off campus,5.1,40,1,117,2.8,9.3,05/23/2024,0
NU-105911,Data Science,32,On-Campus,3.6,18,6,72,3.04,18.9,10/08/2022,0
NU-105982,Cybersecurity,22,With Family,2.3,30,4,37,2.12,10.8,11/25/2022,0
NU-107206,Cybersecurity,27,On-Campus,4.2,20,1,80,2.94,11.8,10/29/2022,0
NU-107276,Cyber Security,31,On-Campus,16.7,10,3,43,2.64,10.3,2024-02-14,0
NU-107124,Cybersecurity,28, On-Campus,2.3,5,3,0,2.74,10.1,11/08/2023,0
NU-107847,Data Science,26, On-Campus,18.9,30,3,76,1.01,1.9,10/20/2022,1
NU-108048,Information Technology,32,Off-Campus,8.4,12,0,89,1.95,,08-Oct-2022,0
NU-104196,Business Analytics,26,Off-Campus,0.5,12,1,91,3.18,10.2,2022-10-08,0
NU-101925,Business Analytics,36,With Family,0.5,18,1,27,2.37,10.9,10/26/2022,0
NU-109874,Information Technology,27,With Family,13.9,12,3,47,2.1,11.6,11/26/2022,0
NU-105898,Cybersecurity,20,Off-Campus,8.2,20,2,41,2.06,7.7,10/09/2023,1
NU-101175,Cybersecurity,19,Off-Campus,11.2,15,1,5,3.52,17.5,06-Dec-2022,0
NU-103812,Business Analytics,24,Off-Campus,25.1,0,1,17,2.17,10.5,11/08/2022,0
NU-108816,Learning Technologies,27,On-Campus,9.1,35,1,54,0.0,3.3,07-Dec-2022,1
NU-103290,Business Analytics,25,On-Campus,13.1,12,4,16,2.95,12.3,2023-11-12,0
NU-106789,Information Science,24,With Family,21.4,28,2,78,1.28,6.4,2022-08-27,0
NU-107473,Information Science,25,Off-Campus,15.9,10,0,75,3.0,14.8,01-Oct-2023,0
NU-107692,Cybersecurity,22,On-Campus,1.5,0,4,67,2.65,13.2,12/15/2022,0
NU-109434,Information Science,24,Off-Campus,12.8,15,4,32,3.2,18.7,12/20/2022,0
NU-104593,Cyber Security,32,off campus,27.0,20,2,0,0.0,10.2,2025-01-18,0
NU-100663,Business Analytics,26,Off-Campus,43.7,12,2,94,2.18,6.6,12/02/2022,0
NU-103299,Cybersecurity,27,Off-Campus,5.9,35,2,63,1.58,7.7,2024-05-02,1
NU-106620,Information Technology,27,On-Campus,10.2,15,1,68,2.32,8.7,2024-02-23,0
NU-109892,Information Technology,23,Off-Campus,0.6,40,2,48,3.25,14.5,11/28/2022,0
NU-100198,Cybersecurity,24,Off-Campus,13.3,18,1,48,3.4,11.4,09/23/2022,0
NU-105258,Information Science,29,With Family,5.7,35,8,93,2.76,8.4,2022-11-18,0
NU-103694,Cybersecurity,24,Off-Campus,6.2,15,2,65,3.21,15.6,23-Sep-2023,0
NU-103064,Information Science,26,Off-Campus,19.8,20,4,63,2.51,12.1,05/15/2024,0
NU-106924,Cybersecurity,25,off campus,23.9,5,3,23,3.17,15.4,03/22/2024,1
NU-109442,Information Technology,33,Off-Campus,10.1,0,2,54,2.65,11.2,2024-02-05,0
NU-101449,Data Science,28,off campus,3.8,35,0,33,0.47,3.5,02-Oct-2022,0
NU-105679,Information Science,25,On-Campus,5.6,15,5,63,2.56,9.7,19-Nov-2022,0
NU-100050,Business Analytics,22,On-Campus,2.5,28,6,48,2.75,10.7,04/30/2024,1
NU-100989,Information Technology,29,Off-Campus,20.4,20,1,10,1.52,7.0,10/01/2022,1
NU-109841,Data Science,22,On-Campus,6.4,25,2,59,1.92,,2024-05-01,0
NU-105944,DataScience,29,off campus,1.6,28,2,57,2.58,12.4,2022-12-14,0
NU-107320,Data Science,22,With Family,4.2,12,1,112,2.64,11.0,09/03/2023,0
NU-102080,Business Analytics,23,On-Campus,15.2,10,1,40,1.88,10.2,2022-09-09,1
NU-100292,DataScience,23,Off-Campus,16.5,15,2,48,1.92,2.0,10/06/2022,0
NU-107462,Information Science,26,Off-campus,24.3,20,1,24,2.21,8.4,08/30/2022,0
NU-101900,Info Technology,24,Off-Campus,4.9,25,2,79,2.49,10.9,09/20/2022,1
NU-103998,Cybersecurity,22,Off-Campus,21.4,15,6,77,1.93,9.4,05/12/2024,0
NU-103952,Cybersecurity,19,Off-Campus,3.6,18,3,53,2.49,9.6,10/02/2022,0
NU-107617,Business Analytics,19,Off-Campus,21.3,25,2,33,2.35,8.4,11/25/2022,0
NU-103316,Information Science,24,on-campus,12.1,10,3,85,2.62,9.3,2023-09-06,0
NU-107907,Data Science,26,Off-Campus,5.2,25,3,8,2.22,6.6,15-Oct-2023,1
NU-106835,Information Science,24,With Family,18.0,12,3,68,1.88,6.8,2022-12-11,1
NU-104436,Learning Technologies,27,Off-Campus,8.9,15,2,35,2.61,9.2,2023-10-07,0
NU-102113,Information Science,19,With Family,4.5,18,2,0,1.87,7.5,02/04/2024,0
NU-101618,Information Technology,27,On-Campus,4.4,25,1,23,2.64,8.7,09/08/2022,1
NU-107862,Business Analytics,26,Off-Campus,27.4,30,3,27,1.67,8.3,12/05/2022,0
NU-105748,Cybersecurity,28,On-Campus,35.9,0,2,93,1.21,2.5,11/10/2022,1
NU-104768,Information Science,23,On-Campus,7.1,25,0,32,2.28,7.2,11/10/2023,0
NU-106605,Business Analytics,24,On-Campus,10.6,18,1,114,2.45,7.9,11/21/2023,1
NU-102291,Business Analytics,24,Off-Campus,3.5,20,3,85,2.43,11.3,12/20/2022,0
NU-108036,Information Technology,35,Off-Campus,3.4,0,4,52,3.22,17.2,04/18/2024,0
NU-109786,Learning Technologies,25,On-Campus,16.2,30,1,72,2.16,10.9,27-Feb-2024,1
NU-100436,Cybersecurity,30,Off-Campus,11.6,10,2,103,2.37,13.6,2023-11-05,0
NU-105336,Cybersecurity,25,Off-Campus,19.8,35,0,40,2.03,5.2,09/17/2023,1
NU-108935,Information Science,23,Off-Campus,20.7,10,0,10,1.86,,28-Aug-2023,1
NU-103151,Information Science,21,Off-Campus,11.0,30,3,52,2.56,14.7,22-Feb-2024,0
NU-108487,Cybersecurity,31,On-Campus,11.6,5,1,62,3.0,18.4,23-Feb-2024,0
NU-106558,Information Science,25,Off-Campus,16.3,30,2,55,2.46,15.3,09/24/2022,1
NU-101642,Information Science,24,Off-Campus,34.2,20,2,90,1.42,10.5,02/19/2024,0
NU-109902,Learning Technologies,21,With Family,19.1,25,3,107,0.0,3.5,2024-03-31,0
NU-104373,Information Science,23,with family,15.3,5,0,26,1.22,1.9,14-Nov-2022,1
NU-102410,Learning Technologies,30,Off-Campus,13.3,28,0,35,2.08,,05/28/2024,1
NU-108094,Learning Technologies,26,On-Campus,13.1,40,2,55,3.23,10.9,08/26/2022,0
NU-106238,Information Technology,22,With Family,22.8,0,5,96,1.62,11.2,2024-03-27,0
NU-105466,Cybersecurity,22,On-Campus,15.0,-8,0,40,1.46,,11/03/2023,0
NU-107267,Information Technology,30,With Family,41.7,12,2,80,1.7,8.5,04/10/2024,1
NU-105562,Information Science,34,with family,7.0,20,3,90,2.8,11.4,03/17/2024,0
NU-101456,Information  Science,24,Off-Campus,13.8,12,3,75,2.65,12.6,02/13/2024,0
NU-101667,Cybersecurity,23,On-Campus,3.6,0,2,14,1.51,,05-May-2024,0
NU-105186,DataScience,22,off campus,8.2,20,1,41,3.16,12.8,2023-11-22,1
NU-102841,Information Technology,23,On-Campus,39.6,15,3,65,2.62,15.2,11/12/2023,0
NU-103662,Business Analytics,23,Off-campus,9.0,20,1,95,2.11,,10/01/2022,0
NU-101013,Information Science,24,With Family,5.8,15,4,22,3.09,17.1,02/11/2024,0
NU-108065,Information Science,33,Off-Campus,11.9,25,3,65,2.56,10.0,12/01/2022,0
NU-101610,Cyber Security,21,with family,9.8,15,4,87,1.93,6.1,02/12/2024,0
NU-107089,Information Science,28,Off-Campus,24.6,5,2,66,1.95,9.6,2022-10-19,0
NU-103345,Learning Technologies,24,off campus,12.0,12,1,72,2.91,12.2,23-Aug-2022,0
NU-103267,Information Science,23, On-Campus,28.8,25,2,66,2.75,11.9,02/15/2024,0
NU-100754,Information Science,23,On-Campus,15.6,30,3,61,1.76,10.6,11/22/2022,1
NU-100020,Information Technology,24,off campus,16.7,15,1,31,0.6,4.4,09/19/2023,1
NU-100148,Learning Technologies,25,On-Campus,18.9,20,1,36,0.0,,2022-10-08,0
NU-109106,Cybersecurity,25,Off-Campus,18.9,30,0,38,1.36,2.1,11/24/2022,1
NU-101596,Learning Technologies,25,With Family,25.3,15,4,62,2.5,12.7,05/18/2024,0
NU-103093,Information Technology,32,Off-Campus,39.3,10,1,83,3.04,11.4,11/12/2022,0
NU-105527,Data Science,21,Off-Campus,13.9,20,3,40,1.89,8.4,12/17/2022,0
NU-101070,Learning Technologies,29,Off-campus,4.6,10,4,19,2.75,12.4,12/07/2022,0
NU-101592,Cybersecurity,22,Off-campus,22.4,35,1,90,2.58,8.1,12/11/2022,0
NU-104878,Information Science,30,On-Campus,1.8,0,1,87,2.12,8.2,11/30/2023,0
NU-108325,Cybersecurity,23,Off-Campus,8.0,20,1,74,2.16,11.7,08-Nov-2022,0
NU-103842,Information Science,25,On-Campus,3.1,40,3,65,2.13,9.8,10/10/2022,0
NU-109053,Cybersecurity,24,Off-Campus,4.1,20,2,7,2.21,8.5,05/25/2024,0
NU-102483,Information Science,26,Off-Campus,5.3,0,3,7,2.68,10.4,04-Oct-2022,0
NU-108361,Cyber Security,24,With Family,9.5,18,6,53,3.44,17.2,14-Dec-2022,0
NU-102950,Cybersecurity,26,Off-campus,7.5,15,5,51,2.41,13.4,10/17/2022,0
NU-103280,Information Technology,37,Off-Campus,2.4,10,1,59,1.39,,10/17/2022,0
NU-101985,Information  Science,26,On-Campus,4.1,20,2,68,1.93,7.8,03-Feb-2024,0
NU-102016,Business Analytics,20,With Family,8.5,0,4,41,3.06,15.0,04/28/2024,0
NU-108319,Information Science,23,Off-Campus,12.9,10,3,65,2.41,15.3,22-Nov-2022,0
NU-103134,Information Science,27,With Family,1.4,25,1,59,1.55,5.0,2022-11-06,1
NU-105188,Information Science,28,Off-Campus,13.2,25,1,58,2.16,7.2,10/16/2022,0
NU-106381,Cybersecurity,26,With Family,51.9,25,3,73,2.21,5.7,2024-04-14,1
NU-100913,Data Science,23,On-Campus,4.9,15,1,74,3.08,11.8,09/19/2022,0
NU-104383,Information Technology,22,Off-Campus,7.1,0,2,97,2.49,7.0,08/30/2022,1
NU-102475,Information Science,23,On-Campus,27.8,10,3,50,1.77,6.7,2023-12-05,1
NU-108803,Data Science,25,on-campus,2.2,0,3,41,2.7,13.9,10/03/2022,0
NU-104795,Business Analytics,23,Off-Campus,10.5,5,0,84,3.32,9.3,2022-09-11,0
NU-104004,Learning Technologies,32,With Family,8.7,20,3,60,3.41,15.0,04/29/2024,0
NU-100327,Cyber Security,29,On-Campus,18.3,10,1,13,2.51,9.1,2024-02-19,0
NU-104193,Data Science,24,Off-campus,17.1,0,0,67,2.25,9.1,22-Sep-2023,0
NU-103818,Business Analytics,25,On-Campus,1.7,28,2,87,2.74,15.9,2023-10-10,0
NU-106237,Cybersecurity,25, On-Campus,6.3,28,5,85,2.92,14.7,10/18/2022,0
NU-108337,Cybersecurity,23,Off-Campus,16.9,15,1,68,2.76,13.6,04/08/2024,0
NU-101657,Data Science,23,With Family,11.4,25,2,42,1.64,6.2,02/06/2024,0
NU-103508,Information Technology,24,With Family,5.3,25,1,54,2.88,12.7,2024-03-19,0
NU-107031,Information Technology,24,Off-Campus,3.9,18,3,48,3.07,11.2,10/20/2022,0
NU-104547,Cybersecurity,23,On-Campus,7.3,10,3,62,2.49,17.0,05/27/2024,0
NU-101572,Business Analytics,33,Off-Campus,7.6,30,2,62,2.46,12.5,2022-11-20,0
NU-105796,Information Technology,26,Off-Campus,13.6,15,0,38,2.89,8.1,12/03/2023,0
NU-109844,Cybersecurity,23,Off-Campus,4.7,0,5,69,2.49,17.5,01/31/2024,0
NU-100546,Learning Technologies,28,Off-Campus,19.4,5,4,74,2.63,11.2,09/07/2023,0
NU-105698,Information Science,24,With Family,17.3,0,4,61,3.11,12.4,02/04/2024,0
NU-109185,Learning Technologies,28,off campus,4.5,12,1,56,3.78,15.6,24-Aug-2022,0
NU-105823,Information Science,24,With Family,12.5,30,4,78,2.82,10.7,03/15/2024,0
NU-109103,Business Analytics,21,On-Campus,20.5,30,2,75,1.79,10.7,03/25/2024,0
NU-105334,Cybersecurity,25,On-Campus,0.5,30,7,18,3.18,11.8,09/20/2022,0
NU-105572,Cybersecurity,28,Off-Campus,2.7,28,1,62,2.11,10.5,2022-10-14,0
NU-105051,Learning Technologies,27,Off-campus,13.9,20,4,5,1.54,10.4,03/05/2024,0
NU-101691,Cyber Security,22,On-Campus,11.5,20,2,14,2.43,14.3,12/20/2022,0
NU-107178,Information Science,22,on-campus,20.1,30,0,56,1.52,5.1,2022-09-15,1
NU-106749,Information Technology,29,On-Campus,6.8,30,3,63,2.06,13.4,12/02/2022,0
NU-109923,Information Technology,34, On-Campus,13.9,5,0,69,2.5,12.0,04/04/2024,0
NU-109258,Business Analytics,30,Off-Campus,1.9,0,1,27,3.01,11.8,04/20/2024,0
NU-103777,Cybersecurity,23,With Family,17.4,0,0,35,2.15,10.6,09/22/2022,0
NU-103441,Cybersecurity,29,Off-Campus,9.7,10,2,96,2.6,14.8,31-Aug-2023,0
NU-109030,Information Technology,29,With Family,18.7,20,3,37,2.07,4.9,2022-09-19,1
NU-105833,Information Technology,21,Off-Campus,2.8,12,3,51,3.17,13.9,09/26/2023,0
NU-100747,Information Technology,24,Off-Campus,9.3,12,3,79,2.48,13.2,12/11/2022,0
NU-103141,Learning Technologies,28,On-Campus,1.5,10,5,14,3.63,18.4,12/15/2022,0
NU-106805,DataScience,23,Off-Campus,16.0,25,1,84,1.99,7.3,03/11/2024,0
NU-105271,Learning Technologies,20,With Family,25.6,18,2,42,1.97,6.9,27-Feb-2024,0
NU-105386,Information Technology,32,Off-Campus,8.5,40,0,78,3.01,,10/27/2022,1
NU-107106,Business Analytics,26,Off-Campus,28.9,12,0,57,2.21,4.4,2024-02-22,0
NU-100686,Information Science,29,Off-Campus,7.7,20,5,66,1.64,5.8,2024-03-31,0
NU-106409,Data Science,26,On-Campus,2.5,0,2,63,2.94,10.7,10/24/2022,0
NU-102650,Cybersecurity,26, On-Campus,27.0,10,3,23,2.68,10.5,03/12/2024,0
NU-105275,DataScience,22,On-Campus,6.9,25,2,79,1.8,,30-Aug-2022,1
NU-104610,Cybersecurity,27,Off-Campus,20.9,0,0,76,1.79,9.0,2023-09-01,0
NU-102098,Cybersecurity,27,Off-Campus,7.6,15,1,39,3.21,17.7,06-Dec-2022,0
NU-103656,Data Science,23,On-Campus,2.0,0,1,72,2.82,7.7,2022-11-23,0
NU-105656,Information Technology,30,Off-Campus,9.8,18,5,42,3.33,16.2,09/08/2022,0
NU-104271,Information Science,32,off campus,5.9,0,6,41,2.39,16.9,2022-10-06,0
NU-107347,Cybersecurity,24,With Family,23.8,15,5,15,2.69,7.1,07-May-2024,0
NU-105340,Information Science,21,On-Campus,16.3,40,1,80,2.0,6.1,11/04/2023,0
NU-100128,Information Technology,27,On-Campus,5.5,5,4,25,3.22,12.8,11/15/2023,0
NU-107504,Learning Technologies,24,Off-Campus,15.2,10,0,42,2.07,10.2,2022-11-05,0
NU-102829,Information Technology,26,With Family,2.3,5,2,65,2.01,8.5,09/24/2022,1
NU-105588,Information Science,26,With Family,3.8,18,2,60,2.5,11.3,09/26/2022,0
NU-105150,Cybersecurity,22,Off-Campus,5.2,12,2,6,2.71,11.9,11/18/2022,1
NU-108683,Cybersecurity,20,Off-campus,10.1,12,1,64,2.08,7.0,11/22/2022,0
NU-102832,Cybersecurity,26,Off-Campus,22.7,12,2,55,1.52,,05/21/2024,0
NU-106165,Cybersecurity,24,Off-Campus,15.6,28,5,63,1.97,8.0,10/05/2022,0
NU-107961,Business Analytics,28,On-Campus,18.4,25,1,44,0.74,,2022-10-11,0
NU-101751,Cybersecurity,28,on-campus,3.4,5,6,44,2.12,8.8,05/13/2024,0
NU-103676,Business Analytics,23,With Family,5.1,10,5,34,3.69,10.3,2022-11-05,0
NU-108244,Information Technology,22,Off-Campus,7.7,5,0,89,2.97,14.4,2023-09-09,0
NU-103783,Cybersecurity,24,Off-Campus,2.0,28,2,30,2.02,3.3,09/06/2023,1
NU-102047,Learning Technologies,25,Off-campus,8.5,5,0,42,2.78,12.6,10/28/2023,0
NU-109863,Cybersecurity,26,With Family,20.7,28,2,47,1.26,6.1,11/20/2022,1
NU-102094,Cybersecurity,21,With Family,11.8,10,3,46,3.75,13.6,10/23/2022,0
NU-103854,Cybersecurity,25,On-Campus,4.6,0,3,67,2.87,9.7,2024-03-22,0
NU-107778,Data Science,24,Off-Campus,4.7,30,2,8,2.45,11.9,12/04/2022,0
NU-108211,Cybersecurity,26,With Family,4.8,0,1,38,3.91,15.2,2024-05-10,0
NU-105739,Information Technology,26,With Family,7.6,20,1,67,1.86,7.7,12/17/2022,0
NU-100210,Data Science,27,Off-Campus,21.7,0,0,22,0.0,,09/10/2022,1
NU-101515,Business Analytics,23,On-Campus,22.8,12,0,40,0.92,6.8,2024-05-14,1
NU-109178,Cybersecurity,26,Off-Campus,20.3,25,3,91,1.61,5.6,26-Oct-2022,0
NU-108888,Information  Science,27,With Family,10.6,12,3,33,3.3,14.2,2024-03-07,0
NU-104644,Cybersecurity,24,With Family,6.3,35,0,17,1.72,6.5,04/10/2024,1
NU-107905,Learning Technologies,23,Off-Campus,6.0,25,1,66,3.1,9.6,2022-08-24,0
NU-100783,Data Science,29,Off-Campus,19.0,5,4,42,2.08,8.6,12/18/2022,1
NU-107821,DataScience,20,On-Campus,2.4,15,0,72,3.47,13.2,2022-10-25,0
NU-105936,Learning Technologies,23,Off-campus,10.7,5,2,49,2.2,,02/01/2024,0
NU-107507,Information Science,24,On-Campus,19.0,35,2,94,1.02,1.6,03/22/2024,1
NU-107255,Learning Technologies,28,with family,1.5,15,5,80,2.16,9.6,05/02/2024,0
NU-101394,Cybersecurity,23,Off-Campus,17.1,5,2,89,1.45,,10/22/2023,1
NU-104557,Data Science,22,With Family,12.5,35,2,38,2.12,10.3,2022-09-26,0
NU-108902,Data Science,21,Off-Campus,25.2,30,0,67,1.65,,12/02/2022,0
NU-105179,Cybersecurity,26,On-Campus,4.4,0,4,47,2.62,6.8,12/19/2022,1
NU-103828,Data Science,28,With Family,7.6,5,2,58,1.64,8.7,09/03/2022,0
NU-102179,Business Analytics,23,Off-campus,16.4,0,2,5,2.02,8.7,11/08/2022,0
NU-108917,Business Analytics,25,On-Campus,13.5,20,1,58,2.7,,2022-11-19,0
NU-108925,Cybersecurity,29,Off-Campus,40.8,35,0,48,1.32,,2023-10-13,0
NU-105973,Learning Technologies,26,Off-Campus,6.9,25,2,46,3.34,16.3,08-Sep-2023,0
NU-101092,Information Technology,21,Off-Campus,5.1,12,2,18,1.32,7.4,02/06/2024,0
NU-104972,Cybersecurity,28,on-campus,18.1,40,1,4,2.99,8.1,10/09/2022,0
NU-104233,Data Science,23,On-Campus,11.8,20,1,36,2.45,6.1,10/19/2022,0
NU-107490,Cybersecurity,23,Off-campus,40.6,30,0,0,1.26,,05/22/2024,0
NU-100907,Business Analytics,22,On-Campus,7.5,10,0,62,2.24,,03/24/2024,1
NU-101589,Information Science,24,Off-Campus,4.5,25,4,121,1.75,4.4,30-Aug-2023,1
NU-102099,DataScience,25,Off-Campus,14.1,10,0,26,2.36,14.8,2022-11-08,0
NU-102006,Information Science,32,With Family,35.0,30,1,45,1.58,7.0,03/02/2024,0
NU-101696,Learning Technologies,29,with family,17.1,0,0,69,1.29,3.5,21-Nov-2023,0
NU-109390,Business Analytics,29,off campus,4.9,10,3,47,2.36,8.3,21-Nov-2022,1
NU-102640,Cybersecurity,26,With Family,4.3,18,5,22,3.35,13.8,10/18/2022,1
NU-107591,Business Analytics,25,with family,4.9,15,1,63,3.06,14.4,08/29/2022,0
NU-100799,Data Science,25,On-Campus,1.6,25,2,50,1.84,9.7,04/02/2024,0
NU-103587,Cybersecurity,29,with family,26.5,10,2,71,1.08,0.6,11/11/2023,0
NU-101055,Information Science,23,on-campus,0.7,5,2,26,3.78,21.6,01/30/2024,0
NU-103478,Cybersecurity,27,Off-Campus,0.8,30,3,94,1.75,,10/25/2022,0
NU-104831,Cybersecurity,31,on-campus,14.0,12,1,27,3.77,17.0,2022-09-17,0
NU-101854,Business Analytics,29,With Family,31.1,28,2,17,1.56,4.4,04-May-2024,1
NU-102259,Data Science,30,With Family,1.4,20,2,19,2.15,10.4,2022-09-08,1
NU-109921,Data Science,23,Off-Campus,3.8,30,3,73,2.19,7.1,18-Sep-2022,0
NU-100854,Data Science,27,With Family,9.7,0,1,78,2.23,12.8,11/24/2022,0
NU-106426,Business Analytics,23,on-campus,34.1,15,1,42,2.27,10.2,27-Sep-2022,0
NU-100212,Cybersecurity,23,On-Campus,15.6,30,0,0,0.0,,01/18/2025,0
NU-107194,Cybersecurity,26,With Family,4.6,15,6,3,2.25,10.2,18-Mar-2024,0
NU-108502,Learning Technologies,22,With Family,8.6,28,1,64,3.24,9.2,10/07/2022,1
NU-100844,Cybersecurity,27,Off-Campus,23.5,28,1,33,1.07,,02/03/2024,0
NU-102578,Business Analytics,21,Off-Campus,3.5,35,2,68,2.94,9.2,11/09/2022,1
NU-104381,Data Science,23,With Family,21.2,15,1,89,1.93,4.5,14-Apr-2024,0
NU-104212,Business Analytics,22,On-Campus,2.6,25,2,32,2.14,9.8,12/14/2022,0
NU-101163,Data Science,24,With Family,20.2,10,1,36,1.58,1.7,2022-09-22,0
NU-102906,Learning Technologies,22,off campus,17.3,0,5,68,2.93,11.1,04/20/2024,0
NU-104056,Data Science,22,On-Campus,31.0,40,0,49,1.09,,28-Apr-2024,1
NU-107004,Data Science,27,Off-Campus,5.8,12,2,99,2.45,,2024-03-07,0
NU-100273,Information Technology,22,With Family,7.1,12,3,54,2.17,,2024-03-11,0
NU-108896,Learning Technologies,22,With Family,13.7,30,4,27,2.84,13.0,09/13/2022,0
NU-106674,DataScience,24,on-campus,10.6,5,4,0,2.79,16.1,2022-10-12,0
NU-108946,Cybersecurity,22,With Family,13.2,0,0,69,2.89,9.3,12/16/2023,0
NU-101007,Data Science,22,Off-Campus,0.9,0,0,90,2.19,7.4,09/27/2022,1
NU-102921,Information Technology,24,Off-campus,8.7,20,4,0,1.3,2.8,12/18/2023,0
NU-106313,Cybersecurity,22,With Family,10.5,5,3,47,3.2,,02/09/2024,0
NU-100531,Business Analytics,26,Off-Campus,2.5,40,0,24,1.74,4.8,02-Nov-2022,0
NU-105205,Cybersecurity,24,On-Campus,4.5,15,0,71,2.32,9.3,2024-02-13,0
NU-102889,Learning Technologies,22,off campus,8.7,35,0,92,2.47,7.4,08/23/2022,0
NU-105384,Information Science,25,off campus,19.3,18,4,55,2.29,11.4,12-Mar-2024,0
NU-109058,Information Science,21,Off-Campus,33.8,0,2,18,1.82,7.0,09/24/2022,0
NU-107162,Information  Science,23,With Family,2.5,12,4,16,1.66,9.6,09/02/2022,1
NU-101541,Information Technology,32,Off-campus,3.3,25,0,53,1.82,6.0,2023-10-24,0
NU-102163,Information Science,27,Off-Campus,5.3,20,0,46,2.15,9.5,23-Sep-2022,0
NU-103978,Information Technology,27,off campus,17.5,20,1,14,2.03,12.7,09/23/2022,0
NU-100442,Cybersecurity,23,on-campus,14.8,18,1,115,3.7,18.1,19-Nov-2023,0
NU-101280,Information Science,28,Off-Campus,4.6,20,1,49,2.51,11.3,08/21/2023,0
NU-105871,Business Analytics,29,off campus,14.3,15,1,50,2.88,12.9,11/08/2023,0
NU-106132,Data Science,26,Off-Campus,9.8,15,3,49,2.58,11.9,11-Nov-2022,0
NU-100494,Cybersecurity,24,On-Campus,19.4,18,1,55,1.33,3.2,09/18/2022,1
NU-100190,Data Science,38,Off-Campus,12.8,10,2,0,0.0,5.6,2025-01-17,0
NU-104489,Information Science,26,On-Campus,11.3,25,0,77,1.79,5.3,09/04/2023,0
NU-102782,Data Science,23,on-campus,8.7,0,2,63,1.43,0.5,01-Feb-2024,1
NU-105052,Information  Science,24,off campus,4.8,20,1,41,3.25,12.0,08/27/2022,0
NU-102038,Cybersecurity,24,with family,10.3,35,5,87,3.09,12.6,09/17/2023,0
NU-101897,DataScience,26,With Family,10.3,5,3,35,3.47,16.6,02/07/2024,0
NU-106015,Information Science,27,Off-campus,13.0,0,2,15,3.45,17.0,12/11/2022,0
NU-103324,Learning Technologies,22,Off-Campus,3.8,10,4,78,3.37,15.9,10/03/2022,0
NU-109446,Information Science,28,With Family,16.3,12,1,38,2.09,7.9,2022-11-23,0
NU-105812,Information Technology,27,off campus,2.6,12,4,35,2.33,9.9,09/25/2022,0
NU-100901,Information Technology,31,Off-Campus,15.2,35,1,1,1.35,1.9,2022-11-06,1
NU-108392,Information Science,30,On-Campus,10.6,20,2,23,1.43,7.4,25-Nov-2022,1
NU-109709,Information Technology,32,Off-Campus,11.3,30,0,11,2.01,6.6,03/28/2024,1
NU-105618,Business Analytics,26,Off-Campus,2.2,20,4,52,3.4,15.4,09/08/2022,0
NU-107540,Information Science,23,With Family,29.9,28,1,16,1.12,1.5,10/18/2022,0
NU-100676,Cybersecurity,26,On-Campus,10.8,40,2,73,0.0,6.1,2024-04-17,1
NU-102327,Business Analytics,24,On-Campus,3.6,20,3,61,0.0,,27-Nov-2023,1
NU-102236,Business Analytics,24,With Family,46.0,10,1,78,2.69,13.9,12/16/2022,0
NU-107308,Information Science,33,on-campus,1.5,20,4,27,2.17,12.4,2024-04-29,0
NU-102345,Information Technology,23,On-Campus,7.7,28,3,26,1.84,9.3,10/31/2022,1
NU-103657,Information Technology,24,Off-Campus,6.8,20,3,81,1.78,7.7,2024-04-12,0
NU-105489,Cybersecurity,26,off campus,7.1,15,0,41,2.48,7.8,2023-10-12,0
NU-103555,Business Analytics,21,With Family,12.0,12,2,20,2.71,10.3,03/19/2024,0
NU-101415,Cybersecurity,28,off campus,1.9,15,1,39,2.74,13.2,2023-11-24,0
NU-100566,Learning Technologies,26,On-Campus,4.2,5,1,48,3.15,13.9,09/14/2023,0
NU-100231,Business Analytics,23,With Family,0.4,15,7,49,3.68,16.6,10/09/2023,0
NU-107149,Data Science,32,with family,1.7,20,3,47,2.59,15.1,01/30/2024,0
NU-107433,Information Technology,26,on-campus,5.5,15,3,50,2.42,10.7,10/12/2023,0
NU-101537,Information Technology,22,With Family,15.3,28,1,97,1.4,2.4,2022-11-20,1
NU-100051,Cyber Security,28,On-Campus,4.1,25,5,77,2.14,6.9,10/03/2023,0
NU-107148,Information Technology,26,Off-Campus,5.1,10,1,59,2.65,10.9,10/19/2022,0
NU-101525,Cybersecurity,21,With Family,4.5,25,2,63,2.41,11.2,09/19/2023,0
NU-106936,Information Technology,28,Off-Campus,19.3,0,1,53,1.4,3.8,05/18/2024,1
NU-109608,Information Science,21,on-campus,7.1,12,3,10,1.42,3.6,11/05/2022,0
NU-103158,Cybersecurity,27,On-Campus,15.4,30,1,86,2.46,11.6,18-Dec-2022,0
NU-107090,Learning Technologies,27,On-Campus,0.7,10,3,77,2.44,8.2,08/26/2022,0
NU-100697,Business Analytics,31,off campus,30.6,20,2,65,2.53,14.5,12/07/2022,0
NU-102242,Learning Technologies,24,With Family,2.8,5,2,55,1.91,5.7,15-Sep-2023,1
NU-101067,Learning Technologies,29,Off-Campus,31.0,20,1,31,1.26,4.1,03/05/2024,1
NU-100166,Data Science,23,Off-Campus,15.7,25,2,64,1.84,5.7,2024-03-17,0
NU-104976,Info Technology,26,Off-Campus,31.5,18,3,11,1.73,9.3,2024-02-25,1
NU-100654,Business Analytics,32,with family,26.2,20,1,60,1.21,,17-Oct-2023,0
NU-107955,Information Science,29,Off-Campus,24.6,20,1,28,1.39,,2023-09-10,1
NU-107875,Business Analytics,27,With Family,23.1,28,3,35,2.44,9.0,10/14/2023,0
NU-107877,Business Analytics,24,Off-Campus,1.4,5,1,81,2.26,13.4,12/02/2022,0
NU-108019,Learning Technologies,30,Off-Campus,29.1,0,4,44,2.86,10.5,09/09/2022,1
NU-103969,Cybersecurity,19,Off-Campus,5.4,10,0,63,2.7,,16-Mar-2024,1
NU-108427,Cybersecurity,24,Off-Campus,10.2,35,0,67,2.97,11.5,10-May-2024,0
NU-108938,Cybersecurity,35,With Family,1.6,20,3,40,3.02,9.5,05/20/2024,0
NU-102628,Business Analytics,28,Off-Campus,17.0,20,4,58,1.9,4.9,2024-05-19,1
NU-104363,Learning Technologies,30,Off-Campus,11.6,25,2,95,2.09,13.0,09/23/2023,0
NU-106379,Information Technology,20,On-Campus,20.5,10,3,36,1.99,13.4,02/28/2024,0
NU-101425,Information Technology,21,on-campus,9.1,10,2,49,2.29,,11/11/2022,0
NU-100366,Cybersecurity,24,Off-Campus,4.7,20,2,45,1.78,7.0,09/10/2022,0
NU-109895,Cybersecurity,25,Off-campus,4.2,5,1,96,3.02,14.2,10/16/2023,0
NU-108262,Information Science,23,off campus,10.4,18,2,55,2.72,13.1,10/19/2023,0
NU-100633,Information Science,20,With Family,2.1,30,3,45,2.53,11.8,09/04/2023,0
NU-107481,Cybersecurity,31,On-Campus,4.8,15,2,34,3.35,15.4,12/07/2023,0
NU-108818,Information Technology,30,On-Campus,5.2,25,3,8,2.8,11.3,2024-05-05,0
NU-100615,Cyber Security,24,Off-Campus,17.6,0,4,39,2.21,13.3,05/27/2024,0
NU-106589,Data Science,25,On-Campus,25.3,18,2,60,1.97,7.5,10/22/2023,0
NU-100691,Cybersecurity,22,With Family,16.5,10,3,58,2.62,15.4,2024-03-07,0
NU-106339,Business Analytics,21,Off-Campus,10.1,15,1,66,1.49,5.6,05/20/2024,1
NU-101971,Cybersecurity,24,With Family,13.9,10,4,48,2.58,10.0,2022-09-10,0
NU-106037,Business Analytics,25,Off-Campus,4.6,20,2,58,2.36,14.3,2024-02-15,0
NU-107639,Cybersecurity,27,with family,5.5,30,1,14,2.75,14.9,10/29/2022,0
NU-100719,Information Technology,26,On-Campus,15.5,12,5,84,2.26,10.9,2022-11-07,0
NU-107894,Cybersecurity,23,On-Campus,6.2,28,3,80,2.4,14.3,10/02/2023,0
NU-103170,Cybersecurity,27,On-Campus,5.6,40,1,45,2.5,15.1,11/06/2022,0
NU-106464,Information Science,24,Off-Campus,18.4,10,0,80,2.27,12.0,24-Mar-2024,1
NU-100045,Cybersecurity,21,With Family,35.5,10,1,47,0.0,,11/28/2023,0
NU-105942,Cybersecurity,28,Off-Campus,3.4,5,0,38,2.4,6.4,03/06/2024,0
NU-102776,Data Science,29,On-Campus,6.9,35,3,68,2.0,12.9,2022-09-20,0
NU-109409,Cybersecurity,21,Off-Campus,2.6,20,2,56,3.01,11.9,11/25/2022,0
NU-109517,Cybersecurity,23,Off-Campus,25.9,40,1,53,2.01,,04/11/2024,1
NU-100718,Information Science,23,On-Campus,3.9,5,2,16,3.11,13.3,11/17/2022,0
NU-103318,Information Science,27,Off-Campus,5.6,12,1,67,2.06,,03/06/2024,0
NU-103810,Info Technology,27,With Family,22.7,40,0,76,0.0,5.3,10-May-2024,0
NU-101580,Information Technology,21,Off-Campus,26.6,0,0,62,1.2,,2022-10-16,1
NU-105011,Data Science,30,On-Campus,10.7,25,2,41,2.76,10.1,2023-11-10,0
NU-108584,Business Analytics,28,with family,26.8,25,2,36,1.31,,09/27/2022,0
NU-103120,Information Science,30,Off-Campus,5.8,28,2,30,2.97,13.2,05/21/2024,0
NU-105300,Cyber Security,27,On-Campus,2.5,20,2,87,2.57,12.9,02/28/2024,0
NU-104566,Business Analytics,24,Off-Campus,11.8,10,2,25,1.71,4.0,08-May-2024,0
NU-104830,Information Science,23,Off-Campus,17.0,25,3,51,2.65,13.0,2023-08-25,0
NU-103139,Cybersecurity,22,Off-campus,2.7,20,1,46,2.95,6.5,2024-04-09,0
NU-109275,Cybersecurity,26,off campus,31.6,15,1,50,2.54,16.0,14-Dec-2022,0
NU-109586,Learning Technologies,28,Off-Campus,2.5,25,1,96,2.34,6.2,2024-05-15,0
NU-101229,Information Science,25,Off-Campus,10.0,15,3,57,2.58,11.1,10/05/2023,1
NU-100182,Business Analytics,31,With Family,4.1,10,4,119,2.56,12.2,12/13/2022,0
NU-100641,Information Science,22,On-Campus,2.6,25,3,73,2.34,,02/08/2024,0
NU-108771,Info Technology,25,On-Campus,3.1,12,1,69,1.57,4.7,08-Dec-2022,0
NU-101519,Information Science,24,Off-Campus,26.6,18,3,82,2.07,10.2,2022-12-04,1
NU-100724,Information Technology,24,Off-Campus,5.0,25,6,120,2.19,13.2,10/14/2022,0
NU-103338,Information Technology,27,On-Campus,42.3,12,0,48,2.68,8.6,2022-08-25,0
NU-103086,Data Science,21,with family,8.5,10,1,77,2.55,14.6,10/11/2022,0
NU-105535,Information Science,30,with family,3.2,25,3,0,2.86,9.3,2024-02-05,0
NU-109084,Information Technology,21,With Family,16.8,15,3,33,3.3,13.2,10/30/2023,0
NU-109644,Learning Technologies,27,with family,11.7,30,2,59,1.16,6.5,11/23/2022,0
NU-107296,Information Science,23,Off-Campus,32.7,12,1,14,2.61,10.2,2024-04-24,0
NU-101679,Cybersecurity,23,Off-Campus,6.0,5,2,0,2.88,10.8,12/08/2022,0
NU-107334,Cybersecurity,23,On-Campus,6.7,20,0,67,2.45,14.7,10/06/2022,1
NU-100132,Data Science,36,With Family,5.0,20,3,57,2.26,11.5,08-Sep-2022,1
NU-100707,Learning Technologies,19,Off-Campus,2.1,35,3,95,2.73,15.3,09/17/2023,0
NU-104952,Information Technology,20,on-campus,4.5,12,2,59,2.2,13.8,05/09/2024,0
NU-108505,Information  Science,23,off campus,15.5,30,2,40,1.28,2.8,10/28/2022,0
NU-107077,Data Science,27,On-Campus,11.0,12,4,22,3.03,19.5,05/01/2024,0
NU-102123,Information Science,22,On-Campus,10.8,40,4,66,2.46,7.0,2022-10-27,0
NU-107960,Information Science,30,Off-campus,4.8,5,4,89,2.54,8.8,07-May-2024,0
NU-108943,Info Technology,25,Off-Campus,15.7,5,1,65,2.68,12.6,02/25/2024,0
NU-100662,Information Technology,30,Off-Campus,3.0,10,4,68,2.21,8.5,02/17/2024,0
NU-108159,Cybersecurity,26,On-Campus,6.0,0,3,15,2.03,10.0,11/17/2022,0
NU-109566,Business Analytics,27,With Family,2.5,0,0,35,3.02,15.3,07-Nov-2022,0
NU-100603,Information Science,26,Off-Campus,3.8,20,1,40,2.88,10.0,2022-12-02,0
NU-106171,Info Technology,22,Off-Campus,8.6,10,1,44,2.4,14.0,2024-05-15,0
NU-100301,Info Technology,23,Off-Campus,1.1,20,2,108,1.81,6.6,2023-08-21,0
NU-101688,Data Science,28,Off-Campus,3.6,10,3,49,1.94,13.5,10/18/2023,0
NU-100106,Cybersecurity,24,With Family,33.6,12,2,62,2.11,11.4,09/16/2023,0
NU-103650,Data Science,19,On-Campus,21.4,20,1,49,1.44,2.1,09/01/2022,0
NU-107901,Information Science,27,Off-Campus,12.5,35,2,59,2.84,12.4,09/26/2022,0
NU-108239,Information Science,22,On-Campus,8.5,20,1,60,2.94,10.9,2024-05-27,0
NU-109323,Business Analytics,24,Off-Campus,2.7,20,1,81,2.53,13.8,2023-11-12,0
NU-100560,Data Science,24,On-Campus,6.9,25,0,31,2.72,,10/07/2022,0
NU-100573,Information Technology,23,Off-Campus,2.0,15,1,89,3.28,15.8,05/01/2024,1
NU-105473,Data Science,18,with family,11.3,25,0,27,2.16,9.5,11/02/2022,1
NU-104470,Cyber Security,27,Off-Campus,2.0,12,7,42,3.51,15.8,09-Sep-2023,0
NU-107690,Cybersecurity,26,On-Campus,6.6,35,1,77,1.92,,05/23/2024,0
NU-109206,Cyber Security,24,With Family,1.9,28,2,83,2.74,,10/05/2022,1
NU-102656,Information Science,24,Off-Campus,1.4,18,2,29,3.33,13.4,2022-09-23,1
NU-100028,Information Technology,32,On-Campus,9.8,10,0,128,2.9,18.5,2024-05-19,1
NU-106731,Information Science,19,on-campus,44.7,35,0,28,1.01,,12/09/2022,0
NU-100927,Data Science,22,On-Campus,14.5,15,5,54,3.67,18.3,11/13/2023,0
NU-108243,Business Analytics,22,Off-Campus,25.3,20,4,60,2.46,7.7,10/10/2022,0
NU-104296,Business Analytics,28,with family,35.2,25,2,75,1.91,8.7,10/09/2022,0
NU-107282,Information Science,23,Off-Campus,13.1,0,2,74,2.01,3.3,12/12/2023,1
NU-101747,Information Technology,32,On-Campus,18.5,10,2,46,2.8,13.7,08/28/2022,0
NU-100951,Data Science,26,Off-Campus,4.1,20,1,61,1.91,9.8,11/04/2022,1
NU-102925,Cybersecurity,25,With Family,12.3,30,3,17,2.55,10.8,11/03/2022,1
NU-108129,Information Technology,25,off campus,5.7,28,0,34,2.89,9.6,03/28/2024,0
NU-103274,Learning Technologies,24,On-Campus,79.1,20,0,59,0.57,1.4,2023-12-11,0
NU-107204,Information Technology,24,Off-Campus,24.6,28,1,70,1.51,,11/25/2022,0
NU-108863,Cybersecurity,23,With Family,13.8,30,4,67,2.47,12.6,2022-09-22,0
NU-101461,Information Technology,26,Off-Campus,11.6,5,2,69,2.95,10.2,11/09/2022,0
NU-103004,Data Science,29,With Family,1.5,20,2,83,3.35,15.2,04-Oct-2022,0
NU-108493,Information Technology,22,On-Campus,22.9,18,3,40,2.13,,09/13/2023,0
NU-102589,Learning Technologies,27,off campus,7.0,20,0,73,2.21,10.3,2023-09-08,0
NU-104857,Data Science,30,Off-Campus,15.5,18,2,71,2.5,11.3,09/15/2023,0
NU-106254,Data Science,23,On-Campus,10.4,15,3,56,2.57,10.7,09/29/2022,0
NU-103829,Data Science,23,On-Campus,16.3,18,1,33,1.4,9.4,03/29/2024,0
NU-103664,Cybersecurity,26,Off-Campus,14.6,25,1,44,2.7,15.8,03/10/2024,0
NU-109395,Information Technology,25, On-Campus,5.3,18,5,45,2.28,12.8,10/29/2022,0
NU-102731,Data Science,30,Off-Campus,30.0,0,5,40,2.51,8.0,2022-10-22,0
NU-100664,Information Technology,22,on-campus,10.3,12,2,63,1.89,8.8,11/20/2022,1
NU-105594,Business Analytics,23,With Family,26.6,10,1,89,1.47,,04/10/2024,1
NU-103574,Cybersecurity,33,with family,29.0,28,1,38,2.22,,03/22/2024,0
NU-109639,Information Technology,22,Off-Campus,4.1,10,3,34,2.62,15.0,08/23/2022,0
NU-105806,Cybersecurity,23,On-Campus,5.0,30,2,73,2.93,12.3,04/14/2024,0
NU-104646,Cybersecurity,27,off campus,5.9,35,1,85,2.11,10.7,08-Nov-2022,0
NU-105798,Cybersecurity,32,Off-Campus,8.0,18,4,15,2.38,11.0,20-Nov-2022,0
NU-100007,Cybersecurity,28,Off-Campus,16.2,15,0,12,1.45,,11/13/2023,1
NU-105520,Information Technology,23,Off-Campus,8.7,15,0,59,1.91,8.9,11/16/2022,1
NU-101078,Data Science,28,Off-Campus,15.5,30,1,37,2.24,2.8,10/16/2022,0
NU-101686,Cybersecurity,20,Off-Campus,12.7,35,2,53,2.22,10.5,05/07/2024,0
NU-105952,Cybersecurity,23,With Family,4.7,20,1,46,1.53,3.0,05/11/2024,1
NU-104969,Data Science,25,Off-Campus,5.2,12,2,31,2.61,12.9,12/09/2023,0
NU-106814,Data Science,31,Off-Campus,3.8,15,4,101,3.32,13.3,03/24/2024,0
NU-101672,DataScience,25, On-Campus,13.8,30,1,12,1.96,,10/12/2022,0
NU-104934,Data Science,29,Off-Campus,6.1,5,3,62,2.83,16.7,27-Sep-2022,0
NU-109443,Data Science,34,With Family,34.3,0,1,26,3.05,9.1,04/19/2024,0
NU-100385,Data Science,25,With Family,12.0,10,3,75,1.16,3.6,10/15/2023,0
NU-108213,Cybersecurity,31,Off-Campus,3.7,28,1,59,1.74,,11/13/2022,0
NU-109188,Information Science,24,On-Campus,3.5,5,2,37,2.81,14.6,2022-08-28,1
NU-101095,Cybersecurity,33,Off-Campus,13.7,15,3,65,2.49,13.2,03/02/2024,0
NU-109899,Data Science,24,Off-Campus,3.5,20,4,29,3.32,12.3,11/01/2023,0
NU-105216,Information Technology,23,Off-Campus,13.8,10,2,0,2.75,8.8,08/29/2023,0
NU-101390,Business Analytics,26,off campus,5.0,25,4,73,2.27,,07-Dec-2022,1
NU-108303,Information Technology,24,On-Campus,13.5,40,1,21,2.6,13.1,02/18/2024,0
NU-109254,Data Science,24,Off-Campus,4.0,0,0,39,2.78,8.5,09/06/2023,0
NU-105705,Cybersecurity,28,On-Campus,9.7,28,2,83,1.78,4.7,09/10/2022,0
NU-107058,Cybersecurity,25,With Family,10.4,12,2,38,3.08,16.5,2023-08-22,0
NU-100591,Learning Technologies,22,with family,17.3,18,3,94,2.54,16.3,2024-05-28,0
NU-106031,Cybersecurity,25,with family,14.8,0,2,57,2.06,,2024-02-14,0
NU-101081,Information Technology,27,With Family,5.4,5,2,84,2.72,9.8,11/06/2022,0
NU-102268,Cybersecurity,22,With Family,1.5,15,2,81,2.67,10.6,09/10/2023,0
NU-103279,Learning Technologies,34,Off-Campus,2.1,18,1,32,2.81,14.1,2024-03-30,1
NU-105784,Cybersecurity,23,Off-Campus,5.2,5,3,45,2.51,12.0,02/29/2024,0
NU-104543,Business Analytics,21,Off-Campus,1.7,18,0,47,2.22,6.1,10/18/2022,0
NU-108520,Learning Technologies,21, On-Campus,7.5,10,3,32,2.28,11.5,05/26/2024,0
NU-100808,Business Analytics,27,With Family,11.2,5,3,45,2.8,14.3,13-Sep-2022,0
NU-107540,Information Science,23,With Family,29.9,28,1,16,1.12,1.5,10/18/2022,0
NU-109088,Learning Technologies,23,On-Campus,11.6,12,3,71,1.9,7.2,03/03/2024,0
NU-109548,Learning Technologies,28,With Family,5.4,15,2,23,2.48,12.0,04/16/2024,0
NU-100255,Cybersecurity,23,Off-Campus,22.3,15,0,51,1.93,10.5,10/30/2022,0
NU-108933,Data Science,24,With Family,4.2,40,3,59,0.0,4.0,2024-05-14,0
NU-105060,Cybersecurity,23,With Family,15.0,40,1,75,2.37,7.5,11/21/2022,1
NU-106573,Data Science,24,On-Campus,11.3,20,1,35,1.77,2.0,10/24/2022,0
NU-100015,Information Science,26,Off-campus,7.2,25,4,69,2.96,15.7,03/11/2024,0
NU-103917,Business Analytics,26,Off-Campus,30.6,5,2,29,1.57,3.3,04/09/2024,0
NU-106901,Data Science,25,On-Campus,3.4,25,0,24,1.99,7.3,04/23/2024,0
NU-102588,Cybersecurity,29,With Family,5.0,25,1,67,2.04,,03/17/2024,0
NU-101911,Cybersecurity,20,with family,20.9,5,1,28,0.99,4.2,09/06/2022,0
NU-104823,Business Analytics,24,Off-Campus,4.5,20,0,79,2.66,3.7,2024-03-14,0
NU-105046,Business Analytics,27,On-Campus,6.6,18,4,0,2.75,11.3,10/16/2022,0
NU-108793,Data Science,20,On-Campus,5.8,18,5,13,2.73,11.9,03/05/2024,1
NU-101960,Learning Technologies,33,With Family,16.7,10,2,47,1.7,7.8,10/25/2022,0
NU-106904,Business Analytics,28,Off-campus,14.2,10,3,20,1.74,7.0,2024-04-02,0
NU-109499,Learning Technologies,30,Off-Campus,2.3,5,2,86,2.62,14.0,03/22/2024,0
NU-107166,Cybersecurity,24,Off-Campus,11.7,15,5,105,3.25,19.8,11/24/2022,1
NU-101338,Information Technology,24,Off-Campus,7.5,12,0,72,2.56,11.8,2022-11-08,0
NU-107016,Business Analytics,21,With Family,8.0,25,5,24,2.54,13.8,11/20/2023,0
NU-108039,DataScience,23,Off-Campus,19.3,40,3,58,1.82,8.7,2024-04-23,0
NU-105607,Business Analytics,25,Off-Campus,16.9,20,1,0,1.13,,09/11/2023,0
NU-102090,Information Technology,27,Off-campus,12.4,30,4,80,1.97,7.3,12-May-2024,0
NU-109844,Cybersecurity,23,Off-Campus,4.7,0,5,69,2.49,17.5,01/31/2024,0
NU-107496,Cybersecurity,20,With Family,4.4,10,2,87,2.3,10.3,10/18/2023,1
NU-106832,Information Technology,23,Off-Campus,12.4,18,5,60,3.27,13.3,05/04/2024,0
NU-104549,Cybersecurity,21,On-Campus,13.0,18,2,84,2.96,13.7,2023-12-08,0
NU-103984,DataScience,24,With Family,25.7,5,1,19,2.03,6.3,21-Aug-2023,1
NU-108184,Cybersecurity,23,On-Campus,22.3,10,2,64,2.11,2.7,08/29/2023,0
NU-104408,Cyber Security,24,Off-Campus,11.7,5,1,21,1.53,8.1,10/15/2023,0
NU-104924,Cybersecurity,26,With Family,4.5,5,4,93,3.22,13.6,2024-05-10,0
NU-101781,Learning Technologies,24,With Family,29.0,5,0,33,2.89,12.8,28-Mar-2024,1
NU-107974,Business Analytics,28,Off-Campus,2.7,12,1,84,2.32,10.6,2024-05-18,0
NU-102239,Business Analytics,199,On-Campus,16.9,0,2,0,1.54,6.0,11/17/2023,0
NU-106863,Information Science,24,Off-Campus,26.2,35,0,58,1.94,7.3,02/26/2024,0
NU-108599,Business Analytics,20,With Family,28.7,20,2,62,0.88,4.8,10/04/2022,0
NU-105450,Cybersecurity,25,On-Campus,5.7,18,5,69,2.46,14.5,10/19/2023,0
NU-106273,Business Analytics,23,With Family,33.4,0,3,36,2.0,17.3,2023-10-20,1
NU-105259,Information Science,28,Off-Campus,3.1,0,1,25,1.65,,11/09/2022,0
NU-100521,Cybersecurity,26,With Family,11.1,12,0,54,2.46,12.1,2022-12-08,0
NU-102956,Cybersecurity,27,Off-Campus,7.9,15,2,78,2.58,10.4,09/05/2022,0
NU-107624,Info Technology,24,With Family,2.2,10,2,89,2.36,9.1,01-Nov-2022,0
NU-107900,Cybersecurity,24,off campus,1.7,28,2,41,1.34,6.1,02/06/2024,0
NU-105420,Cybersecurity,21,Off-Campus,15.3,15,1,36,1.81,,2023-12-05,0
NU-105797,Data Science,27,Off-Campus,1.3,10,0,55,3.11,14.0,2024-03-21,0
NU-104641,Cybersecurity,32,Off-Campus,10.9,28,2,31,2.31,9.7,04/30/2024,0
NU-102147,Information Technology,24,With Family,10.2,10,0,50,2.7,,12/10/2022,0
NU-106475,Information Science,24,With Family,15.9,12,3,44,1.89,8.0,2022-10-13,0
NU-105365,Data Science,19,Off-Campus,10.1,35,3,64,2.81,11.6,04-Nov-2022,1
NU-102373,Cybersecurity,24,With Family,11.5,30,1,67,1.81,7.9,09/20/2022,0
NU-100493,Information Science,22,With Family,21.1,12,5,76,3.2,13.2,2024-05-22,0
NU-109274,Information  Science,25,Off-Campus,0.3,18,3,39,2.25,7.1,09/24/2022,0
NU-101441,Cybersecurity,24,Off-campus,3.4,0,3,78,3.04,6.9,2023-11-09,0
NU-106794,Business Analytics,25,On-Campus,6.0,12,2,54,1.99,8.7,03/28/2024,0
NU-101064,Business Analytics,25,Off-Campus,7.9,10,3,66,2.59,11.9,2023-10-20,0
NU-107223,Cybersecurity,23,Off-Campus,1.0,0,1,14,3.42,16.3,28-Aug-2022,0
NU-109714,Information Technology,35,With Family,2.5,18,3,45,2.84,12.4,03/23/2024,0
NU-104980,Information Science,29,Off-Campus,1.9,25,2,64,3.15,13.6,11/22/2022,0
NU-106708,Information Technology,27,With Family,9.9,0,4,56,3.02,13.6,20-Oct-2023,0
NU-103928,Cybersecurity,24,With Family,9.7,12,2,0,2.79,14.8,2024-05-06,0
NU-103604,Business Analytics,24,On-Campus,5.1,5,3,85,2.5,8.5,11/21/2022,0
NU-100343,Information Technology,23,With Family,12.4,10,2,80,3.53,,08/23/2023,0
NU-101499,Cybersecurity,28, On-Campus,3.3,18,3,61,2.77,14.5,2022-09-16,1
NU-104864,Information Technology,28,Off-Campus,8.4,25,0,64,2.77,9.5,05/04/2024,0
NU-106412,Cybersecurity,25,On-Campus,6.1,20,1,72,2.39,10.1,04-Nov-2022,0
NU-108725,Information Technology,26,Off-Campus,8.7,18,3,67,1.68,6.1,05/10/2024,1
NU-108077,Learning Technologies,22,Off-Campus,8.1,40,0,88,1.53,3.2,2023-10-03,0
NU-108817,Information Science,24,Off-Campus,6.1,-10,5,16,2.73,12.0,2022-10-11,0
NU-104350,Information Technology,26,Off-Campus,22.6,35,3,39,2.54,9.4,11/16/2023,0
NU-106386,Data Science,22,With Family,28.2,25,0,33,2.41,5.9,07-Mar-2024,1
NU-109077,Information Science,30,Off-Campus,9.2,40,1,35,1.79,7.6,2024-05-25,1
NU-107556,Data Science,27,On-Campus,26.2,20,0,41,1.3,0.5,02/28/2024,1
NU-106567,Cyber Security,22,Off-Campus,1.3,25,3,28,3.11,12.8,11/20/2022,0
NU-109694,Business Analytics,28,Off-Campus,4.8,15,0,54,3.19,13.6,08/28/2022,1
NU-101282,Cybersecurity,25,Off-Campus,2.0,18,3,44,3.36,15.5,2022-09-05,1
NU-101567,Cybersecurity,21,On-Campus,9.5,35,4,58,2.78,14.3,10/29/2023,1
NU-103880,DataScience,35,Off-Campus,6.6,28,6,59,2.76,10.2,03/10/2024,0
NU-108141,Cybersecurity,27,Off-Campus,15.9,15,4,58,2.56,9.2,12/07/2023,1
NU-100683,Cybersecurity,23,On-Campus,19.1,30,0,67,1.7,9.9,10/23/2022,0
NU-108062,Data Science,24,Off-Campus,3.8,0,2,53,2.71,10.5,11/05/2022,0
NU-100725,Data Science,21,On-Campus,10.3,10,4,31,3.61,17.5,04/24/2024,0
NU-100866,Cybersecurity,25,With Family,2.9,15,2,48,2.61,12.2,10/13/2023,0
NU-104249,Cybersecurity,26,Off-Campus,18.0,10,1,23,2.41,12.7,08/29/2022,0
NU-106087,Information Science,20,off campus,20.0,12,2,46,2.18,10.8,2022-10-26,0
NU-104559,Data Science,23,on-campus,16.2,25,2,27,2.35,8.6,04/24/2024,1
NU-103377,Cybersecurity,24,With Family,26.3,15,1,36,2.68,11.2,16-May-2024,0
NU-101399,Information Science,28,Off-Campus,3.0,20,0,31,2.33,12.3,2024-05-15,0
NU-100308,Information Science,30,Off-Campus,5.2,0,5,46,2.87,12.6,05/01/2024,1
NU-105261,Business Analytics,29,off campus,17.4,28,2,56,1.63,,12/09/2022,0
NU-102247,Cybersecurity,26,On-Campus,44.9,0,1,60,2.99,11.9,16-Feb-2024,0
NU-101709,Business Analytics,24,With Family,6.7,35,2,62,2.14,8.7,05/15/2024,0
NU-103815,Cybersecurity,26,with family,10.4,5,4,110,2.7,13.5,12/02/2022,0
NU-103156,Cybersecurity,27,Off-Campus,17.7,15,5,13,2.24,7.5,06-Mar-2024,0
NU-102610,Cybersecurity,25,Off-Campus,8.6,25,2,60,1.71,8.8,12/06/2022,0
NU-102572,DataScience,21,Off-Campus,5.0,15,0,89,2.31,9.0,05/26/2024,0
NU-104124,Data Science,24,Off-Campus,6.8,5,3,83,2.04,7.7,05-Dec-2022,0
NU-109441,Information Technology,29,On-Campus,12.0,0,1,102,1.55,12.8,2023-10-16,1
NU-103733,Data Science,23,Off-Campus,20.3,5,2,69,2.05,11.1,11/13/2023,1
NU-100056,Business Analytics,27,with family,23.3,0,2,43,1.1,2.7,12/01/2022,1
NU-107548,Business Analytics,25,Off-campus,9.4,15,6,79,2.38,10.0,10/30/2022,0
NU-107446,Business Analytics,19,off campus,18.7,30,1,11,1.72,7.5,10/22/2022,0
NU-103421,Information Technology,28,Off-Campus,2.8,5,2,88,3.06,9.9,2022-09-29,0
NU-108961,Data Science,20,Off-Campus,20.4,0,1,29,2.17,7.7,04/28/2024,0
NU-107400,Information Technology,25,On-Campus,6.5,28,0,31,1.57,0.6,11/13/2022,1
NU-101903,Information Science,23,With Family,5.7,18,7,53,3.08,18.6,12/20/2022,0
NU-104677,Learning Technologies,33,On-Campus,21.4,35,0,65,2.31,,10/29/2022,0
NU-108331,Cybersecurity,25,On-Campus,4.6,10,0,32,2.14,8.9,12/15/2023,0
NU-104034,Cybersecurity,26,On-Campus,6.2,5,0,53,2.69,13.4,28-Aug-2022,0
NU-104524,Learning Technologies,25,Off-Campus,17.6,12,6,62,2.37,6.9,02/01/2024,1
NU-109355,Info Technology,32,Off-Campus,1.6,20,2,45,2.17,,11/06/2022,0
NU-105335,Learning Technologies,19,With Family,15.8,5,2,60,2.81,13.6,20-Nov-2023,0
NU-100938,Information Science,21,With Family,16.8,30,1,15,1.17,,08/23/2022,0
NU-108293,Information  Science,25,On-Campus,5.8,10,2,73,2.93,9.4,20-Sep-2022,0
NU-101323,Information Technology,34,With Family,5.4,0,3,36,3.33,18.2,2024-04-12,0
NU-107381,Business Analytics,21,On-Campus,28.2,5,0,67,1.41,5.0,20-Sep-2022,1
NU-101485,Data Science,25,On-Campus,8.9,10,3,36,2.56,10.8,2022-11-29,1
NU-108406,Data Science,21,Off-Campus,1.7,0,2,49,3.18,11.6,08/23/2022,1
NU-100586,Information Technology,23,With Family,4.4,35,4,55,2.52,8.8,2024-05-25,1
NU-105932,Business Analytics,33,With Family,19.0,18,0,55,2.05,6.4,09/13/2022,0
NU-100482,Data Science,19,On-Campus,2.7,5,0,99,3.45,18.2,09/19/2022,0
NU-103415,Data Science,18,On-Campus,5.5,0,0,57,3.29,12.0,2024-04-19,0
NU-108819,Learning Technologies,31,with family,10.2,40,1,45,2.24,7.0,10/11/2022,0
NU-103852,Information Science,27,Off-Campus,3.7,28,5,63,2.01,,06-Nov-2022,0
NU-100168,Learning Technologies,25,Off-Campus,9.7,5,4,28,3.24,17.8,2024-02-09,0
NU-106625,DataScience,22,Off-Campus,19.8,18,2,37,2.14,8.7,08/30/2022,1
NU-103480,Cyber Security,25, On-Campus,10.5,10,2,24,2.86,12.2,12/09/2023,0
NU-103733,Data Science,23,Off-Campus,20.3,5,2,69,2.05,11.1,11/13/2023,1
NU-104558,Information Technology,28,with family,16.7,10,2,59,1.27,8.8,08/28/2022,0
NU-109354,Business Analytics,24,With Family,4.8,0,4,63,3.5,12.0,03/24/2024,0
NU-107244,Cyber Security,26,On-Campus,25.8,10,3,47,2.5,14.9,2024-04-17,0
NU-108999,Information Science,21,On-Campus,10.7,30,2,51,2.33,14.9,2023-09-29,0
NU-103573,Information Technology,23,Off-Campus,2.8,30,1,7,2.53,10.7,21-Nov-2023,0
NU-101837,Info Technology,26,Off-Campus,24.7,15,1,71,1.83,7.7,10/22/2023,0
NU-106838,Cybersecurity,23, On-Campus,5.0,0,3,39,2.96,16.4,15-Nov-2022,0
NU-101594,Info Technology,23,Off-Campus,9.4,12,0,14,1.87,12.5,10/22/2022,1
NU-109133,Data Science,29,On-Campus,1.3,10,5,61,3.68,18.2,2022-12-17,0
NU-107425,Learning Technologies,24,Off-Campus,32.1,25,1,25,1.78,6.4,10/19/2022,0
NU-104641,Cybersecurity,32,Off-Campus,10.9,28,2,31,2.31,9.7,04/30/2024,0
NU-109196,Information Technology,28,On-Campus,4.2,25,2,78,1.81,9.6,2024-02-29,0
NU-100144,Data Science,22,Off-Campus,6.0,20,2,26,1.39,6.5,04-Oct-2022,0
NU-106740,Cybersecurity,31,Off-Campus,28.5,30,2,41,2.4,13.5,14-Nov-2022,0
NU-102828,Business Analytics,35,With Family,25.9,28,1,62,2.01,,05/23/2024,0
NU-105407,Business Analytics,21,Off-Campus,9.2,20,3,33,1.73,6.9,2023-10-27,0
NU-102369,Data Science,23,On-Campus,7.3,10,3,41,2.26,11.9,10/17/2022,0
NU-105580,Information Technology,25,With Family,13.5,25,1,67,2.42,8.1,2024-02-16,0
NU-100790,Information Science,22,With Family,19.5,20,3,89,1.4,3.2,2024-02-21,0
NU-106473,Cybersecurity,25,Off-Campus,12.5,5,1,43,3.54,15.1,09/23/2022,0
NU-107448,Information Technology,23,With Family,23.8,15,2,25,1.92,5.1,09/11/2022,1
NU-109514,Cybersecurity,28,Off-Campus,3.5,40,1,29,2.36,5.0,2024-02-22,0
NU-106014,Cybersecurity,25,with family,15.4,0,3,20,3.38,16.6,25-Aug-2023,1
NU-100049,Cybersecurity,27,With Family,1.9,0,2,65,3.76,18.0,24-Sep-2022,1
NU-101200,Cybersecurity,25,Off-Campus,20.3,0,3,0,2.66,11.9,11/02/2023,0
NU-101750,Information Science,27,With Family,2.0,20,4,91,2.78,12.7,09/06/2022,0
NU-101058,Information Technology,34,On-Campus,11.299999999999999,28,1,28,2.28,12.1,08/28/2023,0
NU-101428,Cybersecurity,25,On-Campus,6.4,20,1,15,2.99,10.9,2022-10-15,0
NU-108259,Data Science,26,With Family,4.2,0,1,80,2.95,15.6,09/13/2022,0
NU-106319,Learning Technologies,20,off campus,0.7,35,2,31,2.0,12.7,2024-05-22,0
NU-100057,Cyber Security,27,Off-Campus,2.4,28,2,31,2.81,9.2,03/01/2024,0
NU-103870,DataScience,25,On-Campus,8.8,0,4,43,3.39,20.6,10/19/2023,0
NU-109151,Data Science,20,off campus,16.6,5,4,64,2.79,14.7,02/02/2024,0
NU-105452,Cybersecurity,28,Off-campus,4.4,35,2,58,1.99,5.4,2022-10-01,0
NU-109305,Data Science,29,Off-Campus,15.5,5,1,20,2.49,9.4,2024-03-08,1
NU-108060,Information Technology,27,Off-Campus,36.6,12,1,37,1.36,,05/08/2024,0
NU-107454,Cyber Security,21,With Family,46.0,10,0,23,2.83,11.3,12/06/2022,0
NU-103794,Information Technology,32,With Family,9.4,25,2,27,1.55,7.2,20-Oct-2023,1
NU-104927,Data Science,20,Off-Campus,6.9,15,2,35,1.93,,11/19/2022,0
NU-105105,Information Technology,24,With Family,6.0,28,2,36,2.23,10.8,09/27/2023,0
NU-109012,Business Analytics,25,With Family,7.3,28,2,85,2.32,,04/25/2024,1
NU-103341,Business Analytics,24,On-Campus,14.7,15,1,0,1.58,,30-Jan-2024,1
NU-106041,Cybersecurity,26,with family,12.9,20,6,54,3.0,10.5,05/22/2024,0
NU-103655,Cybersecurity,30,With Family,23.9,15,3,44,2.54,,2024-05-07,0
NU-100458,Business Analytics,28,On-Campus,3.6,25,0,40,1.14,5.6,2023-09-01,1
NU-100367,Info Technology,30,Off-Campus,0.9,5,4,116,2.67,9.5,10/14/2023,0
NU-109872,Information Science,21,On-Campus,29.8,15,0,0,0.0,,01/19/2025,0
NU-100022,Information Technology,21,Off-campus,4.8,15,0,61,2.77,10.5,23-May-2024,0
NU-100307,Information Science,25,on-campus,10.7,5,2,62,2.82,12.6,09/15/2022,1
NU-102872,Information Science,24,On-Campus,13.6,20,3,116,2.55,12.2,2024-05-14,0
NU-102949,Information Science,30,Off-Campus,40.1,15,1,29,1.71,7.6,05/18/2024,0
NU-107510,Data Science,27,On-Campus,16.1,5,5,31,1.63,5.4,09/16/2022,0
NU-100986,Cyber Security,26,On-Campus,7.6,30,2,60,2.42,9.9,09/22/2022,0
NU-103144,Information Technology,30,On-Campus,14.5,10,2,31,1.87,9.5,10/03/2023,1
NU-108686,Cybersecurity,26,With Family,14.3,5,0,34,2.36,9.6,05/18/2024,0
NU-108641,Cybersecurity,21,On-Campus,0.7,15,1,68,3.03,19.8,2023-12-15,0
NU-108074,Data Science,25,Off-Campus,0.6,35,2,58,2.09,7.2,10-Dec-2023,0
NU-102833,Information Technology,24,With Family,17.2,15,3,57,0.0,7.0,10/28/2023,0
NU-104508,Cybersecurity,23,Off-Campus,12.1,20,2,69,2.78,9.1,10/23/2022,0
NU-107139,Cybersecurity,25,With Family,17.7,0,4,73,2.52,15.3,03/07/2024,1
NU-104096,Cybersecurity,25,Off-Campus,15.0,25,1,27,2.31,5.0,09/02/2022,0
NU-102667,Information Technology,25,With Family,15.2,40,2,0,1.94,2.2,2024-04-30,0
NU-105496,DataScience,24,Off-Campus,16.0,12,1,66,0.77,4.6,2022-11-20,0
NU-102451,Cybersecurity,29,On-Campus,20.1,20,1,57,1.8,,12/19/2022,0
NU-105297,Data Science,25,Off-campus,9.5,30,1,82,1.95,5.8,09/11/2022,0
NU-102512,Information Technology,25,Off-Campus,2.3,35,2,8,2.04,5.8,2024-04-09,1
NU-107312,Learning Technologies,24,Off-campus,3.5,30,6,0,3.28,16.1,2023-08-25,0
NU-106308,Data Science,24,Off-Campus,5.1,5,4,44,3.46,20.7,19-Nov-2023,0
NU-103785,Data Science,24,Off-Campus,3.5,5,3,84,2.77,,05/05/2024,0
NU-108291,Cyber Security,28,On-Campus,37.7,20,1,69,1.66,,12/05/2022,0
NU-105747,DataScience,21,on-campus,33.8,25,3,67,1.37,,12/10/2022,1
NU-100299,Information Science,22,On-Campus,1.9,25,2,43,0.93,0.5,2022-10-28,1
NU-105523,Learning Technologies,26,off campus,21.5,28,1,16,2.33,,02/27/2024,0
NU-100243,Information Science,19,Off-campus,7.5,18,1,16,2.2,11.1,11/29/2022,0
NU-104775,Data Science,26,Off-Campus,2.9,28,0,27,2.52,9.9,2022-12-15,0
NU-105551,Information Technology,28,With Family,13.8,0,3,22,2.98,16.5,2024-02-25,0
NU-109453,Information Science,21,On-Campus,31.7,40,3,52,2.27,4.1,2023-09-29,1
NU-101883,Data Science,24,Off-Campus,4.3,25,4,41,2.3,9.2,2023-11-05,1
NU-108577,Cybersecurity,26,Off-Campus,3.0,5,0,37,2.94,10.6,2022-10-15,0
NU-101028,Business Analytics,21,On-Campus,7.4,25,2,47,3.06,12.3,13-Feb-2024,0
NU-104538,Cybersecurity,20,off campus,9.7,15,6,25,2.46,9.7,2022-11-18,0
NU-106391,DataScience,25,Off-Campus,3.9,12,4,67,2.3,,08-Sep-2022,1
NU-106583,Learning Technologies,21,With Family,6.7,15,1,48,1.82,6.9,12/03/2022,0
NU-105969,Information Technology,31,Off-Campus,2.1,20,4,14,2.06,,11/23/2023,1
NU-108837,Information Science,26,Off-Campus,20.8,15,0,25,2.3,10.1,10/11/2022,0
NU-101680,Cybersecurity,25,On-Campus,3.2,35,4,41,2.48,,2022-11-07,0
NU-107651,Cybersecurity,27,Off-Campus,2.6,20,4,52,1.98,7.3,04-Oct-2022,0
NU-109998,Cybersecurity,29,With Family,14.2,18,2,40,1.26,7.0,2024-02-06,1
NU-104512,Data Science,27,With Family,6.7,0,1,54,2.76,12.0,02/22/2024,0
NU-105248,Learning Technologies,22,On-Campus,5.5,15,2,48,3.15,12.9,09/25/2022,1
NU-105518,Data Science,28,With Family,13.2,20,1,52,1.91,7.4,12-Sep-2023,0
NU-101916,Learning Technologies,20,Off-Campus,12.3,0,4,19,3.36,17.9,11/21/2022,0
NU-100120,Cybersecurity,25,Off-Campus,2.4,20,0,44,2.3,10.2,03/27/2024,0
NU-102334,Information Technology,27,With Family,7.9,12,2,35,2.5,7.2,05/06/2024,0
NU-101332,Cybersecurity,23,On-Campus,11.2,25,1,34,2.2,7.7,2022-11-23,0
NU-107279,Cyber Security,26,With Family,2.4,25,2,82,2.73,16.9,02/10/2024,0
NU-104357,Business Analytics,20,Off-Campus,3.1,40,1,40,2.96,10.2,10/01/2022,0
NU-108915,Information Technology,21,Off-Campus,6.5,30,1,25,2.41,8.4,2024-02-01,1
NU-108851,Business Analytics,21,Off-Campus,8.7,15,3,42,3.24,9.2,04/02/2024,0
NU-109287,Information Science,24,Off-Campus,5.3,15,0,44,2.82,16.1,10/21/2022,0
NU-100702,Cybersecurity,24,with family,1.6,20,4,43,2.58,8.3,12/15/2023,0
NU-107202,Information Technology,27,Off-Campus,14.1,12,3,48,2.87,12.5,2023-10-17,0
NU-100345,Information Technology,26,Off-Campus,21.6,12,0,49,1.41,0.5,2024-04-20,0
NU-107998,Business Analytics,24,With Family,19.9,28,0,36,1.65,,2022-08-27,1
NU-101795,Information Technology,25,With Family,3.8,0,3,27,2.59,17.8,12-Oct-2023,0
NU-102545,Business Analytics,28,On-Campus,4.7,25,3,51,1.4,,2022-11-10,1
NU-101901,Cybersecurity,25,With Family,3.8,35,2,24,2.68,9.8,2024-02-01,0
NU-109801,Learning Technologies,28,On-Campus,8.7,10,5,59,2.69,15.3,2022-10-01,0
NU-105923,Business Analytics,29,Off-Campus,6.4,25,3,32,1.59,10.5,26-Nov-2022,0
NU-105025,Learning Technologies,23,On-Campus,11.6,0,2,83,2.65,10.9,09/04/2023,0
NU-107471,Cyber Security,23,Off-Campus,12.6,0,3,17,1.84,8.7,05/18/2024,0
NU-100750,Learning Technologies,25,With Family,20.3,15,2,55,2.73,13.0,09/05/2022,0
NU-104574,Learning Technologies,24,On-Campus,14.1,20,2,61,1.64,9.8,10/21/2022,0
NU-109486,Business Analytics,25,with family,4.6,30,1,48,1.84,,09/04/2022,0
NU-103919,Cybersecurity,23,Off-Campus,9.9,5,3,71,2.45,,2024-02-26,0
NU-107638,Learning Technologies,22,With Family,14.3,28,2,40,2.31,9.2,10/14/2022,0
NU-100518,Information Technology,21,Off-Campus,21.3,18,1,52,1.99,,2022-08-24,1
NU-101104,Business Analytics,29,Off-Campus,5.7,10,2,97,3.2,12.4,12/17/2023,0
NU-106976,Cybersecurity,25,On-Campus,4.3,15,1,51,2.51,14.2,10/31/2022,0
NU-106923,Cybersecurity,31,off campus,12.7,15,3,49,3.43,17.1,2023-10-15,0
NU-103320,Learning Technologies,26,Off-Campus,8.4,15,3,26,2.56,6.4,2022-10-30,0
NU-109831,Cybersecurity,29,Off-Campus,8.0,0,6,65,2.82,15.3,09/01/2023,0
NU-108207,Information Science,21,Off-Campus,2.2,35,1,0,1.72,,11/24/2022,1
NU-105268,Cybersecurity,24,Off-Campus,3.6,5,5,90,3.38,18.5,27-Oct-2022,0
NU-101662,Data Science,24,With Family,4.1,12,1,86,2.61,9.2,12/02/2023,0
NU-105289,Data Science,29,With Family,16.3,25,1,48,1.15,3.7,2024-04-06,1
NU-106776,Information Science,30,On-Campus,7.6,15,3,44,3.17,12.6,10/02/2022,1
NU-107394,Cyber Security,26,On-Campus,4.8,5,0,77,1.51,,10/28/2022,0
NU-106328,Cybersecurity,22,Off-Campus,19.8,5,3,57,3.26,13.8,25-Oct-2023,1
NU-108971,Cybersecurity,29,On-Campus,4.3,30,4,23,3.0,8.2,12/01/2023,0
NU-103247,Information Technology,23,With Family,12.1,30,2,78,3.21,13.7,2023-11-14,0
NU-106629,Learning Technologies,29,On-Campus,12.5,10,3,35,3.34,18.3,09/28/2022,0
NU-106086,Cybersecurity,31,Off-campus,9.3,12,1,26,2.3,,04/07/2024,0
NU-104102,Learning Technologies,26,On-Campus,10.7,25,2,111,2.52,12.5,09/13/2022,0
NU-101630,Cyber Security,26,With Family,11.2,25,1,6,1.84,6.7,09/04/2022,0
NU-107790,Cybersecurity,27,Off-Campus,4.4,0,3,50,2.61,16.9,12/04/2022,0
NU-101460,Cybersecurity,27,Off-Campus,2.1,0,3,56,2.34,11.5,12-Sep-2023,0
NU-105442,Information Technology,20,Off-Campus,9.6,15,2,36,2.12,9.0,2024-02-10,0
NU-105853,Cybersecurity,26,with family,4.1,20,2,30,2.64,15.5,2022-11-21,1
NU-104449,Cybersecurity,22,On-Campus,0.7,5,7,44,2.03,7.4,05/16/2024,0
NU-107221,Information Science,25,Off-Campus,9.5,28,1,83,2.97,17.2,2022-10-22,0
NU-109591,Business Analytics,35,With Family,3.8,10,1,41,2.58,14.9,04/02/2024,0
NU-105629,Information Science,21,Off-Campus,9.6,30,4,8,2.18,,04/29/2024,0
NU-102434,Information Technology,27,On-Campus,10.8,35,1,87,1.42,7.6,10/25/2022,1
NU-105715,Information Technology,19,On-Campus,1.1,15,2,54,2.74,14.0,23-Aug-2022,0
NU-108047,Business Analytics,23,With Family,22.9,25,1,64,1.31,1.4,26-May-2024,0
NU-108692,Learning Technologies,22,With Family,32.8,18,2,47,2.7,13.6,10/29/2022,0
NU-108769,Learning Technologies,27, On-Campus,30.2,5,3,51,3.19,10.1,05/26/2024,1
NU-107052,Cybersecurity,25,Off-campus,1.4,0,4,32,1.57,8.8,09/28/2022,1
NU-102372,Cybersecurity,22,with family,27.0,18,1,69,1.47,7.7,04/25/2024,0
NU-103137,Learning Technologies,24,off campus,16.4,10,3,65,2.3,8.9,11/30/2022,0
NU-104993,Information Science,22,off campus,6.9,10,3,20,2.67,12.4,10/15/2023,0
NU-105468,Data Science,20,On-Campus,6.4,10,1,64,3.34,12.5,2023-09-03,0
NU-107115,Cybersecurity,29,On-Campus,8.1,10,2,69,2.07,6.9,03/04/2024,0
NU-106600,Data Science,24,With Family,10.7,18,4,29,2.87,11.3,08/26/2023,1
NU-109926,Information Science,25,With Family,28.0,15,5,57,3.24,9.7,05/11/2024,0
NU-100810,Cybersecurity,23,with family,8.8,35,1,72,2.34,12.9,2022-11-06,1
NU-103036,Business Analytics,26,Off-Campus,19.2,0,2,42,2.35,6.7,05/17/2024,0
NU-105362,Business Analytics,23,On-Campus,18.5,40,2,39,1.34,2.7,09/30/2023,0
NU-109100,Information Science,32,Off-Campus,15.6,0,3,53,1.83,,2024-02-23,1
NU-102821,Data Science,34,On-Campus,10.2,15,4,80,3.31,14.1,2023-08-24,0
NU-100630,Info Technology,26,With Family,43.8,12,1,68,2.26,9.9,2022-09-02,0
NU-102536,DataScience,21,Off-Campus,15.8,20,2,74,1.2,,2023-11-08,0
NU-107607,Learning Technologies,23,On-Campus,4.7,30,4,21,2.9,13.5,2023-11-18,0
NU-106245,Cyber Security,29,On-Campus,14.1,5,2,57,2.96,8.7,02-Oct-2022,0
NU-102437,Cybersecurity,20,On-Campus,31.9,30,0,50,1.61,7.5,2023-08-30,1
NU-100470,Learning Technologies,25,With Family,9.1,40,3,34,2.87,10.9,19-Dec-2022,0
NU-109155,Information Science,20,On-Campus,37.8,20,2,0,1.58,,16-Sep-2023,0
NU-102843,Business Analytics,23,Off-campus,9.9,35,4,4,2.99,18.8,26-Sep-2022,0
NU-104809,Cybersecurity,29,On-Campus,5.7,25,4,67,3.28,14.0,09/10/2022,0
NU-106659,Learning Technologies,20,On-Campus,21.2,25,3,51,2.43,,12/17/2023,1
NU-107886,Data Science,23,Off-Campus,16.9,15,2,76,2.96,11.8,09/19/2022,0
NU-100780,Data Science,22,On-Campus,1.5,25,0,33,1.25,4.8,2023-11-24,1
NU-108387,Information Technology,28,Off-campus,18.1,10,4,40,2.28,11.1,04/13/2024,0
NU-103430,Business Analytics,33,With Family,8.7,30,4,61,1.65,,2023-11-10,1
NU-109610,Cyber Security,21,Off-Campus,17.0,0,1,40,0.96,1.5,04/18/2024,0
NU-107121,Information Science,33,Off-Campus,18.1,20,3,28,2.3,7.7,06-Feb-2024,0
NU-101322,Information Science,31,Off-Campus,7.3,5,2,99,3.13,11.8,10/15/2023,0
NU-108871,Data Science,26,With Family,0.8,40,0,87,1.43,5.4,10/20/2022,1
NU-105731,Data Science,25,Off-Campus,8.5,12,6,111,3.45,20.3,2024-02-01,0
NU-109765,Data Science,24,with family,20.6,18,1,0,2.16,11.5,2022-10-10,0
NU-101728,Information  Science,23,On-Campus,29.6,0,1,72,2.04,5.9,23-Aug-2022,0
NU-107251,Information Science,25,Off-Campus,7.5,10,2,56,2.61,7.5,2024-02-11,0
NU-107793,Information Technology,25,Off-Campus,15.2,28,1,51,0.97,,13-Sep-2022,0
NU-104355,Information Technology,26,On-Campus,18.6,12,1,37,0.72,4.0,02/17/2024,0
NU-101713,Data Science,25,Off-Campus,17.9,12,2,33,2.21,8.3,09/21/2023,0
NU-101710,Information Science,27,on-campus,15.4,20,0,72,1.82,3.8,11/27/2022,0
NU-102963,Information Science,24,off campus,8.1,15,4,45,1.74,8.6,12/04/2022,0
NU-106645,Information Science,32,With Family,4.5,15,6,79,3.58,15.8,12/17/2022,0
NU-104592,Cybersecurity,29,On-Campus,41.0,0,2,20,2.48,14.0,2022-11-28,0
NU-107558,Cybersecurity,24,Off-Campus,13.2,25,4,47,3.0,14.1,2024-02-10,0
NU-107200,Cybersecurity,22,Off-Campus,2.9,0,1,117,2.96,15.4,02-Mar-2024,0
NU-108877,Business Analytics,26,Off-Campus,35.0,18,3,67,2.47,10.0,11-Sep-2022,0
NU-105287,Learning Technologies,23,on-campus,11.8,28,2,22,2.11,11.3,10/31/2023,1
NU-104748,Data Science,24,With Family,8.3,-5,5,80,2.5,7.1,2022-09-30,0
NU-105413,Learning Technologies,30,Off-Campus,14.3,30,3,50,1.25,2.0,03/11/2024,1
NU-108704,Data Science,20,Off-Campus,19.2,12,0,12,2.89,9.5,02/05/2024,1
NU-108103,Cybersecurity,20,On-Campus,39.0,28,1,35,2.27,6.6,2024-03-03,0
NU-102105,Information Technology,25,With Family,14.4,10,2,77,3.63,15.1,2023-10-12,0
NU-102023,Information Technology,25,Off-Campus,23.1,25,4,24,1.64,6.2,10/28/2022,0
NU-102477,Cybersecurity,22,Off-campus,9.5,12,1,46,3.02,14.1,09/16/2023,0
NU-108135,Data Science,26,Off-Campus,3.0,25,2,15,2.47,10.5,2022-08-28,0
NU-106937,Cybersecurity,29,with family,10.2,0,5,128,2.91,13.6,2023-12-14,0
NU-108783,Data Science,24,On-Campus,4.0,30,1,67,2.45,,03/30/2024,0
NU-103022,Data Science,30,Off-Campus,9.1,0,2,46,3.09,11.5,04/19/2024,0
NU-107734,Business Analytics,21,With Family,13.6,15,2,44,2.24,11.8,05/17/2024,0
NU-103251,Business Analytics,26,Off-Campus,33.2,40,2,87,2.36,8.5,09/21/2022,0
NU-106302,Learning Technologies,22,On-Campus,15.5,0,7,110,3.16,8.6,04/27/2024,0
NU-107383,Data Science,24,off campus,38.1,18,2,68,1.87,8.9,15-Dec-2023,0
NU-100115,Learning Technologies,23, On-Campus,15.2,25,3,58,1.57,,14-Sep-2022,0
NU-108147,Cybersecurity,23,Off-Campus,3.4,10,3,57,2.97,16.9,08/26/2022,0
NU-108546,Information Science,21,With Family,1.1,25,0,82,2.54,9.1,05/06/2024,0
NU-109989,Business Analytics,27,With Family,10.7,28,1,84,1.76,,04/14/2024,1
NU-108856,Cybersecurity,29,Off-Campus,18.0,18,2,45,2.07,12.3,2023-11-05,0
NU-108311,Information Science,24,With Family,5.4,5,1,85,2.41,7.4,12/11/2022,0
NU-104364,Information Technology,21,Off-Campus,10.2,15,2,40,3.35,16.2,05/09/2024,0
NU-104374,Information Science,29,with family,34.1,20,0,55,2.2,,2022-11-21,0
NU-107108,Cybersecurity,29,Off-Campus,21.0,12,1,53,2.62,10.4,09/09/2022,1
NU-103697,Business Analytics,27,Off-Campus,13.2,10,1,89,2.43,10.7,2022-12-01,1
NU-108191,Information Technology,22,On-Campus,2.8,18,5,19,2.64,14.3,10/02/2022,0
NU-101874,Information Technology,28,On-Campus,5.4,40,0,39,1.8,6.3,2024-04-05,0
NU-107447,Learning Technologies,29,On-Campus,31.3,15,5,18,1.56,,03/06/2024,0
NU-104006,Information Technology,31,Off-Campus,17.3,20,0,48,1.47,4.2,2023-11-27,0
NU-101246,DataScience,27,Off-Campus,14.6,35,2,57,2.49,8.4,12/05/2022,1
NU-108581,Cybersecurity,20,With Family,8.1,5,3,25,2.93,12.1,09/02/2022,0
NU-104231,Cybersecurity,21,Off-campus,1.3,0,3,82,3.49,15.3,10/12/2023,0
NU-101857,Business Analytics,22, On-Campus,3.7,20,3,46,2.05,8.6,11/02/2022,0
NU-103106,Data Science,22,on-campus,9.2,18,3,14,2.48,11.6,10/03/2022,0
NU-101810,Information Technology,26,Off-Campus,1.9,15,2,26,2.42,10.7,08/30/2022,0
NU-107505,Cybersecurity,34,With Family,3.2,15,0,109,1.93,9.4,10/29/2022,0
NU-108530,Information Technology,25,Off-Campus,10.9,0,2,30,2.43,12.2,09/17/2022,1
NU-104152,Information Science,25,With Family,7.2,15,2,48,2.71,6.7,22-Apr-2024,0
NU-105140,Cybersecurity,23,On-Campus,15.8,18,3,72,2.16,11.2,2023-09-28,0
NU-101185,Data Science,22,On-Campus,10.4,12,3,93,2.53,11.9,05/25/2024,0
NU-109157,Information Science,26,Off-Campus,2.6,18,2,63,2.09,7.3,04/24/2024,0
NU-103962,Cybersecurity,25,On-Campus,3.3,0,2,40,3.15,14.6,2024-05-10,0
NU-103522,Information Technology,30,On-Campus,3.4,35,1,103,1.72,8.7,11/23/2023,1
NU-102801,Cyber Security,24,On-Campus,11.8,20,0,84,1.22,4.6,04/05/2024,0
NU-106583,Learning Technologies,21,With Family,6.7,15,1,48,1.82,6.9,12/03/2022,0
NU-105247,Information Science,25,off campus,31.7,0,0,40,2.21,,10/28/2023,0
NU-104759,Information Technology,30,With Family,3.5,40,4,63,2.82,11.6,03/13/2024,0
NU-106695,Business Analytics,23,off campus,12.5,20,1,75,2.07,,23-Nov-2022,1
NU-105683,Learning Technologies,20,Off-campus,6.8,30,2,59,2.22,10.6,03-Oct-2022,0
NU-101500,Information Technology,26,off campus,10.4,0,2,72,2.67,12.0,02-Sep-2023,0
NU-105477,Business Analytics,23,Off-Campus,11.2,10,4,60,2.78,10.7,2022-09-06,1
NU-103693,Learning Technologies,23,on-campus,16.6,25,1,91,1.04,3.0,2022-12-19,0
NU-106544,Information Science,24,Off-Campus,22.0,20,1,97,1.74,5.7,09/23/2022,0
NU-101487,Business Analytics,24,On-Campus,8.2,28,3,80,0.35,,2022-10-23,0
NU-100950,Cybersecurity,18,with family,15.2,25,2,44,2.7,8.6,03/28/2024,0
NU-109015,Learning Technologies,21,Off-Campus,1.0,10,1,72,3.02,14.4,11/27/2023,0
NU-108108,Business Analytics,25,With Family,3.8,35,2,49,1.8,6.2,09/26/2023,1
NU-107801,Cybersecurity,29,Off-Campus,30.7,15,1,74,1.4,5.7,12/19/2022,1
NU-101684,Information Technology,26,Off-Campus,20.0,15,2,63,2.21,8.7,04/01/2024,1
NU-101986,Data Science,24,On-Campus,6.3,0,2,68,1.61,5.9,12/04/2022,1
NU-100508,Learning Technologies,22,off campus,13.0,25,2,59,2.04,11.0,12/18/2022,0
NU-100173,Information Science,26,Off-campus,10.8,5,4,76,2.47,11.2,18-Sep-2022,0
NU-108485,Information Technology,25,With Family,9.5,10,1,65,3.47,17.7,2022-08-28,0
NU-107010,Cyber Security,28,Off-Campus,21.7,10,3,32,2.11,7.1,02/19/2024,0
NU-101036,Business Analytics,22,Off-Campus,1.8,10,5,35,2.81,13.3,2024-04-13,0
NU-104738,Info Technology,24,On-Campus,9.1,20,1,29,1.77,,2024-05-11,1
NU-101787,Cybersecurity,22,on-campus,10.6,5,4,41,1.91,12.0,08/29/2022,1
NU-105945,Learning Technologies,22,Off-Campus,19.1,20,1,65,0.0,5.5,16-Nov-2023,1
NU-104576,Cybersecurity,21,Off-Campus,27.9,20,3,41,2.03,8.6,03/27/2024,0
NU-104397,Learning Technologies,24,With Family,5.8,15,0,65,2.38,11.2,10/22/2022,1
NU-100398,Data Science,31,off campus,17.8,25,2,46,2.5,7.8,19-Apr-2024,0
NU-105999,Cybersecurity,20,off campus,1.1,10,4,55,2.54,10.1,2022-10-20,0
NU-100491,Information Technology,29,On-Campus,7.3,10,5,22,2.08,13.0,2024-03-05,0
NU-101346,Cybersecurity,25,Off-Campus,14.2,10,0,55,2.69,13.1,2024-04-30,0
NU-105702,Information Technology,23,On-Campus,21.4,35,1,87,1.85,7.2,12/11/2023,1
NU-102633,Cybersecurity,24,On-Campus,4.3,15,5,32,1.97,10.6,2023-11-17,0
NU-109403,Information Technology,27,Off-Campus,1.3,12,5,57,3.05,11.9,2024-04-08,0
NU-105273,Information Technology,27, On-Campus,16.0,10,2,31,2.31,,2022-11-20,0
NU-109687,Business Analytics,20,On-Campus,1.6,15,3,43,2.05,7.2,02/24/2024,0
NU-103624,Data Science,21,Off-Campus,9.4,15,3,47,2.33,8.8,02/07/2024,0
NU-109383,Learning Technologies,28,On-Campus,11.9,28,6,59,2.15,,04-Nov-2022,0
NU-106929,Cybersecurity,24,Off-Campus,9.7,12,0,50,3.44,15.6,10/23/2022,0
NU-106002,Data Science,28,Off-Campus,25.0,10,3,55,2.57,13.8,2023-10-19,1
NU-109301,Cybersecurity,25,Off-Campus,12.7,25,2,44,2.01,6.0,2024-03-22,0
NU-108144,Information  Science,26,On-Campus,13.7,10,2,84,2.74,9.8,2022-12-05,0
NU-100966,Data Science,23,Off-Campus,26.9,30,1,60,3.05,9.5,09/30/2022,0
NU-105541,Information Science,27,with family,1.6,20,2,73,1.88,12.9,2024-05-20,0
NU-106359,Cyber Security,22,Off-campus,3.8,10,3,36,2.39,9.9,14-Oct-2022,0
NU-102556,Cyber Security,26,Off-campus,8.6,0,4,29,3.21,16.4,11/20/2022,0
NU-109410,Business Analytics,25,With Family,7.3,12,4,61,3.54,17.6,08/29/2023,0
NU-105290,Data Science,25,On-Campus,14.3,20,5,43,3.22,15.3,12/05/2022,1
NU-103932,DataScience,29, On-Campus,12.3,35,2,50,2.01,12.9,2024-05-15,0
NU-108020,Learning Technologies,27,Off-Campus,27.4,15,1,15,2.09,,10/04/2022,0
NU-106057,Data Science,24,Off-Campus,13.5,18,1,117,2.51,14.1,09/04/2022,0
NU-107262,Information Science,25,On-Campus,3.0,18,1,33,2.81,9.1,11/19/2023,0
NU-109630,Business Analytics,29,On-Campus,3.8,18,2,50,2.98,11.8,09/13/2022,0
NU-107923,Cybersecurity,23,On-Campus,7.1,30,4,48,2.01,10.6,10/01/2022,0
NU-109788,Cybersecurity,23,On-Campus,2.0,20,1,94,2.19,8.3,2024-05-24,0
NU-109631,Cybersecurity,26,On-Campus,7.4,18,3,70,2.07,5.8,02/25/2024,0
NU-101946,Cybersecurity,31,Off-Campus,17.7,20,1,68,1.62,,10/17/2022,0
NU-105330,Data Science,25,Off-Campus,10.2,12,3,92,2.5,14.5,04-Oct-2022,0
NU-105947,Information Science,31,With Family,5.4,30,1,12,1.87,,2023-11-06,0
NU-106820,Information Technology,29, On-Campus,4.1,25,3,86,1.42,,2022-10-08,1
NU-101539,Information Technology,26,With Family,3.3,25,3,54,3.0,16.5,04-Sep-2023,1
NU-105279,Data Science,22,Off-Campus,11.3,18,6,71,3.79,16.1,08/28/2022,0
NU-103953,Information Technology,21,On-Campus,24.7,12,1,63,2.88,11.7,04/14/2024,0
NU-107727,Cybersecurity,26,On-Campus,3.1,15,2,37,2.35,9.1,11/20/2022,0
NU-101947,Data Science,22,Off-Campus,15.9,15,6,41,2.38,10.9,02/29/2024,1
NU-101548,Cybersecurity,31,With Family,17.6,30,0,78,1.79,9.0,2023-09-13,0
NU-101374,Information Science,27, On-Campus,0.1,5,3,40,2.63,12.0,2024-04-22,0
NU-108037,Data Science,28,With Family,12.5,15,2,52,1.7,8.3,2024-04-03,0
NU-104032,Information Technology,25,Off-Campus,3.0,15,5,71,2.33,8.7,12/03/2022,1
NU-106164,Information Technology,23,Off-Campus,12.4,10,3,30,2.03,10.3,11/24/2022,0
NU-102916,Cybersecurity,27,With Family,3.6,20,2,41,2.28,7.9,03/09/2024,0
NU-102674,Learning Technologies,21,Off-Campus,6.4,5,3,55,1.44,7.2,10/31/2023,1
NU-105093,Cybersecurity,28,With Family,7.7,40,2,26,2.55,9.9,11/22/2022,0
NU-103375,Learning Technologies,27,off campus,4.0,15,1,0,2.55,8.9,04-May-2024,1
NU-108339,Information Science,24,With Family,18.8,20,2,57,0.0,,2022-12-02,1
NU-108899,Information Science,32,On-Campus,4.2,18,6,73,3.05,16.0,10/10/2022,0
NU-107999,Cybersecurity,22,With Family,4.3,25,3,108,1.72,14.2,2024-05-08,1
NU-104301,Cybersecurity,28,On-Campus,9.0,20,1,47,1.69,10.8,2023-08-27,0
NU-100241,Information Science,22,On-Campus,2.8,35,2,67,2.59,10.6,11/30/2022,0
NU-107424,Information Technology,22,With Family,12.2,18,1,48,2.78,10.5,2024-03-02,0
NU-103159,Information Science,21,Off-Campus,12.2,0,3,24,2.48,10.2,2024-04-09,0
NU-102296,Learning Technologies,24,Off-Campus,4.1,15,3,59,3.66,15.7,2022-09-06,0
NU-103698,Cybersecurity,25,Off-Campus,9.6,10,1,64,2.78,14.8,02/10/2024,0
NU-104572,Information Science,25,With Family,6.6,12,0,87,1.68,5.3,2022-12-03,1
NU-105674,Cybersecurity,26,with family,2.4,20,2,0,1.86,8.1,03/02/2024,1
NU-105558,Data Science,36,With Family,9.9,30,3,49,2.84,15.0,09/10/2023,0
NU-107322,Information Science,23,With Family,1.7,10,3,30,2.96,12.9,05/06/2024,0
NU-108200,Business Analytics,27,Off-Campus,11.8,0,1,87,3.49,12.5,09/30/2022,0
NU-108037,Data Science,28,With Family,12.5,15,2,52,1.7,8.3,2024-04-03,0
NU-102143,Learning Technologies,31,On-Campus,14.3,20,3,57,2.32,8.4,2022-10-13,0
NU-101652,Information  Science,27,On-Campus,12.2,30,2,73,2.11,5.5,10/10/2023,1
NU-102297,Cybersecurity,30,off campus,17.0,12,3,49,2.46,15.5,06-Oct-2022,1
NU-102815,Data Science,26,With Family,20.3,20,1,68,1.91,,04/15/2024,0
NU-102549,Information Technology,31,With Family,7.9,20,4,29,2.93,9.0,05/06/2024,1
NU-103708,Learning Technologies,-22,off campus,22.8,40,4,37,1.72,,04/04/2024,0
NU-100397,Information Technology,28,Off-Campus,10.2,28,4,90,2.63,,12-Dec-2022,0
NU-100089,Cybersecurity,25,On-Campus,3.9,15,6,65,2.95,10.8,2022-12-08,1
NU-109966,Information  Science,26,With Family,11.3,5,4,59,3.52,14.0,10/08/2022,0
NU-109057,Data Science,29,Off-Campus,5.1,10,1,31,3.51,16.2,2023-10-31,1
NU-103396,Cyber Security,29,On-Campus,30.1,30,0,33,1.22,4.7,2024-03-19,0
NU-106050,Cyber Security,20,Off-Campus,2.0,10,1,58,2.12,8.5,2022-09-20,0
NU-105029,Information Technology,29,Off-Campus,9.1,18,3,60,2.7,11.8,27-Aug-2023,0
NU-100026,Data Science,35,Off-Campus,12.3,10,3,37,3.11,11.2,11/29/2022,0
NU-102222,Cybersecurity,33,On-Campus,11.7,0,9,50,3.46,16.0,2023-11-16,0
NU-107667,Information Technology,24,with family,1.7,25,0,23,1.75,8.9,2024-03-23,0
NU-105694,Data Science,23,Off-Campus,9.3,35,0,71,2.51,10.8,15-Sep-2023,1
NU-107748,Data Science,25,With Family,21.7,12,1,74,0.75,,2022-11-07,0
NU-105598,Information Science,24,On-Campus,4.4,5,8,71,2.23,7.9,10/09/2023,0
NU-105309,Information Science,26,Off-Campus,12.3,35,0,81,2.4,7.2,09/14/2022,0
NU-103835,Cybersecurity,28,Off-Campus,0.7,15,0,77,2.65,12.6,05/08/2024,0
NU-102125,Business Analytics,25,Off-campus,3.7,25,3,75,1.69,5.8,02/14/2024,0
NU-108425,Data Science,21,Off-Campus,14.3,28,1,83,3.04,,2023-09-25,0
NU-101876,Data Science,27,Off-Campus,19.8,10,1,45,2.17,,09/16/2022,1
NU-102496,Learning Technologies,26,With Family,1.3,10,1,47,2.54,12.3,12/07/2022,0
NU-109149,Cybersecurity,25, On-Campus,12.4,10,1,63,2.95,17.6,11/24/2023,0
NU-109380,Information Science,22,Off-Campus,4.3,0,0,24,0.85,,10-Dec-2023,1
NU-105576,Business Analytics,24,With Family,10.4,5,2,84,1.66,,10/21/2022,0
NU-108836,Business Analytics,22,on-campus,17.6,0,3,40,1.63,7.8,09/03/2022,0
NU-101557,Information Science,24,Off-Campus,12.1,5,1,56,3.12,13.6,09/22/2023,0
NU-103531,Data Science,30,Off-Campus,0.4,10,2,66,2.43,15.5,12-Sep-2022,1
NU-105134,Information Technology,32, On-Campus,12.9,28,2,67,1.76,8.2,2022-09-27,0
NU-104695,Cybersecurity,26,On-Campus,25.7,40,1,91,1.97,11.5,11-Sep-2022,1
NU-108655,Learning Technologies,29,Off-Campus,4.2,20,1,33,1.66,11.5,09/23/2023,0
NU-100025,Learning Technologies,29,On-Campus,2.7,0,4,0,2.56,10.1,09/10/2022,0
NU-100151,Info Technology,23,With Family,0.8,35,7,67,2.64,11.3,2022-09-25,0
NU-104298,Business Analytics,24,On-Campus,65.5,10,0,74,0.89,3.2,11/09/2022,0
NU-102069,DataScience,22,On-Campus,1.1,5,3,82,2.71,9.8,01-Nov-2023,0
NU-101504,Cybersecurity,35,Off-Campus,9.4,12,8,44,3.17,15.0,03/18/2024,0
NU-106947,Information Science,22,With Family,5.2,12,1,24,3.0,8.7,12/13/2022,0
NU-101080,Information Science,20,With Family,20.0,35,0,64,1.29,4.4,11/21/2022,0
NU-105811,Cybersecurity,23, On-Campus,11.4,18,5,0,3.1,15.0,2022-10-26,0
NU-101141,Information Technology,24,On-Campus,15.2,28,3,18,2.62,,2022-10-15,0
NU-103646,Information Technology,26,With Family,12.4,10,4,2,1.67,4.0,2022-11-07,0
NU-105872,Cybersecurity,21,On-Campus,11.9,5,1,65,2.85,10.8,29-Apr-2024,0
NU-109522,Information Science,25,On-Campus,7.8,5,4,77,2.26,11.5,09/14/2022,0
NU-105172,Cybersecurity,27,With Family,9.6,30,4,40,2.04,5.9,09/11/2022,1
NU-106312,Information  Science,27,On-Campus,2.6,20,1,80,2.26,7.2,11/02/2022,0
NU-101634,Cybersecurity,29,On-Campus,13.1,20,0,54,1.77,8.8,10/19/2022,1
NU-103384,Cybersecurity,21,on-campus,8.7,5,1,23,2.6,14.2,11/06/2023,0
NU-109400,Information Technology,22,Off-Campus,16.8,12,0,67,3.15,14.5,05/23/2024,1
NU-104007,Information Science,33,With Family,26.9,15,0,43,1.57,6.1,2022-12-01,0
NU-101505,Cybersecurity,31,Off-Campus,15.8,20,3,59,2.03,,30-Nov-2022,0
NU-101019,Data Science,31,On-Campus,5.6,20,1,94,2.06,14.2,2023-09-22,1
NU-101511,Cybersecurity,35,With Family,15.0,15,3,37,2.74,10.9,05/21/2024,0
NU-104358,Learning Technologies,31,With Family,11.9,10,4,55,2.62,7.7,13-Sep-2022,1
NU-106912,Data Science,25,On-Campus,18.7,15,3,88,3.22,12.4,09/02/2023,0
NU-100970,Business Analytics,20,On-Campus,36.8,20,3,40,1.85,10.0,2023-10-14,0
NU-109205,Learning Technologies,26,Off-Campus,10.8,0,7,115,3.35,14.3,09/12/2022,0
NU-101222,Data Science,22,off campus,16.9,15,4,81,2.7,11.1,23-Oct-2022,0
NU-106265,Information Science,30,Off-Campus,2.6,15,2,74,2.59,10.4,12/18/2022,0
NU-107983,Cybersecurity,27,on-campus,1.4,30,2,77,2.96,13.1,2022-11-28,0
NU-109391,Cybersecurity,24,Off-Campus,9.5,28,0,23,2.09,8.6,09/29/2023,1
NU-102106,Cybersecurity,25,Off-Campus,2.0,10,7,33,3.25,,12/15/2023,0
NU-103618,Cybersecurity,27,Off-Campus,11.2,18,1,87,3.25,18.7,11/18/2022,0
NU-106851,Cybersecurity,29,On-Campus,38.1,30,4,1,1.17,7.5,25-Nov-2022,0
NU-103803,Information Technology,26,Off-Campus,12.8,25,1,50,2.04,6.9,10/26/2023,0
NU-103813,Information Science,21,With Family,13.8,20,1,39,3.09,12.8,26-May-2024,0
NU-105231,Business Analytics,22,Off-Campus,5.6,18,1,69,2.83,9.6,10/27/2023,0
NU-104043,Data Science,25,With Family,4.4,30,1,40,1.17,6.6,10/16/2022,0
NU-100955,Information Science,26,with family,4.1,20,3,58,2.84,17.3,04/02/2024,0
NU-108341,Information Technology,31,Off-Campus,1.7,12,3,66,2.24,,2024-04-22,0
NU-107671,Business Analytics,23,On-Campus,4.5,20,3,59,2.62,12.6,12/12/2022,0
NU-101409,Cybersecurity,28,Off-Campus,19.1,35,1,15,2.4,12.8,2022-09-13,0
NU-105548,Cybersecurity,26,Off-Campus,28.1,12,1,71,2.22,12.4,2023-10-08,0
NU-107049,Data Science,32,Off-Campus,15.6,15,2,0,1.71,10.7,30-Oct-2022,1
NU-109767,Data Science,26,on-campus,39.9,0,2,28,2.96,14.5,11/22/2023,0
NU-107583,Cybersecurity,22,with family,38.2,15,4,52,1.98,10.8,11/07/2022,1
NU-102307,Information Technology,24,On-Campus,11.3,18,2,33,2.25,10.2,2024-02-28,0
NU-101529,Cybersecurity,23,On-Campus,10.2,15,4,44,3.06,15.5,05/27/2024,0
NU-109878,Cyber Security,24,On-Campus,6.9,0,3,33,3.34,13.6,10/18/2022,0
NU-108110,Learning Technologies,25,Off-Campus,15.6,15,3,61,2.4,9.8,02/27/2024,0
NU-109346,Cybersecurity,23,Off-Campus,14.9,10,5,78,2.16,15.0,09/01/2022,0
NU-101128,Cybersecurity,26,With Family,8.7,5,1,118,2.3,10.5,12/09/2022,0
NU-104759,Information Technology,30,With Family,3.4,40,4,63,2.82,11.6,03/13/2024,0
NU-105717,Data Science,29,With Family,6.3,20,1,27,2.66,8.1,12/01/2023,0
NU-106784,Information Technology,30,Off-Campus,10.1,5,3,57,2.78,14.2,2022-10-02,0
NU-103980,Learning Technologies,25,On-Campus,40.5,15,3,38,1.38,9.3,08/28/2022,0
NU-103896,Learning Technologies,27,off campus,47.6,28,3,22,1.7,5.1,09/14/2022,0
NU-100404,Business Analytics,23,On-Campus,12.1,30,3,35,2.34,11.4,2024-05-01,0
NU-101372,Learning Technologies,22,With Family,15.1,30,1,68,2.23,,10/25/2022,0
NU-102073,Business Analytics,29,With Family,7.7,20,0,40,2.5,8.2,29-Mar-2024,1
NU-101507,Information Technology,26,On-Campus,4.7,18,5,30,2.26,10.2,11/06/2022,0
NU-109820,Information Science,29,on-campus,6.4,5,6,51,3.18,11.1,08/29/2023,0
NU-102224,Cybersecurity,26,Off-Campus,7.9,28,2,48,2.34,12.4,2022-11-10,0
NU-108095,Information Technology,22,On-Campus,6.7,20,3,99,3.64,18.2,2022-10-21,0
NU-102156,Information Science,26,Off-Campus,18.1,5,0,56,1.1,2.9,08/29/2022,0
NU-108997,Information Science,25,With Family,3.2,10,1,24,2.79,9.5,12/07/2022,0
NU-107217,Learning Technologies,23,On-Campus,7.8,30,2,29,1.5,1.6,10/20/2022,0
NU-103450,Cybersecurity,28,Off-Campus,12.0,20,1,28,1.61,,20-Feb-2024,0
NU-108442,Cybersecurity,23,Off-Campus,21.0,40,0,24,0.91,,2023-10-31,0
NU-103089,Cybersecurity,24,With Family,6.5,18,1,51,2.78,9.8,2024-02-15,0
NU-106882,Cybersecurity,32,With Family,13.5,30,3,39,2.5,11.3,11/18/2022,0
NU-106941,Cybersecurity,29,with family,19.4,40,1,44,2.71,12.9,08/25/2022,1
NU-104175,Cyber Security,26,On-Campus,4.7,20,1,37,2.93,12.1,09/18/2022,1
NU-108279,Data Science,27,off campus,7.4,10,1,35,3.86,15.5,2022-10-22,0
NU-105590,Cybersecurity,27,on-campus,19.3,20,5,72,2.31,7.9,10/20/2023,1
NU-103236,Cybersecurity,23,Off-Campus,7.2,20,1,45,1.71,3.4,2024-05-02,0
NU-105067,Information Technology,30,off campus,0.3,5,2,57,2.87,15.9,10/19/2022,0
NU-108138,Cybersecurity,26,Off-Campus,6.0,12,3,86,2.32,5.6,12/07/2023,1
NU-100474,Cybersecurity,24,On-Campus,4.8,10,3,42,3.49,13.1,2022-11-03,0
NU-101474,Cybersecurity,23,Off-Campus,3.4,15,0,23,2.48,8.9,02-Sep-2022,0
NU-107197,Learning Technologies,23,Off-Campus,3.1,12,4,73,3.12,11.9,09/30/2023,0
NU-107715,Cybersecurity,32,off campus,19.6,20,2,4,2.28,8.3,09-Sep-2022,0
NU-107519,Data Science,23,off campus,13.8,20,2,94,3.03,,02/12/2024,0
NU-109879,Learning Technologies,26,On-Campus,6.8,18,1,78,2.71,11.7,12/16/2022,0
NU-102990,Information Science,23,With Family,21.0,28,2,41,2.08,7.0,10/12/2023,1
NU-107341,Cybersecurity,28,Off-Campus,21.7,18,1,63,2.43,10.7,11/12/2023,1
NU-108180,Information Science,28,On-Campus,18.5,15,2,86,2.11,12.5,03/23/2024,0
NU-109348,Information Technology,27,On-Campus,9.3,35,3,1,2.1,,10/01/2022,0
NU-107321,Cybersecurity,24,Off-Campus,8.1,0,5,47,2.88,10.7,12/02/2023,0
NU-108051,Cybersecurity,27,Off-campus,4.0,15,0,48,2.79,9.2,21-Mar-2024,0
NU-101344,Cybersecurity,27,On-Campus,33.7,28,3,0,2.4,,05/10/2024,1
NU-105632,Cybersecurity,24,With Family,28.5,10,1,21,1.76,8.4,12/13/2023,0
NU-106300,Cybersecurity,29,With Family,22.5,15,2,32,1.12,4.6,05/12/2024,0
NU-100631,Data Science,21,On-Campus,19.0,0,3,47,2.96,7.9,2023-09-25,0
NU-109415,Cybersecurity,23,Off-Campus,6.0,28,2,33,3.02,19.0,19-Apr-2024,0
NU-104069,Data Science,22,With Family,6.7,15,5,62,3.73,14.2,12/04/2023,0
NU-104678,Cybersecurity,23,Off-Campus,5.5,35,3,3,2.58,14.2,09/24/2023,0
NU-104997,Information Technology,24,With Family,13.1,15,2,84,2.05,9.7,2022-11-13,0
NU-101020,Business Analytics,31,Off-Campus,4.0,5,4,87,2.56,12.3,03/27/2024,0
NU-108151,Info Technology,24,On-Campus,15.7,25,2,51,1.67,9.4,30-Apr-2024,0
NU-109751,Cybersecurity,27,Off-Campus,7.9,25,2,44,2.13,,2022-10-28,0
NU-104739,Learning Technologies,26,With Family,10.6,40,0,23,2.04,6.6,2023-11-15,1
NU-100287,Information Science,22,Off-campus,15.6,0,2,69,1.37,,2022-12-13,0
NU-106388,Learning Technologies,26,with family,18.0,10,3,39,1.54,8.5,11/20/2023,0
NU-106500,Information Technology,25,Off-campus,3.9,25,2,64,1.43,4.5,10/08/2022,0
NU-106529,Business Analytics,20,With Family,8.5,0,2,57,3.11,12.5,12/09/2022,0
NU-106800,Information Science,220,On-Campus,5.2,25,2,82,3.31,15.3,11/12/2022,0
NU-101873,Information Technology,23,On-Campus,8.3,-12,2,73,1.98,9.4,2022-09-15,0
NU-108897,Information Science,18,On-Campus,18.0,15,2,41,2.78,12.4,11/20/2023,0
NU-101673,Information Science,27,On-Campus,11.7,28,2,78,2.17,9.6,10/10/2023,0
NU-105866,Information  Science,21,Off-Campus,7.8,5,0,12,2.38,13.2,03/19/2024,0
NU-100291,Info Technology,23,Off-Campus,25.2,10,3,15,2.03,15.1,04/10/2024,1
NU-101123,Cyber Security,24,Off-Campus,9.1,18,3,42,3.37,11.0,2022-12-18,0
NU-101763,Information Technology,26,Off-Campus,17.3,40,2,0,1.38,6.5,03/06/2024,1
NU-103977,Data Science,22,Off-Campus,9.0,12,2,69,3.2,14.2,2022-10-03,0
NU-103557,Data Science,20,Off-Campus,12.1,15,3,29,2.71,10.6,2023-12-01,1
NU-108299,Information Science,22,With Family,25.4,18,2,31,2.35,9.0,04/22/2024,0
NU-105921,Cybersecurity,23,With Family,10.5,18,2,58,3.46,15.6,10/30/2023,0
NU-109271,Information Science,24,off campus,9.9,15,3,44,3.56,14.3,10/20/2022,0
NU-101791,Information Science,33,On-Campus,13.7,30,2,49,2.14,10.7,2024-04-30,0
NU-109744,Data Science,25,off campus,1.5,25,2,64,2.53,16.5,10/25/2022,0
NU-108312,Learning Technologies,19,On-Campus,9.7,5,1,0,2.9,13.7,12/17/2022,0
NU-100862,Information Science,25,Off-Campus,7.7,5,0,40,1.5,,05/12/2024,1
NU-109980,Data Science,25,With Family,33.5,12,1,64,2.84,15.2,12/04/2022,0
NU-103150,Business Analytics,21,With Family,17.9,0,2,39,2.21,9.7,26-Oct-2022,0
NU-103050,Cybersecurity,3, On-Campus,3.6,10,2,44,2.48,,11/04/2023,0
NU-104105,Information Technology,21,off campus,21.5,20,3,46,1.15,5.2,12/07/2022,0
NU-102424,Information Technology,23,On-Campus,8.2,25,1,52,2.7,10.1,08/21/2023,0
NU-102343,Cybersecurity,26,Off-Campus,19.1,15,3,58,2.48,10.0,02/10/2024,0
NU-104887,Cybersecurity,26,Off-Campus,21.4,5,3,36,2.72,13.1,11/15/2023,0
NU-101481,Cybersecurity,22,Off-Campus,19.2,18,3,58,2.54,7.6,2022-11-20,1
NU-103859,Information Technology,26, On-Campus,7.0,0,2,62,1.63,5.8,2024-03-28,1
NU-106278,Information  Science,23,Off-Campus,19.9,35,0,42,1.67,7.5,2022-11-22,0
NU-107263,Data Science,30,Off-campus,8.2,0,4,44,2.76,13.8,11/12/2023,0
NU-108839,Cybersecurity,23,off campus,8.2,25,3,49,3.12,10.6,09/15/2023,1
NU-105577,DataScience,22,With Family,4.3,18,3,67,2.04,13.1,24-May-2024,1
NU-109367,Information  Science,27,off campus,10.8,25,2,89,2.87,11.0,04-Sep-2022,0
NU-109849,Information Technology,29,Off-Campus,6.6,20,6,47,2.51,7.9,12/02/2022,0
NU-108015,Cyber Security,25,With Family,4.4,20,1,52,1.74,2.1,18-Apr-2024,0
NU-106699,Info Technology,22,With Family,7.3,25,0,64,1.64,3.4,11/17/2022,0
NU-103590,Learning Technologies,25,Off-Campus,2.6,25,3,52,3.34,,07-Nov-2023,0
NU-103098,Cybersecurity,27,Off-Campus,11.2,0,1,71,3.02,11.1,2022-08-29,0
NU-109231,Data Science,26,On-Campus,16.5,0,0,0,1.57,,12/13/2023,1
NU-101546,Data Science,23,Off-Campus,8.0,5,5,90,2.89,10.0,2024-02-02,0
NU-102068,Business Analytics,32,Off-Campus,10.2,28,3,89,2.42,12.3,12/14/2022,0
NU-107990,Business Analytics,33,Off-Campus,12.4,40,2,52,2.39,9.9,11/06/2023,0
NU-104590,Cybersecurity,24,With Family,11.4,0,2,95,3.2,14.4,2024-05-14,0
NU-105664,Business Analytics,21,Off-Campus,9.6,10,2,44,2.52,14.0,04/26/2024,1
NU-109389,Cybersecurity,23,Off-Campus,13.6,25,3,37,2.48,11.4,02-Apr-2024,1
NU-107242,Data Science,33,With Family,9.8,30,4,58,1.92,,2023-10-13,0
NU-109838,Information Technology,24,off campus,13.0,28,2,78,1.96,6.9,05/26/2024,1
NU-105444,Cybersecurity,25,With Family,3.9,25,4,28,1.56,9.3,10/16/2023,0
NU-100433,Business Analytics,23,On-Campus,18.4,0,3,102,3.13,10.9,09/28/2023,0
NU-102032,Business Analytics,24,On-Campus,6.0,28,0,70,3.59,14.6,09/19/2022,0
NU-101828,Cybersecurity,28,Off-Campus,3.5,20,1,40,2.64,7.1,2022-10-22,0
NU-104447,Cybersecurity,25,With Family,10.1,15,3,3,3.09,14.6,2023-09-08,1
NU-100815,Cybersecurity,24,Off-Campus,3.2,10,2,63,2.62,10.2,10/27/2022,1
NU-100551,Business Analytics,23,On-Campus,9.4,5,1,15,2.39,11.5,08-Sep-2023,0
NU-108237,Cybersecurity,23,On-Campus,47.8,0,4,0,2.48,9.9,03/12/2024,0
NU-104026,Cyber Security,24,With Family,13.3,18,1,84,2.43,14.0,05-Apr-2024,0
NU-109995,Cybersecurity,22,with family,8.7,15,2,49,2.7,10.6,17-Sep-2022,0
NU-105447,Data Science,29,With Family,18.9,10,0,75,1.08,,11/05/2023,0
NU-104243,Cybersecurity,21,With Family,4.8,15,2,73,3.39,13.9,2022-09-14,0
NU-100053,Information Science,32,Off-Campus,3.7,15,1,35,2.51,13.5,04/24/2024,0
NU-102698,Cybersecurity,24,Off-Campus,2.2,30,0,65,2.13,10.1,2022-11-01,0
NU-103941,Cybersecurity,24,With Family,3.3,12,0,85,2.88,13.1,2023-09-10,0
NU-105549,Cybersecurity,25,On-Campus,9.8,18,3,63,2.11,8.7,2022-10-10,0
NU-101259,Information Science,23,With Family,5.0,15,4,79,2.09,,2023-10-22,0
NU-100338,Cybersecurity,29,With Family,16.4,15,4,30,3.03,7.9,03/22/2024,0
NU-103422,Cybersecurity,27,Off-campus,8.7,20,7,52,2.94,12.4,22-Feb-2024,1
NU-103542,Information Technology,31,Off-Campus,2.3,28,2,58,2.84,12.3,10/31/2023,0
NU-105080,Data Science,23,On-Campus,5.6,30,1,18,2.66,13.1,2022-08-29,0
NU-105014,Business Analytics,22,Off-Campus,7.0,30,0,84,2.37,9.8,17-Sep-2023,0
NU-109481,Information Science,24,Off-Campus,24.3,30,2,89,2.24,,03/16/2024,0
NU-109307,Cybersecurity,26,With Family,15.4,35,2,63,2.79,11.1,10/17/2022,0
NU-108659,Cyber Security,21,With Family,49.1,15,0,40,1.51,7.7,02/10/2024,0
NU-107685,Data Science,23,with family,9.6,35,5,28,2.12,8.6,02/24/2024,0
NU-107053,Info Technology,30,On-Campus,9.1,18,1,0,3.42,17.4,12/17/2023,0
NU-109592,Information Technology,23,On-Campus,40.5,28,1,0,0.0,1.1,22-Jan-2025,0
NU-107627,Data Science,25,Off-Campus,10.7,25,1,35,2.2,11.5,01-Nov-2022,1
NU-101384,Information Science,22,Off-Campus,1.3,20,0,51,1.91,4.9,09/27/2022,0
NU-104261,Information Science,27,Off-Campus,6.3,15,2,65,2.15,10.8,10/24/2023,0
NU-105532,Information Science,21,Off-Campus,2.7,20,1,89,3.56,14.4,30-Sep-2023,0
NU-100509,Information Technology,19,On-Campus,8.3,12,2,61,2.79,12.8,2022-12-08,0
NU-103459,Information  Science,23,On-Campus,17.1,25,3,4,2.58,7.1,2023-08-22,0
NU-104310,Information Science,23,Off-Campus,14.8,10,0,93,1.9,6.5,2022-10-17,0
NU-107208,Business Analytics,27,off campus,17.6,12,4,111,2.35,7.2,10/12/2022,0
NU-108307,Business Analytics,27,Off-Campus,9.9,40,0,101,3.11,11.7,2024-02-04,1
NU-104270,Cybersecurity,22,Off-Campus,34.9,18,1,85,2.36,13.1,05/10/2024,1
NU-102651,Information Technology,23,On-Campus,10.7,15,0,68,2.76,12.0,25-Sep-2022,0
NU-109914,Information Science,23,With Family,15.3,15,0,66,3.11,12.7,11/02/2022,1
NU-109500,Information Science,22,On-Campus,4.0,15,4,90,3.33,11.5,11/23/2022,0
NU-103012,Information Technology,24,On-Campus,4.9,5,1,41,2.01,12.8,24-May-2024,0
NU-105218,Cybersecurity,27,On-Campus,2.4,28,1,88,1.84,9.0,2024-03-07,0
NU-101705,Data Science,24,With Family,17.7,25,1,53,1.62,,10/06/2023,0
NU-100931,Cybersecurity,34,On-Campus,1.3,12,2,43,2.93,15.3,2022-10-16,0
NU-103094,Information Science,26,On-Campus,18.4,28,1,0,1.95,,09-Feb-2024,0
NU-108518,Cybersecurity,27,On-Campus,4.3,20,0,58,1.8,10.6,03-Apr-2024,0
NU-105735,Information Technology,24,Off-Campus,10.1,12,5,46,2.97,17.2,2024-02-05,0
NU-101358,Data Science,22,With Family,6.4,12,3,57,3.39,15.5,2022-10-06,1
NU-100847,Information Science,27,Off-Campus,37.2,28,1,54,1.17,0.5,09/26/2023,0
NU-100349,Learning Technologies,23,Off-Campus,2.5,5,2,48,1.9,5.5,2024-04-28,0
NU-100657,Cybersecurity,30,On-Campus,5.5,20,4,41,1.72,7.2,10/14/2023,0
NU-108701,Information Technology,29,Off-Campus,6.1,10,2,9,2.56,14.7,09/16/2023,0
NU-109159,Information Science,24,With Family,9.6,20,4,69,3.24,13.0,2024-04-14,0
NU-103971,Cybersecurity,30,With Family,4.0,15,3,45,2.89,15.9,10/02/2023,0
NU-101674,Cybersecurity,28,Off-Campus,4.6,25,3,45,3.06,13.4,03/06/2024,0
NU-100596,Business Analytics,28,With Family,10.5,25,3,50,3.49,14.7,2022-11-17,0
NU-101288,Information Science,25,Off-Campus,11.0,0,3,75,2.37,12.6,02/06/2024,0
NU-108667,Business Analytics,23,Off-Campus,7.1,25,3,17,1.76,,11/26/2023,0
NU-101299,Cybersecurity,21,Off-Campus,9.5,20,2,57,2.39,11.9,09/18/2023,0
NU-106263,Business Analytics,23,On-Campus,5.5,18,2,10,2.15,7.0,03/11/2024,0
NU-104019,Information Science,23,On-Campus,9.0,0,3,1,2.77,15.0,11/25/2022,0
NU-102944,Data Science,22,On-Campus,17.2,10,2,102,2.58,,12/05/2022,0
NU-105131,Business Analytics,28,On-Campus,9.5,20,1,19,1.95,9.2,2023-12-15,0
NU-105731,Data Science,25,Off-Campus,8.5,12,6,111,3.45,20.3,2024-02-01,0
NU-100614,Information Technology,23,With Family,4.0,25,1,28,1.57,6.9,2022-09-19,0
NU-106311,Cybersecurity,24,With Family,9.9,20,1,62,2.77,11.1,08/30/2022,0
NU-108497,Data Science,26,With Family,8.2,20,2,65,2.91,10.2,09/08/2022,0
NU-103356,Learning Technologies,30,on-campus,24.1,15,1,54,2.08,,2024-04-20,0
NU-105958,Data Science,24,On-Campus,43.8,18,3,19,2.47,11.0,09/19/2023,0
NU-104656,Information Science,23,with family,21.8,15,1,70,0.66,,02/04/2024,1
NU-109967,Cybersecurity,22,Off-Campus,5.8,20,2,46,2.02,7.1,2022-10-05,0
NU-101996,Data Science,26,on-campus,4.2,12,1,66,2.74,12.9,04/05/2024,0
NU-108989,Business Analytics,20,On-Campus,22.4,5,3,73,2.1,11.6,05/01/2024,0
NU-102261,Information Science,29,On-Campus,3.7,30,3,75,2.66,,11-Dec-2022,0
NU-107509,Data Science,29,With Family,2.6,20,0,42,1.4,3.3,02/27/2024,0
NU-105369,Business Analytics,25,off campus,16.1,20,2,32,1.61,5.9,2022-10-23,0
NU-109778,DataScience,22,Off-Campus,10.4,0,2,70,3.29,16.4,2024-04-01,0
NU-102873,Information Technology,24,with family,8.7,18,2,25,2.23,6.8,2023-09-05,0
NU-108429,Information Science,21,With Family,4.8,20,7,47,3.43,,2024-05-25,0
NU-106070,DataScience,24,Off-Campus,1.4,5,5,128,2.71,8.6,09/26/2022,0
NU-107771,Cyber Security,23,With Family,8.2,5,2,33,1.49,,2024-02-06,0
NU-106649,Information  Science,23,On-Campus,8.9,12,1,74,1.85,4.1,05/10/2024,1
NU-106532,Information Science,32,Off-Campus,7.0,0,2,55,3.08,12.3,10/07/2022,1
NU-100381,Cybersecurity,23,Off-Campus,5.3,10,4,36,2.17,11.6,09/23/2022,0
NU-109887,Information Science,24,Off-Campus,19.8,25,3,21,2.43,5.9,10/10/2022,1
NU-102547,Information Science,23,With Family,1.3,25,5,22,2.37,9.7,11/11/2022,0
NU-106610,Cyber Security,27,Off-Campus,6.0,28,4,73,3.02,10.9,12/04/2023,0
NU-106634,Information Technology,31,Off-Campus,10.5,15,2,43,2.83,12.6,12/11/2022,0
NU-102063,Cybersecurity,28,With Family,12.1,28,1,51,1.79,,03-Nov-2023,1
NU-109461,Learning Technologies,22,On-Campus,15.1,0,2,93,2.01,7.7,03/20/2024,1
NU-108840,Cybersecurity,26,With Family,19.2,20,4,33,2.24,9.7,03/28/2024,0
NU-101170,Business Analytics,26,With Family,2.3,25,2,47,2.0,10.4,12/15/2022,1
NU-101573,Information Technology,24,On-Campus,28.8,18,0,35,1.79,11.4,05/13/2024,0
NU-101143,Business Analytics,25,On-Campus,6.2,20,1,42,2.95,11.7,08/25/2023,0
NU-108289,Cybersecurity,21,Off-Campus,11.2,12,4,61,2.6,9.6,12/13/2023,0
NU-102098,Cybersecurity,27,Off-Campus,7.6,15,1,39,3.21,17.7,06-Dec-2022,0
NU-101264,Data Science,33,Off-Campus,11.3,25,2,48,2.59,13.5,09/29/2023,0
NU-109550,Information Science,22,on-campus,4.5,10,5,52,2.91,9.8,14-Oct-2022,1
NU-100980,Information Science,21,On-Campus,6.7,25,2,70,2.36,11.5,10/03/2022,0
NU-103533,Information  Science,24,Off-Campus,13.0,18,3,70,3.13,19.6,09/08/2022,0
NU-100209,Information Technology,24,off campus,2.1,10,6,78,2.64,12.6,09/06/2023,0
NU-106110,Information Science,22,With Family,20.4,25,1,90,1.59,0.5,2022-11-27,0
NU-105235,Cybersecurity,19,Off-Campus,18.8,28,2,82,2.5,9.4,10/31/2023,0
NU-100633,Information Science,20,With Family,2.2,30,3,45,2.53,11.8,09/04/2023,0
NU-107361,DataScience,34,off campus,13.4,10,3,42,2.61,10.5,04-May-2024,1
NU-101359,Learning Technologies,27,Off-Campus,24.6,5,0,33,3.62,15.4,10/15/2022,0
NU-100244,Information Science,23,off campus,7.2,18,1,25,3.67,16.4,2023-08-28,0
NU-102357,Information Science,27,On-Campus,18.8,0,2,56,1.59,12.0,08/27/2022,0
NU-101758,Data Science,24,With Family,11.0,20,4,31,3.23,14.7,2022-08-31,0
NU-101768,DataScience,29,Off-Campus,16.8,20,1,81,1.88,5.6,2024-02-13,0
NU-105402,Cybersecurity,22,Off-Campus,22.7,30,1,67,2.12,9.4,05/20/2024,0
NU-106098,Cybersecurity,27,With Family,7.9,15,3,0,0.0,6.4,01/18/2025,0
NU-109785,Cyber Security,25,On-Campus,6.6,15,2,23,2.0,3.4,03/04/2024,0
NU-105206,Cyber Security,22,With Family,3.2,0,0,85,1.12,5.8,10/31/2023,1
NU-106162,Cybersecurity,28,Off-Campus,5.4,15,1,47,1.98,12.8,03/09/2024,0
NU-106194,Information Technology,23,Off-Campus,2.4,5,1,13,2.16,7.7,21-Nov-2023,0
NU-105644,Cybersecurity,25,with family,7.3,15,2,0,3.03,14.7,02/15/2024,0
NU-105281,Data Science,26,With Family,21.5,15,3,83,2.02,9.3,11/20/2022,0
NU-103214,Learning Technologies,21,Off-Campus,4.4,18,4,59,2.77,16.1,2022-12-05,0
NU-100262,Data Science,21,Off-Campus,1.8,15,2,47,2.71,12.9,11/05/2022,0
NU-101449,Data Science,28,off campus,3.8,35,0,33,0.47,3.5,02-Oct-2022,0
NU-101159,Cybersecurity,27, On-Campus,17.4,25,1,26,1.39,,05/12/2024,0
NU-103765,Data Science,24,on-campus,2.7,15,1,19,2.72,9.6,03-Sep-2023,0
NU-109640,Data Science,26,On-Campus,9.8,5,0,79,3.07,14.3,28-Aug-2022,0
NU-109891,Information  Science,21,with family,7.0,10,5,75,3.59,9.6,10/20/2022,0
NU-102947,Data Science,33,Off-campus,3.5,30,3,51,2.89,7.8,28-Aug-2022,0
NU-101827,Cyber Security,28,With Family,6.3,5,3,68,3.22,14.8,2022-11-14,0
NU-109123,Data Science,29,Off-campus,17.3,15,3,19,3.11,17.6,2022-10-10,0
NU-105356,Cybersecurity,26,With Family,10.8,20,6,25,2.53,14.8,02/04/2024,0
NU-100028,Information Technology,32,On-Campus,9.8,10,0,128,2.9,18.5,2024-05-19,1
NU-109931,Data Science,22,on-campus,2.7,10,1,14,2.75,10.2,2024-04-22,0
NU-108420,Data Science,25,Off-Campus,51.5,28,0,0,1.29,,12/09/2022,1
NU-103702,Learning Technologies,23,Off-Campus,6.1,12,1,45,3.14,16.6,17-Dec-2023,0
NU-105136,Data Science,26,Off-Campus,12.2,10,5,53,2.39,14.0,11/21/2023,0
NU-109286,Learning Technologies,19,Off-Campus,13.0,15,1,44,2.78,16.2,2024-02-04,0
NU-107133,Information Science,22,With Family,2.3,25,6,81,1.63,6.7,05/15/2024,0
NU-109142,Cybersecurity,21,On-Campus,1.9,5,2,74,2.92,11.1,12/17/2022,1
NU-106977,Learning Technologies,23,Off-Campus,24.6,10,2,46,2.06,10.6,12/04/2022,1
NU-103827,Information Technology,33,Off-Campus,24.2,28,1,77,2.12,8.7,10/23/2022,0
NU-103193,Information Science,22,Off-campus,10.1,12,3,62,2.05,,03/10/2024,0
NU-106046,Information Technology,27,Off-Campus,7.3,0,1,59,1.96,6.5,2022-10-18,1
NU-101111,Learning Technologies,26,With Family,15.6,10,1,36,2.94,8.5,04/14/2024,0
NU-106029,Cybersecurity,22,On-Campus,3.3,18,1,64,2.69,12.6,09/03/2023,0
NU-106941,Cybersecurity,29,with family,19.4,40,1,44,2.71,12.9,08/25/2022,1
NU-103715,Learning Technologies,23,With Family,5.3,12,3,32,1.35,,2023-09-25,0
NU-101478,Cybersecurity,26,Off-Campus,15.6,18,3,41,3.35,16.7,05/05/2024,0
NU-108976,Business Analytics,21,Off-Campus,24.2,30,2,46,2.31,8.3,05/21/2024,1
NU-105795,Information Technology,25,off campus,13.3,5,5,78,2.55,17.9,10/24/2023,0
NU-109859,Learning Technologies,29,Off-Campus,16.2,0,2,40,2.35,,09/18/2022,1
NU-106493,Information Technology,21,Off-Campus,3.0,30,2,0,2.41,13.0,09/07/2022,0
NU-105339,Information  Science,20,On-Campus,9.3,20,2,31,1.58,,2024-02-26,1
NU-105037,Information Science,24,On-Campus,9.5,15,4,38,2.29,10.6,15-Mar-2024,1
NU-103151,Information Science,21,Off-Campus,10.9,30,3,52,2.56,14.7,22-Feb-2024,0
NU-107453,Data Science,25,Off-Campus,23.5,18,3,28,1.8,5.9,2024-03-04,0
NU-103406,Information Science,21,On-Campus,0.9,40,1,17,2.76,9.2,03/24/2024,0
NU-100613,Data Science,27,off campus,37.2,30,3,31,1.71,9.0,04/24/2024,0
NU-100819,Business Analytics,22,Off-Campus,17.9,15,1,39,2.04,4.5,2024-02-19,0
NU-103026,Cybersecurity,23,With Family,2.6,25,3,3,1.58,2.9,10/04/2022,0
NU-105611,Cybersecurity,22,With Family,5.9,5,3,61,3.98,20.8,2024-04-03,0
NU-100592,Cybersecurity,22,With Family,4.6,35,0,37,2.72,5.6,03/09/2024,0
NU-104037,Data Science,24,off campus,9.0,0,2,62,2.51,9.3,10/09/2022,0
NU-100350,Business Analytics,30,With Family,15.2,35,2,76,1.77,3.9,25-Nov-2022,0
NU-102252,Data Science,22,With Family,47.7,12,1,78,1.21,4.7,08-Nov-2022,0
NU-106875,Cybersecurity,20,with family,7.8,12,1,75,3.02,14.5,03/31/2024,0
NU-108209,Data Science,19,Off-Campus,0.5,20,2,25,2.63,10.3,10-Dec-2022,0
NU-107437,DataScience,24,off campus,11.3,5,0,0,0.0,10.0,21-Jan-2025,0
NU-105137,Business Analytics,21,With Family,22.7,18,0,39,2.91,14.4,09/13/2022,0
NU-109659,Info Technology,27,With Family,9.7,10,3,47,2.85,12.1,15-Nov-2022,0
NU-101952,Learning Technologies,22,off campus,10.7,5,0,96,2.24,10.3,2023-10-31,0
NU-104955,Cyber Security,21,Off-Campus,11.5,28,2,0,2.29,11.0,12/13/2023,1
NU-106251,Information Science,28,On-Campus,1.0,18,2,50,2.88,12.4,2022-12-17,0
NU-102691,Cyber Security,22,With Family,5.2,15,2,41,3.62,16.1,2022-11-17,0
NU-103273,Information Technology,25,On-Campus,4.2,25,1,66,2.86,14.7,10/06/2022,0
NU-109756,Information Science,22,On-Campus,11.4,0,0,65,2.58,12.2,2024-03-11,0
NU-102079,Cybersecurity,33,Off-Campus,4.7,5,1,42,3.12,,2022-10-15,0
NU-104801,Learning Technologies,27,off campus,14.2,30,1,83,1.75,5.0,2022-08-27,0
NU-108187,Information Technology,27,Off-Campus,6.3,5,1,60,1.97,11.6,11/17/2023,0
NU-103294,Data Science,23,on-campus,2.1,10,2,24,1.73,7.9,2024-03-28,1
NU-108397,Cybersecurity,32,On-Campus,4.0,20,4,64,2.8,11.9,2023-10-14,0
NU-105779,Data Science,23,With Family,10.3,20,6,128,2.82,10.4,2023-10-08,0
NU-103536,Information Science,21,Off-Campus,3.2,5,3,97,2.99,11.6,04/23/2024,1
NU-103976,Information Technology,26,On-Campus,2.7,25,1,91,3.53,13.4,2024-02-23,0
NU-101119,Information Science,29,On-Campus,8.3,15,1,42,2.38,9.1,2024-05-03,1
NU-109306,Cybersecurity,26,With Family,5.5,0,1,71,3.41,18.7,10/29/2023,0
NU-105616,Cybersecurity,20,Off-campus,1.6,25,1,61,1.77,,05/11/2024,0
NU-102490,Cybersecurity,26,Off-Campus,7.1,15,3,58,1.48,,2022-08-24,0
NU-109423,Business Analytics,22,On-Campus,16.0,25,1,1,2.21,,09/22/2023,0
NU-104650,Learning Technologies,22,With Family,2.9,20,1,29,2.53,10.3,05-Feb-2024,0
NU-106984,Learning Technologies,24,with family,2.9,25,4,49,1.69,7.0,04-May-2024,0
NU-105094,Information Science,29,With Family,1.6,10,2,50,2.27,7.4,10/09/2022,0
NU-106355,Cybersecurity,26,Off-Campus,3.3,10,3,26,2.61,10.5,2022-08-29,0
NU-107729,Data Science,26,Off-Campus,6.6,25,2,60,3.0,11.6,02/22/2024,0
NU-101178,Cybersecurity,22,with family,17.6,5,2,28,2.27,10.6,2023-09-05,0
NU-105164,Learning Technologies,28,On-Campus,24.4,25,3,17,1.41,6.9,10/31/2022,0
NU-102074,Business Analytics,21,With Family,5.8,20,1,0,3.14,11.3,2022-11-14,0
NU-108145,Data Science,25,Off-Campus,0.7,20,0,30,2.1,14.9,05/09/2024,0
NU-108313,Data Science,25,on-campus,51.3,0,1,64,1.31,,12/02/2023,0
NU-101523,Data Science,24,Off-Campus,23.7,0,0,86,1.94,8.2,11/30/2022,0
NU-104724,Cybersecurity,21,On-Campus,3.8,20,2,22,1.91,10.0,20-Nov-2022,1
NU-101881,Information Science,27,On-Campus,3.0,15,3,85,2.65,11.4,11/26/2022,0
NU-101269,Data Science,25,Off-Campus,2.9,18,2,86,2.55,7.4,03/26/2024,1
NU-107159,Business Analytics,25,with family,9.5,12,2,105,1.86,7.2,12/15/2022,1
NU-109360,Information Science,24,off campus,17.8,15,3,32,3.1,10.7,08/26/2023,0
NU-101455,Information Technology,19,Off-Campus,7.4,25,0,71,1.25,,09/20/2022,0
NU-108547,Data Science,25,On-Campus,3.7,18,3,80,2.95,17.6,22-Nov-2022,0
NU-103576,Learning Technologies,30,Off-Campus,2.5,30,1,7,2.41,6.9,09/14/2022,0
NU-108475,Data Science,21,On-Campus,12.1,15,0,76,2.63,9.5,10/27/2022,0
NU-102342,Cybersecurity,25,On-Campus,7.3,18,1,18,2.25,10.2,09/10/2023,0
NU-104359,Information Technology,26,Off-Campus,3.7,30,1,46,1.68,7.1,11/25/2023,0
NU-108393,Information Technology,23,Off-Campus,9.5,25,2,0,2.38,,12/08/2023,0
NU-107928,Cybersecurity,23,On-Campus,8.6,40,0,62,2.82,14.1,12/06/2022,0
NU-104869,Information Science,27,With Family,24.1,18,0,106,2.39,10.2,09/28/2022,0
NU-109315,Cybersecurity,24,Off-Campus,8.4,25,4,60,2.18,11.2,2022-11-12,1
NU-108718,Business Analytics,20,off campus,18.1,30,0,45,0.0,0.7,04/22/2024,0
NU-103291,Information Science,24,Off-Campus,8.4,10,1,3,1.51,,2022-11-05,0
NU-108043,Business Analytics,26,With Family,17.6,18,2,32,3.51,12.6,2022-08-27,0
NU-106277,Data Science,23,With Family,30.2,15,0,93,2.3,6.0,03-Oct-2023,0
NU-106689,Information  Science,25, On-Campus,6.8,28,2,81,1.69,,04/04/2024,0
NU-107741,Business Analytics,22,With Family,6.8,35,1,23,2.69,,12/04/2022,0
NU-104365,Learning Technologies,29,With Family,3.6,20,0,32,2.43,11.0,04/15/2024,0
NU-106986,Cybersecurity,23,With Family,0.4,0,0,27,3.28,14.3,08/23/2023,0
NU-104811,Learning Technologies,27,Off-Campus,31.8,25,1,79,2.54,8.8,08/31/2023,0
NU-103530,Data Science,23,With Family,68.6,18,4,32,2.63,12.3,02-Oct-2022,0
NU-102337,Information Technology,24,Off-Campus,9.6,15,5,65,1.15,,2022-11-03,1
NU-108091,Data Science,23,With Family,7.6,15,2,78,1.8,,27-Feb-2024,1
NU-102522,Cybersecurity,25,On-Campus,14.6,20,0,34,1.78,6.8,2023-11-12,0
NU-103776,Business Analytics,24,Off-Campus,9.3,12,3,54,3.26,15.6,08/24/2022,0
NU-103547,Data Science,25,Off-Campus,5.6,0,5,44,2.74,16.6,02/05/2024,0
NU-106911,Cybersecurity,27,On-Campus,3.5,25,2,65,2.84,11.6,11/18/2022,0
NU-106822,Information Technology,27,With Family,25.4,20,0,18,2.02,12.4,16-Sep-2022,1
NU-102517,Business Analytics,33,On-Campus,8.8,15,0,72,2.48,12.5,04/22/2024,0
NU-108032,Business Analytics,26, On-Campus,15.6,15,3,62,2.23,9.5,25-Nov-2022,0
NU-109112,Data Science,23,Off-Campus,19.2,0,2,69,1.83,9.1,10/11/2022,0
NU-106954,Information Technology,25,On-Campus,18.1,28,0,18,0.0,2.3,12/20/2022,0
NU-107531,Information Technology,21,On-Campus,50.5,10,0,66,2.04,6.6,11/19/2022,1
NU-106631,Business Analytics,33,On-Campus,7.1,25,1,74,1.95,2.2,05/15/2024,0
NU-105791,Cybersecurity,25,On-Campus,15.9,25,0,67,1.05,,11/25/2023,0
NU-103734,Information Technology,23,Off-Campus,25.8,20,3,67,2.34,6.3,09/30/2023,0
NU-101004,Learning Technologies,28,With Family,14.3,12,2,0,2.37,12.2,2024-05-22,0
NU-108131,Business Analytics,22,On-Campus,10.0,15,1,52,1.95,,04/12/2024,0
NU-109163,Data Science,33,On-Campus,31.5,25,3,32,2.19,,10/21/2023,0
NU-109137,Business Analytics,19,On-Campus,25.7,40,2,45,1.57,7.5,04/28/2024,0
NU-100580,Cybersecurity,25,With Family,18.7,20,1,57,1.85,,2024-04-24,1
NU-109502,Information Technology,26,Off-Campus,14.4,25,3,22,2.24,11.1,2023-11-30,0
NU-103477,Business Analytics,25,On-Campus,12.6,30,3,93,1.87,7.6,17-Oct-2022,0
NU-108693,Cybersecurity,24,Off-Campus,11.5,5,3,52,1.99,9.7,09/11/2022,0
NU-103174,Business Analytics,23,On-Campus,28.3,20,2,65,1.59,6.2,08/27/2022,0
NU-109745,Information Technology,26,With Family,15.8,30,1,27,1.69,7.9,2024-03-07,0
NU-106905,Information Science,22,Off-Campus,11.9,25,0,52,2.61,12.8,11/26/2022,1
NU-108418,Business Analytics,24,With Family,1.1,20,1,37,2.71,10.1,09/06/2022,0
NU-107843,Cybersecurity,28,Off-Campus,8.5,15,5,60,3.35,13.3,20-Dec-2022,0
NU-104336,Information Technology,26,Off-Campus,7.5,25,3,49,3.0,15.6,2023-09-07,0
NU-106084,Cybersecurity,25,off campus,7.7,20,3,14,3.12,15.2,09/19/2023,0
NU-109411,Information  Science,24,With Family,6.6,20,1,24,1.44,4.1,11/02/2023,1
NU-103631,Learning Technologies,21,Off-Campus,7.8,40,3,42,2.4,8.3,07-Dec-2023,1
NU-105603,Business Analytics,23,On-Campus,1.8,5,5,54,2.63,10.0,04/27/2024,1
NU-107613,Information Science,31,With Family,11.8,35,5,13,3.27,11.1,03/28/2024,0
NU-100183,Information Technology,26,On-Campus,3.6,15,1,84,2.41,12.5,12/04/2022,0
NU-107869,Cybersecurity,20,With Family,13.2,10,0,79,2.06,,17-Sep-2022,0
NU-101469,Learning Technologies,23,Off-Campus,3.0,28,3,64,1.92,9.0,09/13/2022,0
NU-102908,Information Science,23,Off-Campus,26.8,30,3,87,0.7,,2024-02-13,0
NU-101759,Information Technology,32,on-campus,15.8,15,1,60,2.42,9.4,2024-05-25,1
NU-103110,Information Technology,20, On-Campus,16.0,35,4,89,2.61,5.0,03/21/2024,0
NU-105144,Cybersecurity,30,With Family,12.2,25,2,45,2.21,10.4,09/27/2022,0
NU-105168,Information Technology,33,Off-Campus,14.5,15,3,38,3.19,16.7,05/10/2024,0
NU-101317,Learning Technologies,24,off campus,4.6,15,2,21,1.87,8.5,11/08/2022,0
NU-105591,Business Analytics,21,Off-Campus,6.7,10,4,78,2.24,8.3,05/09/2024,0
NU-100632,Information Science,23,On-Campus,6.8,20,3,50,2.44,6.5,29-Nov-2023,0
NU-101160,Learning Technologies,23,On-Campus,25.1,15,2,55,1.43,6.0,2022-09-19,0
NU-107270,Business Analytics,21,On-Campus,5.4,25,4,59,2.85,15.3,26-Mar-2024,0
NU-109360,Information Science,24,off campus,17.900000000000002,15,3,32,3.1,10.7,08/26/2023,0
NU-102596,Learning Technologies,35,Off-campus,9.4,0,3,72,2.04,,11/10/2022,0
NU-104513,Cyber Security,21,With Family,24.2,20,0,53,1.64,,11/11/2022,0
NU-108646,Business Analytics,28,Off-Campus,1.6,20,1,21,1.94,,2022-11-08,1
NU-101122,Data Science,24,Off-Campus,4.8,35,2,78,2.74,12.9,2022-11-22,0
NU-105217,Business Analytics,32,Off-Campus,9.9,5,4,49,2.94,14.2,2023-12-10,0
NU-102104,Data Science,21,On-Campus,9.3,10,1,42,2.42,10.3,2022-09-19,0
NU-106619,Business Analytics,25,On-Campus,5.3,25,3,30,2.3,8.9,09/03/2022,0
NU-103257,Data Science,23,On-Campus,31.6,0,2,50,3.14,14.6,10/06/2023,0
NU-105793,Data Science,20,On-Campus,13.1,25,1,41,2.31,9.0,2023-10-02,1
NU-103054,Learning Technologies,22,Off-Campus,21.2,20,1,57,1.99,10.9,11/03/2022,0
NU-105843,Learning Technologies,31,With Family,9.2,20,6,33,3.22,14.5,2022-09-14,0
NU-104303,Cybersecurity,28,On-Campus,2.5,25,3,55,1.71,3.4,2024-02-08,1
NU-109465,Data Science,21,off campus,13.0,15,3,0,2.27,,09/03/2022,0
NU-102455,Data Science,26,Off-Campus,3.2,12,2,55,2.21,4.7,04/22/2024,0
NU-108041,Cybersecurity,25,Off-Campus,19.4,28,0,97,1.49,1.0,04/29/2024,0
NU-100159,Business Analytics,27,With Family,19.2,12,2,71,1.62,5.4,10/09/2023,0
NU-102804,Cybersecurity,32,Off-Campus,15.8,30,1,36,1.19,,04/06/2024,1
NU-106813,Learning Technologies,33,On-Campus,4.6,15,1,70,2.52,15.1,09/10/2023,0
NU-106122,Data Science,21,with family,20.7,15,3,74,1.71,8.6,2022-10-02,0
NU-103713,Business Analytics,26,with family,17.0,10,1,0,1.73,0.5,11/10/2022,0
NU-100621,Information Technology,26,Off-Campus,39.4,18,1,54,1.42,,04-Oct-2022,1
NU-100549,Learning Technologies,27,On-Campus,3.5,0,0,38,3.22,11.5,2024-03-25,0
NU-105864,Cyber Security,21,Off-Campus,27.2,5,1,67,2.09,4.5,08/28/2023,1
NU-101564,Cybersecurity,26,Off-Campus,14.8,25,1,0,0.0,,2025-01-14,0
NU-106692,Information Science,29, On-Campus,2.0,15,0,35,2.09,12.3,09/02/2022,0
NU-106655,Information Technology,30,off campus,3.3,20,1,72,1.71,6.8,2024-02-29,0
NU-106979,Cybersecurity,20,With Family,11.4,15,3,58,2.68,16.4,2022-08-28,0
NU-101624,Cybersecurity,27,On-Campus,27.0,35,1,33,2.64,11.9,02/23/2024,1
NU-101219,Data Science,24,On-Campus,4.7,0,0,42,2.61,15.6,10/17/2022,0
NU-104299,Info Technology,24,On-Campus,4.5,30,1,30,1.93,7.4,09/27/2023,1
NU-109363,Data Science,27,With Family,9.4,10,5,41,3.1,15.0,10/30/2022,0
NU-105875,Information Science,24,On-Campus,13.7,12,3,34,1.64,,2022-11-07,1
NU-105847,Data Science,31,off campus,22.2,5,2,73,0.62,,04/13/2024,0
NU-101866,Information Science,24,With Family,4.5,5,1,83,1.8,8.9,08/29/2022,0
NU-105461,Data Science,21,with family,16.1,10,1,65,2.12,,09/21/2022,1
NU-102791,Cybersecurity,24,Off-Campus,11.7,0,2,65,3.22,9.9,02/29/2024,0
NU-105600,Cybersecurity,23,With Family,8.0,15,3,65,1.59,7.1,2022-11-05,0
NU-100956,Information Science,31,Off-campus,6.2,18,1,69,1.98,8.1,09/02/2022,0
NU-107161,Cybersecurity,23,Off-Campus,19.4,35,5,19,1.04,2.6,14-Oct-2023,0
NU-106865,Business Analytics,28,On-Campus,18.4,35,1,47,2.15,,2024-03-26,0
NU-107222,Cybersecurity,21,Off-Campus,7.7,28,2,48,2.41,8.9,2022-09-27,0
NU-108035,Information Science,22,Off-Campus,5.0,12,1,35,2.05,10.3,10/02/2022,0
NU-106537,Info Technology,27,On-Campus,7.3,18,0,77,3.25,13.8,2024-03-31,0
NU-105222,Cybersecurity,19,With Family,5.7,15,4,45,2.19,9.3,2022-11-25,1
NU-105488,Information Science,27,With Family,23.2,30,3,0,0.0,9.6,01/18/2025,0
NU-101450,Cybersecurity,24,With Family,14.7,20,5,95,2.43,11.8,10-Oct-2022,0
NU-107993,Business Analytics,37,On-Campus,7.1,10,1,65,1.98,11.0,2023-10-14,0
NU-109318,Cybersecurity,23,On-Campus,18.5,25,0,50,1.6,5.9,13-Sep-2022,1
NU-101148,Data Science,33,On-Campus,6.3,25,0,17,1.57,10.6,03/31/2024,0
NU-106018,Information Science,27,On-Campus,1.0,15,1,59,2.27,8.8,10/27/2022,0
NU-104884,Information Technology,27,Off-Campus,6.6,25,3,36,2.55,11.5,12/14/2022,0
NU-108076,Cyber Security,23,With Family,15.4,12,1,70,2.56,9.4,10/16/2022,0
NU-108713,Cybersecurity,27,Off-Campus,27.3,25,3,56,1.38,,2023-08-30,1
NU-100107,Learning Technologies,28,Off-Campus,19.6,25,3,0,0.0,7.0,2025-01-21,0
NU-101991,Cyber Security,33,Off-Campus,1.2,12,1,56,2.61,8.1,11/20/2023,0
NU-103762,Information Technology,20,With Family,10.5,20,2,75,1.79,,18-Nov-2023,0
NU-103871,Information Technology,23,With Family,4.9,25,1,81,2.43,8.2,2022-11-05,0
NU-103997,Data Science,32,Off-Campus,1.9,28,3,39,2.28,13.1,12/08/2022,0
NU-100202,Information Science,25,off campus,5.3,0,5,45,3.02,14.1,2022-10-20,0
NU-107127,Data Science,26,On-Campus,6.4,25,3,75,2.52,,18-Apr-2024,0
NU-107306,Business Analytics,27,Off-Campus,1.5,12,3,21,2.65,16.0,08-Dec-2022,0
NU-108221,Cybersecurity,37,On-Campus,13.8,25,3,57,3.64,11.9,12/14/2022,0
NU-102011,Cybersecurity,25,On-Campus,2.9,5,3,27,2.62,,10/08/2023,0
NU-104120,Information Technology,22,Off-Campus,5.1,18,0,60,3.31,13.7,2024-03-31,0
NU-107535,Information Technology,24,On-Campus,19.0,10,1,2,0.95,3.9,23-Apr-2024,0
NU-100235,Learning Technologies,24,With Family,9.9,30,2,92,3.44,14.7,11/17/2022,0
NU-106831,Learning Technologies,24,On-Campus,3.3,25,5,26,1.33,7.9,05/13/2024,0
NU-102877,Cybersecurity,25,With Family,6.9,10,8,45,3.1,15.4,03/04/2024,0
NU-100684,Cybersecurity,25,Off-Campus,2.5,28,2,75,2.75,9.4,2022-10-31,1
NU-101256,Information Science,26,With Family,18.3,10,1,68,1.6,,11-Oct-2022,1
NU-103072,Learning Technologies,23,On-Campus,7.5,35,5,50,2.45,12.5,09/16/2023,0
NU-104609,Data Science,18,Off-Campus,1.4,15,3,38,2.58,15.0,11/25/2023,1
NU-104305,Information Science,22,On-Campus,40.8,0,2,0,2.87,8.4,11/20/2022,0
NU-101279,Information Technology,23,on-campus,9.7,15,2,59,2.86,18.1,03/15/2024,0
NU-106997,Data Science,20,On-Campus,19.9,18,0,74,1.95,9.0,09-Mar-2024,0
NU-105924,Business Analytics,22,With Family,5.7,25,1,56,2.1,8.6,29-Feb-2024,0
NU-100263,Information Science,24,Off-Campus,16.3,5,1,51,1.44,9.6,03/17/2024,0
NU-105244,Business Analytics,33,Off-Campus,19.7,12,1,56,0.0,,11/03/2022,1
NU-104545,Data Science,23,With Family,10.0,5,4,75,2.81,12.6,11/15/2022,1
NU-102497,Info Technology,24,with family,13.6,30,2,76,3.52,15.6,09/08/2022,0
NU-107003,Data Science,26,With Family,4.4,20,1,17,1.15,2.9,16-Oct-2022,0
NU-109228,Cybersecurity,28,With Family,8.2,35,0,64,2.91,13.9,2022-11-12,1
NU-102559,Data Science,29,Off-Campus,26.0,35,2,53,2.28,3.9,09/15/2022,0
NU-106653,Cybersecurity,25,Off-Campus,0.1,10,2,72,1.97,12.2,12/01/2022,0
NU-105855,Cyber Security,22,on-campus,7.2,28,4,60,3.04,13.1,09/22/2022,0
NU-109871,Data Science,24,On-Campus,8.0,18,1,17,1.25,3.4,2022-12-01,1
NU-108247,Information Technology,25,On-Campus,11.4,12,2,55,2.28,8.5,11/16/2022,0
NU-100548,Data Science,29,On-Campus,8.9,18,2,41,3.08,14.0,03/17/2024,0
NU-107491,Information Science,28, On-Campus,22.9,28,1,45,1.12,,03/12/2024,0
NU-107786,Information Technology,24,Off-Campus,11.1,35,2,27,2.77,16.6,01-Oct-2022,0
NU-106342,Business Analytics,24,Off-Campus,21.6,25,3,70,2.45,8.3,23-Oct-2023,1
NU-105019,Cybersecurity,22,On-Campus,3.5,20,1,15,2.6,10.5,10/19/2023,0
NU-103607,Data Science,22,Off-Campus,20.3,10,0,76,1.7,4.2,10-Sep-2022,0
NU-103113,Cybersecurity,26,Off-Campus,3.3,0,0,82,2.44,12.2,2024-05-20,0
NU-107220,Learning Technologies,25,On-Campus,11.5,18,3,0,2.28,15.6,21-Oct-2022,0
NU-107216,Business Analytics,28,Off-Campus,7.2,0,6,100,3.22,16.0,09/10/2022,0
NU-109236,Learning Technologies,32,Off-Campus,11.1,12,1,54,2.24,8.5,04/08/2024,0
NU-104843,Business Analytics,25,Off-campus,14.4,28,3,21,1.84,7.8,17-Dec-2023,0
NU-102076,Data Science,26,Off-campus,7.3,10,2,73,2.3,11.0,2022-09-13,0
NU-109482,Information  Science,26,Off-Campus,9.9,18,5,39,2.7,11.3,10/28/2023,0
NU-107697,Cybersecurity,22,Off-Campus,14.1,15,2,37,2.87,14.9,10/19/2022,0
NU-109497,Information Science,26,With Family,1.7,40,0,67,1.92,9.1,11/24/2022,0
NU-101026,Information Science,28,Off-Campus,7.5,20,2,41,2.16,3.0,2024-03-30,1
NU-101623,Business Analytics,25,Off-Campus,2.1,15,4,114,2.98,17.0,02/03/2024,0
NU-102300,Cybersecurity,24,Off-Campus,15.1,12,1,56,2.07,5.1,2024-02-03,0
NU-101342,Information Science,22,Off-Campus,2.1,5,2,27,3.11,11.1,11/09/2022,0
NU-103179,Business Analytics,23,Off-Campus,2.4,0,3,48,2.38,15.3,03/07/2024,0
NU-101730,Information Technology,22,With Family,31.8,30,0,94,1.86,7.4,10/08/2022,0
NU-106257,DataScience,29,With Family,4.1,28,1,48,2.88,9.7,09/22/2022,0
NU-108245,Information Science,22,Off-Campus,5.9,35,5,91,2.13,9.3,2023-11-07,0
NU-108515,Information Technology,27,Off-Campus,8.3,20,0,48,0.62,6.5,2023-10-18,1
NU-107288,Learning Technologies,21,off campus,1.1,18,1,110,3.03,16.3,2022-08-25,0
NU-106413,Information Technology,23,On-Campus,1.8,25,3,0,2.09,12.2,13-Mar-2024,0
NU-108578,Business Analytics,19,off campus,9.9,12,0,98,2.13,8.4,02/15/2024,0
NU-100647,Business Analytics,23,off campus,4.5,12,5,31,3.25,11.2,11/22/2022,0
NU-105954,Cybersecurity,25,On-Campus,0.9,15,1,16,2.12,10.8,06-Nov-2023,0
NU-106744,Cybersecurity,28,Off-Campus,30.3,15,1,19,2.45,11.8,09/05/2022,0
NU-106568,Information Science,24,off campus,10.3,15,4,37,3.47,16.2,11/09/2022,1
NU-106830,Data Science,20,off campus,26.6,0,1,62,1.73,7.2,24-Mar-2024,1
NU-109799,Learning Technologies,29,On-Campus,4.3,25,3,46,2.02,9.3,10/27/2023,0
NU-101613,Data Science,22,With Family,32.1,35,0,0,0.0,10.7,01/14/2025,0
NU-106623,Information Technology,20,Off-Campus,11.2,5,3,9,2.92,10.8,2024-05-16,0
NU-107042,Cybersecurity,27,off campus,14.3,0,2,27,1.51,8.6,09/22/2022,0
NU-105738,Learning Technologies,24,With Family,4.3,0,4,48,2.39,13.6,2024-04-29,1
NU-109558,Information Technology,25,Off-Campus,8.6,30,2,63,2.05,8.7,2023-10-06,0
NU-101582,Cybersecurity,27,Off-Campus,7.2,25,6,55,2.64,10.7,2022-09-27,1
NU-107152,Information Technology,28,Off-Campus,11.8,30,1,58,2.85,17.5,11/24/2022,0
NU-100852,Learning Technologies,26,Off-Campus,5.8,12,3,15,3.57,15.0,03/27/2024,0
NU-100318,Cybersecurity,26,on-campus,41.6,15,1,34,2.03,6.8,02/29/2024,0
NU-108268,Information  Science,26,Off-Campus,10.6,15,4,30,2.44,12.2,28-Aug-2022,0
NU-107147,Business Analytics,29,On-Campus,16.4,30,2,38,2.22,9.3,08/23/2023,0
NU-100315,Information Science,22,Off-Campus,12.4,30,0,35,1.69,3.5,11/16/2022,1
NU-105341,Business Analytics,22,Off-Campus,6.5,15,1,43,2.56,9.6,2024-03-10,1
NU-106734,Information Science,32,Off-campus,2.8,40,1,44,2.43,7.8,2023-12-13,0
NU-108106,Business Analytics,27,Off-Campus,3.9,20,1,50,1.94,5.5,05/14/2024,1
NU-106356,Business Analytics,32,Off-Campus,24.7,18,3,117,2.11,10.1,09/12/2022,0
NU-100426,Data Science,31,With Family,0.9,18,2,62,1.92,14.8,02/10/2024,0
NU-108416,Cybersecurity,23,On-Campus,7.6,25,3,74,2.39,10.0,11/15/2022,0
NU-104384,Information Science,25,on-campus,9.8,25,6,56,2.47,12.5,05/19/2024,0
NU-103336,Learning Technologies,26,On-Campus,14.7,20,2,39,1.53,8.0,10/05/2022,1
NU-106839,Business Analytics,29,On-Campus,14.0,5,1,38,2.57,13.4,03/13/2024,0
NU-107513,Business Analytics,24,off campus,3.0,30,0,8,2.42,6.1,09/04/2022,0
NU-106622,Information Science,21,Off-Campus,14.1,20,2,46,1.74,,04/26/2024,0
NU-108271,Cybersecurity,32,On-Campus,11.2,5,4,36,2.37,14.0,09/28/2023,0
NU-107820,Cyber Security,27,with family,10.4,15,3,44,2.92,15.2,10/02/2022,1
NU-107594,Cybersecurity,32,Off-Campus,13.9,35,0,66,3.23,20.4,2022-11-21,0
NU-108081,Cyber Security,28,Off-Campus,9.0,35,1,97,2.11,9.7,2024-05-24,0
NU-105892,Data Science,22,On-Campus,14.7,12,1,51,1.56,,10/21/2023,0
NU-105762,Information Science,32,on-campus,31.2,15,0,73,1.6,,10/25/2022,0
NU-105276,Information Technology,23,With Family,15.7,18,3,79,2.33,5.4,12/07/2023,0
NU-102144,Business Analytics,29,With Family,12.9,25,2,40,1.97,8.2,2024-03-17,0
NU-109169,Business Analytics,22,On-Campus,16.1,18,0,64,1.61,6.2,2024-03-28,1
NU-109594,Data Science,20,Off-Campus,9.9,0,2,44,3.02,17.2,12/14/2022,0
NU-105332,Data Science,24,Off-Campus,18.1,5,2,25,1.57,7.0,04/28/2024,0
NU-106718,Information  Science,29,On-Campus,15.8,0,2,42,1.45,9.7,10/11/2022,0
NU-101994,Cybersecurity,26,With Family,9.2,20,3,71,2.57,10.8,09/30/2022,0
NU-103419,Information Technology,20,on-campus,10.6,12,0,64,1.95,9.8,2022-10-28,0
NU-105819,Info Technology,26,Off-Campus,6.0,0,1,54,1.37,5.5,04/07/2024,1
NU-104389,Business Analytics,20,with family,10.0,15,0,73,2.98,9.9,2022-08-23,0
NU-109642,Learning Technologies,23,With Family,15.7,0,2,102,2.37,10.0,2022-10-13,0
NU-109603,Learning Technologies,31,Off-Campus,2.6,20,2,59,2.24,,02/28/2024,1
NU-100540,Information Science,25,Off-campus,16.2,25,1,10,2.63,10.8,10/06/2022,0
NU-108457,Cybersecurity,22,Off-Campus,3.2,0,2,58,2.62,9.4,02/26/2024,0
NU-103006,Cybersecurity,26,On-Campus,26.7,10,4,21,2.45,7.5,09/07/2022,0
NU-102162,Information Technology,21,Off-Campus,1.3,12,1,101,2.89,15.9,26-Nov-2022,1
NU-103101,Cybersecurity,26,Off-Campus,22.0,25,2,87,1.44,7.6,11/03/2022,1
NU-103147,Information Technology,23,Off-Campus,7.1,25,1,9,1.55,4.7,2024-03-30,0
NU-106508,Information Technology,30,With Family,16.5,15,3,45,1.97,7.0,03/15/2024,0
NU-108958,Cybersecurity,23,With Family,14.9,18,5,106,2.96,10.5,10/21/2022,1
NU-105916,Information Technology,30,Off-campus,0.6,15,3,11,3.08,11.7,09/10/2023,0
NU-106780,Learning Technologies,23,On-Campus,13.0,25,0,99,3.05,13.0,03/12/2024,0
NU-101096,DataScience,21,With Family,6.1,20,3,52,3.0,16.3,2022-09-03,1
NU-102485,Business Analytics,21,Off-Campus,2.8,10,2,0,2.88,13.1,03/30/2024,0
NU-104031,Cybersecurity,31,With Family,23.4,10,2,72,2.22,11.1,2023-09-23,0
NU-108652,Information Technology,21,With Family,5.5,20,5,14,2.63,11.9,11/17/2022,0
NU-100253,Business Analytics,25,Off-Campus,20.7,12,1,46,2.5,12.4,04-Apr-2024,1
NU-102648,Cybersecurity,25,on-campus,7.2,25,1,93,1.25,,2022-12-19,0
