sid,course,term,grade
108933,INFO 2200,Spring 2025,D
109441,INFO 1100,Spring 2025,A
102076,DSCI 3210,Fall 2024,C
106381,CSEC 3220,Spring 2025,D
106185,CSEC 3220,Fall 2024,B
106929,CSEC 3220,Spring 2025,B
107161,INFO 1100,Fall 2023,F
103984,INFO 3340,Spring 2025,F
101499,INFO 1100,Fall 2024,D
102154,INFO 2200,Spring 2025,A
100159,BUAN 2010,Spring 2025,B
100719,INFO 1100,Spring 2024,F
105588,INFO 3600,Fall 2024,A
103260,INFO 1100,Fall 2023,B
107786,INFO 1100,Fall 2024,B
109895,INFO 1100,Fall 2023,B
105967,ITEC 2010,Fall 2024,B
108837,INFO 4300,Fall 2024,B
103019,INFO 2200,Spring 2025,W
102268,CSEC 2100,Spring 2025,D
105468,DSCI 3210,Spring 2025,B
102223,INFO 2200,Spring 2024,W
105216,CSEC 2100,Spring 2024,C
101070,LTEC 3120,Fall 2023,B
103664,INFO 1100,Spring 2025,B
104972,CSEC 4110,Fall 2023,C
108077,INFO 2600,Spring 2024,A
108211,CSEC 2100,Spring 2024,D
100292,INFO 2200,Spring 2024,B
100482,INFO 1100,Fall 2024,B
101317,LTEC 3120,Spring 2024,C
108387,INFO 2600,Fall 2024,C
102090,ITEC 2010,Fall 2024,A
103086,INFO 1100,Fall 2023,B
101374,INFO 1100,Fall 2023,F
107691,INFO 2200,Fall 2024,W
109053,INFO 2200,Spring 2024,C
107505,INFO 1100,Spring 2025,D
100287,INFO 4300,Spring 2025,B
102963,INFO 2200,Spring 2024,C
104299,INFO 1100,Fall 2024,B
104358,INFO 1100,Fall 2023,B
103698,CSEC 2100,Spring 2024,C
108060,CSEC 2100,Spring 2025,A
100913,DSCI 4160,Fall 2024,C
102950,CSEC 3220,Spring 2025,B
109340,INFO 1100,Spring 2025,B
101122,DSCI 3210,Spring 2025,A
107267,INFO 1100,Spring 2025,W
103785,INFO 2200,Fall 2023,A
103832,BUAN 2010,Fall 2023,C
105632,INFO 1100,Fall 2024,B
109586,INFO 4300,Fall 2024,B
107993,INFO 1100,Fall 2023,A
107010,INFO 2200,Spring 2025,B
102726,INFO 2600,Spring 2024,A
100026,INFO 3340,Fall 2024,C
102247,INFO 2200,Spring 2025,A
100128,ITEC 3010,Spring 2025,B
108239,INFO 1100,Spring 2025,C
105779,INFO 2200,Spring 2025,B
103004,INFO 2200,Spring 2025,W
103229,DSCI 4160,Fall 2023,A
100815,CSEC 2100,Spring 2025,B
109762,INFO 2600,Fall 2024,A
107425,INFO 4300,Spring 2024,W
107610,CSEC 2100,Spring 2024,B
109799,INFO 2600,Spring 2024,A
109666,CSEC 3220,Fall 2023,C
101141,CSEC 2100,Fall 2024,A
107276,CSEC 3220,Fall 2024,B
105164,INFO 1100,Spring 2024,C
108602,ITEC 2010,Fall 2024,W
109006,INFO 2200,Spring 2024,A
100531,INFO 1100,Spring 2024,C
103973,DSCI 3210,Spring 2024,C
105577,DSCI 4160,Spring 2024,A
101259,INFO 4300,Fall 2024,B
101768,INFO 1100,Fall 2024,D
107507,INFO 2600,Fall 2024,A
102073,BUAN 3310,Fall 2024,F
105093,CSEC 2100,Fall 2023,B
102268,INFO 2200,Spring 2025,W
103842,INFO 2200,Spring 2025,W
101178,CSEC 4110,Fall 2023,A
103761,INFO 2200,Spring 2024,A
108783,DSCI 3210,Spring 2024,B
105936,INFO 4300,Spring 2024,A
103257,DSCI 4160,Fall 2023,A
104775,INFO 1100,Spring 2024,C
102438,INFO 4300,Spring 2024,C
105356,CSEC 2100,Spring 2024,B
102859,LTEC 2100,Fall 2023,A
100683,CSEC 2100,Fall 2024,C
108751,CSEC 2100,Spring 2025,B
108902,INFO 1100,Spring 2024,C
109202,INFO 2600,Fall 2024,B
100235,LTEC 2100,Spring 2025,F
105261,INFO 1100,Fall 2023,B
106649,INFO 2600,Fall 2024,B
105447,INFO 1100,Fall 2023,C
106744,CSEC 4110,Spring 2025,A
106500,INFO 1100,Spring 2024,B
101996,DSCI 4160,Fall 2023,D
106165,CSEC 2100,Fall 2024,A
107961,DSCI 3210,Fall 2023,C
104124,INFO 3340,Spring 2024,B
104976,INFO 1100,Fall 2023,W
101960,INFO 1100,Spring 2024,B
106537,INFO 1100,Spring 2024,A
101081,INFO 1100,Spring 2024,F
101672,INFO 1100,Spring 2024,B
103012,INFO 1100,Fall 2023,B
106924,CSEC 2100,Fall 2023,A
105287,INFO 1100,Fall 2023,A
105896,BUAN 3310,Fall 2024,A
101735,INFO 1100,Spring 2024,B
104836,ITEC 3010,Spring 2024,W
105921,INFO 1100,Fall 2023,A
106905,INFO 2200,Fall 2024,B
108341,INFO 2600,Spring 2025,B
106983,INFO 2200,Fall 2024,B
100133,CSEC 2100,Fall 2023,D
101519,INFO 3600,Fall 2023,A
101358,DSCI 4160,Spring 2025,C
102410,INFO 1100,Spring 2025,A
106263,DSCI 3210,Fall 2023,C
106328,INFO 2200,Spring 2025,A
109641,CSEC 4110,Fall 2024,A
108938,INFO 1100,Spring 2025,A
108840,CSEC 4110,Fall 2023,C
101623,INFO 1100,Spring 2024,D
103050,CSEC 4110,Fall 2023,A
106229,CSEC 2100,Spring 2025,F
100633,INFO 2200,Fall 2024,C
102291,INFO 1100,Fall 2024,A
109441,ITEC 2010,Spring 2025,B
106740,INFO 1100,Fall 2024,A
101481,CSEC 2100,Fall 2023,B
107639,INFO 2200,Fall 2024,B
101672,INFO 3340,Spring 2025,C
108043,INFO 1100,Spring 2024,B
103389,INFO 2200,Fall 2024,C
100980,INFO 3600,Spring 2025,A
103962,INFO 2200,Fall 2023,A
105945,LTEC 2100,Fall 2023,A
105029,INFO 1100,Fall 2023,A
106986,CSEC 4110,Spring 2025,A
104157,INFO 1100,Fall 2023,C
102222,CSEC 2100,Fall 2023,B
108599,INFO 2200,Fall 2024,B
101610,INFO 2200,Fall 2024,A
107049,INFO 3340,Fall 2024,B
108293,INFO 1100,Fall 2024,B
109399,INFO 2200,Spring 2024,A
107504,LTEC 3120,Fall 2024,A
103525,INFO 4300,Spring 2025,B
103247,CSEC 2100,Spring 2024,F
108686,CSEC 2100,Spring 2025,A
105793,DSCI 3210,Fall 2024,B
103386,INFO 2600,Spring 2024,B
104973,INFO 2200,Spring 2025,B
103973,INFO 3340,Spring 2024,A
100338,INFO 1100,Fall 2024,B
101883,INFO 2200,Fall 2024,B
100783,DSCI 3210,Spring 2025,B
106890,INFO 1100,Spring 2025,B
108943,ITEC 3010,Fall 2024,A
106780,LTEC 3120,Fall 2023,A
101342,INFO 4300,Spring 2025,C
102536,DSCI 3210,Fall 2023,A
104997,ITEC 2010,Fall 2023,B
106758,INFO 1100,Fall 2023,F
109236,LTEC 3120,Spring 2025,C
105843,LTEC 2100,Spring 2024,C
103708,INFO 2600,Spring 2024,B
101947,INFO 1100,Spring 2025,B
102073,INFO 1100,Fall 2024,C
102063,INFO 1100,Fall 2023,A
100315,INFO 1100,Spring 2024,C
108076,CSEC 4110,Spring 2024,A
101130,INFO 4300,Fall 2024,D
101332,INFO 2200,Fall 2024,A
109610,INFO 2200,Fall 2024,B
101104,BUAN 2010,Spring 2025,B
105218,INFO 1100,Spring 2025,B
101768,INFO 3340,Fall 2024,A
100621,INFO 2600,Spring 2025,B
101288,INFO 1100,Spring 2024,A
101226,INFO 2200,Spring 2024,B
108036,INFO 1100,Spring 2025,A
100762,CSEC 4110,Fall 2024,C
107843,INFO 2200,Fall 2024,A
106954,INFO 1100,Fall 2024,A
103214,LTEC 3120,Spring 2024,A
104004,LTEC 3120,Spring 2024,W
101763,ITEC 3010,Fall 2024,A
102300,INFO 1100,Spring 2025,B
106255,LTEC 3120,Fall 2023,F
105896,DSCI 3210,Spring 2024,F
109202,ITEC 2010,Spring 2025,C
105892,DSCI 4160,Fall 2023,A
104927,INFO 1100,Spring 2025,B
105407,DSCI 3210,Spring 2024,C
104574,INFO 2600,Spring 2025,B
109185,INFO 1100,Fall 2024,D
108129,ITEC 2010,Fall 2024,C
105105,INFO 1100,Fall 2023,A
102623,INFO 1100,Spring 2024,C
100854,INFO 3340,Spring 2024,B
108654,ITEC 2010,Fall 2023,A
105067,INFO 2600,Fall 2024,A
102247,INFO 1100,Spring 2025,C
109902,INFO 1100,Fall 2023,A
105526,INFO 2200,Fall 2023,B
103794,CSEC 2100,Fall 2024,B
107886,INFO 2200,Spring 2024,C
101662,INFO 1100,Fall 2023,B
100299,INFO 4300,Spring 2025,C
100907,BUAN 2010,Spring 2024,A
108915,INFO 1100,Spring 2025,C
104843,INFO 1100,Fall 2023,F
109161,INFO 2200,Fall 2023,B
109709,INFO 1100,Spring 2024,B
103536,INFO 1100,Fall 2024,C
102608,INFO 1100,Fall 2023,B
102801,CSEC 4110,Spring 2024,A
108039,INFO 1100,Spring 2024,B
105523,INFO 4300,Spring 2024,C
101511,CSEC 3220,Fall 2024,A
106084,INFO 2200,Spring 2025,B
107166,CSEC 2100,Spring 2025,B
109022,DSCI 3210,Fall 2023,W
104980,INFO 3600,Spring 2025,A
109443,INFO 3340,Spring 2024,A
107293,CSEC 2100,Fall 2024,D
107127,INFO 2200,Fall 2024,W
103703,CSEC 2100,Spring 2025,C
101007,DSCI 4160,Fall 2024,C
103089,INFO 1100,Spring 2025,A
101256,INFO 1100,Fall 2024,F
101026,INFO 4300,Fall 2023,B
109123,DSCI 4160,Spring 2025,A
106246,CSEC 3220,Spring 2024,A
109762,INFO 1100,Fall 2023,A
107639,CSEC 4110,Spring 2024,A
108938,INFO 2200,Spring 2024,C
105833,CSEC 2100,Spring 2025,B
103820,INFO 2600,Fall 2023,A
105466,CSEC 3220,Spring 2025,B
107301,ITEC 3010,Fall 2023,B
103374,INFO 3340,Spring 2025,D
101269,INFO 3340,Fall 2023,B
101810,INFO 1100,Fall 2023,F
101022,CSEC 3220,Spring 2025,B
109892,CSEC 2100,Spring 2025,C
103777,INFO 2200,Spring 2025,C
104305,INFO 3600,Fall 2024,A
106532,INFO 1100,Fall 2023,W
101837,ITEC 2010,Spring 2024,B
108961,INFO 2200,Fall 2023,A
109103,INFO 2200,Fall 2024,C
109021,INFO 1100,Fall 2024,A
100676,INFO 2200,Spring 2025,B
107540,INFO 1100,Fall 2023,B
109610,CSEC 2100,Spring 2024,B
104363,INFO 4300,Fall 2023,A
103137,LTEC 2100,Spring 2024,A
102588,CSEC 3220,Fall 2023,B
109164,INFO 2200,Fall 2024,D
109188,INFO 2600,Spring 2024,A
108004,INFO 2200,Spring 2025,B
108418,INFO 1100,Spring 2024,A
107154,INFO 1100,Spring 2025,C
104609,INFO 1100,Spring 2024,C
100549,INFO 1100,Spring 2024,C
102372,INFO 1100,Fall 2024,B
104823,DSCI 3210,Fall 2024,A
107513,INFO 1100,Fall 2023,A
100575,CSEC 4110,Spring 2024,B
106689,INFO 4300,Spring 2024,A
107400,ITEC 3010,Spring 2024,C
103422,INFO 2200,Spring 2025,A
101394,INFO 1100,Fall 2024,B
109137,BUAN 2010,Fall 2023,B
101696,INFO 1100,Fall 2024,B
105356,INFO 2200,Fall 2024,A
109647,CSEC 2100,Spring 2024,A
101642,INFO 4300,Spring 2025,B
100966,INFO 2200,Fall 2024,A
106865,DSCI 3210,Spring 2024,F
109188,INFO 4300,Spring 2024,C
109446,INFO 1100,Spring 2024,B
101642,INFO 1100,Spring 2025,C
109149,CSEC 3220,Fall 2024,B
101634,CSEC 4110,Fall 2023,C
101041,CSEC 3220,Fall 2024,A
106645,INFO 4300,Fall 2024,B
102068,DSCI 3210,Spring 2025,A
105402,INFO 1100,Fall 2024,B
107424,ITEC 2010,Spring 2025,F
109502,ITEC 3010,Spring 2024,A
102596,LTEC 2100,Spring 2025,D
104342,INFO 2200,Spring 2024,C
108505,INFO 3600,Fall 2024,C
106014,CSEC 4110,Fall 2024,A
105231,INFO 2200,Fall 2023,A
104610,CSEC 2100,Fall 2024,C
101070,INFO 4300,Fall 2024,B
101971,INFO 1100,Spring 2024,A
101178,CSEC 2100,Spring 2024,A
107496,CSEC 4110,Fall 2024,A
101750,INFO 2200,Fall 2023,D
108416,INFO 2200,Fall 2023,B
107334,INFO 2200,Spring 2025,B
106413,INFO 2600,Spring 2024,A
102497,ITEC 3010,Fall 2023,B
100615,CSEC 4110,Spring 2025,F
103139,CSEC 4110,Fall 2024,B
100061,INFO 2600,Spring 2025,B
109399,INFO 1100,Spring 2024,A
100053,INFO 3600,Fall 2024,A
100654,INFO 2200,Spring 2025,A
106041,INFO 1100,Fall 2023,C
102640,CSEC 4110,Fall 2023,A
106830,INFO 2200,Fall 2023,B
101461,ITEC 3010,Fall 2024,A
106863,INFO 3600,Fall 2023,B
109206,CSEC 3220,Fall 2023,B
102682,CSEC 2100,Fall 2024,A
109871,INFO 1100,Spring 2024,A
107337,INFO 2200,Fall 2024,B
108899,INFO 2600,Spring 2024,A
106041,CSEC 4110,Spring 2024,B
106386,DSCI 4160,Spring 2024,A
109355,INFO 1100,Spring 2025,F
108117,INFO 1100,Fall 2024,B
109351,INFO 1100,Spring 2024,C
100299,INFO 2200,Fall 2024,B
100492,BUAN 3310,Spring 2024,B
103655,INFO 1100,Spring 2024,A
107381,BUAN 2010,Spring 2025,D
102804,INFO 1100,Fall 2023,B
108299,INFO 1100,Spring 2025,F
106986,CSEC 3220,Spring 2025,A
103786,BUAN 2010,Fall 2023,A
103466,CSEC 3220,Spring 2024,C
109030,ITEC 2010,Spring 2025,A
107505,CSEC 2100,Fall 2024,D
106070,INFO 2200,Spring 2025,A
109264,CSEC 2100,Fall 2024,A
102983,INFO 2200,Fall 2024,A
108827,DSCI 4160,Fall 2023,F
103677,DSCI 3210,Spring 2025,C
109409,CSEC 4110,Fall 2024,D
101449,INFO 1100,Spring 2024,B
105676,CSEC 2100,Spring 2025,C
108325,CSEC 2100,Spring 2025,F
100308,INFO 2600,Fall 2023,C
101596,INFO 1100,Fall 2024,C
103542,INFO 2600,Fall 2024,A
105833,INFO 2600,Spring 2024,C
109694,BUAN 3310,Spring 2025,A
107832,DSCI 3210,Fall 2024,F
109799,INFO 4300,Fall 2024,A
103967,INFO 1100,Spring 2025,F
102947,DSCI 3210,Spring 2024,W
100436,INFO 1100,Spring 2024,C
101019,INFO 1100,Fall 2023,C
104558,ITEC 2010,Spring 2024,A
104887,CSEC 2100,Fall 2023,C
101223,BUAN 2010,Spring 2025,C
107455,CSEC 4110,Spring 2025,F
104639,ITEC 2010,Fall 2023,F
102047,LTEC 2100,Fall 2024,W
108268,INFO 1100,Fall 2023,A
101487,INFO 1100,Fall 2023,W
101222,DSCI 3210,Fall 2024,B
109659,INFO 1100,Fall 2024,B
105896,INFO 2200,Fall 2023,B
107667,INFO 2600,Spring 2025,B
100790,INFO 1100,Fall 2024,B
100243,INFO 2600,Spring 2025,D
108935,INFO 1100,Fall 2024,C
101573,ITEC 3010,Fall 2023,C
107135,INFO 4300,Fall 2024,A
106882,CSEC 3220,Fall 2024,W
105833,INFO 1100,Fall 2024,C
100283,CSEC 2100,Spring 2024,A
103058,INFO 2200,Spring 2025,C
103522,INFO 2600,Spring 2025,A
105272,INFO 1100,Fall 2024,B
107923,INFO 2200,Spring 2024,B
105258,INFO 1100,Spring 2025,F
109871,INFO 3340,Fall 2024,D
101753,INFO 2200,Fall 2023,W
104789,INFO 2200,Spring 2025,A
106339,INFO 1100,Spring 2024,B
107941,CSEC 2100,Spring 2024,B
109291,INFO 1100,Spring 2025,D
105217,INFO 1100,Spring 2024,F
108291,CSEC 3220,Spring 2025,B
109395,ITEC 3010,Spring 2025,A
106851,INFO 1100,Fall 2024,C
108032,DSCI 3210,Fall 2024,A
106238,INFO 1100,Spring 2024,A
108019,INFO 4300,Spring 2024,B
106762,INFO 4300,Fall 2023,B
108352,INFO 4300,Spring 2024,B
105011,INFO 2200,Fall 2023,B
101449,INFO 2200,Spring 2025,B
105476,CSEC 3220,Spring 2025,B
109566,INFO 2200,Spring 2025,C
108508,INFO 4300,Spring 2024,F
104440,INFO 2200,Spring 2024,A
109395,INFO 2600,Fall 2024,B
106820,ITEC 2010,Spring 2025,W
108091,INFO 1100,Spring 2025,W
100614,INFO 1100,Spring 2024,W
101130,LTEC 2100,Fall 2023,C
101163,INFO 1100,Fall 2024,C
100854,INFO 2200,Spring 2024,C
103214,LTEC 2100,Spring 2024,B
103777,CSEC 3220,Spring 2024,B
106254,INFO 3340,Spring 2024,C
100020,ITEC 3010,Fall 2023,B
107049,INFO 2200,Fall 2023,A
106605,INFO 2200,Fall 2024,F
108641,INFO 1100,Fall 2023,W
105674,INFO 1100,Spring 2025,A
106132,DSCI 4160,Spring 2024,B
107793,INFO 2600,Spring 2024,A
104296,DSCI 3210,Spring 2025,C
103590,INFO 2600,Fall 2023,B
107315,DSCI 3210,Fall 2024,B
102424,ITEC 2010,Fall 2023,A
105674,CSEC 4110,Fall 2023,A
108159,CSEC 3220,Spring 2024,B
109434,INFO 3600,Spring 2024,B
106251,INFO 2200,Fall 2024,A
109012,BUAN 2010,Fall 2023,B
101425,INFO 2600,Spring 2025,C
103089,CSEC 2100,Spring 2024,B
108313,INFO 1100,Spring 2024,C
102436,INFO 1100,Spring 2025,C
106699,CSEC 2100,Fall 2024,A
105924,INFO 2200,Spring 2025,C
105341,BUAN 2010,Fall 2023,A
108187,INFO 1100,Spring 2025,A
104612,DSCI 4160,Fall 2023,B
100739,INFO 2200,Fall 2024,B
106359,CSEC 3220,Spring 2024,B
106057,DSCI 3210,Fall 2024,C
100986,CSEC 2100,Spring 2025,A
104207,BUAN 2010,Fall 2024,B
105137,INFO 2200,Fall 2024,A
109103,DSCI 3210,Fall 2023,B
100376,INFO 2200,Spring 2025,A
100376,INFO 1100,Fall 2023,A
105014,INFO 2200,Spring 2025,D
103854,INFO 1100,Fall 2024,B
101747,ITEC 2010,Fall 2023,A
104512,INFO 1100,Spring 2025,B
104783,INFO 1100,Spring 2025,C
105014,DSCI 3210,Fall 2023,C
108544,INFO 1100,Spring 2025,C
106924,CSEC 3220,Spring 2025,B
107308,INFO 1100,Spring 2025,B
108420,DSCI 3210,Fall 2023,C
106653,CSEC 2100,Spring 2025,W
106794,INFO 1100,Fall 2023,A
105892,INFO 1100,Spring 2025,D
107090,INFO 2600,Spring 2024,B
106984,INFO 1100,Fall 2023,B
104305,INFO 1100,Fall 2023,W
109902,LTEC 3120,Spring 2024,A
104105,INFO 1100,Fall 2024,C
102123,INFO 2600,Spring 2024,A
106984,LTEC 3120,Fall 2023,F
104355,INFO 2600,Fall 2023,A
101505,CSEC 3220,Spring 2024,B
109015,INFO 4300,Fall 2024,A
106355,CSEC 2100,Spring 2024,C
102147,INFO 2600,Fall 2024,B
100560,INFO 2200,Spring 2025,A
104043,INFO 1100,Fall 2024,W
106237,CSEC 4110,Spring 2024,B
105216,INFO 2600,Spring 2025,B
100663,INFO 2200,Spring 2024,F
108733,ITEC 2010,Fall 2023,A
101399,INFO 1100,Spring 2025,D
109701,INFO 2200,Fall 2024,D
108839,CSEC 2100,Fall 2024,B
107200,CSEC 2100,Fall 2024,B
109747,INFO 4300,Spring 2025,A
103978,CSEC 2100,Fall 2024,A
106740,CSEC 4110,Spring 2024,W
101985,INFO 2600,Fall 2023,A
100931,CSEC 4110,Spring 2025,B
104466,INFO 1100,Spring 2024,B
100485,INFO 4300,Spring 2025,A
108769,INFO 1100,Fall 2024,F
105235,CSEC 3220,Fall 2024,A
104724,CSEC 3220,Fall 2024,B
103113,INFO 1100,Fall 2024,A
105461,INFO 1100,Fall 2024,A
100209,INFO 1100,Spring 2024,A
103698,CSEC 3220,Fall 2024,A
100398,DSCI 3210,Fall 2023,C
103498,INFO 2200,Spring 2024,B
101384,INFO 2600,Spring 2025,D
107960,INFO 1100,Spring 2025,B
104124,INFO 1100,Spring 2024,F
103576,INFO 2600,Spring 2024,B
108140,CSEC 3220,Fall 2023,B
101504,CSEC 3220,Spring 2025,C
104997,ITEC 3010,Spring 2025,A
105952,INFO 1100,Spring 2025,A
105660,INFO 1100,Fall 2024,A
107697,INFO 1100,Fall 2023,C
103356,LTEC 2100,Spring 2024,B
107531,INFO 1100,Fall 2023,A
101523,INFO 3340,Spring 2025,B
105222,CSEC 2100,Spring 2025,B
101387,INFO 3600,Spring 2024,F
103232,INFO 1100,Spring 2025,B
104491,DSCI 3210,Fall 2024,A
105598,INFO 2600,Spring 2024,D
105279,INFO 1100,Spring 2025,F
102247,CSEC 2100,Fall 2023,D
101596,LTEC 3120,Fall 2024,F
104271,INFO 3600,Spring 2025,A
107058,CSEC 4110,Fall 2024,A
105080,DSCI 4160,Spring 2025,B
108749,CSEC 2100,Spring 2025,C
101873,INFO 2600,Fall 2024,A
102986,DSCI 3210,Spring 2024,C
102490,INFO 2200,Fall 2023,D
105866,INFO 4300,Spring 2024,C
107710,INFO 4300,Spring 2025,B
108641,CSEC 3220,Spring 2025,A
107954,INFO 2600,Spring 2024,B
103717,CSEC 2100,Spring 2024,A
105060,CSEC 4110,Spring 2024,A
106273,INFO 1100,Fall 2023,F
103898,CSEC 3220,Spring 2024,B
100866,INFO 1100,Fall 2024,C
105705,INFO 2200,Fall 2024,A
103586,DSCI 4160,Spring 2024,C
106625,INFO 2200,Fall 2024,A
102345,ITEC 2010,Spring 2024,C
107855,DSCI 3210,Fall 2024,W
107166,INFO 2200,Spring 2025,A
109291,INFO 3340,Fall 2024,A
102037,INFO 1100,Spring 2025,B
108219,INFO 1100,Spring 2025,C
101269,DSCI 4160,Fall 2023,A
103026,CSEC 2100,Spring 2025,B
109133,DSCI 3210,Fall 2023,A
109989,INFO 2200,Fall 2024,W
102536,DSCI 4160,Spring 2024,C
100015,INFO 2200,Spring 2025,A
106620,ITEC 3010,Spring 2024,F
104638,INFO 2200,Fall 2024,A
101026,INFO 1100,Fall 2023,C
102106,CSEC 2100,Fall 2023,B
101630,INFO 2200,Spring 2024,C
104133,INFO 2200,Fall 2024,A
102946,INFO 3340,Spring 2024,D
104766,INFO 3600,Spring 2025,A
102237,LTEC 2100,Fall 2023,B
105475,INFO 2200,Fall 2024,F
102801,CSEC 3220,Spring 2024,B
109550,INFO 2200,Fall 2023,A
101996,DSCI 3210,Fall 2023,B
101409,INFO 2200,Spring 2025,A
101356,INFO 2600,Spring 2025,D
109286,LTEC 2100,Fall 2023,C
100561,INFO 1100,Fall 2023,C
100244,INFO 1100,Fall 2024,A
102963,INFO 1100,Spring 2025,A
109466,INFO 2200,Spring 2024,A
107928,INFO 2200,Fall 2024,A
100478,DSCI 3210,Spring 2025,A
102080,BUAN 2010,Fall 2024,C
109307,CSEC 3220,Spring 2025,A
108339,INFO 1100,Fall 2024,C
106572,INFO 2200,Spring 2025,C
108836,DSCI 3210,Spring 2025,C
101730,CSEC 2100,Fall 2023,B
100847,INFO 2600,Spring 2024,D
101911,INFO 2200,Fall 2023,A
105164,LTEC 2100,Spring 2024,A
102829,CSEC 2100,Fall 2023,C
105982,INFO 2200,Spring 2025,C
102955,INFO 2200,Spring 2025,B
105922,INFO 1100,Fall 2024,A
101705,INFO 1100,Fall 2024,C
107455,CSEC 3220,Spring 2024,C
107341,CSEC 2100,Spring 2025,B
102938,INFO 2200,Spring 2025,C
103421,INFO 1100,Fall 2023,B
107159,BUAN 3310,Fall 2024,A
103356,LTEC 3120,Spring 2025,A
102297,CSEC 2100,Fall 2023,B
103290,DSCI 3210,Fall 2024,A
104408,CSEC 2100,Spring 2025,B
108800,DSCI 3210,Spring 2024,A
105572,INFO 1100,Fall 2023,A
103141,INFO 1100,Fall 2024,C
101515,INFO 1100,Spring 2024,B
109923,ITEC 3010,Spring 2025,D
100022,INFO 1100,Fall 2024,W
100955,INFO 1100,Spring 2025,W
103094,INFO 1100,Fall 2023,D
109481,INFO 3600,Spring 2025,C
102147,CSEC 2100,Fall 2023,D
102125,INFO 1100,Fall 2024,A
106711,ITEC 2010,Fall 2024,A
107697,CSEC 3220,Spring 2024,A
104365,LTEC 2100,Spring 2025,W
102873,ITEC 2010,Spring 2024,C
107267,CSEC 2100,Fall 2023,A
105944,INFO 1100,Fall 2023,A
101122,INFO 2200,Spring 2024,C
106734,INFO 3600,Fall 2024,C
106493,ITEC 2010,Spring 2024,A
108547,DSCI 3210,Spring 2025,B
100863,INFO 1100,Fall 2023,A
109891,INFO 1100,Fall 2024,B
100101,CSEC 3220,Fall 2023,B
100132,INFO 2200,Spring 2024,A
104271,INFO 2600,Fall 2023,C
108515,INFO 2600,Fall 2023,A
105046,BUAN 3310,Fall 2024,C
108037,INFO 3340,Spring 2024,A
103324,LTEC 3120,Fall 2024,A
109641,INFO 1100,Fall 2024,D
101504,INFO 2200,Fall 2024,B
101064,BUAN 3310,Fall 2023,A
105739,INFO 1100,Spring 2024,A
106629,INFO 4300,Fall 2024,B
100466,CSEC 3220,Fall 2024,A
106634,ITEC 3010,Spring 2025,B
103430,DSCI 3210,Fall 2024,B
105281,INFO 2200,Fall 2024,W
100173,INFO 4300,Spring 2024,B
104207,DSCI 3210,Spring 2025,A
102731,INFO 2200,Fall 2023,C
100253,BUAN 2010,Fall 2024,C
104056,INFO 3340,Fall 2023,B
106875,CSEC 4110,Fall 2024,C
102343,CSEC 4110,Spring 2025,C
101691,CSEC 4110,Spring 2025,C
108724,CSEC 2100,Fall 2023,A
100810,INFO 2200,Fall 2024,A
104830,INFO 2600,Fall 2024,B
105335,INFO 2600,Fall 2023,C
100366,INFO 1100,Spring 2025,C
103995,ITEC 3010,Fall 2024,B
104305,INFO 2200,Spring 2025,B
106493,ITEC 3010,Spring 2024,B
108877,INFO 2200,Fall 2024,D
104612,DSCI 3210,Fall 2024,B
105297,INFO 3340,Fall 2023,B
104511,BUAN 3310,Spring 2025,A
103550,CSEC 4110,Fall 2024,C
107862,INFO 1100,Fall 2024,C
108856,CSEC 4110,Spring 2024,A
108033,INFO 1100,Spring 2024,B
107893,CSEC 2100,Fall 2024,D
107433,INFO 2600,Fall 2023,A
103969,INFO 1100,Fall 2024,W
108262,INFO 2200,Spring 2025,C
105339,INFO 2600,Spring 2025,F
102365,DSCI 4160,Fall 2024,C
106940,CSEC 4110,Fall 2023,F
107875,DSCI 3210,Spring 2024,F
108074,INFO 1100,Spring 2025,D
104261,INFO 2600,Spring 2025,A
102154,INFO 1100,Fall 2024,C
107042,CSEC 3220,Spring 2024,B
102451,INFO 1100,Fall 2024,B
101591,CSEC 2100,Spring 2025,B
108141,INFO 2200,Spring 2024,C
108247,CSEC 2100,Spring 2024,A
108933,DSCI 3210,Fall 2024,A
105969,INFO 2600,Spring 2025,A
106784,ITEC 2010,Fall 2023,W
102559,INFO 3340,Spring 2024,C
100398,INFO 2200,Fall 2024,F
105603,BUAN 3310,Spring 2025,B
102698,CSEC 4110,Fall 2024,B
102434,ITEC 3010,Fall 2024,B
104269,INFO 2600,Spring 2024,A
108416,CSEC 3220,Spring 2025,A
105300,CSEC 2100,Fall 2023,A
104365,INFO 2600,Fall 2023,W
106920,CSEC 2100,Fall 2023,B
105572,INFO 2200,Fall 2023,B
103492,BUAN 2010,Fall 2023,B
107251,INFO 4300,Fall 2023,A
105442,ITEC 3010,Fall 2024,C
102327,BUAN 2010,Fall 2024,C
105275,INFO 2200,Fall 2023,F
108094,LTEC 3120,Fall 2024,C
109116,CSEC 3220,Fall 2023,B
108837,INFO 1100,Fall 2023,B
103928,CSEC 2100,Fall 2023,A
103828,INFO 3340,Fall 2023,B
108828,INFO 1100,Spring 2025,C
100852,INFO 2600,Fall 2024,C
108888,INFO 1100,Fall 2024,W
103715,INFO 4300,Fall 2023,C
104508,CSEC 2100,Fall 2023,F
108564,CSEC 3220,Fall 2023,B
103587,CSEC 4110,Spring 2024,C
100989,ITEC 3010,Spring 2025,B
102667,ITEC 2010,Spring 2024,B
108771,INFO 1100,Spring 2024,F
105127,INFO 1100,Spring 2024,C
108652,INFO 1100,Spring 2025,C
106585,CSEC 2100,Fall 2023,A
101041,CSEC 4110,Fall 2023,C
106711,INFO 1100,Fall 2023,B
104945,INFO 2200,Fall 2024,C
106937,INFO 1100,Fall 2023,A
100815,INFO 1100,Spring 2025,B
103702,INFO 2600,Spring 2025,A
106342,INFO 2200,Spring 2025,A
100819,DSCI 3210,Fall 2023,B
103674,CSEC 4110,Fall 2023,A
109858,INFO 3340,Fall 2024,A
104686,CSEC 3220,Fall 2024,C
105747,INFO 2200,Fall 2024,D
105475,DSCI 3210,Fall 2023,A
105970,CSEC 2100,Spring 2025,B
103026,CSEC 3220,Spring 2025,B
103871,INFO 2600,Fall 2024,D
102862,INFO 2600,Spring 2024,B
102782,DSCI 4160,Spring 2024,F
101688,INFO 1100,Fall 2023,C
107895,INFO 1100,Fall 2023,D
102011,INFO 1100,Spring 2025,B
101143,INFO 1100,Spring 2024,B
100707,INFO 4300,Spring 2024,A
101763,INFO 1100,Fall 2024,C
108897,INFO 4300,Spring 2024,A
108925,INFO 1100,Spring 2024,A
103828,DSCI 3210,Fall 2023,B
106110,INFO 2200,Spring 2025,C
109801,INFO 1100,Spring 2025,A
105922,INFO 4300,Spring 2025,F
103717,CSEC 3220,Fall 2024,A
105076,INFO 1100,Fall 2024,B
105060,INFO 2200,Spring 2025,B
104583,INFO 3600,Fall 2023,A
103655,CSEC 2100,Fall 2023,C
109163,DSCI 4160,Spring 2025,A
103693,INFO 2600,Spring 2024,W
102947,INFO 1100,Spring 2025,B
100521,CSEC 4110,Spring 2025,B
106391,INFO 1100,Fall 2023,B
100255,INFO 1100,Fall 2024,F
106951,CSEC 2100,Fall 2023,F
100621,CSEC 2100,Fall 2023,B
104686,INFO 2200,Spring 2025,A
105188,INFO 4300,Fall 2023,F
103291,INFO 2600,Fall 2024,B
107003,DSCI 4160,Spring 2025,C
105936,INFO 1100,Spring 2024,F
105450,INFO 1100,Fall 2024,B
108938,CSEC 2100,Fall 2023,A
105922,LTEC 2100,Fall 2024,B
101058,INFO 2600,Fall 2023,A
104656,INFO 3600,Fall 2024,C
103619,BUAN 2010,Fall 2023,B
100458,BUAN 2010,Spring 2024,A
101673,INFO 2600,Spring 2025,A
108219,DSCI 4160,Spring 2024,A
102077,INFO 1100,Spring 2025,B
103420,INFO 4300,Spring 2025,A
104610,CSEC 3220,Spring 2024,B
107843,CSEC 3220,Fall 2024,C
104609,INFO 3340,Spring 2025,D
105635,INFO 2200,Spring 2025,B
102063,CSEC 2100,Spring 2024,B
106054,INFO 1100,Spring 2024,B
106717,INFO 2600,Spring 2024,B
105258,INFO 2200,Spring 2025,A
105150,CSEC 2100,Fall 2023,B
109169,INFO 2200,Fall 2023,B
105477,DSCI 3210,Fall 2024,F
103422,INFO 1100,Fall 2023,C
103676,DSCI 3210,Fall 2023,B
107490,INFO 2200,Spring 2024,B
103530,INFO 3340,Spring 2024,A
103655,INFO 2200,Fall 2024,W
108131,INFO 1100,Spring 2024,A
109788,INFO 1100,Fall 2023,B
100592,INFO 2200,Fall 2023,A
105439,INFO 4300,Spring 2024,C
104152,INFO 3600,Fall 2024,C
105414,ITEC 2010,Spring 2025,C
106359,CSEC 2100,Spring 2024,D
103734,ITEC 2010,Fall 2024,B
106789,INFO 2600,Fall 2023,A
108508,INFO 2600,Spring 2024,A
104535,INFO 1100,Spring 2025,C
108877,BUAN 2010,Fall 2023,B
109593,CSEC 2100,Spring 2025,C
109799,INFO 1100,Fall 2024,B
103280,INFO 1100,Fall 2024,C
102522,INFO 1100,Fall 2024,B
108143,INFO 1100,Spring 2025,B
102862,INFO 1100,Spring 2024,C
108839,CSEC 4110,Fall 2023,A
108718,INFO 2200,Spring 2024,C
108094,INFO 1100,Fall 2024,C
107217,INFO 4300,Spring 2024,B
101674,CSEC 4110,Fall 2023,B
105911,INFO 2200,Fall 2023,A
105168,ITEC 2010,Spring 2024,B
104408,INFO 1100,Fall 2024,A
105872,CSEC 4110,Spring 2025,D
105365,DSCI 3210,Fall 2023,B
100107,LTEC 2100,Spring 2024,F
104350,ITEC 3010,Fall 2023,B
109434,INFO 1100,Fall 2024,A
104373,INFO 3600,Spring 2024,A
105476,INFO 2200,Fall 2023,A
100705,DSCI 3210,Spring 2024,A
109436,CSEC 4110,Spring 2024,C
101160,INFO 2600,Spring 2025,A
108047,DSCI 3210,Spring 2025,C
107990,DSCI 3210,Fall 2024,B
107901,INFO 4300,Fall 2024,B
101390,INFO 2200,Fall 2023,C
105580,INFO 2600,Fall 2024,C
100327,CSEC 4110,Spring 2025,B
100426,INFO 2200,Fall 2023,B
102146,DSCI 3210,Spring 2024,C
107148,ITEC 2010,Spring 2024,B
105518,INFO 3340,Spring 2025,W
107121,INFO 1100,Spring 2024,B
101541,INFO 1100,Fall 2023,B
100101,INFO 2200,Fall 2024,A
104359,ITEC 2010,Fall 2024,B
108244,CSEC 2100,Fall 2024,A
102705,INFO 2200,Spring 2024,B
100243,INFO 3600,Fall 2023,A
106905,INFO 4300,Fall 2024,A
103586,INFO 3340,Fall 2024,C
100697,BUAN 2010,Spring 2024,A
107321,INFO 1100,Spring 2025,W
109178,INFO 1100,Spring 2025,A
108933,DSCI 4160,Spring 2024,C
107454,CSEC 4110,Spring 2024,C
104032,CSEC 2100,Spring 2024,W
107847,DSCI 3210,Fall 2024,A
106780,INFO 2600,Spring 2024,W
103753,CSEC 4110,Spring 2025,F
103054,LTEC 3120,Spring 2024,B
101519,INFO 2600,Spring 2025,A
103390,INFO 2200,Fall 2023,C
103193,INFO 1100,Spring 2025,A
102076,INFO 2200,Spring 2025,A
109666,CSEC 4110,Spring 2024,B
104811,LTEC 2100,Fall 2024,B
109603,INFO 1100,Spring 2025,C
103469,CSEC 4110,Fall 2024,B
101709,BUAN 3310,Spring 2024,C
108659,CSEC 4110,Spring 2025,A
104830,INFO 3600,Fall 2023,B
103813,INFO 2200,Fall 2024,B
101613,INFO 3340,Fall 2023,C
101747,CSEC 2100,Spring 2025,D
100135,INFO 2200,Fall 2024,C
108451,CSEC 2100,Spring 2024,A
105738,LTEC 2100,Spring 2024,A
107697,INFO 2200,Spring 2025,W
109132,CSEC 4110,Spring 2025,B
100647,INFO 1100,Spring 2024,C
109400,INFO 2600,Spring 2025,A
103291,INFO 1100,Fall 2024,C
107594,CSEC 2100,Fall 2024,A
107639,CSEC 2100,Fall 2023,A
104566,INFO 2200,Spring 2024,F
107671,DSCI 3210,Spring 2024,B
108770,INFO 2600,Fall 2024,B
104549,CSEC 2100,Fall 2023,C
101828,INFO 1100,Fall 2024,W
100508,LTEC 3120,Spring 2024,B
102990,INFO 2600,Spring 2025,C
107531,CSEC 2100,Fall 2024,A
102623,INFO 4300,Spring 2024,W
106805,DSCI 4160,Fall 2024,D
102512,ITEC 3010,Fall 2024,A
100684,CSEC 4110,Spring 2024,F
108442,CSEC 2100,Fall 2023,C
106303,INFO 1100,Spring 2025,B
100404,BUAN 3310,Fall 2024,C
105855,CSEC 3220,Spring 2024,W
106505,INFO 1100,Spring 2025,C
105439,INFO 2200,Fall 2024,B
101961,INFO 4300,Fall 2023,C
103998,INFO 1100,Spring 2025,A
100106,CSEC 3220,Fall 2023,A
103174,BUAN 3310,Fall 2023,B
104529,CSEC 4110,Spring 2024,C
109874,INFO 1100,Fall 2024,C
102921,ITEC 3010,Spring 2024,F
106912,INFO 3340,Fall 2024,B
101837,INFO 2600,Spring 2024,A
108289,INFO 1100,Spring 2025,B
102496,INFO 4300,Fall 2024,F
101828,CSEC 4110,Spring 2024,C
102090,ITEC 3010,Spring 2025,A
109161,INFO 1100,Fall 2024,F
103342,INFO 2600,Spring 2024,B
103236,CSEC 3220,Spring 2024,A
105414,ITEC 3010,Fall 2024,A
100161,INFO 1100,Fall 2024,B
102801,CSEC 2100,Fall 2023,A
107729,DSCI 3210,Fall 2023,F
101036,INFO 1100,Fall 2023,B
100183,INFO 1100,Spring 2025,A
100691,INFO 1100,Spring 2025,C
108219,INFO 2200,Spring 2025,D
105693,CSEC 4110,Fall 2024,D
109641,CSEC 3220,Fall 2023,B
107448,INFO 1100,Fall 2024,B
101525,CSEC 4110,Fall 2023,D
106929,INFO 1100,Spring 2025,C
109891,INFO 2600,Spring 2024,D
105168,INFO 1100,Spring 2025,A
107692,INFO 1100,Fall 2024,B
101787,CSEC 2100,Fall 2023,A
100844,CSEC 3220,Spring 2025,A
100343,INFO 1100,Spring 2024,B
104031,INFO 2200,Spring 2024,C
100692,INFO 1100,Fall 2023,A
100798,INFO 2200,Spring 2024,C
109461,INFO 4300,Spring 2025,B
108151,CSEC 2100,Spring 2025,D
101028,BUAN 3310,Spring 2024,W
100436,CSEC 4110,Fall 2024,D
100899,INFO 1100,Spring 2024,B
100844,CSEC 4110,Fall 2024,F
102610,CSEC 2100,Spring 2025,C
105330,DSCI 4160,Fall 2023,D
108062,INFO 3340,Spring 2025,A
101662,DSCI 4160,Fall 2024,B
104873,CSEC 4110,Fall 2023,C
101667,CSEC 4110,Fall 2024,B
102477,CSEC 2100,Spring 2025,A
104860,INFO 3340,Spring 2025,D
101728,INFO 2200,Spring 2024,A
103898,CSEC 2100,Spring 2024,B
109466,CSEC 4110,Fall 2023,B
101667,CSEC 3220,Fall 2023,B
105051,INFO 1100,Fall 2024,B
107060,INFO 1100,Spring 2025,C
101750,INFO 4300,Spring 2024,D
106842,INFO 3600,Spring 2024,D
109921,INFO 2200,Fall 2023,A
109613,LTEC 3120,Spring 2024,D
106784,ITEC 3010,Spring 2025,D
100659,INFO 4300,Fall 2023,B
107149,DSCI 4160,Fall 2024,A
108655,INFO 1100,Spring 2025,C
109363,DSCI 3210,Spring 2025,B
104296,INFO 2200,Spring 2024,C
102674,INFO 1100,Fall 2024,B
101322,INFO 1100,Spring 2024,B
105060,CSEC 2100,Fall 2024,C
106851,CSEC 2100,Spring 2024,D
107003,DSCI 3210,Spring 2025,W
101753,INFO 1100,Fall 2023,A
102247,CSEC 3220,Fall 2023,D
104044,INFO 1100,Fall 2023,A
100854,INFO 1100,Fall 2024,A
100549,LTEC 3120,Spring 2025,C
101928,INFO 1100,Spring 2025,C
103298,CSEC 2100,Spring 2024,C
108341,INFO 1100,Fall 2024,B
108925,CSEC 4110,Spring 2024,A
103606,INFO 1100,Fall 2024,C
104549,CSEC 3220,Spring 2025,C
101226,INFO 1100,Fall 2023,C
109021,INFO 2200,Spring 2025,D
106171,CSEC 2100,Fall 2024,D
105496,DSCI 3210,Spring 2025,C
105549,INFO 1100,Spring 2025,B
104212,BUAN 2010,Spring 2025,A
105660,INFO 2600,Spring 2024,F
108577,CSEC 2100,Spring 2025,B
101058,INFO 1100,Fall 2024,C
108051,CSEC 3220,Spring 2025,A
101874,INFO 1100,Fall 2023,B
105853,CSEC 2100,Spring 2025,C
108547,INFO 1100,Fall 2023,B
101684,ITEC 3010,Spring 2025,B
103984,DSCI 3210,Spring 2025,B
100580,INFO 1100,Fall 2024,F
102545,INFO 2200,Spring 2024,B
107617,BUAN 2010,Spring 2024,C
103694,INFO 1100,Spring 2024,W
105011,DSCI 3210,Fall 2024,B
104026,INFO 2200,Spring 2024,B
103530,DSCI 4160,Spring 2025,B
107139,CSEC 3220,Spring 2024,D
106977,INFO 2600,Fall 2024,F
101515,INFO 2200,Spring 2025,A
109170,ITEC 2010,Spring 2025,C
100366,CSEC 4110,Spring 2025,A
109116,CSEC 4110,Spring 2025,B
100107,INFO 4300,Spring 2025,C
106838,INFO 2200,Fall 2024,B
104610,CSEC 4110,Fall 2024,C
109859,INFO 2600,Fall 2024,A
102222,INFO 2200,Fall 2023,B
102011,INFO 2200,Spring 2025,F
108061,CSEC 4110,Fall 2024,A
103280,CSEC 2100,Fall 2023,B
109400,CSEC 2100,Spring 2025,A
108103,INFO 1100,Fall 2024,F
107223,INFO 1100,Spring 2025,W
100956,INFO 3600,Fall 2024,A
105944,DSCI 3210,Fall 2023,B
107127,DSCI 3210,Spring 2024,B
105747,INFO 1100,Fall 2024,C
101185,INFO 2200,Fall 2024,C
102552,INFO 3340,Spring 2025,W
105289,INFO 1100,Spring 2025,A
104646,CSEC 4110,Fall 2024,A
103656,INFO 1100,Spring 2025,A
104466,CSEC 2100,Spring 2025,C
100750,LTEC 2100,Spring 2025,F
108840,INFO 2200,Spring 2025,A
100159,INFO 2200,Spring 2024,B
109446,INFO 2200,Spring 2024,B
102076,INFO 3340,Spring 2025,D
103683,INFO 1100,Fall 2023,A
106246,INFO 1100,Fall 2024,A
102483,INFO 3600,Fall 2024,A
104489,INFO 4300,Fall 2024,A
100566,LTEC 2100,Spring 2025,C
104915,INFO 1100,Fall 2024,W
100529,DSCI 3210,Spring 2025,B
109157,INFO 1100,Spring 2025,A
102073,INFO 2200,Fall 2023,B
107016,INFO 1100,Fall 2023,B
105562,INFO 1100,Spring 2024,C
102564,LTEC 3120,Spring 2025,F
108530,ITEC 3010,Fall 2023,A
106901,INFO 3340,Fall 2023,A
103697,INFO 1100,Spring 2025,B
106854,INFO 2200,Spring 2024,B
102828,INFO 1100,Fall 2023,C
107024,INFO 3340,Spring 2025,B
101478,INFO 1100,Fall 2023,D
109057,INFO 1100,Spring 2024,A
101901,INFO 1100,Fall 2023,B
101384,INFO 2200,Spring 2024,A
106708,INFO 2600,Fall 2024,B
101067,INFO 1100,Fall 2024,A
102337,INFO 2600,Spring 2025,B
104557,INFO 2200,Spring 2024,W
100932,INFO 1100,Spring 2025,C
103676,INFO 2200,Spring 2024,B
102342,INFO 2200,Spring 2025,B
100603,INFO 3600,Fall 2024,B
106277,INFO 1100,Fall 2024,A
108299,INFO 3600,Spring 2024,A
105806,CSEC 3220,Fall 2024,B
107276,CSEC 2100,Spring 2024,F
108646,BUAN 2010,Fall 2024,B
101323,INFO 2600,Spring 2025,C
101900,ITEC 3010,Spring 2025,B
101702,INFO 1100,Fall 2023,A
101897,INFO 1100,Spring 2025,B
108393,INFO 1100,Spring 2025,A
104759,INFO 2600,Fall 2023,A
105731,INFO 1100,Fall 2024,B
104952,INFO 2600,Spring 2024,A
105447,DSCI 4160,Spring 2024,B
107361,INFO 1100,Spring 2024,C
103336,LTEC 3120,Fall 2024,B
100210,DSCI 4160,Spring 2025,W
101288,INFO 3600,Spring 2025,W
109685,INFO 2600,Fall 2024,A
104857,INFO 3340,Fall 2023,D
104935,INFO 1100,Fall 2024,D
109863,CSEC 2100,Fall 2024,F
108392,INFO 2600,Spring 2025,B
107381,INFO 1100,Fall 2023,B
108221,INFO 1100,Spring 2024,B
108289,CSEC 3220,Spring 2024,W
100376,INFO 3600,Spring 2025,A
104945,INFO 3340,Fall 2024,B
104583,INFO 4300,Spring 2024,A
109751,CSEC 2100,Fall 2023,W
102734,INFO 2600,Fall 2024,A
106659,INFO 1100,Spring 2025,A
100262,INFO 2200,Spring 2025,A
106265,INFO 3600,Spring 2025,F
109486,INFO 1100,Spring 2024,C
102037,BUAN 2010,Spring 2024,B
104972,INFO 1100,Spring 2025,A
104228,INFO 1100,Fall 2023,D
101657,INFO 1100,Spring 2024,A
106585,INFO 1100,Fall 2023,B
109676,INFO 2600,Fall 2024,A
104644,INFO 2200,Spring 2024,B
108406,DSCI 3210,Fall 2024,C
105527,DSCI 3210,Fall 2024,B
100349,INFO 1100,Fall 2024,B
108047,INFO 1100,Fall 2024,B
105476,CSEC 4110,Fall 2023,A
100283,INFO 1100,Fall 2023,B
101081,INFO 2600,Spring 2025,C
100028,CSEC 2100,Spring 2024,C
105806,INFO 2200,Spring 2025,C
108334,INFO 1100,Fall 2023,C
109501,CSEC 2100,Fall 2023,A
105747,DSCI 4160,Spring 2024,B
100565,CSEC 2100,Fall 2024,B
101269,DSCI 3210,Spring 2025,A
100911,INFO 1100,Fall 2023,C
107771,INFO 1100,Fall 2024,C
105645,ITEC 2010,Fall 2024,B
101624,INFO 2200,Fall 2024,W
107481,INFO 1100,Fall 2023,A
107835,INFO 2200,Spring 2024,W
106342,INFO 1100,Spring 2025,A
107830,CSEC 2100,Fall 2024,B
106475,INFO 2200,Spring 2025,W
100659,LTEC 2100,Spring 2024,F
105715,INFO 1100,Fall 2024,C
101701,INFO 1100,Fall 2024,W
102947,INFO 3340,Spring 2025,C
104303,CSEC 2100,Fall 2023,B
103036,INFO 2200,Spring 2025,C
108048,INFO 2600,Spring 2025,D
105235,CSEC 2100,Fall 2023,W
100633,INFO 2600,Fall 2023,W
107583,CSEC 4110,Spring 2024,C
103618,CSEC 2100,Fall 2024,B
100366,INFO 2200,Spring 2025,A
101485,INFO 3340,Fall 2024,C
109926,INFO 1100,Spring 2024,C
103159,INFO 3600,Spring 2025,W
101481,CSEC 3220,Fall 2024,B
104836,INFO 1100,Spring 2025,F
104072,INFO 2200,Spring 2024,B
103664,CSEC 4110,Fall 2024,A
100518,ITEC 3010,Fall 2024,B
109593,INFO 1100,Spring 2024,A
103408,CSEC 4110,Fall 2024,C
106104,INFO 1100,Spring 2025,B
105140,INFO 1100,Fall 2023,C
108187,ITEC 2010,Spring 2024,B
103204,INFO 1100,Fall 2023,A
104043,DSCI 3210,Spring 2024,B
103342,INFO 2200,Fall 2023,C
109694,INFO 2200,Spring 2024,C
106280,INFO 4300,Spring 2024,W
108265,ITEC 3010,Fall 2024,D
109676,LTEC 3120,Fall 2024,B
107618,INFO 3600,Fall 2024,A
100025,INFO 1100,Spring 2024,A
101952,LTEC 2100,Spring 2025,B
101686,INFO 2200,Fall 2024,A
101928,INFO 2200,Spring 2025,A
107106,DSCI 3210,Fall 2024,C
103318,INFO 1100,Fall 2023,B
109301,INFO 1100,Fall 2024,D
106473,CSEC 4110,Fall 2024,B
106057,DSCI 4160,Fall 2023,B
109367,INFO 2200,Fall 2024,A
105576,INFO 2200,Fall 2024,B
108793,INFO 2200,Fall 2023,A
108145,INFO 3340,Spring 2024,B
109630,INFO 2200,Spring 2025,A
107031,CSEC 2100,Spring 2025,B
109391,INFO 2200,Fall 2024,C
104301,CSEC 3220,Fall 2024,D
108713,INFO 1100,Fall 2023,A
108184,INFO 1100,Fall 2023,B
103557,DSCI 3210,Fall 2024,C
104641,CSEC 2100,Spring 2024,B
104466,INFO 2200,Spring 2025,W
101546,INFO 2200,Fall 2023,C
104031,CSEC 4110,Fall 2023,F
103662,INFO 1100,Spring 2024,F
105447,DSCI 3210,Fall 2023,B
100518,ITEC 2010,Spring 2024,F
104350,INFO 1100,Fall 2023,A
105598,INFO 1100,Fall 2024,F
103299,INFO 2200,Spring 2025,A
105014,INFO 1100,Fall 2024,F
109271,INFO 2600,Fall 2023,B
108291,CSEC 4110,Spring 2025,B
101523,DSCI 3210,Fall 2024,C
109747,INFO 1100,Fall 2023,F
103653,CSEC 2100,Spring 2025,A
107901,INFO 1100,Fall 2023,D
100664,INFO 2600,Fall 2024,W
109057,INFO 3340,Fall 2023,A
102889,INFO 1100,Spring 2025,A
103236,INFO 2200,Fall 2023,A
105258,INFO 2600,Spring 2025,F
100701,ITEC 3010,Fall 2024,B
100899,INFO 2600,Spring 2024,F
109591,BUAN 2010,Fall 2023,C
100613,INFO 2200,Fall 2023,B
102667,ITEC 3010,Fall 2023,A
100718,INFO 2600,Spring 2025,A
108451,CSEC 3220,Fall 2023,B
108181,INFO 1100,Spring 2025,C
102069,INFO 1100,Spring 2024,C
108899,INFO 1100,Spring 2024,A
103022,INFO 2200,Fall 2024,A
108265,INFO 1100,Spring 2025,B
100151,INFO 2600,Fall 2023,C
103969,CSEC 4110,Spring 2024,A
103635,INFO 1100,Spring 2025,B
102596,INFO 1100,Fall 2023,B
103715,INFO 2600,Spring 2024,A
109346,CSEC 3220,Fall 2024,F
105924,INFO 1100,Fall 2024,C
101539,ITEC 2010,Fall 2023,C
107010,INFO 1100,Spring 2024,C
104044,BUAN 3310,Fall 2024,B
101128,INFO 1100,Spring 2025,D
100613,INFO 1100,Spring 2024,C
106874,INFO 2200,Spring 2025,B
108546,INFO 4300,Fall 2023,B
105527,DSCI 4160,Fall 2024,D
107282,INFO 2200,Fall 2024,B
100767,INFO 2200,Spring 2024,D
106328,INFO 1100,Fall 2024,A
105795,CSEC 2100,Spring 2025,A
107048,CSEC 2100,Fall 2023,A
104535,LTEC 2100,Spring 2025,B
103101,CSEC 2100,Spring 2025,A
101028,INFO 2200,Fall 2024,A
103106,DSCI 3210,Fall 2024,A
107505,INFO 2200,Spring 2025,B
105973,INFO 2600,Fall 2024,A
103069,INFO 1100,Spring 2025,B
102841,INFO 2600,Spring 2024,B
107832,BUAN 2010,Spring 2025,D
104384,INFO 1100,Fall 2023,C
105568,CSEC 4110,Spring 2024,D
100659,INFO 1100,Fall 2023,B
101876,INFO 2200,Spring 2024,C
105600,INFO 1100,Fall 2023,W
106865,INFO 1100,Spring 2024,D
101036,INFO 2200,Fall 2024,C
108751,INFO 1100,Fall 2024,C
103703,ITEC 2010,Spring 2024,C
104873,INFO 2200,Fall 2024,C
108965,INFO 1100,Spring 2025,F
100301,ITEC 2010,Spring 2024,B
106238,ITEC 2010,Spring 2025,B
109380,INFO 2600,Spring 2025,C
106246,INFO 2200,Spring 2025,C
109492,INFO 3340,Spring 2025,C
102437,INFO 1100,Spring 2025,D
105136,INFO 1100,Fall 2023,A
100565,INFO 1100,Fall 2024,A
108659,CSEC 2100,Fall 2024,C
108140,CSEC 2100,Spring 2024,C
107491,INFO 4300,Fall 2024,F
109709,CSEC 2100,Fall 2023,A
105958,DSCI 3210,Fall 2023,B
102536,INFO 1100,Fall 2023,B
107004,INFO 3340,Fall 2023,F
103019,DSCI 3210,Fall 2024,W
109458,INFO 1100,Fall 2023,A
103674,INFO 1100,Spring 2025,B
101141,ITEC 3010,Fall 2024,A
102291,BUAN 3310,Fall 2024,A
106567,INFO 2200,Fall 2023,A
105541,INFO 4300,Fall 2024,A
104934,INFO 1100,Fall 2023,C
104569,INFO 2200,Fall 2023,B
105216,INFO 1100,Spring 2025,C
105475,BUAN 2010,Fall 2023,C
103193,INFO 3600,Fall 2023,D
101928,INFO 3340,Spring 2025,A
109306,INFO 1100,Fall 2024,D
109501,INFO 1100,Spring 2024,A
106379,INFO 1100,Fall 2023,A
107481,INFO 2200,Spring 2025,A
109436,CSEC 2100,Spring 2025,B
108958,CSEC 4110,Fall 2023,C
106631,BUAN 2010,Spring 2025,C
106007,CSEC 4110,Spring 2025,C
106814,DSCI 4160,Fall 2024,B
109340,INFO 4300,Fall 2024,W
103094,INFO 2600,Fall 2024,A
102545,INFO 1100,Fall 2024,C
107821,DSCI 4160,Fall 2024,B
109497,INFO 4300,Fall 2023,C
104032,INFO 2600,Spring 2024,C
109084,ITEC 2010,Fall 2023,A
107894,INFO 1100,Fall 2024,C
106152,INFO 1100,Fall 2024,D
105279,DSCI 3210,Spring 2024,C
103971,INFO 2200,Spring 2024,F
102300,CSEC 3220,Spring 2024,C
105297,DSCI 3210,Spring 2025,C
106813,INFO 1100,Spring 2024,A
105558,INFO 1100,Spring 2024,C
107591,BUAN 3310,Spring 2024,B
105442,ITEC 2010,Fall 2023,A
109058,INFO 3600,Fall 2023,B
103520,CSEC 4110,Spring 2024,C
101387,INFO 1100,Fall 2023,D
104686,INFO 1100,Spring 2024,C
104120,CSEC 2100,Fall 2023,A
105674,CSEC 3220,Fall 2023,F
102497,CSEC 2100,Spring 2025,C
108143,INFO 4300,Fall 2023,B
101897,DSCI 3210,Spring 2025,A
107519,DSCI 3210,Spring 2024,A
103377,INFO 2200,Fall 2024,C
106478,INFO 2200,Fall 2023,B
104857,DSCI 3210,Fall 2024,F
102921,INFO 1100,Fall 2023,B
106401,INFO 2200,Fall 2023,C
109163,DSCI 3210,Spring 2025,A
105840,INFO 3340,Spring 2024,A
102483,INFO 1100,Spring 2024,F
109411,INFO 3600,Spring 2025,F
100565,CSEC 4110,Spring 2025,A
100253,BUAN 3310,Spring 2024,A
101095,INFO 2200,Spring 2024,B
102974,INFO 4300,Fall 2023,A
101684,INFO 1100,Spring 2025,C
109914,INFO 2600,Spring 2025,C
103089,INFO 2200,Spring 2024,A
103072,INFO 1100,Fall 2024,B
107983,INFO 2200,Spring 2024,A
103139,INFO 2200,Fall 2023,C
106313,INFO 2200,Spring 2024,B
100028,INFO 2600,Fall 2024,D
109592,INFO 1100,Fall 2024,C
107341,CSEC 4110,Fall 2023,A
107741,INFO 1100,Spring 2024,F
100135,INFO 1100,Fall 2024,B
101469,LTEC 3120,Spring 2024,B
109077,INFO 2600,Spring 2024,A
107133,INFO 1100,Spring 2024,C
108062,INFO 1100,Spring 2025,B
102517,DSCI 3210,Spring 2024,B
104365,INFO 1100,Fall 2024,F
102821,INFO 1100,Spring 2024,A
100852,LTEC 2100,Spring 2025,W
107152,ITEC 2010,Spring 2025,W
107003,INFO 3340,Fall 2023,D
103390,DSCI 3210,Fall 2023,W
103480,CSEC 4110,Fall 2023,A
104436,INFO 1100,Fall 2023,A
104470,INFO 1100,Spring 2025,F
108313,INFO 2200,Spring 2024,A
109613,INFO 1100,Spring 2024,B
105340,INFO 1100,Fall 2024,A
109644,INFO 4300,Spring 2025,A
106277,INFO 2200,Spring 2024,D
108361,CSEC 3220,Spring 2025,A
100051,CSEC 4110,Spring 2024,B
105988,INFO 1100,Spring 2024,B
106046,CSEC 2100,Spring 2024,A
108271,INFO 1100,Spring 2024,B
105611,CSEC 3220,Fall 2023,W
101282,CSEC 3220,Spring 2025,C
102906,INFO 2600,Spring 2024,A
101679,INFO 1100,Spring 2025,A
101564,INFO 1100,Spring 2024,B
105967,ITEC 3010,Spring 2024,B
107222,CSEC 4110,Spring 2024,D
107954,INFO 1100,Fall 2023,A
103618,CSEC 4110,Spring 2024,A
104583,INFO 2200,Fall 2024,B
108608,BUAN 2010,Fall 2024,B
105067,INFO 1100,Fall 2023,B
104207,BUAN 3310,Spring 2024,A
101288,INFO 2600,Fall 2024,W
100089,CSEC 3220,Spring 2024,C
109862,LTEC 2100,Spring 2024,B
107591,INFO 1100,Spring 2025,W
102578,INFO 1100,Spring 2024,B
104811,INFO 1100,Spring 2024,A
107206,CSEC 2100,Fall 2024,F
104032,ITEC 2010,Fall 2023,A
100493,INFO 4300,Fall 2023,B
101359,INFO 1100,Spring 2025,B
105144,INFO 1100,Spring 2025,C
100986,INFO 1100,Spring 2025,B
105051,LTEC 3120,Fall 2024,A
107610,CSEC 4110,Fall 2024,C
103294,INFO 3340,Spring 2025,B
101428,CSEC 3220,Fall 2023,A
108209,DSCI 3210,Fall 2024,B
109499,INFO 4300,Spring 2024,D
101092,CSEC 2100,Spring 2024,C
105590,CSEC 3220,Spring 2024,B
100767,CSEC 3220,Fall 2023,W
105466,CSEC 4110,Fall 2024,A
101130,INFO 1100,Spring 2024,W
101264,INFO 1100,Fall 2024,C
101279,INFO 2600,Fall 2024,C
101567,CSEC 3220,Spring 2025,A
107835,CSEC 2100,Spring 2025,B
102950,CSEC 4110,Fall 2023,B
109859,LTEC 2100,Spring 2025,C
104864,ITEC 3010,Fall 2024,B
107024,INFO 2200,Fall 2024,A
100022,ITEC 3010,Fall 2024,A
107748,INFO 3340,Spring 2025,C
109443,DSCI 3210,Spring 2024,C
107617,BUAN 3310,Fall 2023,C
101390,BUAN 2010,Fall 2023,C
105924,DSCI 3210,Fall 2023,A
109170,INFO 1100,Fall 2023,C
101787,CSEC 4110,Spring 2025,A
100385,DSCI 3210,Spring 2024,A
101857,INFO 1100,Fall 2024,A
104383,ITEC 3010,Spring 2025,B
103174,BUAN 2010,Spring 2024,A
106882,INFO 1100,Fall 2023,A
103631,INFO 1100,Fall 2023,B
101758,INFO 2200,Fall 2023,W
101580,ITEC 2010,Fall 2023,F
100596,DSCI 3210,Fall 2023,C
100231,INFO 2200,Spring 2025,A
109159,INFO 1100,Spring 2024,A
103606,CSEC 3220,Fall 2023,A
102883,INFO 2200,Spring 2025,A
109132,CSEC 2100,Fall 2024,D
103962,INFO 1100,Spring 2024,A
106255,INFO 2600,Fall 2023,A
108420,INFO 2200,Spring 2024,A
106865,BUAN 2010,Fall 2024,B
108416,CSEC 2100,Spring 2024,C
106505,ITEC 2010,Fall 2023,A
102291,BUAN 2010,Fall 2024,C
100144,INFO 1100,Fall 2024,A
103072,INFO 4300,Fall 2023,B
103827,INFO 2600,Spring 2025,B
100863,CSEC 2100,Fall 2023,A
107052,INFO 2200,Spring 2025,A
106975,INFO 2200,Spring 2024,B
106631,BUAN 3310,Fall 2024,C
103155,INFO 1100,Spring 2025,B
104408,INFO 2200,Fall 2023,B
102821,DSCI 4160,Fall 2023,A
107453,INFO 3340,Spring 2024,B
101985,INFO 1100,Fall 2023,B
104972,INFO 2200,Spring 2025,B
106425,CSEC 2100,Spring 2024,A
100509,CSEC 2100,Fall 2023,C
101150,DSCI 3210,Spring 2025,C
103019,INFO 3340,Spring 2024,A
109998,INFO 2200,Fall 2023,B
100026,DSCI 3210,Spring 2024,C
103477,BUAN 3310,Fall 2023,A
105806,CSEC 2100,Fall 2023,F
105450,CSEC 3220,Spring 2025,B
103676,INFO 1100,Fall 2024,B
101709,INFO 1100,Fall 2024,B
108803,INFO 2200,Fall 2023,C
104133,CSEC 3220,Fall 2023,B
105355,DSCI 3210,Spring 2024,B
103237,INFO 3600,Spring 2024,B
105520,ITEC 2010,Fall 2024,B
109088,INFO 1100,Spring 2025,C
100953,INFO 1100,Fall 2023,B
109423,BUAN 2010,Spring 2024,B
103967,INFO 4300,Spring 2025,B
107220,INFO 1100,Spring 2025,C
102682,INFO 1100,Fall 2024,B
109390,DSCI 3210,Fall 2023,C
101460,CSEC 4110,Fall 2023,B
101019,DSCI 3210,Spring 2025,B
108803,INFO 3340,Spring 2025,B
103006,CSEC 4110,Spring 2024,B
103653,INFO 2600,Spring 2025,A
108770,CSEC 2100,Spring 2024,B
105562,INFO 2200,Spring 2024,B
100212,CSEC 2100,Fall 2024,A
101709,BUAN 2010,Fall 2023,D
104408,CSEC 3220,Fall 2023,F
103144,ITEC 3010,Fall 2023,B
106175,CSEC 3220,Spring 2024,C
104470,CSEC 4110,Spring 2025,A
105452,INFO 2200,Spring 2024,W
101390,DSCI 3210,Fall 2023,B
102063,INFO 2200,Spring 2024,W
103815,INFO 2200,Spring 2025,D
102877,CSEC 2100,Fall 2024,A
107613,INFO 4300,Spring 2025,B
102841,ITEC 3010,Fall 2023,C
100151,INFO 1100,Spring 2024,D
104593,CSEC 4110,Spring 2025,C
106401,DSCI 3210,Spring 2025,A
103072,LTEC 2100,Fall 2023,C
109360,INFO 2200,Spring 2024,A
106863,INFO 1100,Fall 2024,A
109458,BUAN 3310,Fall 2024,W
106781,INFO 1100,Fall 2023,A
106572,INFO 4300,Fall 2024,A
109736,INFO 1100,Spring 2024,A
109159,INFO 4300,Fall 2023,C
108817,INFO 2200,Fall 2023,A
109287,INFO 4300,Fall 2023,B
107321,CSEC 3220,Fall 2023,C
100808,INFO 1100,Spring 2025,C
101455,INFO 1100,Fall 2024,B
101474,CSEC 3220,Fall 2023,W
109617,INFO 2200,Fall 2024,D
103783,INFO 2200,Spring 2025,C
101344,CSEC 4110,Spring 2024,B
101428,INFO 2200,Spring 2025,B
108184,INFO 2200,Fall 2024,A
101474,INFO 1100,Spring 2024,B
106029,CSEC 3220,Fall 2024,B
105136,DSCI 4160,Spring 2024,A
109318,INFO 1100,Fall 2024,A
102836,INFO 1100,Fall 2023,C
101028,INFO 1100,Fall 2023,B
101795,ITEC 3010,Spring 2024,C
107505,CSEC 4110,Spring 2025,A
106734,INFO 2200,Spring 2024,A
105823,INFO 1100,Spring 2024,B
105791,CSEC 3220,Spring 2024,C
102605,INFO 2200,Spring 2024,F
105110,LTEC 2100,Fall 2023,B
104738,ITEC 2010,Spring 2025,A
106164,CSEC 2100,Fall 2024,B
100560,INFO 1100,Fall 2023,D
108976,DSCI 3210,Fall 2023,C
101026,INFO 3600,Spring 2024,B
104007,INFO 1100,Spring 2025,B
106313,INFO 1100,Spring 2025,B
100106,INFO 2200,Spring 2025,A
100376,INFO 2600,Spring 2025,C
100183,INFO 2600,Spring 2025,F
103870,INFO 1100,Spring 2025,D
107690,CSEC 3220,Spring 2024,A
108081,CSEC 2100,Fall 2023,B
102873,INFO 1100,Fall 2023,W
104557,DSCI 4160,Spring 2025,A
106781,INFO 2200,Spring 2024,B
102650,INFO 1100,Spring 2024,F
101688,INFO 3340,Spring 2025,B
109012,DSCI 3210,Spring 2024,B
102547,INFO 4300,Spring 2024,A
105172,INFO 1100,Spring 2024,C
106302,INFO 4300,Fall 2024,A
104764,CSEC 3220,Spring 2024,B
105607,DSCI 3210,Spring 2024,B
104641,INFO 1100,Spring 2025,A
106070,DSCI 4160,Fall 2024,A
102883,CSEC 4110,Spring 2024,C
105279,INFO 2200,Fall 2024,C
109767,INFO 1100,Fall 2024,A
108769,LTEC 2100,Spring 2025,C
104381,DSCI 3210,Fall 2023,C
105272,CSEC 3220,Fall 2023,A
108048,INFO 1100,Spring 2025,B
109149,CSEC 2100,Fall 2024,D
104677,INFO 1100,Fall 2024,B
105735,CSEC 2100,Fall 2023,C
109088,INFO 4300,Fall 2024,B
103508,ITEC 2010,Fall 2024,A
107832,INFO 1100,Spring 2024,F
103857,CSEC 3220,Fall 2023,F
107263,DSCI 4160,Spring 2025,A
103316,INFO 2200,Spring 2025,B
105656,INFO 1100,Spring 2024,B
104473,DSCI 3210,Fall 2023,W
106645,INFO 1100,Fall 2024,B
103697,BUAN 3310,Fall 2023,F
108307,DSCI 3210,Fall 2024,F
102259,DSCI 4160,Spring 2025,A
104889,INFO 1100,Fall 2024,B
104764,CSEC 2100,Spring 2025,C
105911,DSCI 4160,Spring 2024,A
103727,INFO 2600,Fall 2023,W
105127,DSCI 4160,Fall 2023,A
108915,CSEC 2100,Fall 2023,A
108560,BUAN 2010,Fall 2023,A
102821,INFO 2200,Spring 2025,C
108564,INFO 2200,Fall 2023,A
105420,CSEC 3220,Spring 2024,C
109736,ITEC 3010,Fall 2023,C
100521,INFO 1100,Spring 2024,A
104873,INFO 1100,Fall 2023,D
102877,INFO 1100,Spring 2024,B
109021,INFO 3340,Spring 2024,F
102671,CSEC 2100,Spring 2025,F
101652,INFO 1100,Fall 2023,B
106014,CSEC 2100,Fall 2023,A
101211,DSCI 4160,Fall 2023,C
107206,INFO 2200,Spring 2025,B
106905,INFO 2600,Spring 2024,B
104342,CSEC 2100,Fall 2023,A
103702,LTEC 2100,Fall 2024,W
106610,INFO 2200,Spring 2024,A
108655,INFO 2600,Spring 2024,C
104610,INFO 2200,Fall 2024,B
104597,INFO 2200,Fall 2024,D
109548,LTEC 3120,Spring 2025,F
108965,CSEC 3220,Spring 2024,F
100287,INFO 2600,Spring 2024,B
101827,INFO 1100,Fall 2023,B
107471,CSEC 4110,Spring 2025,B
105944,DSCI 4160,Fall 2023,F
103001,INFO 4300,Spring 2025,A
101988,INFO 1100,Spring 2025,C
101480,INFO 2200,Fall 2024,B
102908,INFO 4300,Fall 2024,D
108269,INFO 2200,Fall 2023,D
108313,DSCI 3210,Fall 2023,A
101652,INFO 3600,Fall 2023,B
104508,INFO 2200,Fall 2024,W
109871,DSCI 4160,Fall 2023,A
106813,LTEC 3120,Fall 2024,B
100707,LTEC 2100,Fall 2023,C
100783,INFO 2200,Spring 2025,B
108840,CSEC 3220,Spring 2025,B
108033,INFO 2200,Fall 2023,B
108999,INFO 2200,Fall 2023,B
109275,CSEC 3220,Spring 2024,A
105924,BUAN 3310,Spring 2024,W
103952,INFO 2200,Fall 2024,C
101095,INFO 1100,Fall 2023,B
105217,BUAN 3310,Spring 2025,B
101507,INFO 1100,Spring 2025,C
102982,INFO 3340,Fall 2023,D
104012,DSCI 4160,Spring 2025,A
100236,CSEC 4110,Spring 2025,B
102633,CSEC 3220,Spring 2025,B
103765,DSCI 4160,Fall 2024,B
107711,INFO 1100,Fall 2024,C
100022,CSEC 2100,Fall 2023,C
106622,INFO 2200,Spring 2025,B
107843,INFO 1100,Fall 2023,C
106977,LTEC 3120,Spring 2025,D
104019,INFO 4300,Spring 2025,C
104447,CSEC 2100,Spring 2025,A
100115,LTEC 2100,Fall 2024,B
109747,LTEC 3120,Fall 2023,F
103291,INFO 4300,Spring 2024,A
103574,INFO 2200,Spring 2024,B
109923,ITEC 2010,Spring 2025,B
103094,INFO 3600,Spring 2024,B
108259,INFO 2200,Spring 2025,C
103940,INFO 2200,Fall 2023,B
102949,INFO 2600,Fall 2024,F
102094,INFO 2200,Spring 2025,W
108269,INFO 3340,Fall 2023,C
107453,DSCI 4160,Fall 2024,C
102239,BUAN 3310,Spring 2025,C
106776,INFO 1100,Spring 2025,B
103522,ITEC 3010,Spring 2025,B
101946,CSEC 3220,Spring 2024,A
100790,INFO 4300,Spring 2025,A
106381,INFO 1100,Fall 2023,B
104650,LTEC 3120,Fall 2024,C
103653,ITEC 3010,Fall 2024,B
103618,CSEC 3220,Spring 2025,D
100253,DSCI 3210,Spring 2024,B
100198,CSEC 2100,Fall 2024,D
105468,INFO 2200,Spring 2025,B
101558,INFO 2200,Fall 2024,C
106789,INFO 1100,Spring 2024,F
104270,CSEC 3220,Fall 2023,F
101200,CSEC 2100,Fall 2024,C
103147,INFO 1100,Fall 2023,A
104133,INFO 1100,Fall 2024,B
104363,LTEC 3120,Spring 2024,W
108271,CSEC 3220,Fall 2023,C
109389,CSEC 4110,Fall 2023,A
101280,INFO 2600,Spring 2024,D
103274,INFO 4300,Spring 2025,B
104609,DSCI 3210,Fall 2024,D
109863,INFO 2200,Spring 2025,C
103039,LTEC 3120,Fall 2023,C
105386,INFO 1100,Fall 2024,D
102437,CSEC 4110,Spring 2025,B
101474,INFO 2200,Fall 2024,A
109410,DSCI 3210,Fall 2023,B
105444,CSEC 2100,Spring 2025,B
105466,CSEC 2100,Fall 2024,B
101630,CSEC 3220,Spring 2025,D
102496,LTEC 3120,Spring 2024,C
100564,INFO 2200,Spring 2024,C
108352,LTEC 3120,Spring 2024,C
108899,INFO 3600,Fall 2023,B
101104,DSCI 3210,Spring 2024,D
108851,DSCI 3210,Spring 2025,A
103232,CSEC 3220,Spring 2025,B
102483,INFO 2200,Spring 2025,D
101229,INFO 2600,Spring 2024,C
107955,INFO 2200,Spring 2024,F
107361,INFO 3340,Spring 2024,B
108094,INFO 2600,Fall 2024,A
105947,INFO 3600,Fall 2023,B
103525,INFO 2600,Fall 2024,A
108655,INFO 4300,Spring 2024,F
101160,INFO 4300,Spring 2025,B
101479,ITEC 2010,Spring 2025,A
108213,CSEC 4110,Fall 2024,A
103967,LTEC 2100,Spring 2025,A
104034,CSEC 3220,Fall 2023,C
100056,BUAN 2010,Spring 2024,C
102776,INFO 1100,Fall 2023,A
102578,DSCI 3210,Fall 2024,F
100107,LTEC 3120,Spring 2024,A
109740,DSCI 3210,Spring 2025,A
108530,ITEC 2010,Spring 2025,D
103139,INFO 1100,Fall 2023,B
104763,CSEC 3220,Fall 2024,B
100907,INFO 2200,Spring 2025,C
100474,INFO 1100,Spring 2024,B
105447,INFO 2200,Spring 2025,B
107835,CSEC 4110,Spring 2025,B
102291,DSCI 3210,Fall 2024,C
102843,INFO 2200,Fall 2024,A
107692,CSEC 2100,Spring 2024,B
109849,INFO 1100,Spring 2025,B
102239,BUAN 2010,Fall 2024,C
100654,DSCI 3210,Spring 2025,B
105906,INFO 2200,Fall 2024,A
106610,CSEC 2100,Fall 2023,C
108856,INFO 2200,Spring 2025,A
107159,INFO 2200,Spring 2024,A
108237,INFO 2200,Fall 2024,A
104299,ITEC 3010,Spring 2025,B
100866,CSEC 2100,Spring 2024,B
101344,INFO 1100,Fall 2023,W
103113,CSEC 3220,Spring 2025,D
107322,INFO 2600,Fall 2024,C
107531,INFO 2600,Fall 2024,A
101346,CSEC 3220,Fall 2023,A
103551,DSCI 3210,Spring 2024,A
105795,INFO 1100,Fall 2024,B
104345,DSCI 4160,Fall 2024,C
103923,ITEC 2010,Fall 2023,A
105268,INFO 1100,Fall 2024,A
100529,INFO 1100,Spring 2024,W
109550,INFO 2600,Spring 2024,A
100235,INFO 1100,Spring 2025,D
107200,CSEC 3220,Fall 2023,B
101511,INFO 1100,Spring 2024,B
103384,INFO 1100,Spring 2025,B
103408,INFO 2200,Spring 2025,A
101763,ITEC 2010,Spring 2024,A
101572,BUAN 2010,Spring 2024,B
106923,INFO 2200,Spring 2025,B
102364,INFO 4300,Fall 2024,B
100780,DSCI 4160,Fall 2024,B
102782,INFO 2200,Fall 2024,D
109765,DSCI 3210,Fall 2023,C
102843,BUAN 3310,Spring 2024,A
100953,INFO 2200,Spring 2025,D
103626,DSCI 3210,Fall 2023,A
103360,INFO 1100,Fall 2024,B
103120,INFO 2600,Fall 2024,F
108993,INFO 2600,Fall 2023,C
101266,BUAN 2010,Spring 2025,B
100381,CSEC 4110,Spring 2024,A
100007,CSEC 2100,Spring 2024,A
107306,INFO 2200,Fall 2023,D
109287,INFO 2600,Fall 2024,A
100028,INFO 1100,Spring 2025,W
102623,LTEC 2100,Fall 2023,B
102199,CSEC 3220,Fall 2023,B
101223,BUAN 3310,Spring 2024,B
100641,INFO 4300,Spring 2025,B
100244,INFO 2600,Fall 2023,B
107394,INFO 1100,Spring 2024,B
101122,INFO 3340,Spring 2024,A
106054,ITEC 2010,Fall 2023,B
100701,ITEC 2010,Fall 2024,F
104993,INFO 2600,Fall 2023,B
101374,INFO 3600,Fall 2023,B
103279,INFO 2600,Spring 2025,A
108933,INFO 1100,Fall 2023,F
106780,INFO 4300,Spring 2025,F
106748,CSEC 2100,Fall 2024,C
107447,INFO 4300,Spring 2024,F
109486,DSCI 3210,Spring 2025,B
109423,BUAN 3310,Fall 2023,A
109586,INFO 1100,Spring 2025,B
109482,INFO 3600,Spring 2025,B
103619,INFO 2200,Fall 2024,F
108470,INFO 2200,Spring 2024,B
104491,INFO 1100,Fall 2023,C
101058,ITEC 2010,Fall 2024,C
109874,ITEC 3010,Spring 2024,D
103694,CSEC 2100,Fall 2023,A
103345,INFO 4300,Fall 2023,D
106856,INFO 1100,Fall 2023,A
100901,ITEC 2010,Fall 2024,A
101681,DSCI 3210,Fall 2023,C
108065,INFO 3600,Fall 2023,B
104193,INFO 1100,Fall 2024,A
103237,INFO 4300,Fall 2023,A
103924,INFO 1100,Fall 2023,A
109967,CSEC 2100,Spring 2025,W
103294,INFO 1100,Spring 2025,C
109786,INFO 4300,Fall 2023,C
101798,INFO 2200,Spring 2024,A
103551,BUAN 2010,Fall 2024,D
104364,ITEC 2010,Fall 2023,A
107974,INFO 2200,Spring 2024,W
105336,CSEC 2100,Fall 2024,F
100373,INFO 2600,Spring 2025,C
103978,ITEC 3010,Spring 2024,W
106717,LTEC 3120,Spring 2024,B
103953,INFO 2600,Spring 2025,C
109175,CSEC 4110,Spring 2024,B
109966,INFO 1100,Spring 2024,B
106610,CSEC 4110,Spring 2025,A
102490,CSEC 3220,Spring 2025,A
107667,CSEC 2100,Spring 2025,B
106695,INFO 1100,Spring 2025,W
106623,ITEC 3010,Fall 2023,A
101744,INFO 2200,Spring 2025,A
107535,INFO 1100,Fall 2024,C
101662,INFO 3340,Spring 2024,B
101007,INFO 2200,Spring 2025,C
101747,INFO 1100,Fall 2023,C
102821,DSCI 3210,Spring 2024,C
101266,INFO 2200,Fall 2023,W
106426,DSCI 3210,Spring 2025,B
101680,CSEC 4110,Fall 2023,C
109550,INFO 4300,Fall 2023,B
102038,INFO 2200,Spring 2024,A
106622,INFO 2600,Spring 2024,B
100022,INFO 2600,Fall 2023,C
108520,INFO 2600,Fall 2024,D
100089,CSEC 4110,Fall 2024,B
100739,INFO 1100,Spring 2024,A
106194,INFO 1100,Fall 2023,D
105629,INFO 2200,Spring 2025,A
103450,CSEC 2100,Fall 2024,A
104096,CSEC 2100,Spring 2025,A
106356,INFO 1100,Fall 2024,A
101317,LTEC 2100,Fall 2023,D
107340,INFO 1100,Fall 2024,A
102105,ITEC 2010,Fall 2024,F
106122,DSCI 3210,Fall 2024,C
106464,INFO 1100,Spring 2024,C
103810,ITEC 2010,Fall 2024,A
100521,CSEC 3220,Fall 2024,B
101696,LTEC 3120,Fall 2023,D
108602,INFO 2600,Spring 2025,B
109744,INFO 1100,Spring 2025,W
106319,INFO 2600,Spring 2024,B
104056,INFO 1100,Fall 2024,B
107907,INFO 1100,Fall 2023,A
104946,CSEC 3220,Fall 2024,W
101873,ITEC 3010,Fall 2023,D
105206,INFO 1100,Fall 2024,B
100398,DSCI 4160,Spring 2025,B
105947,INFO 1100,Spring 2024,B
107651,INFO 2200,Spring 2024,D
107729,INFO 2200,Spring 2024,W
100469,CSEC 4110,Fall 2024,A
105535,INFO 2600,Fall 2024,A
100862,INFO 2600,Spring 2024,F
105735,INFO 2600,Spring 2025,A
107974,BUAN 3310,Spring 2024,A
102956,CSEC 4110,Spring 2024,F
101022,CSEC 4110,Spring 2025,A
106874,CSEC 3220,Spring 2024,A
109106,INFO 1100,Fall 2023,A
104883,INFO 1100,Fall 2024,A
104739,LTEC 2100,Spring 2024,C
103657,INFO 1100,Fall 2024,A
100493,INFO 3600,Spring 2025,B
102099,INFO 1100,Fall 2023,A
107147,INFO 2200,Fall 2024,D
102236,INFO 1100,Fall 2023,F
104811,INFO 2600,Fall 2024,A
102337,INFO 1100,Spring 2025,F
104742,INFO 1100,Spring 2024,B
100168,INFO 2600,Fall 2024,C
109550,INFO 1100,Fall 2024,C
104231,CSEC 2100,Spring 2025,A
109636,ITEC 3010,Fall 2023,C
100474,INFO 2200,Fall 2024,A
101450,INFO 1100,Spring 2024,A
107152,ITEC 3010,Fall 2024,B
109305,INFO 1100,Fall 2023,D
103110,INFO 1100,Spring 2024,F
104222,LTEC 2100,Fall 2023,C
105127,INFO 2200,Spring 2024,B
102297,CSEC 3220,Fall 2024,B
108397,CSEC 2100,Fall 2024,A
101036,DSCI 3210,Fall 2023,F
109878,INFO 1100,Fall 2024,C
103626,DSCI 4160,Fall 2024,B
101826,INFO 1100,Fall 2023,A
108771,INFO 2600,Spring 2025,C
102436,INFO 4300,Fall 2024,C
105793,INFO 3340,Spring 2024,D
107900,CSEC 2100,Spring 2024,C
109640,INFO 2200,Fall 2024,C
108793,DSCI 3210,Fall 2023,D
100050,BUAN 3310,Spring 2025,A
103952,CSEC 2100,Spring 2025,B
102955,INFO 3600,Spring 2025,C
104782,INFO 2200,Spring 2024,A
105309,INFO 2200,Fall 2023,A
107974,DSCI 3210,Fall 2024,C
107793,INFO 1100,Spring 2024,A
105284,INFO 2600,Fall 2023,D
100350,INFO 1100,Spring 2025,C
103064,INFO 1100,Spring 2025,C
101827,CSEC 4110,Spring 2025,A
108848,CSEC 3220,Spring 2025,A
104795,INFO 1100,Spring 2025,B
100614,ITEC 3010,Spring 2025,D
102628,INFO 1100,Fall 2023,B
109354,INFO 2200,Spring 2024,A
108475,DSCI 3210,Spring 2025,B
103917,INFO 1100,Spring 2025,C
103386,LTEC 3120,Fall 2023,A
106653,INFO 2200,Spring 2025,B
106855,CSEC 3220,Spring 2025,A
108151,ITEC 2010,Fall 2023,A
109106,CSEC 2100,Fall 2023,C
102908,INFO 2600,Spring 2025,A
105535,INFO 1100,Fall 2024,C
108704,INFO 2200,Spring 2025,C
100120,CSEC 3220,Spring 2024,C
102547,INFO 2200,Spring 2024,D
108538,LTEC 3120,Fall 2024,C
106997,DSCI 4160,Fall 2023,F
109196,CSEC 2100,Fall 2023,D
103256,CSEC 3220,Spring 2024,B
101881,INFO 2600,Spring 2025,D
109820,INFO 2200,Fall 2024,A
104678,INFO 1100,Fall 2023,A
100719,INFO 2600,Spring 2024,F
105693,CSEC 2100,Fall 2023,B
106381,CSEC 4110,Spring 2025,D
107905,INFO 1100,Spring 2025,A
102961,BUAN 3310,Fall 2023,C
103459,INFO 1100,Fall 2024,B
101080,INFO 2200,Spring 2025,C
105259,INFO 2200,Spring 2025,W
106031,INFO 2200,Fall 2023,B
101332,INFO 1100,Spring 2025,C
102726,LTEC 2100,Fall 2023,A
109608,INFO 3600,Spring 2025,A
108331,CSEC 2100,Fall 2023,A
106162,CSEC 4110,Fall 2024,A
102485,INFO 2200,Fall 2024,B
103247,ITEC 3010,Spring 2024,D
103880,DSCI 3210,Fall 2024,A
103702,INFO 4300,Spring 2025,B
108245,INFO 2600,Fall 2023,F
106129,INFO 2200,Spring 2025,B
107288,INFO 2600,Spring 2025,A
104884,INFO 2600,Spring 2024,B
105231,BUAN 2010,Spring 2025,A
100291,ITEC 3010,Spring 2025,B
103536,INFO 4300,Spring 2025,C
101372,LTEC 2100,Fall 2023,C
101500,INFO 2600,Fall 2024,F
105526,INFO 1100,Fall 2023,C
103251,BUAN 3310,Spring 2024,B
105594,DSCI 3210,Fall 2024,F
107905,INFO 2600,Spring 2025,C
102143,INFO 4300,Spring 2024,A
100679,INFO 2600,Spring 2025,B
101342,INFO 1100,Spring 2024,B
107400,INFO 1100,Fall 2024,B
106620,INFO 1100,Fall 2024,A
106425,INFO 1100,Spring 2025,A
103156,CSEC 3220,Spring 2024,B
107052,INFO 1100,Fall 2024,C
108999,INFO 3600,Fall 2024,B
102156,INFO 1100,Spring 2025,F
102517,BUAN 2010,Spring 2025,B
107638,INFO 1100,Fall 2024,C
104233,DSCI 4160,Fall 2024,A
102782,INFO 3340,Spring 2025,B
102983,INFO 2600,Spring 2025,A
105967,CSEC 2100,Fall 2024,B
109340,INFO 2200,Spring 2024,D
103089,CSEC 3220,Fall 2023,A
105019,INFO 2200,Fall 2023,A
105137,BUAN 3310,Spring 2025,A
106649,INFO 2200,Fall 2023,A
101519,INFO 4300,Spring 2024,D
109680,CSEC 3220,Fall 2023,C
102815,INFO 1100,Spring 2025,C
101170,BUAN 3310,Spring 2024,B
109170,CSEC 2100,Fall 2024,B
105796,INFO 1100,Fall 2023,B
108129,INFO 1100,Spring 2024,D
103466,CSEC 4110,Spring 2024,B
104006,ITEC 3010,Fall 2024,C
100863,CSEC 3220,Fall 2023,B
101022,INFO 1100,Spring 2025,A
108341,CSEC 2100,Spring 2024,A
106649,INFO 1100,Spring 2025,C
109399,CSEC 4110,Fall 2023,B
100151,ITEC 3010,Fall 2024,C
100241,INFO 4300,Spring 2025,B
104303,INFO 1100,Spring 2024,A
106839,INFO 2200,Fall 2024,C
100676,CSEC 4110,Spring 2024,A
105317,DSCI 3210,Fall 2024,A
108928,ITEC 3010,Fall 2024,B
100287,INFO 2200,Fall 2023,A
108628,INFO 1100,Fall 2023,F
101903,INFO 1100,Fall 2023,A
107162,INFO 2200,Fall 2024,A
106976,CSEC 3220,Spring 2025,B
102163,INFO 4300,Spring 2025,C
106537,ITEC 2010,Fall 2024,B
100373,INFO 1100,Spring 2024,C
102517,BUAN 3310,Fall 2024,A
105037,INFO 3600,Spring 2025,A
102671,CSEC 3220,Fall 2023,A
100810,INFO 1100,Fall 2023,F
102477,CSEC 3220,Fall 2024,B
106152,BUAN 2010,Fall 2023,D
103656,INFO 2200,Spring 2024,A
100343,INFO 2600,Spring 2024,A
109701,DSCI 3210,Spring 2025,B
100810,CSEC 2100,Fall 2023,A
109844,CSEC 4110,Fall 2023,C
101091,CSEC 4110,Fall 2023,B
108800,BUAN 3310,Fall 2024,A
101986,INFO 1100,Fall 2024,B
103803,INFO 2600,Fall 2023,A
101787,INFO 2200,Fall 2024,D
109185,LTEC 3120,Spring 2024,C
103818,BUAN 3310,Spring 2025,B
102633,INFO 1100,Spring 2024,D
102530,INFO 2200,Fall 2024,C
104299,CSEC 2100,Fall 2023,A
109178,CSEC 3220,Fall 2024,A
103141,INFO 2600,Spring 2024,F
103635,INFO 2200,Spring 2025,A
106054,ITEC 3010,Spring 2025,B
100133,ITEC 3010,Spring 2025,A
101104,INFO 1100,Spring 2024,A
103940,INFO 3600,Fall 2024,B
107591,INFO 2200,Spring 2025,C
100148,INFO 4300,Spring 2024,A
103104,INFO 1100,Spring 2024,B
104449,CSEC 4110,Spring 2025,A
107875,BUAN 2010,Fall 2023,B
105823,INFO 2200,Spring 2025,D
104677,INFO 2600,Fall 2024,A
103267,INFO 1100,Fall 2024,A
103794,INFO 2600,Fall 2023,B
107820,INFO 1100,Spring 2025,A
106718,INFO 2600,Fall 2024,D
108770,INFO 1100,Fall 2024,B
104512,INFO 2200,Fall 2023,B
107026,BUAN 3310,Spring 2024,C
104811,INFO 4300,Fall 2023,B
102559,INFO 1100,Spring 2025,C
104026,INFO 1100,Fall 2024,D
100630,INFO 1100,Spring 2024,D
103815,CSEC 4110,Spring 2024,C
107208,BUAN 3310,Spring 2025,B
106923,CSEC 2100,Fall 2023,B
109466,CSEC 2100,Spring 2024,A
108530,INFO 2600,Spring 2024,A
107202,INFO 2600,Fall 2023,A
105090,CSEC 3220,Spring 2025,A
101883,DSCI 3210,Fall 2024,B
101415,CSEC 2100,Fall 2023,A
109709,INFO 2600,Spring 2024,W
108420,INFO 1100,Fall 2024,A
107607,LTEC 2100,Fall 2024,B
104296,BUAN 2010,Fall 2023,A
103573,INFO 1100,Spring 2024,B
107010,CSEC 2100,Fall 2024,F
100292,DSCI 4160,Spring 2024,A
104885,INFO 1100,Fall 2023,B
101091,CSEC 2100,Fall 2023,W
107108,CSEC 3220,Spring 2025,A
100561,BUAN 2010,Fall 2023,C
107308,INFO 2600,Fall 2024,F
106882,CSEC 4110,Spring 2025,B
109687,BUAN 2010,Spring 2025,C
108334,INFO 3340,Spring 2024,A
106573,INFO 3340,Spring 2025,C
103952,INFO 1100,Fall 2024,B
104233,INFO 2200,Spring 2025,C
107052,CSEC 3220,Spring 2024,C
108036,ITEC 2010,Spring 2025,B
105332,DSCI 3210,Spring 2024,A
103984,INFO 2200,Spring 2024,A
107115,INFO 2200,Fall 2024,F
104768,INFO 3600,Spring 2024,A
101007,DSCI 3210,Fall 2024,A
101067,LTEC 3120,Fall 2023,C
104946,INFO 2200,Fall 2024,F
105607,INFO 2200,Spring 2025,D
103852,INFO 2200,Fall 2023,D
100113,INFO 1100,Spring 2024,W
105218,INFO 2200,Fall 2023,W
103815,INFO 1100,Fall 2024,W
104801,LTEC 3120,Fall 2024,B
101160,LTEC 3120,Fall 2023,A
105967,INFO 1100,Fall 2024,C
103179,DSCI 3210,Fall 2023,C
109411,INFO 2600,Fall 2023,A
104695,CSEC 2100,Spring 2024,D
104955,INFO 1100,Spring 2024,D
100492,INFO 2200,Fall 2023,D
102179,INFO 1100,Spring 2024,A
107296,INFO 2600,Fall 2024,A
107133,INFO 2600,Fall 2024,A
106379,ITEC 3010,Spring 2024,D
106018,INFO 2600,Fall 2024,B
109380,INFO 2200,Spring 2025,B
106386,INFO 1100,Fall 2023,B
101394,CSEC 2100,Spring 2025,B
103941,CSEC 4110,Spring 2025,A
109740,INFO 3340,Spring 2025,D
105523,LTEC 2100,Fall 2024,A
107510,INFO 3340,Spring 2025,D
108581,CSEC 4110,Fall 2024,W
108917,BUAN 3310,Spring 2024,C
103550,CSEC 2100,Spring 2025,B
107334,CSEC 3220,Fall 2023,B
108803,INFO 1100,Spring 2025,A
103703,INFO 1100,Spring 2025,B
108221,CSEC 2100,Spring 2024,A
106674,DSCI 4160,Fall 2024,A
107455,INFO 2200,Fall 2024,D
103406,INFO 1100,Fall 2023,B
104012,INFO 3340,Spring 2024,W
104231,INFO 1100,Spring 2025,F
108331,CSEC 3220,Spring 2024,F
104860,DSCI 4160,Fall 2023,C
100750,INFO 1100,Spring 2025,A
101479,ITEC 3010,Spring 2024,A
104037,INFO 1100,Spring 2025,A
101986,DSCI 4160,Spring 2024,C
103109,INFO 1100,Fall 2024,F
103980,INFO 1100,Fall 2024,C
107748,INFO 1100,Fall 2024,A
109461,INFO 2600,Spring 2024,B
108135,DSCI 3210,Spring 2025,A
103977,INFO 2200,Spring 2025,W
106649,INFO 4300,Spring 2024,F
107821,INFO 2200,Fall 2024,C
109995,INFO 1100,Spring 2024,W
100262,INFO 3340,Spring 2025,F
100433,INFO 2200,Spring 2024,W
104724,INFO 1100,Fall 2023,B
102578,INFO 2200,Fall 2023,C
107221,INFO 4300,Spring 2024,A
102517,INFO 1100,Spring 2024,F
102297,CSEC 4110,Fall 2023,A
102628,DSCI 3210,Spring 2025,B
107322,INFO 2200,Spring 2024,B
106379,INFO 2600,Spring 2025,D
100591,INFO 2600,Spring 2025,W
102106,CSEC 4110,Spring 2024,F
100492,BUAN 2010,Fall 2024,F
101119,INFO 2200,Fall 2024,B
101596,INFO 2600,Fall 2023,W
107301,INFO 1100,Fall 2023,B
100262,DSCI 4160,Fall 2024,C
103058,INFO 4300,Fall 2023,A
105969,ITEC 2010,Spring 2024,B
105942,INFO 1100,Fall 2024,B
107971,INFO 4300,Spring 2024,B
108247,INFO 2600,Fall 2024,B
100474,CSEC 2100,Spring 2025,A
101539,ITEC 3010,Spring 2024,C
108403,INFO 1100,Fall 2024,A
103042,INFO 2200,Spring 2025,A
102073,BUAN 2010,Fall 2023,A
103606,INFO 2200,Spring 2025,D
100663,INFO 1100,Fall 2024,C
105164,INFO 2600,Spring 2025,C
102343,CSEC 3220,Spring 2025,B
103260,INFO 2600,Spring 2025,C
105527,INFO 1100,Spring 2024,C
102385,INFO 1100,Fall 2023,A
104895,INFO 2600,Spring 2024,A
107900,INFO 1100,Fall 2024,A
106695,BUAN 2010,Fall 2024,F
107490,INFO 1100,Spring 2025,W
108451,INFO 1100,Spring 2025,A
109709,ITEC 2010,Spring 2025,F
104105,ITEC 3010,Fall 2024,B
105748,INFO 2200,Fall 2024,A
107004,INFO 2200,Fall 2023,F
107771,INFO 2200,Spring 2025,C
105355,INFO 1100,Fall 2023,B
106718,INFO 3600,Fall 2024,A
108693,CSEC 2100,Fall 2024,B
101479,CSEC 2100,Spring 2025,A
105527,INFO 3340,Spring 2025,A
107618,INFO 1100,Fall 2023,A
109647,CSEC 3220,Spring 2024,A
109461,LTEC 3120,Fall 2023,A
103754,LTEC 2100,Fall 2024,B
105496,INFO 2200,Spring 2024,A
107993,BUAN 2010,Fall 2024,B
102436,LTEC 3120,Fall 2023,D
102076,INFO 1100,Fall 2023,A
101991,CSEC 3220,Spring 2024,D
100051,CSEC 2100,Fall 2023,C
101952,INFO 1100,Fall 2024,B
103683,CSEC 3220,Fall 2024,A
100548,INFO 1100,Spring 2025,C
106691,INFO 2200,Fall 2023,A
103727,INFO 1100,Spring 2024,B
107048,CSEC 3220,Spring 2024,C
104384,INFO 2200,Fall 2024,A
109594,INFO 3340,Fall 2024,D
104044,BUAN 2010,Fall 2023,B
106924,INFO 2200,Fall 2024,C
104271,INFO 4300,Spring 2025,C
103924,INFO 2200,Fall 2023,F
107878,CSEC 2100,Spring 2025,A
104352,INFO 3340,Spring 2025,D
108039,DSCI 4160,Fall 2023,A
109271,INFO 1100,Fall 2023,B
101333,DSCI 3210,Spring 2025,A
100478,BUAN 2010,Fall 2024,B
105188,INFO 1100,Spring 2024,C
108487,INFO 2200,Fall 2024,B
101222,INFO 3340,Spring 2025,D
101090,INFO 3600,Fall 2024,B
100190,INFO 2200,Spring 2024,A
105444,CSEC 4110,Spring 2024,B
102986,INFO 1100,Fall 2024,B
102791,INFO 1100,Spring 2025,A
104768,INFO 2200,Spring 2024,A
104768,INFO 1100,Spring 2025,B
100166,INFO 2200,Fall 2023,A
109887,INFO 1100,Fall 2023,D
104590,CSEC 4110,Spring 2025,A
106923,CSEC 4110,Spring 2024,W
109914,INFO 4300,Spring 2025,D
104878,INFO 4300,Spring 2024,B
103251,DSCI 3210,Fall 2024,D
102006,INFO 2200,Spring 2025,F
106619,BUAN 2010,Fall 2023,A
104801,INFO 1100,Fall 2024,F
103019,CSEC 2100,Spring 2024,C
100705,INFO 2200,Fall 2024,A
107531,ITEC 3010,Fall 2023,B
104993,INFO 1100,Fall 2023,A
103318,INFO 2600,Fall 2023,B
100956,INFO 2600,Spring 2024,A
109868,INFO 1100,Spring 2025,C
103635,INFO 3600,Fall 2024,C
101111,INFO 4300,Spring 2025,W
106037,INFO 2200,Fall 2023,B
103396,CSEC 4110,Fall 2024,A
100664,ITEC 3010,Fall 2024,A
101592,CSEC 2100,Fall 2023,A
103419,INFO 1100,Fall 2023,D
100685,INFO 1100,Spring 2025,D
107891,INFO 2200,Spring 2024,C
109642,INFO 1100,Fall 2023,A
102259,INFO 2200,Spring 2024,B
100366,CSEC 2100,Fall 2024,D
108856,INFO 1100,Spring 2025,D
101672,DSCI 3210,Spring 2025,B
105179,INFO 1100,Fall 2023,C
104836,INFO 2600,Spring 2024,W
102916,CSEC 4110,Fall 2023,B
103137,INFO 4300,Spring 2025,B
101415,CSEC 4110,Fall 2023,B
105921,CSEC 4110,Fall 2023,W
106098,CSEC 2100,Spring 2025,C
105664,BUAN 3310,Spring 2025,W
100365,ITEC 3010,Fall 2024,C
107651,CSEC 3220,Fall 2024,W
100586,INFO 1100,Fall 2024,F
109355,INFO 2600,Fall 2024,W
100970,INFO 1100,Spring 2024,C
102982,INFO 1100,Spring 2024,B
106911,CSEC 3220,Fall 2023,C
103320,INFO 2600,Spring 2024,A
107276,INFO 1100,Fall 2023,B
100483,DSCI 4160,Spring 2025,A
109931,INFO 2200,Fall 2023,D
107077,DSCI 3210,Spring 2025,B
101266,DSCI 3210,Fall 2024,B
105127,INFO 3340,Spring 2025,A
109400,INFO 1100,Spring 2024,B
105551,ITEC 2010,Spring 2025,F
106240,INFO 2600,Fall 2024,B
103812,DSCI 3210,Fall 2023,W
101826,INFO 2200,Fall 2023,A
108291,INFO 1100,Spring 2025,A
100603,INFO 2600,Spring 2025,F
109161,INFO 2600,Fall 2023,B
105853,INFO 1100,Spring 2024,A
104695,INFO 1100,Spring 2024,A
108106,BUAN 2010,Spring 2024,B
100243,INFO 1100,Spring 2025,B
101728,INFO 2600,Fall 2024,C
101568,INFO 2600,Fall 2024,C
106839,BUAN 3310,Spring 2024,B
107053,ITEC 3010,Spring 2024,B
106998,LTEC 3120,Spring 2025,A
104869,INFO 1100,Fall 2024,A
101020,INFO 1100,Spring 2024,B
106194,ITEC 3010,Spring 2025,A
107618,INFO 2200,Spring 2025,F
109264,INFO 1100,Fall 2023,A
101280,INFO 4300,Fall 2023,A
102556,CSEC 3220,Spring 2025,C
104843,DSCI 3210,Fall 2024,B
107454,CSEC 3220,Fall 2023,F
109015,LTEC 3120,Fall 2023,B
108237,CSEC 4110,Fall 2023,A
103155,CSEC 3220,Spring 2025,C
103923,INFO 2600,Fall 2023,B
106620,ITEC 2010,Spring 2025,F
107905,LTEC 2100,Spring 2024,B
109892,INFO 1100,Spring 2024,A
108848,INFO 2200,Spring 2025,A
100235,LTEC 3120,Fall 2023,A
108977,DSCI 3210,Fall 2024,D
107322,INFO 3600,Fall 2023,A
105273,INFO 2600,Fall 2024,C
104639,CSEC 2100,Spring 2025,C
106087,INFO 2200,Fall 2024,B
101515,DSCI 3210,Fall 2024,C
108659,INFO 1100,Spring 2024,B
109613,INFO 2600,Fall 2024,W
100007,INFO 1100,Fall 2023,B
109564,CSEC 2100,Fall 2023,W
104072,CSEC 4110,Fall 2023,B
106086,CSEC 3220,Spring 2025,B
105568,INFO 1100,Spring 2024,B
108259,INFO 3340,Spring 2025,C
103604,INFO 1100,Fall 2023,A
101384,INFO 3600,Fall 2024,A
102833,INFO 1100,Fall 2023,B
107895,INFO 3600,Spring 2024,C
106500,ITEC 3010,Spring 2025,A
103109,CSEC 2100,Spring 2024,C
100551,INFO 2200,Spring 2024,A
108244,INFO 2600,Fall 2023,C
105923,INFO 2200,Spring 2025,F
105656,ITEC 3010,Spring 2024,A
103267,INFO 2200,Fall 2023,B
108259,INFO 1100,Fall 2023,A
104656,INFO 2600,Fall 2024,C
103698,INFO 2200,Fall 2024,B
103650,INFO 2200,Fall 2024,D
106070,INFO 3340,Fall 2024,C
105150,INFO 1100,Spring 2025,C
101264,INFO 2200,Spring 2024,C
109631,INFO 1100,Fall 2024,D
104877,BUAN 3310,Fall 2024,A
102147,ITEC 3010,Spring 2024,B
108538,INFO 4300,Fall 2023,A
103776,INFO 2200,Fall 2024,A
108403,BUAN 2010,Spring 2025,C
103466,INFO 2200,Fall 2024,A
102955,INFO 2600,Fall 2024,A
103450,INFO 1100,Fall 2023,B
105576,BUAN 2010,Spring 2024,C
103542,INFO 1100,Spring 2024,A
105319,INFO 4300,Fall 2024,A
104924,INFO 2200,Spring 2025,B
103870,DSCI 3210,Fall 2024,A
100592,CSEC 3220,Spring 2025,D
101713,INFO 1100,Fall 2023,A
102199,CSEC 4110,Fall 2023,B
105911,DSCI 3210,Fall 2024,A
108888,INFO 2600,Fall 2023,A
102343,INFO 2200,Fall 2024,B
102833,ITEC 3010,Fall 2024,C
107244,CSEC 2100,Spring 2025,F
102648,CSEC 2100,Fall 2023,B
106629,LTEC 3120,Fall 2023,B
105407,BUAN 2010,Spring 2025,B
106599,DSCI 3210,Spring 2024,A
105134,INFO 1100,Fall 2024,B
101960,LTEC 2100,Spring 2024,A
108221,CSEC 4110,Fall 2024,C
105958,INFO 3340,Fall 2024,B
103022,DSCI 3210,Spring 2024,C
109745,INFO 2600,Fall 2024,C
109481,INFO 1100,Fall 2024,F
105489,INFO 1100,Spring 2024,C
104650,INFO 1100,Spring 2025,B
107869,INFO 2200,Spring 2024,B
102369,INFO 1100,Spring 2024,B
104585,INFO 2200,Fall 2024,A
104381,INFO 2200,Spring 2025,A
103069,INFO 2200,Fall 2024,B
102651,CSEC 2100,Spring 2024,A
107602,CSEC 2100,Fall 2024,B
106568,INFO 4300,Spring 2024,B
100057,INFO 2200,Spring 2025,B
107886,INFO 1100,Fall 2024,B
101916,LTEC 3120,Fall 2023,F
106018,INFO 2200,Fall 2024,B
100911,DSCI 3210,Spring 2025,A
108135,DSCI 4160,Fall 2023,B
106303,INFO 2600,Fall 2023,F
109053,CSEC 3220,Spring 2024,A
102295,INFO 2200,Spring 2024,A
109264,CSEC 4110,Spring 2025,B
107221,INFO 2200,Spring 2025,C
106784,INFO 2600,Spring 2024,C
104364,INFO 2600,Spring 2024,A
104031,CSEC 3220,Spring 2025,A
102147,ITEC 2010,Spring 2025,B
108103,CSEC 3220,Spring 2024,B
109926,INFO 2200,Fall 2024,B
100491,INFO 2600,Fall 2023,C
100300,INFO 4300,Fall 2024,B
108143,INFO 2600,Spring 2025,F
101449,DSCI 4160,Fall 2023,A
101874,CSEC 2100,Fall 2023,B
100144,DSCI 3210,Spring 2025,D
100397,INFO 1100,Spring 2025,C
101356,LTEC 3120,Fall 2023,F
100702,CSEC 4110,Fall 2024,C
103340,CSEC 3220,Spring 2025,W
100683,CSEC 4110,Spring 2024,C
106923,CSEC 3220,Spring 2025,A
102651,INFO 2600,Fall 2023,C
105875,INFO 1100,Fall 2024,C
106851,CSEC 4110,Spring 2025,C
101487,INFO 2200,Spring 2024,B
104032,ITEC 3010,Spring 2024,A
103551,INFO 1100,Fall 2024,C
101384,INFO 1100,Fall 2023,B
104271,INFO 2200,Fall 2024,A
100750,INFO 2600,Spring 2025,A
108877,DSCI 3210,Fall 2023,B
109500,INFO 4300,Fall 2023,A
107448,CSEC 2100,Spring 2024,F
104383,INFO 1100,Spring 2025,B
104739,INFO 1100,Spring 2025,A
100747,INFO 1100,Spring 2025,D
103952,CSEC 4110,Spring 2025,B
104860,INFO 1100,Fall 2024,A
102815,DSCI 4160,Spring 2025,A
105140,CSEC 3220,Spring 2024,D
100148,LTEC 2100,Fall 2024,C
100970,BUAN 3310,Fall 2023,D
107536,INFO 1100,Fall 2023,D
106265,INFO 4300,Spring 2024,B
107741,DSCI 3210,Fall 2023,A
105279,DSCI 4160,Fall 2023,B
102982,DSCI 4160,Spring 2025,D
108487,CSEC 3220,Fall 2023,F
107901,INFO 3600,Fall 2023,W
104864,ITEC 2010,Fall 2023,B
104590,INFO 2200,Spring 2024,C
108599,DSCI 3210,Fall 2024,B
107556,INFO 1100,Fall 2024,A
103022,INFO 1100,Spring 2025,A
100485,LTEC 2100,Fall 2023,A
100491,ITEC 2010,Fall 2023,F
102032,INFO 2200,Spring 2024,B
101557,INFO 2200,Fall 2024,W
105747,DSCI 3210,Fall 2024,C
108015,CSEC 3220,Spring 2025,A
102424,INFO 2600,Fall 2023,B
104374,INFO 2200,Fall 2023,B
101338,CSEC 2100,Fall 2024,B
107875,INFO 1100,Spring 2024,C
105334,INFO 1100,Fall 2024,B
103776,INFO 1100,Spring 2025,C
101709,INFO 2200,Spring 2025,B
109765,INFO 3340,Fall 2024,A
101728,INFO 3600,Spring 2025,C
105944,INFO 3340,Spring 2025,F
106983,INFO 3340,Fall 2024,C
108485,INFO 1100,Spring 2025,C
104831,CSEC 2100,Spring 2025,B
107202,ITEC 3010,Fall 2023,C
101961,LTEC 2100,Spring 2024,D
108262,INFO 1100,Spring 2025,A
109989,INFO 1100,Fall 2024,A
105735,ITEC 3010,Fall 2024,A
105489,CSEC 4110,Fall 2024,A
108997,INFO 2200,Fall 2024,B
108207,INFO 1100,Fall 2023,B
103854,CSEC 2100,Spring 2025,B
108599,INFO 1100,Fall 2024,C
104795,BUAN 2010,Fall 2024,A
107308,INFO 3600,Fall 2023,C
107540,INFO 2200,Spring 2025,A
100494,CSEC 2100,Fall 2024,D
101229,INFO 1100,Spring 2024,A
103471,INFO 2200,Spring 2025,B
107778,DSCI 4160,Fall 2023,A
105580,ITEC 3010,Spring 2024,A
106302,LTEC 2100,Fall 2024,B
103551,INFO 2200,Spring 2025,A
105271,LTEC 3120,Spring 2025,F
107558,INFO 1100,Fall 2023,A
107496,CSEC 2100,Fall 2024,F
105549,CSEC 2100,Spring 2024,F
100951,INFO 2200,Fall 2024,B
108141,INFO 1100,Spring 2025,C
104270,INFO 2200,Spring 2025,D
101282,CSEC 4110,Spring 2025,C
103150,BUAN 3310,Spring 2025,D
108051,CSEC 2100,Fall 2024,B
104543,DSCI 3210,Fall 2023,A
108108,INFO 1100,Fall 2024,A
100061,INFO 4300,Spring 2024,A
101781,INFO 1100,Spring 2025,A
105244,INFO 1100,Fall 2023,B
107220,INFO 4300,Fall 2023,F
101428,CSEC 4110,Fall 2023,C
106232,INFO 1100,Fall 2023,A
101125,BUAN 2010,Fall 2024,C
103492,BUAN 3310,Spring 2024,C
106977,LTEC 2100,Fall 2023,C
109307,INFO 2200,Spring 2025,B
106464,INFO 3600,Fall 2023,B
109318,CSEC 4110,Fall 2024,F
109566,BUAN 3310,Fall 2023,A
103995,ITEC 2010,Spring 2025,B
104355,ITEC 3010,Spring 2025,C
106691,INFO 2600,Spring 2024,W
101142,CSEC 3220,Fall 2023,F
109149,INFO 1100,Fall 2023,C
100202,INFO 1100,Spring 2024,D
106255,LTEC 2100,Fall 2024,B
101567,INFO 1100,Fall 2023,F
100718,INFO 4300,Spring 2025,B
106110,INFO 1100,Spring 2025,C
107003,INFO 2200,Fall 2023,D
108518,CSEC 4110,Spring 2025,C
103646,INFO 2600,Spring 2025,W
100715,BUAN 2010,Fall 2023,B
103854,INFO 2200,Fall 2023,B
106240,INFO 1100,Fall 2023,C
105485,INFO 1100,Spring 2025,C
105779,DSCI 4160,Fall 2023,A
107774,CSEC 4110,Spring 2024,B
104265,DSCI 3210,Spring 2025,C
101837,INFO 1100,Spring 2025,A
105401,INFO 1100,Spring 2025,C
106246,CSEC 2100,Spring 2024,B
104572,INFO 1100,Fall 2024,A
100198,CSEC 4110,Spring 2025,C
105970,CSEC 3220,Spring 2024,B
106496,CSEC 3220,Fall 2024,A
104789,CSEC 2100,Fall 2024,W
101342,INFO 2600,Fall 2023,B
101529,INFO 1100,Fall 2023,B
109155,INFO 2600,Spring 2025,F
102023,INFO 1100,Spring 2025,B
105332,INFO 3340,Fall 2024,C
102369,DSCI 3210,Fall 2023,B
109642,LTEC 3120,Spring 2025,B
108643,DSCI 3210,Spring 2024,W
109315,CSEC 2100,Spring 2024,C
104069,INFO 2200,Spring 2024,A
105297,INFO 1100,Fall 2024,C
107591,BUAN 2010,Spring 2025,A
104592,CSEC 3220,Fall 2024,B
100529,DSCI 4160,Fall 2024,D
108144,INFO 1100,Fall 2023,A
103573,INFO 2600,Fall 2023,W
106758,CSEC 4110,Spring 2025,F
109962,INFO 1100,Spring 2024,B
108110,LTEC 3120,Spring 2025,C
103624,DSCI 4160,Fall 2024,B
104593,CSEC 3220,Spring 2024,A
108770,ITEC 3010,Spring 2025,C
107166,INFO 1100,Spring 2025,A
106129,BUAN 3310,Fall 2023,B
107166,CSEC 3220,Fall 2023,F
109630,DSCI 3210,Fall 2024,B
108406,INFO 2200,Fall 2023,B
105632,CSEC 2100,Fall 2024,C
100866,CSEC 3220,Spring 2025,F
105795,INFO 2600,Spring 2024,A
102589,INFO 1100,Fall 2024,C
109205,LTEC 3120,Fall 2023,B
100697,DSCI 3210,Spring 2025,B
108147,CSEC 3220,Spring 2025,A
100025,LTEC 2100,Spring 2024,A
104885,INFO 2600,Fall 2023,B
107166,CSEC 4110,Fall 2024,D
104782,INFO 2600,Fall 2023,C
105090,INFO 2200,Spring 2024,C
101259,INFO 1100,Spring 2025,A
109446,INFO 3600,Spring 2024,D
100657,CSEC 2100,Fall 2023,A
101125,INFO 2200,Spring 2025,C
102331,INFO 1100,Spring 2025,B
105080,INFO 3340,Fall 2024,C
106600,INFO 1100,Fall 2023,D
104053,INFO 1100,Spring 2025,B
103147,INFO 2600,Spring 2025,B
100485,INFO 1100,Spring 2024,B
105702,ITEC 2010,Spring 2024,C
106388,INFO 2600,Spring 2025,B
105797,INFO 1100,Spring 2025,B
105635,INFO 3340,Fall 2023,B
108051,INFO 2200,Spring 2025,D
101681,CSEC 4110,Spring 2025,W
109844,INFO 1100,Spring 2024,D
103406,INFO 4300,Spring 2025,B
106874,CSEC 2100,Fall 2024,A
109680,CSEC 2100,Spring 2025,W
102154,CSEC 4110,Spring 2025,A
102832,CSEC 2100,Fall 2023,C
101123,INFO 1100,Fall 2023,C
107282,INFO 4300,Fall 2024,W
104569,DSCI 3210,Spring 2025,C
101280,INFO 2200,Spring 2025,B
102862,CSEC 2100,Fall 2023,B
108493,ITEC 3010,Fall 2023,W
106084,CSEC 4110,Fall 2023,A
107204,INFO 2600,Fall 2023,A
109778,INFO 1100,Fall 2024,C
101372,INFO 4300,Spring 2024,A
104243,INFO 1100,Spring 2024,A
101532,CSEC 4110,Fall 2023,B
101070,INFO 2600,Spring 2025,F
102162,ITEC 3010,Fall 2023,A
102552,CSEC 4110,Spring 2024,B
102556,INFO 1100,Fall 2024,B
108523,INFO 1100,Fall 2024,C
105029,CSEC 2100,Spring 2025,B
107194,INFO 2200,Spring 2025,A
107208,BUAN 2010,Fall 2023,C
103441,INFO 2200,Fall 2023,A
105442,CSEC 2100,Fall 2023,A
103898,INFO 2200,Fall 2023,C
101750,INFO 1100,Fall 2023,C
100166,DSCI 4160,Fall 2023,A
103441,CSEC 3220,Fall 2024,B
100951,DSCI 4160,Fall 2024,D
105676,ITEC 2010,Fall 2024,A
108839,INFO 1100,Fall 2024,W
100662,ITEC 2010,Spring 2024,A
101854,INFO 2200,Spring 2024,A
104955,INFO 2200,Spring 2024,A
108019,LTEC 2100,Fall 2023,B
105793,DSCI 4160,Spring 2025,A
104801,LTEC 2100,Spring 2025,D
108538,LTEC 2100,Fall 2023,C
107048,INFO 2200,Fall 2023,D
107894,CSEC 3220,Fall 2024,B
109558,INFO 2600,Spring 2024,B
107424,INFO 2600,Spring 2025,B
105932,BUAN 2010,Spring 2025,C
100970,BUAN 2010,Fall 2024,D
107830,INFO 2600,Spring 2025,F
108094,LTEC 2100,Spring 2024,D
109196,INFO 1100,Spring 2024,C
109137,INFO 1100,Spring 2024,A
100168,INFO 1100,Fall 2023,A
101507,CSEC 2100,Fall 2024,B
108485,ITEC 3010,Spring 2025,B
105466,INFO 2200,Spring 2024,B
105287,LTEC 3120,Fall 2023,B
100754,INFO 3600,Fall 2024,C
107263,INFO 3340,Spring 2024,D
104512,DSCI 3210,Fall 2024,B
106699,ITEC 2010,Fall 2024,C
102889,LTEC 2100,Spring 2025,D
100633,INFO 1100,Spring 2024,B
105997,INFO 1100,Spring 2024,A
105333,INFO 1100,Spring 2024,B
100365,INFO 2600,Fall 2024,C
103430,BUAN 2010,Fall 2023,F
109610,INFO 1100,Spring 2024,A
101873,INFO 1100,Fall 2024,A
104809,INFO 1100,Fall 2023,D
103104,ITEC 2010,Spring 2025,D
107139,CSEC 4110,Spring 2025,B
103275,LTEC 2100,Spring 2024,A
108767,INFO 2200,Fall 2023,A
107279,INFO 1100,Spring 2024,C
106620,INFO 2600,Fall 2023,A
101525,INFO 2200,Fall 2023,A
108352,INFO 1100,Fall 2023,A
100950,INFO 1100,Spring 2025,B
100307,INFO 1100,Spring 2025,A
102883,CSEC 3220,Fall 2023,B
100603,INFO 1100,Fall 2023,F
108307,INFO 1100,Fall 2024,F
108751,ITEC 3010,Fall 2024,F
109022,INFO 1100,Spring 2024,W
109164,INFO 1100,Fall 2023,C
101269,INFO 1100,Spring 2024,B
102872,INFO 4300,Fall 2024,B
101763,INFO 2600,Spring 2025,A
101469,LTEC 2100,Spring 2024,B
102633,INFO 2200,Spring 2024,W
103471,INFO 1100,Spring 2024,C
106623,INFO 2600,Fall 2023,A
108209,DSCI 4160,Spring 2024,F
101911,INFO 1100,Spring 2025,A
103342,INFO 3600,Spring 2024,W
102261,INFO 2600,Spring 2025,C
103257,INFO 3340,Fall 2024,A
103969,CSEC 2100,Spring 2024,B
102006,INFO 1100,Fall 2024,A
107602,ITEC 2010,Fall 2023,A
100592,INFO 1100,Spring 2025,C
101485,INFO 2200,Fall 2023,B
104031,CSEC 2100,Fall 2024,A
105532,INFO 4300,Fall 2024,B
106875,CSEC 3220,Spring 2024,C
109639,ITEC 3010,Spring 2024,C
108325,INFO 2200,Fall 2023,B
106300,CSEC 3220,Fall 2023,C
106084,INFO 1100,Fall 2024,F
109030,INFO 2600,Fall 2023,W
100132,DSCI 4160,Fall 2023,C
107998,INFO 1100,Spring 2024,A
101881,INFO 1100,Fall 2023,A
109591,BUAN 3310,Spring 2025,B
105384,INFO 2200,Fall 2024,W
106962,ITEC 3010,Fall 2024,B
102106,INFO 2200,Fall 2024,B
109287,INFO 3600,Spring 2025,C
103120,INFO 2200,Fall 2023,C
100173,INFO 2600,Fall 2023,C
101185,DSCI 3210,Fall 2023,A
109879,INFO 4300,Fall 2023,C
103835,INFO 1100,Spring 2024,A
103492,DSCI 3210,Fall 2024,A
109631,CSEC 2100,Spring 2025,D
104927,INFO 2200,Spring 2024,A
107462,INFO 4300,Spring 2024,A
106623,INFO 1100,Fall 2023,C
108564,CSEC 2100,Fall 2023,D
102222,INFO 1100,Fall 2024,C
104212,INFO 1100,Spring 2024,A
102593,INFO 1100,Fall 2023,C
106608,CSEC 3220,Spring 2024,A
103150,INFO 1100,Fall 2024,A
109610,CSEC 3220,Spring 2024,A
107999,CSEC 2100,Fall 2024,A
100685,BUAN 2010,Fall 2023,A
107349,CSEC 2100,Spring 2025,B
106711,INFO 2600,Fall 2023,B
104695,INFO 2200,Spring 2025,B
108667,BUAN 3310,Spring 2025,C
106544,INFO 4300,Spring 2025,A
104301,INFO 1100,Spring 2024,A
108403,DSCI 3210,Spring 2025,A
108693,INFO 2200,Fall 2023,C
108803,DSCI 4160,Spring 2024,D
106245,CSEC 3220,Spring 2025,B
108840,CSEC 2100,Spring 2025,B
107583,INFO 1100,Spring 2024,C
100580,INFO 2200,Fall 2023,A
107217,LTEC 2100,Fall 2023,A
108530,INFO 1100,Fall 2024,B
102832,CSEC 3220,Fall 2024,B
105898,INFO 1100,Spring 2024,A
109878,INFO 2200,Fall 2023,F
102650,CSEC 4110,Spring 2025,A
103675,ITEC 3010,Spring 2024,C
101450,INFO 2200,Fall 2024,A
101096,DSCI 3210,Spring 2025,B
105261,BUAN 3310,Fall 2024,B
103928,CSEC 3220,Fall 2024,F
107690,INFO 1100,Spring 2024,F
107835,CSEC 3220,Spring 2025,A
102163,INFO 2200,Fall 2024,F
105750,BUAN 3310,Fall 2024,A
103547,INFO 3340,Fall 2023,B
100770,INFO 1100,Fall 2023,W
109899,INFO 2200,Spring 2025,C
108237,INFO 1100,Spring 2025,W
103316,INFO 3600,Spring 2025,W
107337,INFO 1100,Spring 2024,D
105319,INFO 3600,Fall 2023,C
100318,INFO 2200,Spring 2024,D
102883,INFO 1100,Spring 2024,B
104265,INFO 2200,Fall 2024,W
100283,CSEC 4110,Fall 2023,F
108135,INFO 3340,Fall 2023,A
105290,INFO 2200,Spring 2025,C
108209,INFO 2200,Spring 2024,D
108397,INFO 2200,Fall 2024,B
104884,CSEC 2100,Fall 2024,A
101123,CSEC 3220,Fall 2023,B
103932,INFO 2200,Spring 2024,C
102572,INFO 2200,Fall 2024,F
100819,BUAN 2010,Fall 2023,W
102477,CSEC 4110,Spring 2025,B
103859,INFO 1100,Fall 2024,A
105476,CSEC 2100,Spring 2024,C
100007,INFO 2200,Fall 2024,C
106263,INFO 1100,Fall 2024,A
108392,INFO 3600,Fall 2024,B
103498,CSEC 3220,Fall 2023,D
102608,CSEC 3220,Spring 2025,A
104976,CSEC 2100,Spring 2025,B
101058,CSEC 2100,Spring 2024,B
101394,CSEC 4110,Spring 2024,C
109887,INFO 2200,Spring 2024,F
105932,INFO 1100,Fall 2024,B
101104,BUAN 3310,Spring 2024,D
109685,INFO 1100,Fall 2024,C
108976,BUAN 2010,Spring 2024,C
108331,CSEC 4110,Spring 2025,B
100592,CSEC 4110,Fall 2023,C
100575,INFO 2200,Fall 2023,D
106027,INFO 2600,Spring 2025,C
108871,INFO 3340,Fall 2023,A
109175,CSEC 2100,Spring 2024,B
106213,CSEC 4110,Spring 2025,A
106473,INFO 1100,Spring 2025,D
104043,INFO 2200,Spring 2024,B
103275,INFO 2600,Fall 2023,B
101394,INFO 2200,Spring 2024,A
103193,INFO 2600,Spring 2025,F
103574,CSEC 2100,Fall 2023,A
107244,INFO 1100,Fall 2024,B
104012,INFO 2200,Spring 2024,A
102944,DSCI 4160,Spring 2025,C
107016,BUAN 2010,Fall 2024,A
103191,INFO 2200,Spring 2025,F
105365,INFO 1100,Spring 2025,A
104233,INFO 3340,Fall 2023,C
103859,INFO 2600,Spring 2025,A
100575,CSEC 2100,Spring 2025,C
105590,CSEC 4110,Fall 2024,A
104298,BUAN 3310,Fall 2023,C
106110,INFO 3600,Fall 2023,B
100980,INFO 1100,Fall 2023,F
103420,LTEC 3120,Fall 2023,C
109676,INFO 4300,Spring 2024,W
109502,INFO 1100,Spring 2025,C
100049,CSEC 2100,Spring 2024,W
105676,INFO 1100,Spring 2024,W
102862,ITEC 2010,Spring 2024,B
107691,INFO 1100,Fall 2024,C
107159,BUAN 2010,Fall 2023,B
103477,DSCI 3210,Fall 2024,F
100596,INFO 1100,Spring 2024,B
105921,INFO 2200,Spring 2024,C
107058,INFO 1100,Fall 2023,C
107548,BUAN 2010,Fall 2024,C
107347,CSEC 3220,Spring 2025,B
105526,INFO 3600,Fall 2024,A
104489,INFO 2600,Spring 2025,C
102833,INFO 2600,Spring 2025,A
108633,INFO 2200,Fall 2023,B
107710,INFO 1100,Fall 2024,C
106401,DSCI 4160,Spring 2024,A
101499,CSEC 3220,Fall 2024,A
109164,CSEC 3220,Spring 2025,C
102944,INFO 2200,Spring 2024,C
104883,INFO 2200,Fall 2024,C
104120,INFO 1100,Spring 2025,C
105261,BUAN 2010,Fall 2023,B
105532,INFO 3600,Spring 2025,D
105080,INFO 1100,Spring 2025,A
105947,INFO 2200,Fall 2023,A
103508,INFO 1100,Spring 2024,C
104397,INFO 2600,Fall 2023,W
105988,CSEC 2100,Fall 2023,A
103613,LTEC 3120,Spring 2024,A
100630,INFO 2600,Fall 2024,W
108037,DSCI 4160,Spring 2024,B
100613,DSCI 3210,Fall 2024,A
102651,INFO 1100,Spring 2024,B
103836,INFO 1100,Fall 2023,A
108279,INFO 3340,Spring 2025,A
105693,INFO 1100,Spring 2024,D
100683,INFO 2200,Spring 2025,A
108560,INFO 1100,Fall 2023,B
105290,DSCI 4160,Spring 2025,B
104342,INFO 1100,Spring 2024,C
108475,INFO 3340,Fall 2024,A
108577,INFO 2200,Fall 2023,C
103940,INFO 1100,Fall 2024,A
101441,CSEC 3220,Spring 2024,A
104576,CSEC 2100,Fall 2024,B
100566,INFO 2600,Spring 2025,F
100664,INFO 1100,Fall 2024,D
104298,INFO 1100,Spring 2025,B
107162,INFO 1100,Spring 2024,C
107491,INFO 3600,Fall 2023,B
101623,INFO 2200,Spring 2025,B
103341,BUAN 3310,Fall 2023,A
105355,INFO 2200,Spring 2024,F
102921,ITEC 2010,Spring 2024,C
109564,INFO 1100,Spring 2025,F
101095,CSEC 2100,Spring 2025,B
102163,INFO 3600,Spring 2024,B
105444,INFO 1100,Spring 2025,F
105339,INFO 1100,Fall 2024,A
101456,INFO 1100,Fall 2024,A
104207,INFO 2200,Fall 2023,A
103316,INFO 4300,Spring 2025,C
108502,LTEC 2100,Fall 2024,B
101657,DSCI 3210,Fall 2024,A
101952,INFO 4300,Fall 2023,B
103318,INFO 2200,Spring 2024,C
103928,INFO 1100,Spring 2024,W
104342,CSEC 4110,Spring 2025,C
103971,CSEC 4110,Spring 2025,B
104831,CSEC 4110,Fall 2023,A
103835,CSEC 3220,Fall 2023,C
104823,INFO 1100,Spring 2025,B
100007,CSEC 3220,Spring 2025,B
105247,INFO 1100,Fall 2023,C
100531,BUAN 2010,Spring 2024,D
100657,CSEC 3220,Fall 2023,C
100546,INFO 2600,Spring 2025,C
105591,INFO 1100,Fall 2024,B
109751,INFO 1100,Fall 2023,A
101219,INFO 3340,Spring 2024,F
100895,CSEC 4110,Fall 2024,B
106762,INFO 1100,Spring 2024,A
101529,INFO 2200,Fall 2024,B
104019,INFO 1100,Spring 2025,D
105607,BUAN 3310,Spring 2024,A
104301,INFO 2200,Fall 2023,C
108470,INFO 1100,Spring 2025,A
108429,INFO 3600,Spring 2025,A
100986,CSEC 3220,Spring 2025,B
105954,INFO 1100,Spring 2024,B
109980,INFO 1100,Fall 2024,B
100028,ITEC 2010,Fall 2024,B
108828,CSEC 2100,Fall 2023,B
105168,INFO 2600,Spring 2025,D
103777,INFO 1100,Fall 2024,A
109872,INFO 2200,Fall 2024,B
101460,INFO 1100,Fall 2024,A
105205,INFO 1100,Fall 2024,A
104887,CSEC 4110,Fall 2024,B
105923,BUAN 3310,Spring 2025,C
106098,INFO 1100,Fall 2024,C
103820,INFO 4300,Spring 2025,B
108004,BUAN 2010,Spring 2025,A
109820,INFO 4300,Fall 2024,D
109453,INFO 1100,Fall 2024,B
107801,CSEC 3220,Fall 2023,B
107471,CSEC 2100,Spring 2025,A
101246,INFO 3340,Spring 2024,C
104934,DSCI 3210,Fall 2023,D
106717,INFO 1100,Spring 2025,A
109103,INFO 1100,Fall 2023,A
104535,LTEC 3120,Fall 2024,C
108141,CSEC 3220,Fall 2023,A
107263,INFO 1100,Fall 2024,A
101795,CSEC 2100,Spring 2024,B
105369,BUAN 3310,Spring 2024,B
101795,INFO 1100,Spring 2025,A
100895,CSEC 3220,Fall 2023,A
105485,INFO 2600,Fall 2023,A
108993,INFO 3600,Fall 2023,B
103260,INFO 4300,Fall 2024,C
100790,INFO 3600,Spring 2025,C
108999,INFO 2600,Spring 2025,A
109275,CSEC 2100,Spring 2024,A
106165,INFO 2200,Spring 2024,A
109636,INFO 2600,Spring 2025,A
100236,CSEC 3220,Spring 2024,D
104766,INFO 1100,Fall 2024,F
104742,CSEC 3220,Spring 2025,B
104345,INFO 2200,Fall 2023,A
102068,BUAN 2010,Spring 2024,A
109640,DSCI 3210,Fall 2023,B
100244,INFO 3600,Fall 2023,A
105683,INFO 4300,Spring 2025,C
109872,INFO 4300,Spring 2025,A
106277,DSCI 3210,Fall 2024,A
105144,INFO 2200,Spring 2024,B
109465,DSCI 4160,Spring 2024,C
100659,INFO 2600,Fall 2024,C
100586,INFO 2600,Spring 2025,W
106573,DSCI 4160,Spring 2024,A
103170,CSEC 4110,Fall 2024,B
103303,INFO 2200,Fall 2024,A
103247,INFO 1100,Fall 2024,C
100701,INFO 1100,Spring 2024,A
107242,INFO 2200,Spring 2025,C
101991,CSEC 4110,Spring 2024,C
106997,INFO 1100,Spring 2025,F
107320,INFO 2200,Spring 2024,B
105439,INFO 2600,Spring 2025,C
103360,CSEC 3220,Fall 2023,A
101753,CSEC 2100,Spring 2025,A
104383,INFO 2600,Fall 2023,A
103093,INFO 2600,Spring 2025,B
103406,INFO 2600,Fall 2024,A
107208,INFO 1100,Spring 2024,B
107108,CSEC 4110,Fall 2024,B
100398,INFO 3340,Fall 2024,C
102512,INFO 1100,Spring 2025,C
100586,ITEC 2010,Fall 2024,F
105414,INFO 1100,Spring 2025,B
108523,CSEC 2100,Fall 2024,W
109989,BUAN 3310,Spring 2025,C
106619,DSCI 3210,Spring 2025,A
108099,ITEC 3010,Spring 2025,A
100770,INFO 2200,Spring 2024,B
109258,BUAN 2010,Fall 2023,A
108279,DSCI 4160,Spring 2025,A
102094,INFO 1100,Fall 2024,C
102125,BUAN 3310,Spring 2025,B
101259,INFO 3600,Fall 2023,A
103294,DSCI 4160,Fall 2023,C
107685,INFO 3340,Fall 2023,A
107507,INFO 1100,Fall 2024,C
104946,INFO 1100,Spring 2024,C
107667,INFO 1100,Fall 2024,B
102077,INFO 2200,Spring 2024,W
105717,INFO 2200,Fall 2023,A
102974,INFO 2600,Spring 2024,C
106984,INFO 2600,Fall 2023,B
102804,CSEC 3220,Spring 2025,A
107462,INFO 1100,Spring 2025,A
109206,CSEC 2100,Spring 2024,A
100989,INFO 1100,Fall 2024,A
103555,BUAN 2010,Fall 2023,W
103783,CSEC 3220,Fall 2023,A
102242,INFO 4300,Spring 2024,A
101264,DSCI 3210,Fall 2024,A
102125,DSCI 3210,Spring 2025,A
100483,INFO 2200,Fall 2023,B
108958,CSEC 3220,Spring 2025,B
105683,INFO 1100,Spring 2024,B
103867,CSEC 2100,Fall 2023,B
100540,INFO 2600,Spring 2024,D
103693,INFO 1100,Spring 2024,B
106164,ITEC 2010,Spring 2025,B
102261,INFO 3600,Fall 2023,A
104545,INFO 1100,Fall 2024,C
100466,INFO 1100,Spring 2024,F
109461,LTEC 2100,Spring 2024,A
105717,DSCI 4160,Fall 2024,C
105607,BUAN 2010,Spring 2025,C
104621,INFO 4300,Fall 2023,A
106874,INFO 1100,Fall 2024,C
100135,CSEC 2100,Fall 2023,A
108074,DSCI 3210,Spring 2025,B
102032,BUAN 3310,Spring 2025,A
108692,LTEC 2100,Fall 2024,A
100458,BUAN 3310,Spring 2025,B
103421,ITEC 3010,Spring 2024,B
108836,INFO 2200,Spring 2024,C
109630,INFO 1100,Fall 2023,F
106041,CSEC 2100,Fall 2023,B
107424,CSEC 2100,Fall 2024,A
103360,CSEC 2100,Fall 2024,C
108237,CSEC 2100,Spring 2025,D
109391,INFO 1100,Spring 2024,A
106854,BUAN 2010,Fall 2023,B
103683,CSEC 4110,Fall 2023,A
107627,INFO 3340,Spring 2025,A
103237,INFO 2200,Spring 2024,D
106998,INFO 1100,Spring 2024,B
105660,ITEC 3010,Spring 2024,A
108036,CSEC 2100,Spring 2024,D
108749,ITEC 3010,Fall 2023,F
104345,INFO 2200,Spring 2025,A
103422,CSEC 2100,Spring 2024,C
102106,CSEC 3220,Spring 2025,A
104020,INFO 2200,Fall 2023,B
104547,CSEC 3220,Spring 2025,A
101499,CSEC 4110,Fall 2023,C
108265,CSEC 2100,Spring 2024,B
102648,CSEC 3220,Fall 2023,B
109647,INFO 2200,Fall 2023,A
108683,INFO 2200,Fall 2023,B
102580,CSEC 4110,Spring 2024,A
106699,ITEC 3010,Fall 2023,A
106734,INFO 2600,Spring 2025,F
100691,CSEC 4110,Spring 2024,C
106339,BUAN 3310,Fall 2024,A
100020,INFO 2600,Fall 2024,A
104096,INFO 1100,Spring 2024,B
100113,INFO 3600,Spring 2024,B
108851,INFO 2200,Spring 2024,B
107613,INFO 1100,Fall 2024,D
109845,LTEC 2100,Spring 2025,B
105247,INFO 3600,Fall 2023,B
105811,CSEC 2100,Fall 2024,B
102074,INFO 2200,Fall 2023,C
105702,ITEC 3010,Fall 2023,B
105645,INFO 2600,Fall 2024,B
109291,INFO 2200,Spring 2025,A
108641,CSEC 2100,Fall 2023,A
102836,CSEC 2100,Spring 2025,D
106029,INFO 1100,Spring 2025,D
103783,CSEC 4110,Spring 2025,W
105562,INFO 2600,Spring 2025,A
103466,CSEC 2100,Fall 2024,C
104044,INFO 2200,Fall 2024,A
109514,CSEC 4110,Fall 2023,C
108851,BUAN 3310,Fall 2023,A
102037,INFO 2200,Spring 2025,C
107734,BUAN 3310,Spring 2025,A
105402,INFO 2200,Spring 2024,C
101634,INFO 2200,Spring 2024,C
105186,DSCI 4160,Fall 2023,B
102068,INFO 2200,Spring 2025,B
109360,INFO 4300,Fall 2023,D
100724,ITEC 3010,Spring 2024,C
100273,INFO 1100,Fall 2024,B
102123,INFO 4300,Spring 2025,B
103214,INFO 4300,Spring 2024,A
105520,ITEC 3010,Spring 2024,B
100159,INFO 1100,Fall 2024,A
106856,CSEC 2100,Fall 2024,B
100657,CSEC 4110,Spring 2025,A
105205,CSEC 4110,Spring 2025,F
101096,INFO 3340,Spring 2025,B
101994,CSEC 2100,Fall 2024,W
103101,CSEC 3220,Fall 2023,B
101564,CSEC 2100,Spring 2025,B
105568,INFO 2200,Spring 2025,B
102094,CSEC 4110,Fall 2023,A
103299,CSEC 3220,Fall 2024,C
102011,CSEC 2100,Spring 2025,C
103962,CSEC 2100,Fall 2024,A
106050,INFO 2200,Fall 2023,D
109399,CSEC 2100,Spring 2025,B
103631,INFO 2600,Spring 2024,C
103481,INFO 4300,Spring 2024,W
108718,INFO 1100,Fall 2023,C
106164,ITEC 3010,Fall 2023,W
107016,DSCI 3210,Fall 2023,B
101356,LTEC 2100,Spring 2025,B
105271,INFO 1100,Spring 2024,D
107685,DSCI 4160,Fall 2024,A
103406,INFO 3600,Spring 2024,C
103753,INFO 1100,Spring 2024,A
100470,INFO 1100,Fall 2023,A
108686,CSEC 4110,Fall 2024,B
109788,CSEC 4110,Fall 2024,B
106132,INFO 1100,Fall 2023,B
106478,DSCI 3210,Spring 2024,D
101881,INFO 3600,Fall 2024,B
103356,INFO 1100,Spring 2025,B
102593,CSEC 3220,Fall 2023,A
106830,INFO 1100,Spring 2024,B
102077,BUAN 3310,Spring 2024,A
109274,INFO 3600,Fall 2023,B
108724,CSEC 4110,Spring 2024,B
104536,INFO 2600,Spring 2024,B
100101,CSEC 2100,Spring 2024,W
109149,CSEC 4110,Spring 2025,D
106391,DSCI 3210,Spring 2024,B
106007,INFO 2200,Spring 2025,B
102963,INFO 4300,Spring 2025,A
106795,INFO 1100,Fall 2023,W
103533,INFO 3600,Spring 2024,F
101081,ITEC 2010,Spring 2025,B
109838,INFO 1100,Spring 2024,C
103141,LTEC 3120,Fall 2023,C
106979,INFO 1100,Spring 2025,B
103150,BUAN 2010,Spring 2024,A
108319,INFO 3600,Fall 2024,B
103273,ITEC 2010,Fall 2024,A
100168,INFO 4300,Spring 2024,D
108387,ITEC 2010,Fall 2023,A
100529,INFO 3340,Fall 2023,B
100847,INFO 2200,Spring 2024,B
109845,LTEC 3120,Spring 2024,A
103072,LTEC 3120,Fall 2024,A
108418,DSCI 3210,Fall 2023,F
103832,DSCI 3210,Fall 2023,B
100591,LTEC 2100,Spring 2024,A
108965,CSEC 2100,Fall 2023,B
107154,CSEC 4110,Spring 2024,A
100938,INFO 2600,Spring 2024,A
105080,DSCI 3210,Spring 2024,B
108334,DSCI 4160,Fall 2023,B
105060,INFO 1100,Spring 2025,A
100492,INFO 1100,Spring 2024,A
109492,INFO 1100,Spring 2024,C
105747,INFO 3340,Fall 2024,W
101903,INFO 2200,Spring 2024,C
102650,CSEC 3220,Fall 2023,F
103179,BUAN 3310,Spring 2024,B
104980,INFO 2600,Spring 2024,C
108544,CSEC 4110,Spring 2024,A
101111,INFO 1100,Fall 2024,C
104566,DSCI 3210,Spring 2024,B
100190,INFO 1100,Fall 2023,C
104742,INFO 2200,Spring 2025,B
105172,CSEC 2100,Spring 2024,A
105607,INFO 1100,Spring 2024,C
104142,INFO 4300,Fall 2024,A
104836,CSEC 2100,Spring 2025,F
107197,LTEC 3120,Spring 2024,A
105025,INFO 1100,Fall 2024,F
102564,INFO 1100,Fall 2024,A
108704,INFO 3340,Fall 2023,F
107148,INFO 1100,Fall 2023,B
103635,INFO 2600,Spring 2024,F
107471,INFO 1100,Fall 2023,F
101219,INFO 1100,Fall 2024,B
109151,INFO 1100,Fall 2024,A
103997,DSCI 4160,Fall 2023,B
105485,INFO 2200,Spring 2025,A
100548,INFO 3340,Fall 2023,A
105603,INFO 2200,Fall 2024,C
102252,DSCI 4160,Spring 2024,D
104927,INFO 3340,Fall 2023,C
104053,INFO 3600,Fall 2024,F
101710,INFO 1100,Fall 2024,A
104243,CSEC 4110,Fall 2023,A
109185,INFO 4300,Spring 2025,B
108187,INFO 2600,Spring 2024,C
105489,CSEC 3220,Fall 2023,W
100015,INFO 4300,Spring 2024,C
107394,CSEC 4110,Fall 2024,B
103280,INFO 2600,Spring 2024,F
101279,ITEC 2010,Spring 2024,B
104641,INFO 2200,Spring 2025,C
109254,DSCI 3210,Fall 2023,B
104864,INFO 2600,Fall 2023,B
104739,INFO 4300,Fall 2023,A
108035,INFO 1100,Fall 2023,D
101041,CSEC 2100,Spring 2025,A
105523,INFO 1100,Spring 2025,A
103675,INFO 1100,Fall 2024,W
106452,INFO 2600,Fall 2024,B
103547,DSCI 3210,Fall 2024,F
102268,INFO 1100,Fall 2024,A
106854,DSCI 3210,Fall 2023,W
102682,ITEC 3010,Spring 2025,D
109502,CSEC 2100,Spring 2025,B
107496,INFO 2200,Spring 2025,C
107509,DSCI 4160,Spring 2024,C
108769,INFO 4300,Spring 2025,C
109231,INFO 1100,Fall 2023,C
102239,INFO 1100,Spring 2025,W
105029,ITEC 2010,Spring 2024,A
103478,CSEC 2100,Fall 2023,B
109058,INFO 4300,Fall 2023,A
105248,LTEC 3120,Fall 2024,A
102906,INFO 1100,Fall 2023,B
101788,INFO 1100,Spring 2025,A
106532,INFO 4300,Spring 2025,F
102023,CSEC 2100,Spring 2024,B
107613,INFO 3600,Spring 2024,B
102252,INFO 1100,Fall 2024,B
107558,INFO 2200,Spring 2024,D
105051,INFO 4300,Fall 2024,B
102252,INFO 2200,Spring 2024,B
108977,BUAN 2010,Fall 2023,D
100654,INFO 1100,Fall 2024,C
103953,ITEC 2010,Fall 2024,A
102552,CSEC 3220,Spring 2024,B
103694,CSEC 3220,Spring 2024,A
100045,INFO 2200,Spring 2024,B
106820,ITEC 3010,Fall 2024,A
105319,INFO 2600,Fall 2023,A
105535,INFO 4300,Spring 2024,C
107288,LTEC 3120,Spring 2024,C
109751,CSEC 4110,Fall 2023,A
108654,CSEC 2100,Fall 2023,W
101461,INFO 2600,Fall 2024,A
103054,INFO 1100,Spring 2025,C
102108,INFO 1100,Fall 2023,W
103542,ITEC 2010,Spring 2024,A
102237,INFO 2600,Spring 2025,C
103531,DSCI 4160,Spring 2024,W
109323,BUAN 2010,Fall 2023,B
101511,INFO 2200,Spring 2025,B
105131,BUAN 2010,Fall 2024,W
109647,CSEC 4110,Spring 2024,B
105664,DSCI 3210,Spring 2025,A
106781,INFO 4300,Spring 2025,C
105853,INFO 2200,Fall 2024,C
106505,INFO 2600,Fall 2023,C
108386,INFO 1100,Fall 2023,C
107954,ITEC 2010,Fall 2024,D
100950,CSEC 3220,Spring 2024,C
106213,CSEC 2100,Spring 2025,C
106171,ITEC 3010,Spring 2024,B
100837,BUAN 3310,Fall 2024,C
103941,CSEC 2100,Spring 2025,C
106027,CSEC 2100,Spring 2024,B
105179,CSEC 2100,Spring 2025,A
106695,DSCI 3210,Spring 2024,B
106890,INFO 4300,Fall 2024,B
101358,DSCI 3210,Fall 2024,D
105335,INFO 1100,Fall 2024,A
100676,CSEC 2100,Fall 2023,A
100932,ITEC 2010,Fall 2024,A
105811,INFO 1100,Spring 2024,A
108497,INFO 1100,Fall 2023,A
105407,INFO 1100,Spring 2024,C
106822,INFO 1100,Fall 2024,F
106920,INFO 2200,Spring 2025,C
101705,DSCI 3210,Spring 2024,B
103022,DSCI 4160,Spring 2025,C
102104,INFO 1100,Spring 2024,B
108211,CSEC 4110,Fall 2023,D
105944,INFO 2200,Spring 2025,B
100478,INFO 1100,Fall 2024,B
104489,INFO 1100,Fall 2023,B
103151,INFO 1100,Fall 2024,A
101795,INFO 2600,Spring 2025,C
107510,DSCI 4160,Fall 2024,B
106947,INFO 1100,Fall 2023,B
106589,INFO 3340,Fall 2023,D
106920,CSEC 3220,Spring 2024,B
104639,INFO 2600,Fall 2024,W
104935,CSEC 3220,Fall 2023,A
101092,ITEC 3010,Spring 2025,W
101591,INFO 1100,Spring 2025,B
100911,INFO 3340,Fall 2023,A
107786,CSEC 2100,Fall 2024,D
102342,CSEC 4110,Spring 2024,B
109998,INFO 1100,Spring 2024,C
105487,INFO 2600,Spring 2025,B
109517,CSEC 3220,Spring 2025,A
100299,INFO 3600,Spring 2024,A
100049,INFO 1100,Spring 2025,C
107481,CSEC 4110,Fall 2023,B
105549,INFO 2200,Fall 2023,A
100544,DSCI 4160,Spring 2025,B
101759,INFO 2600,Fall 2023,A
103852,INFO 4300,Spring 2024,C
107267,ITEC 3010,Spring 2024,A
104766,INFO 2600,Spring 2025,B
100287,INFO 1100,Fall 2023,C
105386,INFO 2600,Fall 2024,C
108577,CSEC 4110,Fall 2024,W
103702,LTEC 3120,Spring 2024,B
103557,DSCI 4160,Fall 2024,W
106936,ITEC 3010,Fall 2024,F
104524,INFO 4300,Spring 2024,D
108095,INFO 1100,Fall 2023,B
104574,LTEC 3120,Fall 2024,F
101415,CSEC 3220,Spring 2024,D
102199,INFO 1100,Spring 2024,C
103520,INFO 2200,Fall 2023,A
104175,CSEC 2100,Fall 2024,A
109956,INFO 2600,Fall 2023,D
101344,INFO 2200,Spring 2025,B
105287,INFO 4300,Spring 2024,A
100692,BUAN 3310,Spring 2025,B
106046,INFO 2600,Spring 2024,B
101592,CSEC 3220,Fall 2024,C
102227,INFO 2200,Fall 2024,B
103278,INFO 1100,Fall 2024,D
107990,INFO 1100,Spring 2025,D
103134,INFO 2200,Spring 2024,F
100101,INFO 1100,Fall 2023,D
101299,CSEC 2100,Fall 2023,A
106674,INFO 1100,Fall 2023,F
105206,INFO 2200,Fall 2023,A
105276,CSEC 2100,Fall 2024,C
102223,INFO 1100,Spring 2025,B
105132,INFO 1100,Fall 2024,B
101150,BUAN 3310,Fall 2023,C
102113,INFO 3600,Spring 2024,W
109465,INFO 2200,Fall 2024,A
105532,INFO 1100,Fall 2024,A
108355,CSEC 4110,Spring 2025,A
109500,INFO 2200,Fall 2024,A
104032,INFO 1100,Fall 2023,B
109228,INFO 1100,Spring 2024,A
100564,INFO 1100,Fall 2023,B
103147,ITEC 3010,Spring 2025,W
101055,INFO 2600,Spring 2024,C
109887,INFO 3600,Spring 2025,D
103717,INFO 2200,Fall 2023,F
109564,ITEC 3010,Fall 2023,A
106855,INFO 2200,Spring 2025,B
108863,CSEC 4110,Fall 2023,F
105276,INFO 2600,Fall 2023,C
103257,DSCI 3210,Fall 2023,B
104004,INFO 1100,Spring 2025,A
105131,INFO 1100,Fall 2024,A
107710,LTEC 3120,Spring 2025,B
102986,INFO 2200,Fall 2023,A
107774,CSEC 3220,Spring 2025,C
108827,DSCI 3210,Fall 2024,D
106232,INFO 2600,Fall 2023,D
104212,BUAN 3310,Fall 2023,W
106031,INFO 1100,Fall 2024,A
105067,CSEC 2100,Spring 2024,A
104175,INFO 1100,Spring 2024,B
105289,INFO 2200,Fall 2023,B
105254,CSEC 2100,Fall 2024,A
103026,INFO 1100,Fall 2024,C
103754,INFO 1100,Spring 2024,A
104473,INFO 2200,Fall 2024,B
108095,INFO 2600,Fall 2024,C
104566,BUAN 2010,Fall 2024,C
106175,CSEC 4110,Spring 2025,B
108213,CSEC 3220,Fall 2024,B
101081,ITEC 3010,Spring 2024,C
102815,DSCI 3210,Spring 2025,A
108701,ITEC 3010,Spring 2025,B
105618,BUAN 2010,Fall 2023,C
103624,DSCI 3210,Spring 2025,B
108180,INFO 1100,Spring 2025,B
104157,INFO 3340,Spring 2024,B
100895,CSEC 2100,Fall 2024,C
101480,INFO 3340,Fall 2023,A
103604,BUAN 2010,Fall 2024,C
100632,INFO 2600,Spring 2025,A
103662,BUAN 3310,Spring 2024,F
109377,BUAN 2010,Fall 2024,A
104363,INFO 1100,Spring 2025,A
108095,ITEC 2010,Fall 2023,A
107877,BUAN 2010,Fall 2023,C
103545,INFO 2200,Fall 2024,C
108211,INFO 2200,Spring 2025,C
103441,INFO 1100,Fall 2023,C
100343,ITEC 3010,Fall 2024,A
105875,INFO 2200,Spring 2025,A
100299,INFO 1100,Spring 2025,W
105922,LTEC 3120,Fall 2024,A
100056,INFO 1100,Fall 2023,A
107031,INFO 1100,Fall 2024,C
101480,INFO 1100,Spring 2025,B
108818,ITEC 3010,Fall 2023,C
108181,BUAN 2010,Fall 2023,W
106731,INFO 2200,Spring 2025,B
102938,CSEC 4110,Fall 2024,B
105717,INFO 1100,Fall 2023,B
109323,DSCI 3210,Fall 2023,C
104043,DSCI 4160,Spring 2024,A
108213,INFO 1100,Spring 2024,A
101013,INFO 4300,Spring 2024,A
101297,CSEC 2100,Spring 2025,B
106165,INFO 1100,Fall 2023,C
106608,INFO 2200,Fall 2024,A
109863,INFO 1100,Fall 2023,C
101529,CSEC 4110,Fall 2024,F
100509,ITEC 3010,Fall 2023,C
107139,INFO 1100,Fall 2023,B
109841,INFO 1100,Fall 2023,A
102237,LTEC 3120,Spring 2025,A
104559,INFO 2200,Fall 2023,B
100844,INFO 2200,Fall 2024,B
101004,LTEC 2100,Spring 2025,B
105871,INFO 1100,Spring 2024,B
102108,INFO 2600,Fall 2024,B
106954,INFO 2600,Fall 2023,B
104935,CSEC 2100,Fall 2023,A
100508,INFO 2600,Fall 2024,C
101078,DSCI 3210,Fall 2023,A
104359,ITEC 3010,Spring 2025,A
100493,INFO 1100,Spring 2025,C
103898,INFO 1100,Spring 2025,F
105132,CSEC 3220,Fall 2023,C
108547,INFO 2200,Fall 2024,B
101022,CSEC 2100,Fall 2023,A
105906,INFO 2600,Fall 2023,B
106695,BUAN 3310,Spring 2024,B
108897,INFO 3600,Spring 2025,D
106104,INFO 3340,Spring 2024,B
101911,CSEC 4110,Spring 2024,B
107869,CSEC 2100,Fall 2023,A
106983,INFO 1100,Fall 2024,A
100307,INFO 3600,Fall 2024,B
107727,CSEC 2100,Spring 2025,A
106302,INFO 2600,Spring 2024,A
104043,INFO 3340,Fall 2023,A
106313,CSEC 4110,Spring 2024,C
101652,INFO 2200,Fall 2024,B
106280,INFO 3600,Spring 2024,A
100466,CSEC 4110,Fall 2024,A
100385,INFO 1100,Fall 2023,A
105840,INFO 2200,Spring 2024,W
105797,INFO 2200,Spring 2025,B
100762,INFO 1100,Fall 2024,W
100366,CSEC 3220,Fall 2023,A
103530,INFO 1100,Fall 2024,B
104569,CSEC 4110,Fall 2023,W
104676,INFO 3600,Fall 2024,C
104927,DSCI 4160,Fall 2024,B
103870,INFO 3340,Fall 2024,F
109403,INFO 2600,Spring 2024,A
103734,INFO 1100,Spring 2024,C
105819,ITEC 3010,Fall 2024,F
100231,BUAN 2010,Fall 2023,A
100210,INFO 2200,Spring 2025,C
107024,INFO 1100,Spring 2024,C
109751,INFO 2200,Fall 2024,A
108497,INFO 3340,Fall 2024,B
109142,CSEC 2100,Fall 2024,C
100345,INFO 2600,Spring 2024,A
106508,ITEC 2010,Fall 2023,A
101903,INFO 3600,Spring 2025,A
107391,INFO 1100,Spring 2025,B
103377,INFO 1100,Spring 2024,D
107855,INFO 3340,Fall 2023,A
101185,INFO 3340,Spring 2025,W
106951,CSEC 4110,Spring 2025,C
100025,INFO 2600,Fall 2024,B
108958,INFO 2200,Fall 2024,W
100050,INFO 1100,Fall 2024,B
101007,INFO 1100,Spring 2025,B
109931,DSCI 4160,Fall 2024,A
104310,INFO 2600,Spring 2025,A
104006,CSEC 2100,Fall 2023,B
104823,BUAN 3310,Fall 2024,A
104764,CSEC 4110,Spring 2025,A
108145,DSCI 4160,Fall 2023,C
106776,INFO 4300,Spring 2025,A
106391,INFO 2200,Spring 2025,F
101705,DSCI 4160,Spring 2025,B
102683,INFO 1100,Spring 2025,F
102580,INFO 1100,Fall 2024,A
101163,DSCI 4160,Fall 2023,D
101564,CSEC 4110,Spring 2025,C
104133,CSEC 4110,Spring 2025,C
108457,CSEC 2100,Fall 2023,B
104558,INFO 2600,Spring 2024,C
106302,INFO 1100,Spring 2024,D
103262,INFO 3600,Spring 2025,D
108641,CSEC 4110,Spring 2024,W
107886,DSCI 3210,Spring 2024,D
108141,CSEC 4110,Spring 2025,A
106319,INFO 1100,Fall 2023,A
105132,CSEC 2100,Spring 2025,D
108244,INFO 1100,Fall 2023,F
105735,INFO 1100,Spring 2025,W
106692,INFO 3600,Spring 2025,F
108704,DSCI 3210,Spring 2024,A
108457,CSEC 3220,Spring 2025,D
107282,INFO 2600,Fall 2024,C
108200,BUAN 3310,Fall 2024,C
100049,INFO 2200,Spring 2025,B
109163,INFO 1100,Spring 2024,C
109415,CSEC 3220,Spring 2025,B
104447,INFO 1100,Spring 2024,A
106838,INFO 1100,Spring 2024,A
109858,DSCI 4160,Spring 2024,C
101702,CSEC 3220,Fall 2024,A
108319,INFO 4300,Spring 2025,B
105319,INFO 1100,Spring 2025,C
104887,INFO 1100,Fall 2024,A
102106,INFO 1100,Fall 2023,B
107159,DSCI 3210,Spring 2025,B
104934,INFO 3340,Fall 2024,A
104857,INFO 1100,Spring 2025,A
104980,INFO 2200,Spring 2025,F
109030,ITEC 3010,Spring 2024,A
104639,INFO 1100,Fall 2024,B
105535,INFO 3600,Spring 2025,A
108135,INFO 1100,Fall 2024,A
105341,BUAN 3310,Spring 2024,A
103871,INFO 1100,Fall 2023,A
106508,INFO 1100,Fall 2024,B
105952,CSEC 2100,Spring 2024,A
101681,INFO 1100,Fall 2024,B
109594,DSCI 3210,Fall 2023,C
107149,INFO 1100,Spring 2024,A
106795,BUAN 3310,Spring 2024,W
106413,INFO 1100,Spring 2025,A
108041,CSEC 3220,Spring 2025,A
101759,ITEC 3010,Fall 2023,B
100630,ITEC 3010,Fall 2023,B
101460,INFO 2200,Fall 2023,D
107446,INFO 1100,Fall 2023,A
101610,CSEC 2100,Spring 2025,A
101750,INFO 2600,Fall 2023,C
104547,CSEC 4110,Spring 2024,F
101150,INFO 2200,Spring 2025,B
103574,CSEC 4110,Spring 2025,C
100057,CSEC 2100,Spring 2025,B
100847,INFO 1100,Spring 2024,A
105164,LTEC 3120,Spring 2024,C
105268,CSEC 4110,Fall 2024,C
109858,INFO 1100,Fall 2024,B
103158,CSEC 4110,Fall 2024,A
101185,INFO 1100,Spring 2025,A
104993,INFO 2200,Fall 2024,B
106912,INFO 1100,Fall 2024,C
104053,INFO 4300,Spring 2025,W
101589,INFO 4300,Fall 2024,B
103753,CSEC 2100,Spring 2025,B
108971,INFO 1100,Spring 2024,B
108836,INFO 1100,Fall 2023,A
107473,INFO 1100,Fall 2024,B
103698,INFO 1100,Fall 2024,A
104152,INFO 1100,Fall 2024,B
100236,INFO 1100,Fall 2023,B
103813,INFO 4300,Spring 2024,A
106037,BUAN 3310,Fall 2024,A
107535,INFO 2600,Fall 2023,A
108081,CSEC 4110,Fall 2023,A
107448,ITEC 3010,Spring 2024,A
106426,BUAN 2010,Fall 2024,C
108279,INFO 1100,Spring 2024,D
106634,CSEC 2100,Fall 2024,B
104613,DSCI 3210,Spring 2025,A
103480,CSEC 3220,Fall 2024,D
106505,CSEC 2100,Spring 2025,C
105580,CSEC 2100,Fall 2024,C
108442,CSEC 3220,Fall 2023,A
109318,CSEC 3220,Spring 2024,D
101342,INFO 3600,Fall 2024,W
101758,INFO 1100,Fall 2023,C
103857,CSEC 2100,Fall 2024,B
100485,INFO 2600,Spring 2025,A
108393,CSEC 2100,Spring 2024,B
109435,INFO 4300,Fall 2024,A
105218,CSEC 3220,Spring 2025,B
103820,LTEC 2100,Spring 2024,W
101455,CSEC 2100,Spring 2024,B
106496,CSEC 4110,Spring 2024,C
106699,INFO 1100,Fall 2023,B
109831,CSEC 3220,Spring 2025,C
105958,INFO 2200,Spring 2025,B
108825,CSEC 3220,Spring 2024,A
104447,CSEC 4110,Fall 2024,D
101567,INFO 2200,Spring 2025,A
101246,INFO 1100,Fall 2023,D
104358,LTEC 2100,Fall 2023,C
107197,INFO 4300,Fall 2024,A
104466,CSEC 4110,Fall 2023,C
101323,INFO 1100,Spring 2024,C
101390,BUAN 3310,Fall 2024,F
107893,INFO 2200,Fall 2024,C
109786,LTEC 2100,Spring 2025,F
101219,INFO 2200,Fall 2024,C
106608,INFO 1100,Fall 2023,D
106781,INFO 3600,Fall 2024,B
100586,ITEC 3010,Fall 2024,F
105254,CSEC 3220,Fall 2023,D
103386,INFO 1100,Spring 2024,C
100808,BUAN 2010,Fall 2023,D
105568,CSEC 2100,Fall 2023,B
105037,INFO 2600,Fall 2024,B
102227,INFO 1100,Fall 2024,B
109287,INFO 2200,Fall 2023,B
102242,INFO 1100,Spring 2025,B
101515,BUAN 2010,Fall 2023,F
104470,CSEC 2100,Spring 2024,B
109390,BUAN 2010,Spring 2025,W
105144,CSEC 2100,Fall 2024,A
107139,CSEC 2100,Spring 2025,A
105248,INFO 2600,Spring 2025,A
103191,INFO 1100,Spring 2025,C
103109,CSEC 3220,Spring 2025,W
108871,INFO 2200,Fall 2024,B
102832,CSEC 4110,Spring 2025,W
104364,INFO 1100,Spring 2024,C
109400,ITEC 2010,Spring 2024,F
105452,INFO 1100,Fall 2023,A
102099,DSCI 3210,Fall 2024,A
101170,DSCI 3210,Fall 2024,B
105076,INFO 2200,Spring 2024,A
108655,LTEC 3120,Spring 2024,C
100518,INFO 2600,Fall 2023,B
108518,CSEC 3220,Spring 2025,B
101125,DSCI 3210,Spring 2024,A
109188,INFO 2200,Spring 2025,A
100308,INFO 2200,Spring 2024,A
103141,INFO 4300,Spring 2025,C
106409,INFO 1100,Spring 2025,A
106237,INFO 1100,Spring 2025,A
106937,CSEC 4110,Fall 2023,B
101346,CSEC 2100,Fall 2024,C
100591,INFO 1100,Fall 2024,F
103656,DSCI 4160,Fall 2023,F
102194,INFO 3600,Spring 2025,A
103867,INFO 1100,Fall 2024,B
103450,CSEC 4110,Spring 2025,D
103941,INFO 1100,Spring 2025,B
101541,CSEC 2100,Spring 2024,B
108311,INFO 2200,Spring 2025,F
108946,INFO 1100,Fall 2024,B
107639,INFO 1100,Spring 2024,A
104318,CSEC 2100,Spring 2025,A
109084,ITEC 3010,Fall 2023,A
101580,INFO 2600,Fall 2023,B
108239,INFO 3600,Fall 2023,A
107847,INFO 1100,Fall 2024,D
108800,INFO 2200,Fall 2023,A
102455,DSCI 4160,Fall 2024,A
108686,INFO 1100,Fall 2024,B
104980,INFO 1100,Spring 2025,B
102734,ITEC 3010,Spring 2025,B
104885,LTEC 2100,Spring 2025,A
108989,DSCI 3210,Fall 2024,C
102640,INFO 2200,Spring 2025,F
108361,INFO 2200,Fall 2024,A
107031,INFO 2600,Spring 2025,A
108143,LTEC 2100,Fall 2024,B
108515,ITEC 2010,Fall 2023,B
108993,INFO 2200,Fall 2024,B
102947,INFO 2200,Spring 2025,A
108470,CSEC 3220,Spring 2025,A
109453,INFO 3600,Fall 2024,A
100862,INFO 1100,Spring 2025,B
107893,INFO 1100,Fall 2023,D
103039,LTEC 2100,Fall 2024,B
109593,CSEC 3220,Fall 2024,F
104873,CSEC 2100,Fall 2024,A
106015,INFO 1100,Fall 2023,B
104193,DSCI 3210,Spring 2024,A
104644,INFO 1100,Fall 2024,B
104193,DSCI 4160,Fall 2023,C
103050,CSEC 2100,Fall 2024,D
104373,INFO 2200,Spring 2024,A
102731,INFO 1100,Fall 2023,A
107961,INFO 1100,Spring 2025,D
101279,ITEC 3010,Fall 2024,B
104352,INFO 2200,Fall 2024,C
101004,INFO 4300,Spring 2025,A
108424,CSEC 2100,Fall 2024,A
106339,BUAN 2010,Spring 2025,B
109859,INFO 4300,Spring 2025,C
101541,ITEC 2010,Fall 2023,W
104397,INFO 4300,Fall 2024,C
107697,CSEC 2100,Fall 2023,B
103631,INFO 4300,Fall 2024,C
104037,INFO 2200,Spring 2025,C
107869,INFO 1100,Fall 2024,B
106426,INFO 2200,Spring 2025,A
109500,INFO 2600,Spring 2025,A
102337,CSEC 2100,Spring 2024,C
106311,INFO 1100,Fall 2024,D
106997,INFO 2200,Spring 2024,C
104946,CSEC 4110,Fall 2023,B
103279,LTEC 3120,Spring 2025,C
109845,INFO 4300,Spring 2024,B
101613,DSCI 4160,Fall 2023,C
108051,INFO 1100,Fall 2023,B
107583,INFO 2200,Fall 2023,A
107602,INFO 2600,Spring 2024,B
108915,INFO 2600,Spring 2024,F
104261,INFO 2200,Fall 2024,A
105386,ITEC 3010,Spring 2024,C
100241,INFO 2200,Spring 2025,W
107347,CSEC 4110,Fall 2024,A
108530,CSEC 2100,Fall 2023,B
103733,INFO 2200,Spring 2025,A
109423,DSCI 3210,Fall 2024,D
108319,INFO 1100,Fall 2023,A
104513,INFO 2200,Spring 2025,C
107692,CSEC 4110,Spring 2024,B
101480,DSCI 4160,Fall 2024,B
105629,INFO 2600,Spring 2024,A
102242,INFO 2600,Fall 2023,A
104318,INFO 1100,Fall 2024,C
106529,INFO 2200,Fall 2024,B
105616,INFO 1100,Spring 2024,A
108211,INFO 1100,Spring 2024,B
104447,INFO 2200,Spring 2024,B
101961,INFO 2600,Fall 2024,B
108848,CSEC 4110,Fall 2023,A
100500,INFO 1100,Spring 2024,C
101256,INFO 4300,Spring 2024,C
105598,INFO 4300,Spring 2025,B
101288,INFO 4300,Spring 2024,A
101634,INFO 1100,Fall 2024,D
103342,INFO 1100,Fall 2024,A
103867,CSEC 4110,Fall 2023,A
102791,INFO 2200,Fall 2024,B
105289,DSCI 4160,Spring 2024,B
103810,ITEC 3010,Spring 2025,C
101346,INFO 1100,Spring 2025,A
109499,LTEC 2100,Spring 2025,D
101013,INFO 2200,Spring 2025,F
109159,INFO 3600,Spring 2024,C
109012,BUAN 3310,Fall 2023,B
108355,CSEC 2100,Spring 2025,W
109423,INFO 1100,Spring 2024,B
109879,INFO 1100,Spring 2025,A
109202,INFO 1100,Spring 2024,C
103256,INFO 1100,Spring 2024,C
101881,INFO 2200,Spring 2025,A
100686,INFO 3600,Spring 2024,A
107692,INFO 2200,Spring 2024,B
104885,LTEC 3120,Spring 2024,B
107583,CSEC 3220,Fall 2023,F
102477,INFO 1100,Spring 2024,C
101025,INFO 1100,Fall 2023,C
109647,INFO 1100,Fall 2023,B
108403,BUAN 3310,Fall 2023,A
106984,LTEC 2100,Spring 2024,B
101696,INFO 4300,Spring 2025,D
106452,INFO 1100,Fall 2023,A
109899,DSCI 4160,Spring 2024,W
109967,CSEC 4110,Fall 2024,B
105702,INFO 1100,Spring 2025,C
101925,DSCI 3210,Spring 2025,B
102530,CSEC 2100,Spring 2024,C
107540,INFO 2600,Spring 2025,F
102667,INFO 1100,Spring 2024,D
100664,CSEC 2100,Fall 2023,B
105843,INFO 1100,Spring 2025,D
103905,INFO 2200,Fall 2024,A
103967,INFO 2600,Spring 2024,B
102268,CSEC 4110,Fall 2024,A
102496,INFO 1100,Spring 2025,A
101175,CSEC 4110,Spring 2024,A
105334,INFO 2200,Fall 2023,D
106057,INFO 3340,Spring 2024,C
104887,INFO 2200,Spring 2024,B
109801,INFO 2600,Fall 2023,B
102451,INFO 2200,Spring 2024,B
100301,INFO 1100,Spring 2025,A
105131,BUAN 3310,Spring 2024,A
100551,BUAN 2010,Spring 2024,A
107197,INFO 2600,Spring 2024,C
107644,DSCI 3210,Spring 2024,A
100115,INFO 1100,Fall 2024,A
107060,INFO 2600,Spring 2025,B
100015,INFO 1100,Fall 2024,A
106822,CSEC 2100,Spring 2025,C
109057,DSCI 3210,Spring 2025,A
103888,INFO 2600,Fall 2023,B
103664,CSEC 2100,Fall 2024,C
103232,CSEC 4110,Spring 2025,A
100683,INFO 1100,Spring 2024,B
104374,INFO 1100,Spring 2025,A
108827,INFO 2200,Fall 2023,C
109566,DSCI 3210,Fall 2023,B
108200,BUAN 2010,Spring 2024,F
103662,BUAN 2010,Spring 2025,B
106050,CSEC 4110,Spring 2025,F
108943,INFO 1100,Spring 2024,A
104878,INFO 1100,Fall 2024,A
105300,INFO 2200,Spring 2025,A
104559,INFO 3340,Fall 2023,B
105127,DSCI 3210,Spring 2025,A
104358,INFO 2600,Spring 2024,A
107446,BUAN 2010,Spring 2025,B
104678,CSEC 3220,Fall 2023,B
105413,LTEC 2100,Spring 2024,C
107778,DSCI 3210,Spring 2024,B
106962,INFO 1100,Fall 2023,B
106814,DSCI 3210,Fall 2023,A
101030,CSEC 3220,Spring 2024,A
100015,INFO 3600,Fall 2023,A
107548,INFO 1100,Fall 2023,F
100621,ITEC 2010,Fall 2023,B
106175,CSEC 2100,Spring 2024,C
105954,CSEC 4110,Fall 2023,F
100679,INFO 1100,Fall 2024,F
101567,CSEC 4110,Spring 2025,C
106689,INFO 2200,Spring 2025,C
103278,CSEC 3220,Spring 2024,A
102956,INFO 1100,Fall 2024,A
107923,CSEC 2100,Fall 2024,A
100209,ITEC 3010,Fall 2024,A
104860,INFO 2200,Fall 2023,A
106084,CSEC 3220,Spring 2025,B
109236,INFO 2600,Spring 2024,W
101787,INFO 1100,Fall 2023,A
103251,INFO 1100,Fall 2024,C
103179,INFO 1100,Spring 2025,W
107729,INFO 3340,Spring 2024,B
101866,INFO 2200,Fall 2024,C
101425,INFO 1100,Spring 2024,A
109377,INFO 1100,Spring 2024,A
101744,INFO 1100,Spring 2024,B
108207,INFO 4300,Fall 2023,C
106708,CSEC 2100,Fall 2023,B
101680,CSEC 3220,Spring 2025,D
101490,LTEC 2100,Spring 2025,C
109453,INFO 2200,Spring 2024,D
104269,LTEC 2100,Spring 2025,A
108943,CSEC 2100,Spring 2025,C
103151,INFO 2600,Spring 2024,B
105268,CSEC 3220,Fall 2024,B
100641,INFO 2200,Spring 2025,A
106655,INFO 2600,Fall 2023,C
101078,INFO 2200,Spring 2024,C
102651,ITEC 3010,Fall 2024,A
106014,CSEC 3220,Fall 2024,C
104265,BUAN 3310,Fall 2024,F
105875,INFO 2600,Fall 2023,B
100566,INFO 1100,Spring 2025,D
101163,DSCI 3210,Fall 2023,A
103923,INFO 1100,Spring 2025,W
107491,INFO 1100,Fall 2024,C
105916,INFO 1100,Spring 2024,A
101876,DSCI 4160,Fall 2024,B
107473,INFO 4300,Fall 2024,B
106412,CSEC 3220,Fall 2023,A
102038,CSEC 3220,Fall 2023,B
102906,LTEC 2100,Spring 2024,A
101150,INFO 1100,Spring 2025,A
107891,INFO 1100,Fall 2023,F
107383,DSCI 4160,Fall 2023,A
105011,INFO 3340,Spring 2025,W
106162,INFO 1100,Fall 2024,B
105717,DSCI 3210,Fall 2023,B
102098,INFO 2200,Spring 2024,B
102585,INFO 2200,Fall 2024,B
103089,CSEC 4110,Spring 2025,D
100007,CSEC 4110,Fall 2024,F
105110,INFO 1100,Spring 2025,B
109899,INFO 1100,Spring 2025,A
105248,INFO 1100,Fall 2024,F
101119,INFO 2600,Spring 2024,B
100292,INFO 1100,Spring 2024,C
106558,INFO 3600,Spring 2025,D
106240,ITEC 3010,Fall 2024,A
104529,INFO 1100,Spring 2025,B
104574,INFO 1100,Spring 2024,A
100531,DSCI 3210,Fall 2023,B
104270,INFO 1100,Fall 2024,F
100315,INFO 4300,Spring 2024,B
103408,CSEC 3220,Spring 2024,B
102194,INFO 4300,Spring 2024,A
107127,INFO 1100,Fall 2023,B
105784,CSEC 3220,Spring 2025,A
104508,CSEC 4110,Spring 2024,B
109801,LTEC 3120,Fall 2023,A
100120,INFO 2200,Spring 2025,A
103871,CSEC 2100,Fall 2023,A
107820,INFO 2200,Spring 2025,B
104738,CSEC 2100,Fall 2024,W
106401,INFO 1100,Spring 2024,B
101299,CSEC 4110,Fall 2023,B
108733,INFO 1100,Spring 2024,C
108608,INFO 2200,Fall 2024,A
104935,CSEC 4110,Fall 2023,B
101728,INFO 1100,Fall 2024,A
102656,INFO 3600,Spring 2025,D
104222,INFO 4300,Spring 2024,C
101866,INFO 4300,Spring 2024,A
105921,CSEC 2100,Fall 2023,A
105892,INFO 3340,Fall 2023,A
100692,DSCI 3210,Spring 2025,A
103214,INFO 1100,Fall 2023,A
102925,INFO 2200,Fall 2023,C
107651,CSEC 2100,Fall 2024,A
101657,INFO 2200,Fall 2023,A
101211,INFO 1100,Spring 2024,A
101986,INFO 3340,Fall 2023,D
107341,INFO 2200,Fall 2024,B
106856,INFO 2200,Spring 2024,A
100631,DSCI 3210,Fall 2023,A
104193,INFO 3340,Spring 2025,D
108803,DSCI 3210,Fall 2024,F
103604,BUAN 3310,Spring 2024,B
109403,CSEC 2100,Fall 2024,B
105052,INFO 1100,Spring 2025,A
102437,CSEC 2100,Fall 2024,A
102791,CSEC 2100,Spring 2024,A
109205,INFO 1100,Spring 2025,F
106493,INFO 1100,Fall 2024,A
106493,INFO 2600,Fall 2024,C
103708,INFO 4300,Spring 2024,D
103533,INFO 2200,Fall 2024,C
107453,DSCI 3210,Spring 2025,A
106122,INFO 2200,Spring 2024,B
101508,DSCI 3210,Fall 2023,B
101662,INFO 2200,Spring 2024,B
107971,INFO 1100,Fall 2023,B
106623,ITEC 2010,Fall 2024,A
107090,INFO 1100,Spring 2024,C
108269,INFO 1100,Spring 2024,D
107955,INFO 1100,Fall 2024,B
106831,LTEC 2100,Fall 2024,B
107161,CSEC 2100,Spring 2024,C
101122,DSCI 4160,Fall 2023,A
101387,INFO 2600,Spring 2025,A
101580,INFO 1100,Fall 2024,C
109844,CSEC 2100,Fall 2023,B
109500,INFO 1100,Spring 2024,B
101558,CSEC 3220,Spring 2025,B
108725,INFO 2600,Fall 2024,F
102327,INFO 2200,Spring 2025,A
105819,INFO 1100,Fall 2024,C
102032,DSCI 3210,Spring 2025,W
102113,INFO 4300,Spring 2024,B
105698,INFO 1100,Fall 2023,C
109966,INFO 2200,Spring 2024,F
100442,CSEC 3220,Spring 2025,F
109271,INFO 4300,Spring 2024,B
102698,CSEC 2100,Spring 2025,D
106388,INFO 1100,Fall 2024,C
104440,CSEC 2100,Spring 2025,C
108135,INFO 2200,Fall 2024,A
107843,CSEC 2100,Spring 2024,B
105110,INFO 2600,Spring 2025,C
102424,INFO 1100,Spring 2025,D
104436,INFO 2600,Spring 2025,W
105611,INFO 2200,Fall 2023,A
100433,BUAN 3310,Spring 2025,W
102497,INFO 1100,Spring 2024,C
105468,INFO 1100,Fall 2024,B
102365,INFO 1100,Spring 2025,B
103036,BUAN 3310,Fall 2024,A
101356,INFO 1100,Spring 2024,C
105548,CSEC 2100,Fall 2024,A
109956,INFO 3600,Spring 2025,A
104305,INFO 4300,Spring 2024,B
109801,LTEC 2100,Spring 2025,B
108106,DSCI 3210,Fall 2023,C
103419,INFO 2600,Fall 2024,C
107106,INFO 1100,Fall 2024,F
101916,INFO 1100,Spring 2024,F
104597,INFO 1100,Spring 2025,A
104271,INFO 1100,Fall 2023,A
104512,DSCI 4160,Spring 2025,C
101504,CSEC 4110,Spring 2024,A
104102,LTEC 3120,Spring 2025,C
103554,CSEC 4110,Spring 2024,B
103022,INFO 3340,Spring 2025,C
106832,INFO 1100,Fall 2023,B
106936,INFO 2600,Fall 2024,B
107340,INFO 2200,Fall 2024,B
108019,INFO 2600,Fall 2024,C
103829,DSCI 4160,Fall 2023,B
107928,INFO 1100,Fall 2024,C
108076,INFO 1100,Fall 2024,F
102648,INFO 1100,Fall 2023,B
100493,INFO 2600,Fall 2024,B
100367,ITEC 3010,Spring 2024,B
107862,BUAN 3310,Spring 2024,C
108144,INFO 4300,Spring 2024,W
101759,INFO 1100,Spring 2025,C
103574,CSEC 3220,Fall 2024,A
102261,INFO 4300,Fall 2023,C
108520,LTEC 2100,Fall 2023,A
103086,INFO 2200,Spring 2025,D
103786,INFO 2200,Fall 2023,A
103693,LTEC 3120,Spring 2024,F
108311,INFO 4300,Spring 2025,B
107667,ITEC 3010,Fall 2024,A
100705,INFO 1100,Spring 2024,D
109765,INFO 1100,Fall 2023,A
106795,DSCI 3210,Fall 2023,B
105893,INFO 2200,Fall 2023,D
105334,CSEC 2100,Fall 2024,B
102156,INFO 3600,Fall 2023,C
100966,INFO 1100,Spring 2025,B
108578,BUAN 3310,Spring 2024,C
106185,CSEC 2100,Spring 2024,B
100113,INFO 2600,Fall 2023,A
103953,INFO 1100,Spring 2024,C
104124,INFO 2200,Spring 2024,D
100718,INFO 2200,Fall 2023,A
109879,LTEC 3120,Fall 2024,A
103342,INFO 4300,Fall 2024,B
106255,INFO 1100,Fall 2023,A
101548,CSEC 4110,Fall 2023,F
102782,INFO 1100,Spring 2024,F
102617,CSEC 3220,Spring 2025,A
103144,INFO 2600,Spring 2025,A
103058,INFO 2600,Fall 2024,A
105340,INFO 2600,Fall 2024,B
106257,INFO 1100,Fall 2024,D
104572,INFO 2200,Fall 2023,C
106610,CSEC 3220,Spring 2025,A
104557,INFO 3340,Spring 2024,A
102047,INFO 1100,Fall 2023,B
105715,INFO 2600,Spring 2024,D
104593,INFO 2200,Fall 2023,C
105473,INFO 3340,Fall 2024,A
101876,DSCI 3210,Spring 2025,B
103478,CSEC 4110,Spring 2024,B
109640,INFO 1100,Spring 2025,W
108265,ITEC 2010,Spring 2024,D
108209,INFO 3340,Spring 2024,B
105319,INFO 2200,Fall 2024,D
107618,INFO 2600,Spring 2025,B
100905,CSEC 3220,Spring 2025,D
109205,LTEC 2100,Spring 2024,A
106319,LTEC 2100,Fall 2024,F
106164,INFO 1100,Fall 2023,C
102522,CSEC 2100,Fall 2023,W
103396,CSEC 2100,Fall 2024,A
108159,CSEC 4110,Spring 2024,C
102455,DSCI 3210,Spring 2025,B
103174,DSCI 3210,Fall 2023,W
103345,LTEC 2100,Spring 2025,C
107270,DSCI 3210,Fall 2023,C
107197,INFO 1100,Fall 2023,B
105401,LTEC 3120,Fall 2023,C
100573,INFO 2600,Fall 2024,W
109962,ITEC 2010,Spring 2024,A
101674,CSEC 3220,Spring 2024,C
103408,INFO 1100,Fall 2023,D
101837,ITEC 3010,Fall 2023,A
101610,CSEC 3220,Fall 2023,A
100798,CSEC 2100,Fall 2023,B
101624,CSEC 2100,Fall 2024,A
101971,CSEC 3220,Fall 2024,A
100663,BUAN 2010,Fall 2024,A
109841,INFO 2200,Fall 2023,B
105261,DSCI 3210,Spring 2024,C
107690,CSEC 4110,Fall 2023,B
107513,DSCI 3210,Fall 2023,B
108403,INFO 2200,Spring 2024,B
100631,INFO 1100,Fall 2023,A
109831,CSEC 2100,Fall 2023,W
108076,CSEC 2100,Fall 2023,A
101667,INFO 1100,Spring 2024,C
103924,INFO 2600,Fall 2024,B
101323,CSEC 2100,Fall 2023,A
101681,INFO 3340,Fall 2024,W
100747,INFO 2600,Fall 2023,A
106758,CSEC 3220,Spring 2024,C
102224,CSEC 3220,Spring 2025,F
104019,INFO 2600,Fall 2023,B
108518,CSEC 2100,Spring 2025,A
102589,INFO 4300,Spring 2024,F
103624,INFO 1100,Spring 2025,A
100212,INFO 2200,Fall 2023,C
108564,CSEC 4110,Fall 2024,C
105577,INFO 1100,Spring 2024,B
109868,LTEC 2100,Fall 2023,A
101041,INFO 1100,Spring 2025,A
108076,CSEC 3220,Fall 2023,W
104538,INFO 1100,Spring 2024,B
108704,DSCI 4160,Fall 2024,C
108965,INFO 2200,Spring 2025,B
107961,BUAN 2010,Spring 2024,A
107270,BUAN 2010,Spring 2025,B
101332,CSEC 3220,Spring 2024,B
100128,INFO 1100,Spring 2024,B
109852,LTEC 3120,Fall 2024,D
103026,CSEC 4110,Fall 2023,B
108319,INFO 2200,Spring 2025,A
107202,ITEC 2010,Fall 2023,B
103502,CSEC 2100,Fall 2024,F
102828,INFO 2200,Spring 2024,A
108505,INFO 1100,Spring 2025,F
106238,INFO 2600,Spring 2024,B
105140,INFO 2200,Fall 2024,D
106278,INFO 4300,Spring 2024,B
107594,INFO 1100,Fall 2023,A
103204,INFO 2200,Spring 2024,C
104228,CSEC 2100,Fall 2023,D
101004,INFO 1100,Fall 2023,C
106851,INFO 2200,Spring 2025,B
105855,INFO 2200,Fall 2024,B
100679,INFO 4300,Fall 2023,C
100300,INFO 1100,Spring 2024,B
107624,INFO 1100,Spring 2024,C
105855,INFO 1100,Fall 2023,B
101128,CSEC 4110,Fall 2024,A
105572,CSEC 4110,Spring 2024,B
101004,LTEC 3120,Fall 2024,B
103267,INFO 2600,Spring 2024,C
105843,INFO 2600,Fall 2024,B
106007,CSEC 2100,Fall 2023,A
106232,ITEC 3010,Fall 2023,B
102345,INFO 1100,Spring 2025,A
107090,LTEC 2100,Fall 2023,A
105942,CSEC 4110,Spring 2025,F
105590,CSEC 2100,Spring 2024,A
103229,INFO 1100,Fall 2023,A
109858,DSCI 3210,Spring 2025,B
106904,INFO 2200,Fall 2023,B
105866,INFO 3600,Fall 2024,A
100750,LTEC 3120,Spring 2025,A
106496,INFO 1100,Spring 2024,A
106667,INFO 1100,Fall 2023,B
103619,DSCI 3210,Spring 2025,D
105738,INFO 2600,Spring 2024,A
105317,INFO 3340,Fall 2023,B
103555,INFO 2200,Spring 2025,B
106854,BUAN 3310,Spring 2025,B
100544,INFO 2200,Spring 2024,B
103101,INFO 1100,Fall 2024,F
103708,INFO 1100,Spring 2024,C
101758,DSCI 4160,Spring 2024,A
109514,INFO 1100,Fall 2024,A
108961,INFO 1100,Fall 2023,C
102098,CSEC 4110,Fall 2024,C
106937,INFO 2200,Fall 2023,B
101568,INFO 4300,Spring 2025,C
102974,INFO 1100,Spring 2025,C
104935,INFO 2200,Spring 2024,A
100905,INFO 2200,Spring 2024,A
103274,LTEC 3120,Spring 2024,A
103962,CSEC 3220,Fall 2024,A
100050,DSCI 3210,Spring 2024,C
105738,INFO 1100,Spring 2025,C
104175,CSEC 4110,Fall 2024,A
100470,INFO 4300,Spring 2025,A
107496,CSEC 3220,Spring 2025,B
100762,CSEC 3220,Spring 2024,B
106653,INFO 1100,Fall 2024,A
102144,INFO 2200,Fall 2024,B
107206,CSEC 3220,Spring 2025,A
109137,BUAN 3310,Spring 2025,B
102105,CSEC 2100,Fall 2024,F
104056,DSCI 4160,Fall 2023,C
101713,INFO 2200,Fall 2023,C
103733,DSCI 4160,Spring 2024,A
100819,BUAN 3310,Spring 2025,B
105855,CSEC 2100,Fall 2024,C
103941,INFO 2200,Fall 2023,A
101030,CSEC 2100,Spring 2025,F
102247,CSEC 4110,Fall 2024,B
109286,INFO 2600,Spring 2024,A
105473,INFO 2200,Fall 2024,F
100385,INFO 3340,Fall 2023,A
105843,INFO 4300,Fall 2023,F
107052,CSEC 2100,Spring 2024,A
108546,INFO 2200,Spring 2024,C
102475,INFO 4300,Fall 2023,C
106983,DSCI 4160,Spring 2024,D
107685,INFO 1100,Spring 2024,A
105588,INFO 2200,Spring 2025,W
105052,INFO 3600,Fall 2024,A
101143,INFO 2200,Fall 2024,B
108076,INFO 2200,Fall 2024,C
103905,DSCI 4160,Spring 2024,A
106311,CSEC 3220,Spring 2024,A
103762,INFO 1100,Fall 2023,B
106018,INFO 1100,Spring 2024,A
106255,INFO 4300,Spring 2024,B
100815,INFO 2200,Spring 2024,D
108628,CSEC 4110,Spring 2025,A
103857,INFO 2200,Spring 2025,A
101119,INFO 3600,Fall 2023,F
101751,CSEC 2100,Fall 2023,C
106041,INFO 2200,Spring 2025,A
103158,INFO 1100,Fall 2023,A
100077,ITEC 3010,Fall 2023,B
103170,INFO 2200,Fall 2024,B
103969,CSEC 3220,Spring 2024,A
104729,CSEC 2100,Spring 2024,A
103713,INFO 1100,Spring 2024,A
108667,INFO 1100,Spring 2025,B
105603,DSCI 3210,Spring 2025,C
100913,INFO 3340,Spring 2024,B
104536,LTEC 3120,Fall 2024,A
108147,INFO 1100,Spring 2024,A
100022,ITEC 2010,Fall 2023,D
109831,INFO 1100,Fall 2024,C
103086,DSCI 3210,Spring 2025,B
101947,DSCI 4160,Spring 2024,B
100566,INFO 4300,Spring 2024,A
108077,LTEC 2100,Fall 2024,C
102357,INFO 2600,Fall 2024,B
107154,INFO 2200,Spring 2025,C
108958,INFO 1100,Spring 2025,B
100433,BUAN 2010,Spring 2024,A
101798,DSCI 3210,Fall 2024,B
101359,LTEC 3120,Spring 2025,C
103086,DSCI 4160,Fall 2023,A
104864,INFO 1100,Spring 2024,C
108015,INFO 2200,Fall 2023,F
109492,DSCI 3210,Spring 2025,B
103590,LTEC 2100,Spring 2025,C
105541,INFO 2600,Fall 2024,A
101580,ITEC 3010,Fall 2023,A
106273,BUAN 3310,Fall 2023,B
104924,INFO 1100,Spring 2025,C
107891,DSCI 3210,Spring 2025,F
102385,INFO 2600,Fall 2023,D
107960,INFO 2600,Fall 2023,C
101175,INFO 1100,Spring 2024,B
107270,BUAN 3310,Fall 2023,A
106409,INFO 2200,Spring 2025,F
101795,ITEC 2010,Spring 2024,A
108311,INFO 2600,Fall 2024,A
101092,ITEC 2010,Spring 2025,F
108293,INFO 3600,Spring 2025,B
102146,DSCI 4160,Fall 2024,B
100901,INFO 1100,Spring 2024,B
103785,DSCI 4160,Fall 2023,B
104007,INFO 2600,Spring 2025,W
108654,INFO 1100,Fall 2023,B
104677,INFO 4300,Spring 2025,B
103415,DSCI 4160,Fall 2023,A
102726,INFO 4300,Fall 2023,B
104952,CSEC 2100,Fall 2024,A
101589,INFO 2200,Fall 2023,C
109436,INFO 1100,Spring 2024,B
102512,CSEC 2100,Fall 2024,A
104352,DSCI 3210,Spring 2025,B
100956,INFO 1100,Spring 2024,F
100702,INFO 1100,Fall 2024,C
101508,DSCI 4160,Fall 2024,B
105916,ITEC 3010,Fall 2023,C
104677,LTEC 2100,Spring 2024,D
104105,INFO 2600,Spring 2025,D
103693,LTEC 2100,Spring 2024,A
104249,INFO 2200,Fall 2024,D
101229,INFO 3600,Spring 2025,C
105369,BUAN 2010,Fall 2024,C
104748,INFO 1100,Spring 2025,B
109956,INFO 1100,Fall 2024,C
106452,INFO 4300,Fall 2023,A
104613,INFO 3340,Fall 2023,A
106605,DSCI 3210,Fall 2024,D
108289,CSEC 2100,Spring 2024,A
105341,DSCI 3210,Spring 2024,F
105258,INFO 4300,Spring 2024,B
109874,INFO 2600,Fall 2024,B
108977,BUAN 3310,Spring 2024,A
102104,DSCI 3210,Spring 2024,B
106691,INFO 1100,Fall 2023,A
101710,INFO 2600,Fall 2023,B
106002,INFO 1100,Fall 2024,C
100548,DSCI 4160,Spring 2024,F
104915,INFO 2200,Spring 2025,B
109015,INFO 1100,Spring 2025,W
104783,LTEC 2100,Spring 2025,B
104350,ITEC 2010,Spring 2025,B
103150,INFO 2200,Fall 2023,C
108427,CSEC 4110,Spring 2025,C
105855,CSEC 4110,Fall 2023,B
105541,INFO 3600,Fall 2023,B
107337,BUAN 3310,Fall 2024,B
106245,INFO 1100,Fall 2024,B
103674,INFO 2200,Fall 2023,A
107251,INFO 2200,Spring 2025,A
106976,INFO 1100,Fall 2024,B
105551,INFO 1100,Spring 2024,B
106800,INFO 2200,Spring 2024,A
105705,INFO 1100,Fall 2023,A
107391,BUAN 3310,Spring 2025,B
100231,INFO 1100,Fall 2023,A
109169,BUAN 3310,Fall 2024,A
104857,INFO 2200,Fall 2023,B
109202,ITEC 3010,Fall 2023,C
102475,INFO 2200,Fall 2023,C
108032,INFO 1100,Spring 2025,C
108094,INFO 4300,Spring 2025,C
102373,CSEC 4110,Spring 2025,D
100905,CSEC 4110,Spring 2025,C
105271,INFO 2600,Spring 2024,A
105222,INFO 2200,Spring 2025,A
106381,CSEC 2100,Spring 2025,W
106257,DSCI 4160,Fall 2024,F
106962,ITEC 2010,Fall 2023,C
105093,INFO 2200,Spring 2024,B
105679,INFO 1100,Fall 2024,A
105618,INFO 2200,Spring 2024,F
103093,ITEC 2010,Fall 2024,A
104739,LTEC 3120,Fall 2023,A
108221,INFO 2200,Fall 2024,B
100657,INFO 1100,Fall 2024,B
105644,INFO 2200,Fall 2024,A
106645,INFO 2600,Spring 2024,A
105932,DSCI 3210,Spring 2025,A
105656,ITEC 2010,Fall 2024,C
106605,BUAN 2010,Fall 2023,B
105797,DSCI 3210,Fall 2024,D
105244,INFO 2200,Fall 2024,B
107960,INFO 4300,Fall 2024,A
101525,INFO 1100,Spring 2025,B
103430,INFO 2200,Fall 2023,A
103430,INFO 1100,Fall 2023,A
109315,CSEC 4110,Spring 2025,C
103607,INFO 3340,Spring 2025,W
105551,CSEC 2100,Spring 2024,B
101966,CSEC 4110,Spring 2025,D
103320,INFO 1100,Fall 2024,C
105281,INFO 1100,Fall 2023,B
103248,CSEC 4110,Spring 2025,A
100469,INFO 1100,Spring 2024,W
105898,INFO 2200,Fall 2024,A
105365,DSCI 4160,Spring 2024,B
103384,INFO 2200,Spring 2024,A
103415,DSCI 3210,Fall 2024,A
103776,DSCI 3210,Fall 2024,B
107793,ITEC 3010,Fall 2023,B
104973,CSEC 4110,Spring 2025,W
103525,INFO 1100,Fall 2023,A
104590,INFO 1100,Spring 2025,B
103191,INFO 2600,Spring 2024,D
104543,INFO 2200,Fall 2024,A
103064,INFO 3600,Spring 2024,A
109022,INFO 2200,Spring 2025,C
108406,INFO 3340,Fall 2023,C
106947,INFO 3600,Fall 2023,W
108065,INFO 2200,Spring 2024,W
105942,INFO 2200,Fall 2024,A
108825,INFO 1100,Fall 2023,B
102950,INFO 1100,Spring 2024,A
103551,BUAN 3310,Spring 2025,C
100895,INFO 1100,Fall 2024,F
100327,CSEC 3220,Spring 2025,A
101064,DSCI 3210,Fall 2024,B
105094,INFO 1100,Fall 2023,F
105864,INFO 2200,Spring 2025,B
101090,INFO 1100,Spring 2024,C
109680,INFO 1100,Spring 2024,B
100202,INFO 2200,Spring 2025,C
105893,INFO 1100,Spring 2025,F
105134,ITEC 3010,Spring 2025,B
102483,INFO 4300,Spring 2024,A
107998,BUAN 3310,Spring 2025,A
108386,BUAN 2010,Spring 2025,B
102307,ITEC 3010,Spring 2024,B
103952,CSEC 3220,Fall 2023,B
104152,INFO 4300,Spring 2025,B
109012,INFO 1100,Fall 2024,C
105447,INFO 3340,Fall 2024,B
105487,INFO 4300,Spring 2024,B
107971,INFO 2600,Spring 2025,B
109499,INFO 2600,Fall 2023,C
108387,CSEC 2100,Fall 2024,B
109788,CSEC 2100,Spring 2024,D
103734,INFO 2600,Fall 2024,B
108470,CSEC 4110,Spring 2024,A
105717,INFO 3340,Spring 2025,C
109442,ITEC 3010,Spring 2024,A
109301,INFO 2200,Spring 2024,B
101996,INFO 1100,Fall 2023,A
105702,INFO 2600,Spring 2025,F
100243,INFO 2200,Fall 2024,F
104357,BUAN 3310,Fall 2024,B
105093,CSEC 3220,Spring 2025,F
109178,CSEC 2100,Spring 2024,B
106800,INFO 4300,Spring 2024,F
108976,BUAN 3310,Fall 2024,C
109116,INFO 2200,Spring 2025,A
100381,INFO 1100,Spring 2024,B
107202,INFO 1100,Spring 2024,D
101810,CSEC 2100,Fall 2024,A
100397,ITEC 3010,Fall 2023,C
104096,CSEC 3220,Fall 2024,A
102307,INFO 2600,Spring 2025,W
106758,INFO 2200,Spring 2025,B
103896,LTEC 2100,Fall 2023,B
102327,INFO 1100,Fall 2024,A
107026,DSCI 3210,Spring 2024,D
107830,INFO 1100,Spring 2024,C
104296,INFO 1100,Fall 2023,C
107147,INFO 1100,Spring 2025,F
106532,INFO 2600,Spring 2024,A
100307,INFO 4300,Spring 2024,B
104724,INFO 2200,Fall 2023,A
107276,INFO 2200,Spring 2024,C
103870,INFO 2200,Spring 2025,B
109301,CSEC 3220,Spring 2025,A
102038,CSEC 2100,Fall 2023,B
105273,ITEC 2010,Spring 2025,C
105271,LTEC 2100,Fall 2023,A
107197,LTEC 2100,Fall 2023,D
100922,INFO 1100,Spring 2024,A
106608,CSEC 2100,Fall 2024,C
104795,DSCI 3210,Spring 2025,B
100338,CSEC 2100,Spring 2025,D
101781,LTEC 3120,Spring 2025,C
103058,INFO 1100,Fall 2023,C
105402,CSEC 4110,Fall 2023,C
109550,INFO 3600,Spring 2025,B
107671,INFO 2200,Spring 2024,A
105556,CSEC 4110,Spring 2024,A
108061,INFO 2200,Spring 2024,D
108209,INFO 1100,Spring 2025,F
103120,INFO 1100,Spring 2025,F
105273,ITEC 3010,Fall 2023,C
104678,INFO 2200,Spring 2024,W
108989,BUAN 2010,Fall 2023,B
109966,INFO 2600,Spring 2025,B
108060,INFO 1100,Fall 2024,B
109236,INFO 1100,Spring 2024,B
103812,BUAN 3310,Spring 2025,C
105656,INFO 2600,Spring 2025,D
100767,INFO 1100,Fall 2023,D
103604,INFO 2200,Spring 2024,C
109950,INFO 1100,Spring 2024,D
107255,INFO 1100,Fall 2024,B
104001,INFO 3600,Fall 2023,C
107741,INFO 2200,Fall 2023,B
103294,DSCI 3210,Fall 2023,A
107242,INFO 1100,Fall 2024,B
109323,INFO 1100,Spring 2024,A
109053,CSEC 4110,Fall 2023,B
102073,DSCI 3210,Fall 2024,B
108041,CSEC 2100,Spring 2024,C
105590,INFO 1100,Spring 2025,B
102237,INFO 1100,Spring 2024,A
105871,INFO 2200,Fall 2023,C
103880,INFO 1100,Spring 2025,B
105594,INFO 1100,Spring 2025,C
101338,ITEC 3010,Fall 2023,A
104877,BUAN 2010,Spring 2024,C
107941,ITEC 2010,Fall 2024,C
102437,INFO 2200,Fall 2023,A
109685,CSEC 2100,Spring 2024,B
106254,INFO 2200,Fall 2023,A
109228,INFO 2200,Fall 2023,B
108131,DSCI 3210,Fall 2024,A
107255,LTEC 3120,Fall 2024,F
109852,INFO 2600,Fall 2024,A
106251,INFO 2600,Fall 2024,A
101019,INFO 3340,Fall 2023,B
103576,INFO 1100,Spring 2025,D
108110,LTEC 2100,Fall 2024,B
107510,INFO 2200,Fall 2023,B
106780,LTEC 2100,Fall 2024,C
107003,INFO 1100,Fall 2024,A
103765,INFO 3340,Spring 2024,D
106734,INFO 1100,Spring 2024,B
104763,INFO 2200,Spring 2025,B
109458,INFO 2200,Fall 2024,B
101787,CSEC 3220,Spring 2024,B
103827,ITEC 2010,Spring 2024,A
104543,INFO 1100,Spring 2024,A
106278,INFO 1100,Fall 2023,B
108693,INFO 1100,Fall 2023,F
107178,INFO 2600,Spring 2024,C
103502,INFO 1100,Fall 2024,A
108546,INFO 1100,Fall 2024,F
102776,INFO 3340,Fall 2024,F
107383,INFO 1100,Fall 2024,W
106583,INFO 2600,Spring 2025,W
106558,INFO 1100,Fall 2023,B
109175,INFO 2200,Spring 2024,B
105644,CSEC 3220,Fall 2024,B
109231,DSCI 3210,Spring 2024,C
108143,LTEC 3120,Spring 2024,B
104764,INFO 1100,Fall 2024,A
103576,LTEC 2100,Fall 2024,B
108935,INFO 2600,Fall 2023,C
100168,LTEC 3120,Fall 2023,B
109403,INFO 1100,Fall 2024,B
107308,INFO 2200,Fall 2024,C
100509,INFO 2600,Spring 2024,A
108584,INFO 1100,Spring 2024,A
103477,BUAN 2010,Spring 2025,B
104559,INFO 1100,Spring 2025,B
103803,CSEC 2100,Spring 2024,B
104020,DSCI 3210,Spring 2024,B
105812,INFO 1100,Fall 2024,C
103508,CSEC 2100,Fall 2023,C
109409,INFO 1100,Fall 2023,D
109482,INFO 4300,Fall 2024,W
104809,CSEC 3220,Fall 2024,B
101529,CSEC 3220,Fall 2023,C
105694,INFO 1100,Spring 2025,B
105541,INFO 1100,Spring 2025,F
101480,DSCI 3210,Spring 2024,A
103012,CSEC 2100,Spring 2024,C
105840,DSCI 4160,Fall 2024,C
103341,INFO 1100,Spring 2024,D
108191,CSEC 2100,Spring 2024,F
103303,BUAN 3310,Spring 2025,B
108993,INFO 4300,Fall 2024,D
102872,INFO 2600,Spring 2025,A
101264,INFO 3340,Spring 2025,A
105217,BUAN 2010,Spring 2024,D
107296,INFO 4300,Spring 2025,B
109175,CSEC 3220,Fall 2023,B
102024,CSEC 4110,Fall 2023,A
102297,INFO 1100,Fall 2023,A
104809,INFO 2200,Spring 2025,C
103262,INFO 1100,Fall 2024,D
105164,INFO 4300,Fall 2023,A
100780,DSCI 3210,Spring 2024,C
100551,BUAN 3310,Spring 2024,C
100718,INFO 3600,Spring 2024,C
101322,INFO 3600,Spring 2024,C
105847,INFO 1100,Spring 2024,C
104004,LTEC 2100,Spring 2024,F
108074,DSCI 4160,Spring 2025,B
109142,INFO 2200,Fall 2023,C
103650,INFO 1100,Fall 2024,A
106674,INFO 2200,Spring 2025,C
100950,CSEC 4110,Fall 2024,F
108239,INFO 2600,Fall 2023,B
108497,DSCI 3210,Fall 2024,C
100077,INFO 1100,Spring 2025,A
103734,ITEC 3010,Spring 2025,A
102648,CSEC 4110,Spring 2025,A
107251,INFO 2600,Spring 2025,B
108646,INFO 1100,Spring 2025,C
105384,INFO 3600,Fall 2024,B
106263,BUAN 2010,Spring 2024,A
104742,CSEC 2100,Spring 2025,B
109340,INFO 3600,Spring 2025,B
109586,LTEC 2100,Spring 2024,D
105679,INFO 3600,Fall 2024,C
109258,BUAN 3310,Fall 2023,B
100844,CSEC 2100,Spring 2025,B
108386,DSCI 3210,Fall 2023,C
105093,INFO 1100,Spring 2025,A
108316,BUAN 2010,Fall 2023,A
101259,INFO 2200,Spring 2025,B
107983,CSEC 2100,Fall 2024,B
106941,INFO 1100,Spring 2024,C
108836,BUAN 2010,Fall 2023,C
102364,INFO 1100,Spring 2025,B
101946,INFO 2200,Spring 2024,A
109206,CSEC 4110,Fall 2024,C
109354,BUAN 3310,Fall 2023,A
104969,INFO 3340,Spring 2024,A
105489,CSEC 2100,Spring 2024,D
105847,INFO 2200,Spring 2024,C
105705,CSEC 2100,Spring 2024,B
108131,INFO 2200,Fall 2023,C
108117,CSEC 2100,Fall 2023,B
105188,INFO 2600,Fall 2024,A
102307,ITEC 2010,Spring 2024,A
107178,INFO 4300,Spring 2024,B
106805,INFO 2200,Fall 2024,A
101624,CSEC 3220,Fall 2023,F
106303,INFO 4300,Spring 2025,A
105750,DSCI 3210,Spring 2025,D
104877,DSCI 3210,Fall 2024,A
103316,INFO 1100,Fall 2024,B
109745,INFO 1100,Fall 2023,A
108643,DSCI 4160,Spring 2024,F
105090,INFO 1100,Fall 2024,A
108245,INFO 4300,Spring 2024,C
108502,INFO 2600,Spring 2024,A
105999,INFO 1100,Fall 2024,A
101791,INFO 2200,Spring 2025,C
108325,INFO 1100,Spring 2025,D
103815,CSEC 2100,Fall 2023,A
102916,INFO 2200,Fall 2023,D
108410,CSEC 2100,Fall 2023,B
104558,ITEC 3010,Spring 2024,A
101592,INFO 1100,Spring 2025,F
108035,INFO 4300,Fall 2024,C
103191,INFO 4300,Spring 2025,A
102104,INFO 2200,Spring 2024,F
103338,INFO 1100,Fall 2024,A
109617,DSCI 4160,Fall 2023,B
104298,BUAN 2010,Spring 2025,B
106308,DSCI 4160,Spring 2025,B
106689,INFO 1100,Fall 2024,B
102179,DSCI 3210,Fall 2024,B
100057,INFO 1100,Spring 2024,B
106046,ITEC 3010,Spring 2024,C
106780,INFO 1100,Spring 2025,B
105330,INFO 1100,Spring 2024,B
101791,INFO 4300,Spring 2025,F
101594,ITEC 2010,Fall 2023,A
105526,INFO 2600,Spring 2025,B
103871,ITEC 2010,Fall 2023,B
105535,INFO 2200,Spring 2025,B
105591,INFO 2200,Spring 2024,A
105739,INFO 2600,Spring 2025,A
108584,BUAN 2010,Spring 2025,C
102342,CSEC 3220,Fall 2024,C
109701,INFO 1100,Spring 2025,C
103318,INFO 3600,Fall 2024,B
100255,INFO 2200,Fall 2024,A
107204,CSEC 2100,Spring 2025,A
100614,CSEC 2100,Fall 2024,A
100373,ITEC 3010,Spring 2025,B
105548,CSEC 3220,Spring 2024,A
109137,INFO 2200,Spring 2024,B
109116,INFO 1100,Fall 2024,A
105945,LTEC 3120,Fall 2023,B
108800,INFO 1100,Spring 2025,A
101618,INFO 1100,Spring 2025,C
106409,DSCI 3210,Fall 2024,B
101160,INFO 1100,Spring 2024,F
101788,ITEC 3010,Spring 2024,A
109121,INFO 3600,Fall 2023,A
107923,INFO 1100,Spring 2024,B
109307,CSEC 4110,Fall 2023,B
101481,INFO 2200,Fall 2024,A
100951,DSCI 3210,Spring 2025,W
103291,INFO 3600,Spring 2025,B
102873,ITEC 3010,Spring 2024,C
102829,ITEC 3010,Spring 2024,F
107473,INFO 2600,Spring 2024,B
109926,INFO 3600,Spring 2025,C
108783,DSCI 4160,Fall 2023,F
105864,INFO 1100,Spring 2025,C
107077,INFO 2200,Fall 2024,D
108033,DSCI 3210,Spring 2024,F
108643,INFO 2200,Fall 2023,C
106912,DSCI 3210,Fall 2023,B
104358,LTEC 3120,Fall 2023,D
101441,CSEC 2100,Spring 2024,A
101297,INFO 2200,Fall 2023,C
101409,CSEC 2100,Spring 2024,A
106842,INFO 4300,Spring 2025,B
105336,INFO 1100,Spring 2025,B
104524,LTEC 2100,Spring 2025,B
103650,INFO 3340,Fall 2023,A
102410,LTEC 3120,Fall 2023,A
105683,LTEC 3120,Fall 2024,C
106740,CSEC 2100,Spring 2025,A
109501,CSEC 4110,Spring 2025,A
106007,CSEC 3220,Spring 2025,B
106057,INFO 1100,Fall 2024,D
105527,INFO 2200,Spring 2024,A
105676,ITEC 3010,Fall 2023,C
102006,INFO 2600,Spring 2024,B
103812,INFO 1100,Spring 2025,B
101399,INFO 2600,Fall 2023,B
100621,INFO 1100,Spring 2024,B
100255,CSEC 4110,Fall 2024,B
108339,INFO 4300,Fall 2024,A
102179,INFO 2200,Fall 2023,F
100343,ITEC 2010,Fall 2024,B
103389,INFO 4300,Fall 2023,B
105811,CSEC 3220,Fall 2024,B
106356,DSCI 3210,Fall 2024,A
104775,DSCI 4160,Fall 2023,A
100596,BUAN 2010,Fall 2023,A
105731,DSCI 3210,Fall 2023,C
106648,INFO 1100,Spring 2025,B
102455,INFO 3340,Fall 2024,A
103422,CSEC 4110,Fall 2024,C
105281,DSCI 4160,Spring 2025,A
109694,INFO 1100,Fall 2023,A
106794,INFO 2200,Spring 2025,B
103835,CSEC 2100,Fall 2024,B
100236,CSEC 2100,Spring 2025,B
108935,INFO 3600,Fall 2024,B
103156,INFO 1100,Fall 2024,C
108106,INFO 2200,Fall 2023,D
107507,INFO 2200,Fall 2023,C
108032,BUAN 3310,Spring 2025,B
102682,INFO 2600,Spring 2025,A
105488,INFO 4300,Spring 2024,C
108701,CSEC 2100,Fall 2023,A
105872,INFO 1100,Spring 2024,C
108896,INFO 2600,Spring 2024,C
100615,CSEC 2100,Fall 2023,C
104621,INFO 2200,Spring 2025,D
104576,CSEC 4110,Spring 2024,C
109841,INFO 3340,Fall 2024,F
101788,ITEC 2010,Fall 2024,A
102485,INFO 1100,Spring 2024,C
103299,CSEC 4110,Fall 2023,A
109348,INFO 1100,Fall 2024,B
101374,INFO 2200,Spring 2025,B
103137,LTEC 3120,Fall 2024,B
106954,ITEC 2010,Fall 2023,B
102016,BUAN 3310,Fall 2024,A
103545,INFO 1100,Spring 2025,D
100028,ITEC 3010,Fall 2023,A
108457,INFO 1100,Spring 2024,B
102098,CSEC 3220,Fall 2023,C
101901,CSEC 2100,Fall 2024,W
100436,CSEC 3220,Fall 2024,B
101487,DSCI 3210,Spring 2025,A
100692,INFO 2200,Spring 2025,B
108693,CSEC 3220,Spring 2025,D
105235,INFO 1100,Fall 2023,C
107149,INFO 2200,Fall 2024,A
104529,INFO 2200,Spring 2025,C
102295,CSEC 3220,Spring 2025,B
109636,CSEC 2100,Fall 2023,A
102490,INFO 1100,Fall 2023,A
101170,INFO 2200,Fall 2024,B
101148,DSCI 4160,Fall 2023,F
105258,INFO 3600,Fall 2024,C
108783,INFO 1100,Fall 2024,F
106529,INFO 1100,Fall 2024,A
108200,INFO 1100,Fall 2023,B
104547,INFO 2200,Spring 2024,A
109639,INFO 1100,Spring 2025,B
106273,DSCI 3210,Spring 2024,C
108839,INFO 2200,Spring 2025,W
106986,CSEC 2100,Fall 2024,B
101592,CSEC 4110,Spring 2025,B
104869,INFO 3600,Fall 2024,B
101582,INFO 1100,Fall 2024,B
100308,INFO 3600,Spring 2025,D
107877,INFO 2200,Fall 2023,A
108633,INFO 1100,Spring 2024,B
109021,DSCI 3210,Fall 2023,B
101618,CSEC 2100,Fall 2024,D
109980,DSCI 4160,Fall 2023,C
102074,INFO 1100,Fall 2023,B
102227,INFO 3340,Spring 2024,A
108429,INFO 4300,Spring 2025,A
101525,CSEC 3220,Spring 2024,F
108406,INFO 1100,Fall 2023,W
109709,ITEC 3010,Spring 2025,B
100566,LTEC 3120,Spring 2025,B
100989,INFO 2600,Fall 2023,W
109458,DSCI 3210,Fall 2024,D
108061,CSEC 2100,Fall 2024,A
105261,INFO 2200,Fall 2024,A
108060,ITEC 2010,Spring 2025,A
106748,INFO 2200,Spring 2025,A
108633,CSEC 3220,Fall 2023,B
100819,INFO 1100,Fall 2024,C
107447,INFO 1100,Spring 2024,B
108106,INFO 1100,Fall 2023,B
107024,DSCI 4160,Fall 2023,C
108129,CSEC 2100,Spring 2025,B
106814,INFO 3340,Spring 2024,B
101508,INFO 3340,Spring 2024,C
107124,CSEC 4110,Spring 2024,A
109466,INFO 1100,Fall 2024,B
102496,LTEC 2100,Spring 2024,C
100478,INFO 2200,Fall 2024,C
102956,CSEC 2100,Fall 2024,A
101096,INFO 1100,Spring 2025,B
104889,INFO 4300,Fall 2023,C
100057,CSEC 3220,Fall 2024,A
105137,DSCI 3210,Spring 2025,C
107627,DSCI 4160,Spring 2024,C
106731,INFO 1100,Fall 2024,A
107010,CSEC 3220,Fall 2023,B
109514,CSEC 2100,Spring 2024,F
108896,INFO 1100,Fall 2023,A
105923,INFO 1100,Fall 2023,A
105093,CSEC 4110,Fall 2024,C
103290,BUAN 3310,Fall 2024,B
102222,CSEC 3220,Spring 2025,D
101067,LTEC 2100,Fall 2023,C
109169,BUAN 2010,Spring 2025,C
105254,INFO 1100,Fall 2024,A
100273,ITEC 3010,Spring 2025,A
101142,CSEC 4110,Fall 2024,C
104069,DSCI 3210,Spring 2025,A
103232,INFO 2200,Fall 2023,A
104931,INFO 1100,Spring 2024,D
102410,INFO 4300,Spring 2025,B
103318,INFO 4300,Fall 2023,A
108946,INFO 2200,Fall 2024,C
101594,INFO 2600,Spring 2024,C
106648,INFO 2200,Fall 2023,C
103587,INFO 1100,Fall 2024,A
108961,DSCI 3210,Fall 2024,A
101827,INFO 2200,Fall 2023,B
105413,INFO 2600,Fall 2023,B
101532,INFO 1100,Spring 2025,A
102596,INFO 2600,Spring 2024,F
105259,INFO 4300,Fall 2023,D
107425,INFO 2600,Fall 2024,C
103555,DSCI 3210,Fall 2023,C
100899,CSEC 2100,Spring 2024,B
103144,ITEC 2010,Fall 2023,A
107823,DSCI 3210,Spring 2025,A
109486,INFO 2200,Fall 2024,W
103590,INFO 4300,Fall 2023,C
105052,INFO 4300,Fall 2023,A
101019,INFO 2200,Fall 2023,B
107058,INFO 2200,Spring 2025,A
105906,INFO 3600,Fall 2024,C
104355,ITEC 2010,Spring 2024,A
107381,INFO 2200,Spring 2025,F
101150,BUAN 2010,Fall 2023,W
109383,INFO 1100,Spring 2025,D
107748,DSCI 3210,Spring 2025,A
104931,INFO 4300,Fall 2024,W
102908,INFO 1100,Spring 2024,B
108245,INFO 2200,Fall 2023,B
105558,INFO 3340,Spring 2025,B
101394,CSEC 3220,Spring 2025,C
105705,CSEC 3220,Spring 2025,C
101988,CSEC 4110,Spring 2024,A
104650,INFO 2600,Fall 2024,B
106977,INFO 1100,Fall 2024,A
101911,CSEC 2100,Fall 2023,C
105694,INFO 2200,Fall 2023,B
108946,CSEC 4110,Spring 2025,A
104196,BUAN 3310,Spring 2024,A
102588,CSEC 2100,Spring 2025,A
100442,INFO 1100,Fall 2024,D
104585,INFO 1100,Fall 2024,A
102801,INFO 1100,Fall 2024,D
109566,INFO 1100,Spring 2025,D
106979,CSEC 4110,Fall 2023,A
105248,LTEC 2100,Fall 2023,C
103813,INFO 1100,Spring 2025,C
100927,INFO 2200,Fall 2023,A
103375,INFO 2600,Fall 2024,B
104801,INFO 2600,Fall 2023,D
108061,CSEC 3220,Spring 2024,W
104976,INFO 2600,Fall 2023,D
109863,CSEC 4110,Spring 2025,A
107639,CSEC 3220,Fall 2023,A
100701,INFO 2600,Fall 2024,C
109254,INFO 1100,Fall 2023,B
101211,INFO 3340,Spring 2025,W
107216,INFO 2200,Spring 2025,A
102585,INFO 1100,Fall 2023,B
103812,BUAN 2010,Fall 2024,A
109355,ITEC 2010,Fall 2023,A
103677,INFO 1100,Fall 2024,B
108043,DSCI 3210,Spring 2024,B
107347,INFO 2200,Spring 2024,A
104072,CSEC 3220,Fall 2024,A
109100,INFO 3600,Spring 2024,A
103829,INFO 2200,Spring 2024,C
109077,INFO 3600,Spring 2024,B
109923,CSEC 2100,Fall 2024,D
102224,INFO 1100,Spring 2025,C
105952,CSEC 3220,Spring 2024,W
101557,INFO 3600,Fall 2024,A
102080,INFO 2200,Fall 2024,B
106951,INFO 1100,Spring 2024,W
104440,CSEC 4110,Fall 2023,C
108103,CSEC 2100,Spring 2024,B
105186,DSCI 3210,Spring 2024,F
109346,INFO 1100,Fall 2023,B
108547,INFO 3340,Fall 2023,A
105336,INFO 2200,Spring 2024,A
105997,CSEC 4110,Spring 2024,A
109914,INFO 3600,Spring 2025,B
108262,INFO 4300,Fall 2024,A
109871,DSCI 3210,Fall 2024,C
107194,INFO 1100,Spring 2024,B
109275,CSEC 4110,Spring 2025,A
103236,CSEC 4110,Fall 2024,B
102572,DSCI 3210,Spring 2025,C
108352,INFO 2600,Spring 2024,B
108397,CSEC 4110,Spring 2024,W
109980,INFO 2200,Fall 2024,A
107907,DSCI 3210,Fall 2023,C
101673,INFO 1100,Spring 2024,F
107983,INFO 1100,Spring 2024,A
105309,INFO 1100,Spring 2025,A
109442,INFO 2600,Spring 2025,B
108020,INFO 1100,Spring 2025,C
102836,ITEC 3010,Fall 2023,D
103481,INFO 2600,Fall 2024,A
101288,INFO 2200,Fall 2024,B
107204,ITEC 3010,Fall 2023,B
106655,INFO 1100,Fall 2023,A
103785,INFO 1100,Fall 2023,B
106901,INFO 2200,Spring 2024,B
100862,INFO 3600,Fall 2023,A
107710,INFO 2600,Fall 2023,D
106086,INFO 1100,Spring 2024,B
105698,INFO 3600,Fall 2023,B
109603,LTEC 2100,Spring 2024,W
102337,ITEC 2010,Spring 2025,A
100491,ITEC 3010,Fall 2023,A
105489,INFO 2200,Spring 2024,A
106185,INFO 2200,Fall 2023,D
107504,INFO 4300,Spring 2025,A
103832,INFO 2200,Spring 2025,C
101541,ITEC 3010,Fall 2023,C
104270,CSEC 4110,Spring 2024,C
102549,INFO 1100,Spring 2024,C
101490,INFO 4300,Spring 2025,B
100950,CSEC 2100,Spring 2024,A
107711,CSEC 2100,Fall 2024,F
102047,LTEC 3120,Fall 2023,B
108269,DSCI 3210,Fall 2023,B
103459,INFO 2600,Spring 2024,C
108713,CSEC 2100,Fall 2024,W
103761,CSEC 3220,Fall 2024,B
109887,INFO 4300,Spring 2024,A
105811,CSEC 4110,Fall 2024,C
108840,INFO 1100,Fall 2023,A
101186,CSEC 2100,Fall 2023,B
103531,INFO 2200,Fall 2023,B
109022,INFO 2200,Fall 2024,W
109892,ITEC 2010,Spring 2025,F
107424,INFO 1100,Spring 2025,C
104729,DSCI 3210,Fall 2023,B
105137,INFO 1100,Spring 2024,B
109088,LTEC 2100,Spring 2025,C
105080,INFO 2200,Fall 2024,A
104738,INFO 2600,Fall 2024,B
102691,CSEC 3220,Fall 2024,D
107437,INFO 1100,Fall 2024,D
108497,INFO 2200,Spring 2025,A
100349,LTEC 2100,Fall 2023,F
106478,BUAN 2010,Fall 2024,B
107042,CSEC 2100,Fall 2024,B
106842,INFO 1100,Spring 2025,C
106762,INFO 2200,Spring 2024,F
106573,INFO 1100,Spring 2025,F
106655,ITEC 2010,Fall 2023,A
102859,LTEC 3120,Fall 2024,A
100198,CSEC 3220,Spring 2025,B
109307,CSEC 2100,Fall 2023,F
108081,CSEC 3220,Spring 2024,B
108713,INFO 2200,Fall 2023,A
101788,CSEC 2100,Fall 2023,B
101022,INFO 2200,Spring 2025,A
100458,INFO 1100,Fall 2023,A
105791,CSEC 4110,Spring 2024,D
103375,INFO 1100,Fall 2024,B
100685,BUAN 3310,Fall 2024,A
109594,INFO 1100,Fall 2023,D
109747,LTEC 2100,Fall 2023,A
105576,INFO 1100,Fall 2023,A
102656,INFO 2200,Spring 2025,A
102342,CSEC 2100,Fall 2023,B
106653,CSEC 3220,Spring 2025,B
105739,ITEC 3010,Fall 2024,F
103664,INFO 2200,Spring 2024,F
103064,INFO 2600,Fall 2023,A
107960,INFO 3600,Fall 2024,B
104069,DSCI 4160,Spring 2025,B
109367,INFO 1100,Spring 2025,F
101019,DSCI 4160,Spring 2024,B
100051,INFO 1100,Fall 2023,B
107954,ITEC 3010,Spring 2024,B
102949,INFO 2200,Fall 2024,B
101055,INFO 4300,Spring 2025,A
100470,INFO 2600,Spring 2024,B
100702,INFO 2200,Fall 2023,W
107877,INFO 1100,Fall 2023,A
101710,INFO 4300,Fall 2024,A
108863,INFO 2200,Spring 2025,B
102438,INFO 2600,Spring 2025,C
107855,DSCI 4160,Spring 2024,C
101903,INFO 2600,Fall 2024,C
107519,INFO 2200,Spring 2024,C
107983,CSEC 3220,Spring 2024,F
104020,INFO 1100,Fall 2023,A
108387,INFO 1100,Spring 2025,B
101900,INFO 1100,Spring 2025,F
107060,INFO 2200,Fall 2024,C
107607,INFO 2600,Fall 2024,B
102589,LTEC 2100,Spring 2025,B
105019,INFO 1100,Fall 2023,A
109767,INFO 2200,Fall 2023,C
109756,INFO 2200,Spring 2025,F
106631,INFO 1100,Spring 2024,D
108239,INFO 2200,Spring 2025,C
104756,ITEC 3010,Spring 2025,F
108279,INFO 2200,Spring 2024,D
107394,CSEC 3220,Spring 2025,B
108958,CSEC 2100,Fall 2023,B
100397,INFO 2600,Spring 2025,B
102485,BUAN 3310,Spring 2025,W
105131,DSCI 3210,Spring 2025,D
103156,INFO 2200,Spring 2024,F
108769,INFO 2600,Spring 2024,B
101474,CSEC 4110,Spring 2025,D
100291,CSEC 2100,Spring 2025,B
106998,LTEC 2100,Fall 2023,C
101481,CSEC 4110,Spring 2025,C
109497,INFO 3600,Fall 2024,B
103984,INFO 1100,Fall 2023,A
100292,DSCI 3210,Fall 2023,A
100715,BUAN 3310,Spring 2025,B
106355,CSEC 4110,Spring 2024,A
103828,INFO 1100,Spring 2024,C
109701,BUAN 2010,Fall 2024,B
102791,CSEC 3220,Fall 2024,A
102364,INFO 2200,Spring 2024,W
109785,INFO 1100,Fall 2024,D
105275,INFO 1100,Spring 2025,C
105645,ITEC 3010,Spring 2024,A
105588,INFO 1100,Fall 2023,C
108427,INFO 1100,Spring 2025,B
103880,INFO 2200,Fall 2023,A
100292,INFO 3340,Fall 2024,A
109380,INFO 1100,Spring 2024,F
109603,INFO 2600,Spring 2025,B
105518,DSCI 4160,Fall 2024,A
106027,INFO 1100,Spring 2024,A
104007,INFO 2200,Fall 2023,B
108902,INFO 3340,Spring 2024,C
105259,INFO 1100,Fall 2023,B
107288,INFO 1100,Fall 2023,B
102640,CSEC 2100,Spring 2024,C
106842,INFO 2600,Fall 2024,C
106856,CSEC 4110,Fall 2024,B
103377,CSEC 2100,Fall 2023,C
106478,BUAN 3310,Fall 2024,B
105248,INFO 4300,Spring 2024,B
105384,INFO 1100,Spring 2024,B
107446,INFO 2200,Spring 2025,C
100905,INFO 1100,Fall 2024,B
108813,CSEC 3220,Spring 2025,W
100799,DSCI 4160,Fall 2023,C
107135,INFO 1100,Fall 2024,A
106622,INFO 1100,Fall 2024,A
108424,INFO 1100,Fall 2023,C
102099,INFO 2200,Spring 2024,C
101219,DSCI 3210,Fall 2023,B
104373,INFO 2600,Spring 2025,F
100641,INFO 1100,Fall 2024,A
106940,INFO 1100,Fall 2024,B
104384,INFO 2600,Fall 2024,B
101613,INFO 1100,Fall 2024,B
105548,INFO 2200,Fall 2023,C
101826,CSEC 4110,Spring 2024,A
101123,CSEC 4110,Fall 2024,C
100697,BUAN 3310,Fall 2024,C
103094,INFO 4300,Spring 2024,B
105945,INFO 1100,Spring 2024,A
103997,INFO 3340,Spring 2025,B
106493,CSEC 2100,Fall 2024,W
107638,INFO 2600,Fall 2024,F
106600,DSCI 4160,Spring 2025,C
105520,INFO 1100,Fall 2023,A
106339,INFO 2200,Spring 2025,D
105439,INFO 1100,Spring 2025,D
100283,CSEC 3220,Spring 2024,B
108581,CSEC 3220,Spring 2025,A
105272,CSEC 2100,Spring 2025,B
104120,ITEC 3010,Spring 2024,B
100866,CSEC 4110,Fall 2023,B
102483,INFO 2600,Spring 2024,A
108825,CSEC 4110,Fall 2024,A
107334,CSEC 4110,Fall 2024,B
101568,INFO 1100,Fall 2024,B
104768,INFO 4300,Spring 2024,A
100770,BUAN 2010,Fall 2024,B
100684,CSEC 2100,Spring 2025,B
109914,INFO 1100,Spring 2024,B
100198,INFO 1100,Spring 2025,D
106086,CSEC 2100,Spring 2024,C
100482,INFO 3340,Spring 2024,A
106717,INFO 4300,Fall 2023,A
106171,INFO 1100,Fall 2024,B
102455,INFO 1100,Spring 2024,A
107121,INFO 2600,Fall 2023,D
107928,CSEC 2100,Spring 2025,C
105679,INFO 4300,Spring 2024,B
104945,INFO 1100,Spring 2025,B
100750,INFO 4300,Spring 2025,C
104883,CSEC 3220,Fall 2024,C
107556,INFO 2200,Fall 2024,A
102357,INFO 2200,Spring 2024,C
105945,INFO 2600,Spring 2024,A
104945,DSCI 4160,Spring 2024,F
104175,CSEC 3220,Fall 2024,A
103338,ITEC 2010,Fall 2024,B
108151,INFO 1100,Fall 2024,D
106794,DSCI 3210,Spring 2024,D
108943,ITEC 2010,Spring 2024,B
108999,INFO 4300,Fall 2024,B
104676,INFO 4300,Spring 2024,A
105698,INFO 2200,Spring 2025,C
101594,INFO 1100,Fall 2023,B
106238,ITEC 3010,Fall 2024,W
107835,INFO 1100,Fall 2024,B
106947,INFO 2200,Fall 2023,C
106758,CSEC 2100,Spring 2024,B
109030,INFO 1100,Fall 2024,B
109831,INFO 2200,Spring 2025,B
108487,INFO 1100,Fall 2023,A
109644,LTEC 3120,Fall 2024,B
109785,CSEC 4110,Fall 2024,C
108106,BUAN 3310,Fall 2024,A
104491,INFO 3340,Spring 2025,C
108355,INFO 1100,Fall 2023,A
103520,INFO 1100,Spring 2024,D
109659,ITEC 3010,Fall 2023,C
101751,INFO 2200,Spring 2025,B
107790,INFO 1100,Spring 2024,D
102364,INFO 2600,Spring 2024,A
109862,INFO 2600,Spring 2024,C
108245,INFO 1100,Fall 2023,C
104031,INFO 1100,Spring 2024,A
103967,LTEC 3120,Spring 2024,B
109291,DSCI 4160,Spring 2024,A
108899,INFO 4300,Fall 2023,F
100300,LTEC 3120,Spring 2025,B
108312,INFO 4300,Fall 2023,A
105973,INFO 4300,Spring 2024,D
109785,CSEC 2100,Fall 2023,A
100426,INFO 1100,Spring 2024,A
102227,DSCI 4160,Fall 2024,B
100798,INFO 1100,Spring 2025,C
108897,INFO 2600,Fall 2024,W
106625,INFO 1100,Fall 2023,A
101684,CSEC 2100,Fall 2024,C
101691,CSEC 3220,Fall 2024,B
101280,INFO 1100,Spring 2025,D
108751,ITEC 2010,Fall 2024,C
108628,CSEC 3220,Fall 2023,C
104639,ITEC 3010,Fall 2023,W
109383,LTEC 3120,Fall 2024,C
106567,INFO 1100,Spring 2024,A
107053,INFO 1100,Spring 2025,C
100986,CSEC 4110,Spring 2025,B
106911,INFO 1100,Spring 2024,A
104830,INFO 1100,Spring 2025,B
105365,INFO 2200,Spring 2024,B
108837,INFO 2600,Spring 2025,B
109348,INFO 2600,Spring 2025,D
103101,INFO 2200,Fall 2023,F
108749,INFO 1100,Spring 2024,F
100705,INFO 3340,Spring 2025,W
109112,DSCI 4160,Spring 2024,F
102024,INFO 1100,Fall 2023,B
102580,CSEC 2100,Spring 2024,B
108938,CSEC 3220,Fall 2024,B
105134,ITEC 2010,Spring 2025,C
103498,INFO 1100,Spring 2025,C
102705,BUAN 2010,Fall 2024,B
103998,CSEC 2100,Fall 2023,A
108091,DSCI 3210,Spring 2024,A
104593,CSEC 2100,Spring 2024,D
108899,INFO 2200,Fall 2023,D
103179,BUAN 2010,Fall 2023,D
105833,ITEC 2010,Fall 2023,B
105562,INFO 4300,Spring 2025,A
106975,INFO 1100,Spring 2024,B
102734,INFO 1100,Fall 2023,B
103619,INFO 1100,Spring 2024,A
100907,INFO 1100,Spring 2024,A
104449,INFO 1100,Fall 2023,W
102038,CSEC 4110,Fall 2024,D
105222,CSEC 3220,Spring 2024,B
102963,INFO 2600,Spring 2024,B
106655,CSEC 2100,Fall 2024,A
101226,INFO 3340,Spring 2024,B
100376,INFO 4300,Spring 2024,B
101064,BUAN 2010,Spring 2024,C
104529,CSEC 2100,Fall 2023,B
101900,INFO 2600,Fall 2023,C
106975,CSEC 4110,Spring 2025,B
101317,INFO 1100,Fall 2024,B
103715,LTEC 3120,Fall 2023,B
102683,BUAN 2010,Fall 2024,C
105594,BUAN 3310,Fall 2023,B
109030,CSEC 2100,Fall 2024,F
100021,INFO 1100,Fall 2023,W
107955,INFO 4300,Fall 2023,D
109157,INFO 2600,Spring 2025,D
107293,ITEC 2010,Fall 2024,A
104102,INFO 1100,Fall 2024,C
103971,INFO 1100,Fall 2023,F
103753,CSEC 3220,Spring 2024,A
109644,INFO 2600,Fall 2023,B
102162,INFO 1100,Spring 2024,D
106599,INFO 1100,Spring 2024,A
103694,INFO 2200,Fall 2024,A
105496,INFO 1100,Fall 2023,B
107279,CSEC 3220,Fall 2024,F
104782,INFO 1100,Fall 2023,C
107832,INFO 2200,Spring 2024,C
108392,INFO 1100,Fall 2024,D
109390,BUAN 3310,Spring 2024,B
109383,INFO 4300,Fall 2024,B
104592,CSEC 2100,Fall 2023,B
108933,INFO 3340,Spring 2024,A
100241,INFO 1100,Fall 2023,A
104524,INFO 2600,Fall 2024,F
104638,INFO 1100,Spring 2025,A
100385,DSCI 4160,Spring 2024,W
108897,INFO 1100,Fall 2023,B
102222,CSEC 4110,Fall 2023,A
103134,INFO 1100,Spring 2024,C
107548,DSCI 3210,Fall 2023,B
105797,DSCI 4160,Spring 2024,D
106805,INFO 1100,Spring 2024,A
102295,INFO 1100,Fall 2023,C
106002,INFO 2200,Spring 2025,W
107613,INFO 2600,Fall 2024,C
107004,INFO 1100,Fall 2024,A
102372,INFO 2200,Fall 2024,W
101866,INFO 3600,Spring 2025,B
107135,INFO 3600,Spring 2025,D
105477,INFO 2200,Fall 2023,C
103803,ITEC 3010,Fall 2024,F
100132,INFO 1100,Fall 2024,B
107610,CSEC 3220,Spring 2025,A
105916,INFO 2600,Spring 2024,D
105369,INFO 1100,Spring 2024,F
109608,INFO 1100,Fall 2024,W
106838,CSEC 2100,Fall 2024,C
106308,DSCI 3210,Fall 2023,A
108863,CSEC 2100,Fall 2023,C
103039,INFO 4300,Fall 2024,A
103810,CSEC 2100,Fall 2024,D
108654,INFO 2600,Spring 2024,C
107204,ITEC 2010,Spring 2025,F
105664,INFO 1100,Spring 2024,F
100707,INFO 2600,Spring 2025,A
107133,INFO 3600,Fall 2024,C
109389,INFO 1100,Spring 2024,F
105473,INFO 1100,Spring 2025,C
105591,BUAN 2010,Spring 2024,F
101455,ITEC 2010,Spring 2025,A
109838,CSEC 2100,Spring 2024,C
105793,INFO 1100,Fall 2024,A
109593,INFO 2200,Fall 2023,A
104096,INFO 2200,Fall 2023,D
109892,ITEC 3010,Fall 2024,C
108015,CSEC 4110,Spring 2024,A
109057,DSCI 4160,Spring 2025,D
103997,DSCI 3210,Fall 2023,D
105864,CSEC 2100,Fall 2024,C
105284,INFO 3600,Spring 2025,F
107901,INFO 2600,Fall 2023,B
103727,INFO 4300,Fall 2024,C
101055,INFO 3600,Fall 2024,D
101713,DSCI 3210,Spring 2025,A
109859,INFO 1100,Spring 2025,C
106041,CSEC 3220,Fall 2024,A
100705,DSCI 4160,Fall 2024,A
105660,ITEC 2010,Fall 2024,B
106240,CSEC 2100,Spring 2024,F
108856,CSEC 2100,Fall 2024,D
108515,INFO 1100,Spring 2024,B
101854,BUAN 3310,Fall 2023,A
102194,INFO 1100,Spring 2024,D
109123,INFO 1100,Spring 2025,D
107178,INFO 1100,Spring 2024,A
103422,CSEC 3220,Fall 2023,D
100212,CSEC 4110,Spring 2024,F
106464,INFO 4300,Fall 2023,A
100970,INFO 2200,Fall 2023,W
104782,INFO 3600,Fall 2024,C
108704,INFO 1100,Fall 2024,B
102016,DSCI 3210,Spring 2024,A
104034,CSEC 2100,Fall 2024,A
102633,CSEC 2100,Fall 2024,D
101618,INFO 2600,Spring 2024,C
103727,INFO 2200,Spring 2025,B
103274,INFO 1100,Fall 2024,A
105025,LTEC 3120,Fall 2024,C
108331,INFO 1100,Fall 2023,D
109275,INFO 2200,Spring 2025,D
109164,CSEC 4110,Spring 2025,F
109921,DSCI 3210,Spring 2025,B
107315,INFO 3340,Spring 2024,C
107507,INFO 3600,Fall 2024,A
108307,INFO 2200,Fall 2024,C
107774,INFO 1100,Spring 2025,B
100049,CSEC 3220,Spring 2024,D
106342,DSCI 3210,Spring 2025,D
107312,INFO 2600,Fall 2023,A
105275,INFO 3340,Spring 2025,D
109931,INFO 1100,Fall 2024,A
109745,ITEC 2010,Spring 2024,B
103762,ITEC 2010,Spring 2025,D
102518,LTEC 3120,Fall 2024,A
107690,INFO 2200,Spring 2024,C
109306,INFO 2200,Spring 2025,C
104006,ITEC 2010,Fall 2024,A
107531,ITEC 2010,Spring 2025,B
104597,CSEC 3220,Fall 2024,B
103674,CSEC 3220,Spring 2024,C
101546,DSCI 3210,Spring 2025,A
101971,CSEC 4110,Spring 2024,D
103905,INFO 1100,Spring 2024,C
100106,INFO 1100,Fall 2023,A
107194,CSEC 3220,Fall 2023,D
109323,INFO 2200,Fall 2024,A
102585,CSEC 4110,Fall 2024,B
104574,INFO 4300,Fall 2023,B
107312,INFO 4300,Spring 2025,W
105439,INFO 3600,Spring 2024,C
105356,CSEC 3220,Spring 2025,F
102024,CSEC 2100,Fall 2023,A
102365,INFO 2200,Fall 2023,C
109461,INFO 1100,Fall 2024,A
104383,CSEC 2100,Spring 2024,D
109849,CSEC 2100,Spring 2025,D
101123,CSEC 2100,Spring 2024,A
104352,INFO 1100,Spring 2025,B
107507,INFO 4300,Fall 2023,A
105179,INFO 2200,Fall 2023,A
101701,DSCI 3210,Fall 2024,A
103547,INFO 1100,Fall 2023,B
108033,DSCI 4160,Spring 2024,C
107052,CSEC 4110,Fall 2024,F
104001,INFO 2600,Fall 2023,C
104612,INFO 3340,Fall 2024,B
108243,DSCI 3210,Fall 2024,W
100663,DSCI 3210,Fall 2024,B
100922,LTEC 2100,Spring 2025,A
108828,CSEC 3220,Fall 2024,F
106929,CSEC 4110,Spring 2024,F
109351,DSCI 3210,Spring 2025,A
105290,INFO 1100,Fall 2023,D
100061,INFO 1100,Fall 2024,A
107194,CSEC 4110,Spring 2025,C
109522,INFO 4300,Fall 2023,A
108043,INFO 2200,Spring 2024,C
106475,INFO 1100,Spring 2025,A
100350,DSCI 3210,Fall 2024,A
102163,INFO 1100,Spring 2024,C
108281,INFO 2600,Spring 2024,A
107607,INFO 1100,Spring 2024,B
107154,CSEC 3220,Fall 2024,F
108725,INFO 1100,Spring 2025,C
106308,INFO 1100,Spring 2024,C
107161,CSEC 3220,Fall 2023,F
102252,DSCI 3210,Fall 2024,C
106901,INFO 1100,Fall 2024,B
101876,INFO 1100,Fall 2024,B
102961,DSCI 3210,Fall 2024,A
108244,ITEC 3010,Fall 2024,C
102424,ITEC 3010,Spring 2025,C
107279,CSEC 4110,Spring 2025,B
109340,INFO 2600,Fall 2023,B
100474,CSEC 4110,Spring 2025,C
101387,INFO 4300,Fall 2023,W
106175,INFO 1100,Fall 2023,B
105556,CSEC 3220,Fall 2023,A
101686,INFO 1100,Spring 2025,C
107255,INFO 2600,Fall 2023,B
102077,DSCI 3210,Fall 2023,D
100551,INFO 1100,Spring 2024,B
101511,CSEC 4110,Fall 2024,A
100641,INFO 2600,Spring 2024,A
108997,INFO 2600,Spring 2025,B
104825,INFO 2200,Spring 2024,A
106874,CSEC 4110,Fall 2024,B
107869,CSEC 4110,Spring 2024,A
109155,INFO 4300,Fall 2024,B
108925,CSEC 2100,Fall 2024,A
101572,INFO 1100,Spring 2024,B
104884,ITEC 3010,Spring 2024,C
107786,ITEC 3010,Fall 2024,C
101523,DSCI 4160,Fall 2024,B
104069,INFO 1100,Spring 2025,B
108608,INFO 1100,Spring 2025,B
103626,INFO 3340,Fall 2023,A
106532,INFO 3600,Fall 2024,B
108877,INFO 1100,Spring 2024,C
104152,INFO 2600,Spring 2025,C
106997,DSCI 3210,Fall 2024,A
102556,INFO 2200,Fall 2024,A
109785,INFO 2200,Fall 2023,D
100754,INFO 1100,Spring 2025,C
103064,INFO 4300,Spring 2025,B
101986,INFO 2200,Fall 2024,B
102297,INFO 2200,Fall 2024,A
100684,INFO 1100,Fall 2023,B
107042,INFO 1100,Spring 2024,A
100686,INFO 1100,Fall 2023,B
105548,INFO 1100,Spring 2024,F
109923,INFO 1100,Spring 2025,W
101548,INFO 2200,Fall 2024,A
106822,ITEC 2010,Fall 2024,B
108293,INFO 4300,Spring 2024,D
107263,INFO 2200,Fall 2023,C
106508,CSEC 2100,Spring 2024,A
103657,CSEC 2100,Fall 2023,A
104597,CSEC 4110,Spring 2024,D
106820,INFO 1100,Spring 2025,C
106265,INFO 1100,Fall 2023,C
104621,INFO 1100,Spring 2025,W
109264,INFO 2200,Spring 2025,A
102536,INFO 2200,Fall 2023,C
100955,INFO 2600,Spring 2025,A
106830,DSCI 4160,Fall 2023,A
102572,INFO 3340,Spring 2024,A
101791,INFO 1100,Fall 2024,W
108386,BUAN 3310,Fall 2024,B
105332,INFO 2200,Fall 2024,B
104004,INFO 2600,Fall 2024,B
109838,ITEC 3010,Spring 2025,A
105999,CSEC 3220,Fall 2023,D
108547,DSCI 4160,Spring 2025,F
100580,CSEC 3220,Fall 2024,A
103174,INFO 1100,Spring 2024,A
102518,INFO 1100,Fall 2023,A
104877,INFO 2200,Fall 2024,A
102113,INFO 1100,Fall 2024,B
109435,INFO 3600,Spring 2025,C
103626,INFO 1100,Fall 2023,B
102705,INFO 1100,Fall 2024,A
106608,CSEC 4110,Fall 2024,D
100133,INFO 1100,Fall 2023,W
105973,INFO 1100,Spring 2024,A
105140,CSEC 2100,Spring 2025,A
107862,BUAN 2010,Spring 2025,C
100770,DSCI 3210,Spring 2024,A
104775,INFO 2200,Spring 2024,D
100442,CSEC 2100,Fall 2023,D
105341,INFO 1100,Fall 2024,F
106265,INFO 2600,Spring 2024,A
105137,BUAN 2010,Fall 2023,F
106831,INFO 2600,Fall 2023,F
106589,DSCI 3210,Spring 2025,A
106937,CSEC 2100,Fall 2024,B
107556,DSCI 4160,Spring 2024,C
107748,DSCI 4160,Spring 2024,B
109548,INFO 2600,Spring 2025,F
109482,INFO 2600,Fall 2023,B
106452,LTEC 3120,Spring 2025,A
103469,CSEC 2100,Fall 2024,C
102671,INFO 1100,Spring 2025,F
102343,INFO 1100,Fall 2023,B
103917,BUAN 2010,Spring 2024,D
108138,CSEC 2100,Fall 2023,B
109950,CSEC 3220,Fall 2023,A
100615,INFO 1100,Spring 2024,C
107790,CSEC 2100,Fall 2024,C
109849,ITEC 2010,Spring 2024,D
101323,ITEC 3010,Fall 2024,B
102237,INFO 4300,Spring 2024,B
106875,INFO 2200,Fall 2023,D
103871,ITEC 3010,Spring 2025,F
106426,INFO 1100,Fall 2023,B
104196,BUAN 2010,Spring 2024,F
104305,INFO 2600,Fall 2024,C
105591,BUAN 3310,Spring 2025,C
109121,INFO 1100,Spring 2025,C
102841,INFO 1100,Fall 2023,C
101916,LTEC 2100,Fall 2024,W
106831,INFO 1100,Spring 2024,A
104543,BUAN 2010,Spring 2025,A
106254,INFO 1100,Fall 2024,C
106951,INFO 2200,Spring 2024,B
106794,BUAN 2010,Spring 2025,F
101768,DSCI 3210,Fall 2024,B
104889,LTEC 3120,Spring 2024,W
105798,INFO 1100,Spring 2025,F
105218,CSEC 2100,Spring 2025,C
103481,INFO 1100,Fall 2023,C
107282,INFO 1100,Fall 2024,A
108060,INFO 2600,Spring 2025,A
107905,INFO 4300,Fall 2023,W
105473,DSCI 3210,Fall 2023,F
109188,INFO 1100,Spring 2025,B
109714,INFO 1100,Fall 2024,B
101020,DSCI 3210,Spring 2025,B
102877,CSEC 4110,Fall 2023,B
105629,INFO 4300,Spring 2025,B
100725,INFO 1100,Fall 2023,D
103835,CSEC 4110,Fall 2023,W
104233,INFO 1100,Spring 2024,D
109348,ITEC 3010,Fall 2023,D
107206,INFO 1100,Spring 2025,D
104895,INFO 1100,Spring 2025,C
101857,BUAN 3310,Spring 2025,W
101346,INFO 2200,Spring 2025,A
104613,INFO 1100,Fall 2024,W
108429,INFO 1100,Spring 2024,D
109367,INFO 3600,Spring 2024,C
101134,INFO 4300,Spring 2025,D
109522,INFO 2200,Spring 2024,B
107748,INFO 2200,Spring 2025,D
106342,BUAN 3310,Fall 2024,C
109995,INFO 2200,Spring 2024,B
107048,INFO 1100,Fall 2024,C
109315,CSEC 3220,Spring 2024,F
107830,ITEC 3010,Fall 2024,F
103703,ITEC 3010,Spring 2024,B
102069,DSCI 4160,Fall 2024,B
109159,INFO 2200,Spring 2025,F
109112,DSCI 3210,Fall 2023,F
109442,INFO 1100,Spring 2024,A
108181,DSCI 3210,Spring 2024,C
101505,CSEC 4110,Spring 2025,A
106478,INFO 1100,Spring 2025,B
104590,CSEC 3220,Fall 2024,B
101142,INFO 1100,Spring 2024,F
109100,INFO 1100,Spring 2025,D
108544,CSEC 2100,Fall 2024,A
102227,DSCI 3210,Fall 2024,B
108291,INFO 2200,Spring 2024,B
102047,INFO 4300,Spring 2025,B
105577,INFO 3340,Spring 2025,F
101523,INFO 1100,Spring 2025,A
100852,INFO 1100,Fall 2023,A
101810,INFO 2600,Fall 2023,F
108767,INFO 1100,Fall 2023,D
107996,INFO 1100,Fall 2024,C
105362,INFO 1100,Spring 2025,D
108997,INFO 1100,Fall 2023,A
100015,INFO 2600,Fall 2024,C
102556,CSEC 4110,Fall 2024,F
103420,LTEC 2100,Fall 2024,A
105019,CSEC 3220,Fall 2023,A
100349,LTEC 3120,Spring 2024,B
105698,INFO 4300,Spring 2025,C
100202,INFO 2600,Fall 2023,B
105823,INFO 4300,Spring 2025,A
107960,INFO 2200,Spring 2025,A
101399,INFO 4300,Fall 2023,D
104381,INFO 1100,Spring 2024,B
108654,ITEC 3010,Fall 2024,C
109694,DSCI 3210,Fall 2023,C
103151,INFO 2200,Fall 2023,B
101134,INFO 2200,Spring 2024,B
102572,DSCI 4160,Fall 2023,B
101657,INFO 3340,Fall 2024,A
106014,INFO 1100,Spring 2024,B
103420,INFO 1100,Fall 2024,A
106692,INFO 2600,Fall 2023,B
108268,INFO 2600,Fall 2024,B
100255,CSEC 2100,Fall 2023,A
104056,DSCI 3210,Spring 2025,C
102596,LTEC 3120,Spring 2025,B
104053,INFO 2200,Fall 2023,B
104976,ITEC 3010,Fall 2023,D
101053,INFO 2600,Fall 2024,B
102990,INFO 1100,Fall 2023,A
101596,INFO 4300,Spring 2025,C
102372,CSEC 4110,Fall 2024,B
102038,INFO 1100,Spring 2025,A
106979,CSEC 3220,Spring 2024,A
102105,INFO 2600,Spring 2024,A
106822,ITEC 3010,Fall 2023,B
103006,CSEC 3220,Fall 2024,F
100241,INFO 3600,Spring 2025,D
104538,INFO 2200,Fall 2024,C
102259,INFO 3340,Spring 2025,D
101487,BUAN 3310,Fall 2023,C
109788,CSEC 3220,Fall 2024,A
104583,INFO 2600,Spring 2025,F
104609,DSCI 4160,Spring 2025,C
102144,INFO 1100,Fall 2024,A
106674,INFO 3340,Fall 2023,B
108312,INFO 1100,Spring 2025,A
105333,CSEC 2100,Fall 2023,A
102179,BUAN 2010,Spring 2024,W
105276,ITEC 2010,Fall 2023,B
103064,INFO 2200,Spring 2024,B
105452,CSEC 4110,Spring 2024,W
108019,LTEC 3120,Spring 2025,A
102522,INFO 2200,Spring 2025,F
109441,INFO 2600,Fall 2023,B
107891,DSCI 4160,Spring 2024,C
100231,BUAN 3310,Spring 2024,A
102300,CSEC 2100,Spring 2025,A
105332,INFO 1100,Fall 2024,A
101456,INFO 3600,Fall 2023,C
100318,CSEC 2100,Fall 2023,D
103550,INFO 1100,Fall 2024,C
102077,BUAN 2010,Fall 2024,C
104884,INFO 1100,Spring 2025,F
106537,INFO 2600,Fall 2024,B
107998,DSCI 3210,Spring 2025,D
106979,CSEC 2100,Spring 2024,A
100662,CSEC 2100,Spring 2025,C
100725,DSCI 4160,Fall 2024,D
101317,INFO 4300,Spring 2025,C
100209,INFO 2600,Spring 2025,D
105046,INFO 1100,Fall 2024,B
108935,INFO 4300,Spring 2024,B
101358,INFO 2200,Spring 2024,A
108683,INFO 1100,Spring 2024,A
109185,LTEC 2100,Fall 2023,D
102982,INFO 2200,Spring 2025,B
104397,INFO 1100,Spring 2025,A
108108,BUAN 2010,Spring 2024,A
100603,INFO 4300,Fall 2024,B
100799,INFO 1100,Fall 2023,B
107341,INFO 1100,Spring 2024,A
100120,CSEC 2100,Spring 2025,A
100901,INFO 2600,Fall 2023,C
103607,INFO 1100,Fall 2023,C
109514,CSEC 3220,Fall 2024,B
107024,DSCI 3210,Fall 2024,F
100273,INFO 2600,Spring 2024,A
109786,INFO 1100,Spring 2025,B
104357,INFO 1100,Spring 2024,B
106890,INFO 3600,Spring 2025,C
109305,DSCI 3210,Fall 2024,B
106084,CSEC 2100,Fall 2023,B
107548,BUAN 3310,Spring 2025,C
105812,ITEC 3010,Spring 2024,B
105476,INFO 1100,Spring 2025,F
106839,INFO 1100,Spring 2024,B
103880,INFO 3340,Spring 2024,C
101899,INFO 1100,Spring 2024,C
106018,INFO 3600,Spring 2025,B
107990,INFO 2200,Fall 2024,B
102455,INFO 2200,Fall 2023,C
108502,INFO 1100,Spring 2025,C
101985,INFO 4300,Spring 2024,C
105795,ITEC 2010,Fall 2023,B
100466,INFO 2200,Spring 2025,B
109617,INFO 3340,Spring 2025,B
103693,INFO 4300,Spring 2024,B
102365,INFO 3340,Spring 2025,F
106403,CSEC 2100,Fall 2024,B
103389,INFO 2600,Spring 2025,C
109497,INFO 1100,Fall 2024,A
104763,INFO 1100,Fall 2024,B
105076,DSCI 4160,Fall 2024,A
101986,DSCI 3210,Spring 2024,B
108303,ITEC 2010,Fall 2024,A
105580,INFO 1100,Fall 2023,A
105025,INFO 4300,Spring 2025,W
100931,INFO 1100,Fall 2024,C
105999,CSEC 4110,Spring 2024,B
107312,INFO 1100,Spring 2025,B
106667,DSCI 3210,Fall 2024,B
104196,INFO 1100,Fall 2024,A
108538,INFO 1100,Fall 2024,A
107162,INFO 2600,Fall 2024,C
102982,DSCI 3210,Spring 2024,C
107923,CSEC 4110,Fall 2023,D
105420,INFO 1100,Spring 2025,A
106238,CSEC 2100,Spring 2024,A
102123,INFO 3600,Fall 2023,A
103004,DSCI 3210,Spring 2025,A
104557,INFO 1100,Fall 2024,A
108425,DSCI 3210,Spring 2025,A
109435,INFO 1100,Spring 2025,B
105556,CSEC 2100,Fall 2024,C
100685,DSCI 3210,Fall 2024,F
105290,INFO 3340,Spring 2024,B
105076,DSCI 3210,Spring 2024,A
105551,INFO 2600,Fall 2024,D
107847,INFO 3340,Fall 2024,B
105136,INFO 2200,Fall 2023,C
108928,INFO 2600,Spring 2024,C
103717,CSEC 4110,Fall 2024,B
108108,BUAN 3310,Spring 2024,F
109995,CSEC 3220,Fall 2024,B
107217,INFO 1100,Fall 2024,C
106585,CSEC 3220,Spring 2025,B
107108,INFO 1100,Spring 2024,B
105840,INFO 1100,Spring 2024,B
101874,INFO 2600,Spring 2025,B
102365,DSCI 3210,Fall 2023,B
103389,INFO 3600,Fall 2023,C
103554,INFO 1100,Spring 2025,B
102047,INFO 2600,Spring 2025,C
106929,CSEC 2100,Spring 2024,D
104026,CSEC 3220,Spring 2024,C
106776,INFO 3600,Spring 2025,A
108546,INFO 3600,Spring 2024,B
108325,CSEC 3220,Spring 2024,D
106014,INFO 2200,Fall 2024,F
109254,INFO 3340,Fall 2024,A
105791,INFO 2200,Fall 2024,A
102674,LTEC 3120,Fall 2024,F
102334,INFO 1100,Fall 2024,F
103733,INFO 1100,Fall 2024,B
107594,CSEC 3220,Spring 2024,A
100050,INFO 2200,Fall 2023,B
104955,CSEC 2100,Spring 2024,B
107276,CSEC 4110,Fall 2023,C
109163,INFO 3340,Fall 2024,A
100615,CSEC 3220,Fall 2024,B
101876,INFO 3340,Fall 2023,F
106977,INFO 4300,Spring 2025,B
106904,BUAN 3310,Fall 2023,D
105105,CSEC 2100,Spring 2024,B
105136,DSCI 3210,Fall 2023,B
106185,INFO 1100,Fall 2024,C
109291,DSCI 3210,Fall 2024,W
109121,INFO 4300,Fall 2024,B
106653,CSEC 4110,Spring 2025,W
102123,INFO 2200,Spring 2024,A
103836,CSEC 4110,Spring 2025,B
101020,BUAN 3310,Fall 2024,F
100494,INFO 2200,Spring 2025,A
109112,INFO 1100,Fall 2023,C
100691,INFO 2200,Spring 2025,A
106832,ITEC 3010,Spring 2024,W
101490,INFO 1100,Fall 2024,D
103525,LTEC 2100,Spring 2024,A
108043,BUAN 2010,Fall 2024,B
107334,INFO 1100,Fall 2023,C
108686,INFO 2200,Spring 2024,C
108819,INFO 1100,Spring 2024,C
107961,INFO 2200,Fall 2024,B
100115,INFO 2600,Fall 2024,A
104612,INFO 2200,Spring 2024,B
101899,INFO 2200,Spring 2025,C
105988,INFO 2200,Fall 2023,B
102547,INFO 3600,Spring 2025,A
100561,INFO 2200,Spring 2025,C
101297,INFO 1100,Spring 2024,B
109103,BUAN 3310,Fall 2024,C
104069,INFO 3340,Spring 2025,C
104157,DSCI 3210,Fall 2023,A
103662,INFO 2200,Spring 2025,A
107053,INFO 2600,Fall 2024,A
106789,INFO 2200,Spring 2024,A
105487,INFO 1100,Spring 2025,A
102588,INFO 1100,Spring 2025,A
100262,INFO 1100,Spring 2024,A
109307,INFO 1100,Fall 2024,A
106413,ITEC 3010,Fall 2024,B
103104,INFO 2600,Spring 2025,C
103480,INFO 1100,Fall 2023,B
104508,INFO 1100,Fall 2024,F
105355,BUAN 3310,Fall 2023,B
108062,INFO 2200,Fall 2024,W
109852,INFO 1100,Fall 2024,F
109155,INFO 3600,Fall 2024,A
105297,INFO 2200,Spring 2025,B
100263,INFO 3600,Spring 2025,C
102990,INFO 3600,Spring 2025,F
108544,CSEC 3220,Spring 2025,B
109415,INFO 1100,Fall 2024,B
105276,INFO 1100,Fall 2024,D
107741,BUAN 3310,Spring 2025,B
105206,CSEC 2100,Fall 2024,A
103786,INFO 1100,Fall 2024,C
100724,INFO 1100,Fall 2024,B
106573,INFO 2200,Spring 2024,W
107200,INFO 2200,Spring 2024,A
104795,INFO 2200,Fall 2024,F
108767,INFO 2600,Fall 2023,B
100844,INFO 1100,Spring 2024,B
107090,LTEC 3120,Fall 2024,F
109434,INFO 2600,Fall 2024,B
102434,INFO 2600,Fall 2024,C
107509,INFO 2200,Fall 2024,B
103113,CSEC 2100,Fall 2023,C
101900,ITEC 2010,Fall 2024,C
100590,INFO 3600,Fall 2024,C
105812,ITEC 2010,Spring 2024,D
101688,INFO 2200,Fall 2023,D
104384,INFO 4300,Spring 2024,A
100026,INFO 1100,Spring 2025,A
107391,DSCI 3210,Spring 2025,A
109306,CSEC 4110,Spring 2025,W
100338,INFO 2200,Spring 2025,D
101246,INFO 2200,Spring 2024,C
100345,INFO 1100,Fall 2024,B
101532,CSEC 2100,Spring 2024,D
101148,DSCI 3210,Fall 2024,C
106718,INFO 2200,Fall 2024,D
103923,CSEC 2100,Spring 2024,W
108130,DSCI 3210,Spring 2025,A
104644,CSEC 3220,Fall 2023,B
109838,ITEC 2010,Spring 2024,B
104676,INFO 1100,Spring 2025,A
104585,DSCI 3210,Fall 2023,B
107801,INFO 1100,Spring 2024,B
103360,INFO 3340,Spring 2024,B
108816,INFO 1100,Fall 2024,A
102873,INFO 2600,Fall 2023,A
100662,INFO 2600,Fall 2023,D
106901,DSCI 3210,Fall 2023,C
105420,CSEC 4110,Fall 2024,A
105067,ITEC 2010,Spring 2024,F
101702,INFO 2200,Spring 2025,A
107394,CSEC 2100,Fall 2023,D
100045,CSEC 2100,Fall 2024,A
107928,CSEC 3220,Fall 2024,A
103953,CSEC 2100,Fall 2023,C
109121,INFO 2600,Spring 2025,B
100573,INFO 1100,Spring 2024,B
106749,CSEC 2100,Fall 2024,B
107613,INFO 2200,Spring 2024,B
100630,CSEC 2100,Spring 2024,A
109868,LTEC 3120,Fall 2023,A
100212,CSEC 3220,Fall 2024,C
107115,CSEC 2100,Fall 2024,D
104350,CSEC 2100,Spring 2025,A
106634,INFO 1100,Spring 2024,C
103106,DSCI 4160,Spring 2025,B
109410,INFO 1100,Spring 2024,A
109956,INFO 4300,Spring 2025,C
101111,INFO 2600,Spring 2025,A
107727,CSEC 3220,Spring 2024,A
102946,INFO 2200,Spring 2025,D
107216,INFO 1100,Spring 2025,A
106162,CSEC 3220,Fall 2024,D
105473,DSCI 4160,Fall 2024,A
101479,INFO 1100,Spring 2025,C
109354,BUAN 2010,Spring 2025,A
107282,INFO 3600,Fall 2023,C
109380,INFO 3600,Fall 2024,C
103995,INFO 2600,Spring 2025,B
107711,INFO 2600,Spring 2025,D
103374,INFO 1100,Fall 2023,C
108989,BUAN 3310,Spring 2024,A
107159,INFO 1100,Fall 2023,B
101461,INFO 1100,Spring 2025,A
103155,INFO 2200,Spring 2024,B
104336,CSEC 2100,Spring 2024,C
109231,INFO 3340,Fall 2023,C
105739,ITEC 2010,Fall 2024,B
101781,LTEC 2100,Fall 2024,A
104212,DSCI 3210,Spring 2024,A
100168,LTEC 2100,Fall 2024,A
100922,LTEC 3120,Fall 2024,A
109196,ITEC 3010,Spring 2025,F
100493,INFO 2200,Fall 2024,A
103919,CSEC 3220,Spring 2025,C
102098,INFO 1100,Spring 2025,B
101504,CSEC 2100,Spring 2024,B
103919,CSEC 4110,Fall 2023,C
107847,DSCI 4160,Fall 2023,C
100715,INFO 1100,Spring 2024,A
107741,BUAN 2010,Fall 2024,A
105300,CSEC 3220,Spring 2024,A
103976,CSEC 2100,Fall 2024,B
109100,INFO 4300,Spring 2025,A
105244,BUAN 3310,Spring 2025,B
106854,INFO 1100,Spring 2024,C
100770,BUAN 3310,Fall 2023,A
109351,BUAN 3310,Fall 2024,B
109931,DSCI 3210,Spring 2025,A
109236,INFO 4300,Fall 2023,A
106046,ITEC 2010,Fall 2023,A
104053,INFO 2600,Spring 2024,W
106835,INFO 1100,Fall 2024,C
104729,INFO 1100,Fall 2023,B
103896,INFO 1100,Spring 2024,B
102776,DSCI 4160,Fall 2023,B
103754,INFO 2600,Spring 2024,D
101532,INFO 2200,Fall 2024,W
100692,BUAN 2010,Fall 2023,C
106300,INFO 1100,Spring 2025,W
107077,INFO 1100,Fall 2024,D
101582,CSEC 2100,Fall 2023,B
103415,INFO 3340,Spring 2024,A
106152,DSCI 3210,Spring 2025,F
101961,INFO 1100,Spring 2024,A
103101,CSEC 4110,Spring 2024,B
101634,CSEC 3220,Spring 2025,C
100231,DSCI 3210,Spring 2024,A
108578,DSCI 3210,Spring 2024,D
104583,INFO 1100,Fall 2024,B
102552,INFO 1100,Fall 2023,C
108281,INFO 1100,Spring 2025,F
105488,INFO 2200,Fall 2023,D
103421,INFO 2600,Fall 2023,A
106110,INFO 4300,Fall 2024,A
107152,INFO 1100,Fall 2023,A
105997,CSEC 3220,Spring 2024,B
105892,DSCI 3210,Fall 2024,B
109410,BUAN 2010,Spring 2024,F
102726,INFO 1100,Fall 2024,A
101826,CSEC 3220,Fall 2023,B
108355,CSEC 3220,Spring 2025,B
109106,CSEC 3220,Fall 2024,F
103001,INFO 1100,Spring 2024,A
103545,CSEC 3220,Spring 2025,A
103662,DSCI 3210,Spring 2025,C
106312,INFO 3600,Spring 2024,F
108718,BUAN 3310,Spring 2024,C
108200,INFO 2200,Spring 2024,B
104924,CSEC 3220,Fall 2023,C
100308,INFO 1100,Fall 2024,B
105644,CSEC 2100,Spring 2025,A
108339,INFO 2600,Spring 2025,A
105705,CSEC 4110,Spring 2025,B
109151,INFO 2200,Fall 2023,A
105864,CSEC 3220,Fall 2024,D
102949,INFO 1100,Fall 2023,C
109363,DSCI 4160,Spring 2025,A
109391,CSEC 4110,Spring 2025,C
101223,INFO 2200,Spring 2024,F
103803,ITEC 2010,Fall 2024,B
108041,INFO 1100,Spring 2024,D
106500,INFO 2600,Spring 2025,C
101159,CSEC 4110,Fall 2023,B
105735,ITEC 2010,Fall 2023,C
107558,CSEC 3220,Spring 2024,B
103761,INFO 1100,Fall 2024,B
100544,DSCI 3210,Spring 2025,A
104355,INFO 1100,Fall 2024,A
109841,DSCI 4160,Fall 2023,W
101508,INFO 1100,Spring 2024,C
100135,CSEC 3220,Fall 2024,B
108259,DSCI 3210,Fall 2024,A
101573,CSEC 2100,Fall 2024,A
103587,CSEC 2100,Spring 2024,A
107453,INFO 1100,Fall 2024,C
108341,ITEC 2010,Fall 2024,B
104037,DSCI 3210,Spring 2024,B
100089,INFO 1100,Fall 2023,D
107349,ITEC 2010,Spring 2024,A
103299,INFO 1100,Fall 2024,A
109446,INFO 4300,Spring 2025,A
103803,INFO 1100,Fall 2024,B
102334,CSEC 2100,Spring 2024,F
100433,INFO 1100,Fall 2024,B
101299,INFO 2200,Spring 2024,A
103977,DSCI 3210,Spring 2024,B
108925,INFO 2200,Fall 2023,W
100073,BUAN 3310,Spring 2025,A
102671,INFO 2200,Fall 2024,A
107905,LTEC 3120,Fall 2023,D
100980,INFO 2600,Spring 2025,A
101960,LTEC 3120,Fall 2024,B
108237,CSEC 3220,Spring 2025,B
101751,CSEC 4110,Fall 2024,A
108683,CSEC 2100,Fall 2024,D
102327,BUAN 3310,Fall 2023,C
109155,INFO 2200,Spring 2025,A
109196,ITEC 2010,Spring 2025,A
101178,INFO 1100,Fall 2024,B
105450,CSEC 4110,Spring 2024,B
105094,INFO 2600,Spring 2025,F
101125,INFO 1100,Spring 2025,D
105618,DSCI 3210,Spring 2024,C
104345,CSEC 2100,Spring 2025,B
103978,INFO 2600,Spring 2025,A
102916,CSEC 2100,Fall 2024,A
107220,LTEC 3120,Fall 2024,C
103533,INFO 1100,Spring 2024,A
106386,INFO 3340,Spring 2025,A
107320,INFO 3340,Spring 2024,B
101763,CSEC 2100,Spring 2024,D
101680,INFO 1100,Fall 2024,F
105355,BUAN 2010,Fall 2023,A
103374,DSCI 4160,Fall 2024,D
103098,INFO 1100,Spring 2025,B
109659,INFO 2600,Fall 2024,D
108602,CSEC 2100,Fall 2024,F
109751,CSEC 3220,Spring 2024,B
106691,INFO 4300,Fall 2024,D
106699,INFO 2600,Spring 2025,F
108138,INFO 1100,Spring 2024,D
101589,INFO 1100,Fall 2024,B
104646,CSEC 3220,Spring 2025,A
105798,CSEC 4110,Fall 2024,A
108692,LTEC 3120,Fall 2024,B
107462,INFO 2200,Spring 2024,C
102549,ITEC 3010,Spring 2025,B
101582,CSEC 3220,Spring 2025,A
109666,INFO 1100,Spring 2025,C
107220,LTEC 2100,Fall 2024,D
108048,ITEC 3010,Spring 2024,D
101537,INFO 2600,Spring 2024,A
106050,INFO 1100,Spring 2024,D
102656,INFO 4300,Fall 2023,D
101441,INFO 1100,Spring 2025,F
106718,INFO 1100,Spring 2025,A
102731,DSCI 3210,Fall 2024,W
108659,CSEC 3220,Fall 2023,C
108856,CSEC 3220,Fall 2024,C
108652,INFO 2600,Fall 2024,B
101925,INFO 1100,Fall 2024,C
104566,INFO 1100,Fall 2024,B
101036,BUAN 3310,Fall 2024,A
109778,DSCI 4160,Fall 2024,F
102623,INFO 2600,Fall 2023,B
107536,INFO 2200,Fall 2023,B
101134,INFO 1100,Fall 2023,A
107790,CSEC 4110,Fall 2023,B
107513,BUAN 3310,Fall 2023,C
102357,INFO 4300,Spring 2025,A
101055,INFO 2200,Fall 2023,C
108946,CSEC 3220,Spring 2024,F
106659,LTEC 3120,Fall 2024,B
107510,DSCI 3210,Spring 2025,B
106599,BUAN 2010,Fall 2023,C
103917,BUAN 3310,Spring 2024,B
101925,BUAN 3310,Fall 2023,C
103151,INFO 4300,Spring 2024,A
108581,INFO 1100,Spring 2024,C
107999,CSEC 3220,Spring 2024,B
106749,INFO 1100,Spring 2024,A
104931,INFO 3600,Spring 2024,B
107591,DSCI 3210,Fall 2023,C
105556,INFO 1100,Spring 2024,C
108935,INFO 2200,Spring 2025,B
109305,INFO 2200,Spring 2025,A
101222,INFO 2200,Spring 2025,W
105898,CSEC 3220,Fall 2023,D
102242,LTEC 2100,Fall 2024,A
105748,CSEC 2100,Fall 2024,B
109931,INFO 3340,Fall 2023,B
100540,INFO 1100,Fall 2023,D
101020,BUAN 2010,Fall 2023,C
107843,CSEC 4110,Fall 2023,B
100301,ITEC 3010,Fall 2023,B
104621,INFO 3600,Spring 2025,D
103262,INFO 4300,Spring 2024,B
109887,INFO 2600,Fall 2024,A
104759,INFO 1100,Fall 2024,C
101456,INFO 2600,Spring 2025,B
103093,INFO 1100,Fall 2023,C
100565,INFO 2200,Fall 2023,F
108851,INFO 1100,Fall 2023,B
100780,INFO 2200,Spring 2025,C
105132,INFO 2200,Fall 2023,B
104889,INFO 2600,Fall 2023,W
105798,CSEC 2100,Fall 2024,D
103896,INFO 2600,Fall 2024,A
105317,INFO 1100,Spring 2024,B
107222,INFO 1100,Spring 2024,B
103390,INFO 1100,Spring 2025,C
106692,INFO 1100,Spring 2024,B
100106,CSEC 4110,Fall 2024,W
101558,INFO 1100,Spring 2024,W
106263,BUAN 3310,Fall 2024,W
103697,BUAN 2010,Fall 2023,C
101299,INFO 1100,Fall 2024,C
102074,BUAN 3310,Fall 2024,B
103006,CSEC 2100,Fall 2024,B
103713,DSCI 3210,Fall 2023,B
103794,INFO 1100,Fall 2024,B
106388,INFO 4300,Fall 2024,A
107481,CSEC 2100,Fall 2023,B
105485,INFO 3600,Fall 2024,C
109756,INFO 2600,Spring 2025,A
109175,INFO 1100,Fall 2023,C
107490,CSEC 3220,Spring 2024,F
102536,INFO 3340,Fall 2024,B
106622,INFO 3600,Fall 2023,A
105334,CSEC 3220,Fall 2024,B
100398,INFO 1100,Fall 2023,C
101415,INFO 1100,Spring 2024,B
105401,INFO 4300,Fall 2023,B
102451,CSEC 4110,Fall 2024,C
100631,DSCI 4160,Fall 2024,A
103827,INFO 1100,Spring 2024,C
101810,ITEC 3010,Fall 2023,B
108037,INFO 1100,Spring 2025,B
103653,ITEC 2010,Fall 2024,A
106691,INFO 3600,Spring 2024,B
105898,CSEC 4110,Spring 2024,B
104756,INFO 2600,Fall 2024,C
103150,DSCI 3210,Fall 2023,W
107242,DSCI 3210,Spring 2025,B
105970,INFO 1100,Spring 2025,F
103050,INFO 1100,Spring 2025,F
102068,INFO 1100,Fall 2023,C
102921,CSEC 2100,Fall 2023,C
107617,INFO 1100,Fall 2023,C
108427,CSEC 2100,Fall 2024,A
101960,INFO 4300,Fall 2024,W
104973,INFO 1100,Fall 2024,A
108184,CSEC 4110,Fall 2023,C
101596,LTEC 2100,Fall 2024,B
107509,INFO 1100,Fall 2024,B
106529,BUAN 3310,Spring 2025,B
100166,INFO 1100,Fall 2024,A
109841,DSCI 3210,Fall 2024,B
107347,CSEC 2100,Fall 2023,A
102572,INFO 1100,Fall 2024,W
107870,CSEC 2100,Fall 2023,A
105594,INFO 2200,Fall 2024,A
101903,INFO 4300,Spring 2024,A
105523,INFO 2600,Fall 2024,C
108577,INFO 1100,Spring 2024,B
106805,INFO 3340,Fall 2024,C
101092,INFO 2600,Spring 2025,A
109950,INFO 2200,Fall 2023,A
105335,LTEC 3120,Fall 2023,C
102683,INFO 2200,Spring 2025,B
109441,ITEC 3010,Spring 2024,F
108993,INFO 1100,Spring 2024,C
100291,INFO 1100,Fall 2023,B
108871,INFO 1100,Fall 2024,A
108971,CSEC 2100,Spring 2024,B
107270,INFO 1100,Spring 2024,B
101874,ITEC 3010,Fall 2023,B
103229,INFO 3340,Fall 2023,A
101735,ITEC 3010,Fall 2024,F
107321,CSEC 4110,Fall 2024,B
109845,INFO 2600,Spring 2024,A
103590,LTEC 3120,Fall 2024,B
101672,INFO 2200,Fall 2023,A
102179,BUAN 3310,Spring 2024,B
108683,CSEC 4110,Fall 2024,D
102841,CSEC 2100,Fall 2023,B
102610,INFO 1100,Spring 2025,B
107306,BUAN 2010,Spring 2024,F
109084,INFO 1100,Fall 2024,A
107771,CSEC 4110,Spring 2024,B
101744,INFO 4300,Spring 2025,A
100707,LTEC 3120,Fall 2023,B
101415,INFO 2200,Fall 2023,C
104222,INFO 1100,Fall 2024,C
109788,INFO 2200,Fall 2023,B
108268,INFO 2200,Spring 2025,B
108655,LTEC 2100,Spring 2025,W
108827,INFO 3340,Spring 2025,B
106648,CSEC 4110,Fall 2024,C
101691,INFO 2200,Fall 2024,B
104508,CSEC 3220,Spring 2025,A
107089,INFO 1100,Fall 2023,B
102108,ITEC 2010,Fall 2023,C
108641,INFO 2200,Spring 2025,B
109465,INFO 1100,Spring 2025,A
101425,ITEC 2010,Spring 2025,D
103854,CSEC 4110,Spring 2024,C
106951,CSEC 3220,Spring 2024,C
100573,CSEC 2100,Spring 2024,B
106776,INFO 2600,Fall 2023,B
106132,DSCI 3210,Fall 2024,C
103336,INFO 4300,Spring 2024,C
103618,INFO 1100,Spring 2025,W
105287,LTEC 2100,Spring 2024,C
106263,INFO 2200,Fall 2023,A
109613,LTEC 2100,Spring 2024,C
103928,INFO 2200,Fall 2024,B
104997,CSEC 2100,Spring 2025,B
106303,INFO 2200,Spring 2025,A
108976,INFO 1100,Fall 2023,B
100349,INFO 4300,Spring 2025,B
107262,INFO 4300,Spring 2024,F
100810,CSEC 4110,Fall 2023,B
102734,ITEC 2010,Fall 2024,D
107048,CSEC 4110,Fall 2023,D
103657,ITEC 3010,Spring 2024,B
102545,BUAN 2010,Spring 2024,B
102683,DSCI 3210,Spring 2024,B
107875,INFO 2200,Fall 2023,C
100862,INFO 2200,Spring 2024,A
104447,CSEC 3220,Spring 2024,C
103676,BUAN 2010,Spring 2024,C
103156,CSEC 4110,Fall 2023,C
103818,INFO 1100,Fall 2024,B
101966,INFO 1100,Spring 2025,B
102373,INFO 1100,Fall 2023,A
104196,INFO 2200,Fall 2024,F
104355,CSEC 2100,Spring 2025,B
104869,INFO 4300,Spring 2024,D
106744,INFO 1100,Fall 2023,B
109744,INFO 3340,Spring 2024,D
103279,INFO 4300,Fall 2023,C
100615,INFO 2200,Fall 2024,B
108244,ITEC 2010,Spring 2024,F
106976,CSEC 2100,Fall 2023,F
102099,INFO 3340,Spring 2025,W
104436,INFO 4300,Fall 2023,A
105611,INFO 1100,Fall 2024,W
106941,INFO 2200,Spring 2024,B
106800,INFO 1100,Fall 2023,W
103587,INFO 2200,Fall 2023,B
108724,INFO 1100,Spring 2025,A
103316,INFO 2600,Spring 2025,B
103390,BUAN 3310,Fall 2023,B
100148,LTEC 3120,Fall 2024,B
107058,CSEC 3220,Spring 2025,B
102327,DSCI 3210,Fall 2023,C
107293,INFO 2600,Fall 2024,B
105954,INFO 2200,Fall 2024,B
108004,BUAN 3310,Spring 2025,B
100367,INFO 1100,Fall 2023,C
100241,INFO 2600,Spring 2024,B
101991,INFO 2200,Fall 2024,F
104759,ITEC 3010,Fall 2024,C
109077,INFO 1100,Fall 2024,B
104952,INFO 1100,Spring 2024,B
103298,CSEC 4110,Fall 2024,F
100026,INFO 2200,Fall 2024,A
106229,ITEC 3010,Spring 2024,C
105982,INFO 1100,Spring 2024,C
106795,BUAN 2010,Fall 2024,A
101374,INFO 4300,Fall 2023,A
109862,INFO 1100,Fall 2024,W
102143,LTEC 2100,Fall 2023,D
101541,INFO 2600,Spring 2025,A
102331,CSEC 2100,Fall 2024,B
103674,CSEC 2100,Fall 2024,C
103345,INFO 1100,Fall 2024,A
105693,CSEC 3220,Fall 2023,A
101897,INFO 3340,Spring 2024,A
107004,DSCI 4160,Fall 2024,A
100590,INFO 4300,Spring 2024,F
103330,INFO 2600,Spring 2024,C
100263,INFO 2200,Fall 2023,C
102691,CSEC 4110,Fall 2023,C
109744,DSCI 3210,Fall 2023,A
107638,LTEC 3120,Fall 2024,C
101728,INFO 4300,Spring 2025,B
101961,LTEC 3120,Spring 2025,C
100663,BUAN 3310,Spring 2025,B
105188,INFO 3600,Fall 2024,B
101674,INFO 2200,Spring 2025,W
109592,INFO 2600,Spring 2024,A
102016,INFO 1100,Spring 2025,D
101078,INFO 1100,Fall 2024,A
101025,BUAN 3310,Fall 2023,B
109103,BUAN 2010,Spring 2025,B
103520,CSEC 2100,Fall 2023,A
104374,INFO 3600,Spring 2025,D
106251,INFO 1100,Spring 2024,A
103340,INFO 2200,Fall 2024,C
107715,CSEC 4110,Fall 2024,A
104889,LTEC 2100,Fall 2024,B
102438,LTEC 2100,Fall 2023,B
106744,CSEC 2100,Fall 2023,F
109714,ITEC 2010,Fall 2024,D
107263,DSCI 3210,Fall 2024,F
106312,INFO 2200,Fall 2023,B
101751,INFO 1100,Fall 2024,C
103384,CSEC 4110,Spring 2024,B
101985,INFO 3600,Spring 2024,B
103655,CSEC 4110,Spring 2025,C
106391,DSCI 4160,Spring 2025,B
101025,INFO 2200,Fall 2023,A
101667,CSEC 2100,Fall 2024,C
102628,INFO 2200,Spring 2024,D
105356,INFO 1100,Fall 2024,B
105698,INFO 2600,Spring 2025,C
106975,CSEC 3220,Fall 2023,A
105866,INFO 1100,Fall 2024,A
108578,INFO 1100,Spring 2024,A
102261,INFO 2200,Spring 2025,C
108825,INFO 2200,Fall 2024,D
100350,INFO 2200,Spring 2025,A
104756,ITEC 2010,Spring 2025,A
104739,INFO 2600,Fall 2024,W
108683,CSEC 3220,Spring 2024,B
101525,CSEC 2100,Fall 2023,B
108065,INFO 1100,Fall 2023,A
100500,INFO 2200,Fall 2024,A
100300,LTEC 2100,Spring 2025,B
105369,DSCI 3210,Spring 2025,B
101280,INFO 3600,Fall 2024,B
101359,INFO 4300,Fall 2024,C
107820,CSEC 3220,Spring 2024,C
104656,INFO 1100,Spring 2025,A
107504,INFO 1100,Spring 2024,C
107320,INFO 1100,Spring 2025,B
100107,INFO 1100,Spring 2025,B
100739,CSEC 3220,Fall 2023,B
104389,BUAN 2010,Fall 2024,A
103204,DSCI 4160,Fall 2023,B
105715,CSEC 2100,Spring 2025,B
102113,INFO 2200,Fall 2024,A
106619,INFO 1100,Fall 2024,C
105997,CSEC 2100,Fall 2023,B
105052,INFO 2600,Spring 2024,A
105791,INFO 1100,Fall 2024,W
103191,INFO 3600,Spring 2025,A
104142,LTEC 2100,Spring 2025,B
107223,CSEC 3220,Fall 2023,C
109395,INFO 1100,Spring 2025,F
106409,DSCI 4160,Fall 2024,C
103141,LTEC 2100,Fall 2023,W
103110,ITEC 2010,Fall 2024,B
107200,INFO 1100,Fall 2024,B
102385,INFO 4300,Fall 2024,B
101053,ITEC 3010,Spring 2025,A
102373,CSEC 2100,Spring 2025,C
108140,INFO 1100,Fall 2024,C
108485,CSEC 2100,Fall 2023,B
109501,INFO 2200,Spring 2025,B
102063,CSEC 3220,Spring 2025,A
107026,INFO 1100,Fall 2023,D
100783,DSCI 4160,Fall 2024,B
105275,DSCI 4160,Spring 2025,C
102345,ITEC 3010,Fall 2024,A
106098,CSEC 3220,Fall 2024,D
106403,INFO 1100,Spring 2025,B
104374,INFO 4300,Fall 2023,B
101025,BUAN 2010,Spring 2025,A
101163,INFO 3340,Spring 2024,A
108410,INFO 2200,Fall 2024,D
107425,INFO 1100,Fall 2023,A
103214,INFO 2600,Fall 2023,A
105911,INFO 1100,Fall 2024,B
103415,INFO 1100,Spring 2024,A
101532,CSEC 3220,Spring 2024,W
100780,INFO 3340,Spring 2025,A
100161,INFO 3600,Spring 2024,C
105988,CSEC 3220,Fall 2024,A
102143,INFO 1100,Fall 2024,D
101679,CSEC 3220,Spring 2025,B
104549,CSEC 4110,Spring 2024,A
104336,INFO 2600,Spring 2024,C
100056,INFO 2200,Fall 2024,B
108493,ITEC 2010,Spring 2024,C
104096,CSEC 4110,Spring 2025,C
108117,ITEC 2010,Spring 2024,D
109133,INFO 1100,Spring 2025,B
101344,CSEC 2100,Fall 2023,A
100560,DSCI 4160,Fall 2023,C
100190,INFO 3340,Spring 2024,B
101899,CSEC 3220,Fall 2024,F
106904,INFO 1100,Fall 2024,A
101672,DSCI 4160,Fall 2024,B
103492,INFO 2200,Spring 2024,B
107267,INFO 2600,Fall 2024,C
103262,INFO 2200,Fall 2024,C
103555,INFO 1100,Fall 2023,A
104763,CSEC 2100,Fall 2023,C
105694,DSCI 4160,Fall 2023,B
100144,INFO 2200,Spring 2024,D
101070,INFO 1100,Spring 2025,C
101025,DSCI 3210,Spring 2025,W
102337,ITEC 3010,Spring 2025,C
101567,CSEC 2100,Spring 2025,A
104884,ITEC 2010,Spring 2025,B
107106,BUAN 3310,Spring 2024,B
103762,CSEC 2100,Spring 2025,B
106573,DSCI 3210,Fall 2024,B
108848,INFO 1100,Fall 2023,B
108902,DSCI 3210,Spring 2025,B
103106,INFO 1100,Fall 2024,A
107548,INFO 2200,Spring 2024,A
108817,INFO 3600,Fall 2024,B
106875,INFO 1100,Spring 2025,B
102530,INFO 1100,Spring 2025,B
107535,CSEC 2100,Fall 2024,C
109155,INFO 1100,Spring 2024,B
107870,CSEC 4110,Fall 2024,B
107262,INFO 1100,Fall 2024,B
106558,INFO 2200,Fall 2024,C
105791,CSEC 2100,Spring 2025,D
108061,INFO 1100,Spring 2025,B
103471,INFO 3340,Spring 2025,A
100287,INFO 3600,Fall 2024,B
109756,INFO 3600,Fall 2024,A
102947,DSCI 4160,Spring 2024,W
109409,CSEC 3220,Spring 2024,C
106213,INFO 2200,Fall 2024,F
109831,CSEC 4110,Spring 2024,B
105365,INFO 3340,Fall 2024,D
107734,INFO 1100,Spring 2024,D
109591,INFO 1100,Spring 2025,B
101269,INFO 2200,Fall 2023,A
107998,BUAN 2010,Spring 2025,A
108523,CSEC 4110,Fall 2024,A
101691,INFO 1100,Spring 2024,W
103303,BUAN 2010,Spring 2025,A
106749,ITEC 3010,Spring 2025,A
103291,INFO 2200,Spring 2025,A
109608,INFO 2600,Fall 2023,A
100494,INFO 1100,Spring 2024,B
106625,DSCI 3210,Fall 2024,C
109740,INFO 2200,Fall 2024,C
103586,INFO 1100,Spring 2024,A
109206,INFO 2200,Spring 2025,B
107965,CSEC 4110,Fall 2023,D
105287,INFO 2600,Fall 2024,A
106278,INFO 3600,Spring 2025,A
106122,INFO 1100,Fall 2023,D
105341,INFO 2200,Spring 2025,A
105892,INFO 2200,Spring 2024,W
104269,INFO 1100,Fall 2023,A
105414,INFO 2600,Spring 2024,A
101143,BUAN 3310,Spring 2024,B
109006,CSEC 4110,Fall 2024,A
109642,INFO 4300,Fall 2024,B
104638,CSEC 3220,Fall 2024,B
109714,INFO 2600,Spring 2025,B
109666,INFO 2200,Spring 2025,W
106667,INFO 2200,Spring 2025,C
104638,CSEC 2100,Fall 2024,A
105952,CSEC 4110,Spring 2025,W
101122,INFO 1100,Spring 2025,B
104233,DSCI 3210,Fall 2023,F
100469,INFO 2200,Fall 2023,B
108130,INFO 3340,Fall 2023,C
106213,CSEC 3220,Fall 2024,A
108515,CSEC 2100,Fall 2023,B
101279,CSEC 2100,Spring 2025,B
103174,INFO 2200,Spring 2025,A
101159,CSEC 2100,Spring 2025,C
109639,CSEC 2100,Fall 2023,A
102162,ITEC 2010,Fall 2023,B
106962,CSEC 2100,Fall 2023,F
109895,INFO 2200,Fall 2023,B
104524,LTEC 3120,Fall 2024,C
105674,INFO 2200,Fall 2023,A
108819,LTEC 3120,Fall 2023,B
100580,CSEC 2100,Fall 2024,D
108813,INFO 1100,Spring 2024,B
108020,LTEC 3120,Spring 2024,A
106015,INFO 4300,Fall 2024,C
107715,CSEC 3220,Spring 2025,A
106905,INFO 3600,Fall 2023,A
103761,CSEC 4110,Fall 2024,B
108659,INFO 2200,Spring 2025,B
100483,INFO 1100,Spring 2025,A
102023,ITEC 2010,Spring 2024,B
101028,BUAN 2010,Spring 2025,D
103717,INFO 1100,Spring 2025,W
107433,ITEC 2010,Spring 2025,B
100938,INFO 4300,Fall 2023,A
107400,ITEC 2010,Fall 2023,A
103170,INFO 1100,Spring 2024,B
105231,INFO 1100,Spring 2024,F
101159,INFO 1100,Fall 2024,B
102862,ITEC 3010,Fall 2023,C
106475,INFO 3600,Fall 2023,B
104638,CSEC 4110,Fall 2024,B
103646,ITEC 3010,Fall 2023,F
105332,DSCI 4160,Spring 2024,C
109287,INFO 1100,Spring 2024,B
103469,INFO 1100,Fall 2023,C
108337,INFO 1100,Spring 2025,B
107893,CSEC 3220,Spring 2024,F
107974,INFO 1100,Fall 2023,C
107455,INFO 1100,Fall 2023,B
107610,INFO 1100,Spring 2025,A
100373,CSEC 2100,Fall 2023,C
103324,INFO 1100,Fall 2024,A
107089,INFO 2200,Spring 2025,W
109205,INFO 4300,Fall 2024,B
104969,DSCI 3210,Spring 2024,F
108442,CSEC 4110,Spring 2025,A
107961,BUAN 3310,Spring 2025,D
101223,DSCI 3210,Spring 2024,B
105702,CSEC 2100,Fall 2024,A
105893,INFO 4300,Fall 2024,B
108971,INFO 2200,Spring 2024,B
101013,INFO 3600,Spring 2024,D
109453,INFO 2600,Fall 2023,B
108825,CSEC 2100,Fall 2023,A
100754,INFO 4300,Spring 2025,C
108243,INFO 1100,Spring 2024,C
107221,INFO 2600,Spring 2025,A
109902,LTEC 2100,Spring 2024,C
106659,INFO 4300,Fall 2023,C
108971,CSEC 3220,Fall 2023,B
107077,DSCI 4160,Fall 2023,A
102916,INFO 1100,Fall 2024,F
107255,INFO 4300,Fall 2024,A
102259,INFO 1100,Spring 2024,D
106303,INFO 3600,Fall 2024,F
105811,INFO 2200,Fall 2024,B
102123,INFO 1100,Fall 2024,D
105969,INFO 1100,Spring 2025,B
105218,CSEC 4110,Fall 2023,A
103998,CSEC 4110,Fall 2023,A
101504,INFO 1100,Fall 2024,C
109206,INFO 1100,Spring 2025,C
105334,CSEC 4110,Fall 2023,B
100808,INFO 2200,Spring 2024,B
100508,INFO 1100,Spring 2025,C
103715,LTEC 2100,Spring 2024,B
107778,INFO 3340,Fall 2024,A
102530,CSEC 4110,Spring 2024,A
105731,DSCI 4160,Fall 2023,C
102146,INFO 1100,Fall 2024,A
107308,INFO 4300,Fall 2023,A
104318,ITEC 2010,Fall 2023,A
101007,INFO 3340,Spring 2024,A
104142,LTEC 3120,Spring 2025,A
102828,BUAN 2010,Spring 2024,A
103036,INFO 1100,Fall 2024,B
109844,INFO 2200,Spring 2024,C
101292,INFO 3340,Spring 2024,B
101901,CSEC 4110,Spring 2025,B
108475,INFO 1100,Fall 2024,C
101292,INFO 1100,Fall 2024,W
106568,INFO 2200,Spring 2025,W
103248,INFO 1100,Spring 2025,F
102804,CSEC 4110,Fall 2024,A
107801,INFO 2200,Fall 2024,B
109275,INFO 1100,Spring 2025,B
103976,ITEC 2010,Spring 2025,B
105796,ITEC 2010,Fall 2024,D
108337,CSEC 2100,Spring 2024,A
102090,INFO 2600,Spring 2025,C
107161,CSEC 4110,Spring 2024,B
101866,INFO 1100,Fall 2023,W
103977,INFO 1100,Spring 2024,D
104656,INFO 4300,Fall 2023,B
101925,INFO 2200,Spring 2025,A
105629,INFO 3600,Spring 2025,W
100913,INFO 1100,Fall 2023,B
106104,DSCI 4160,Fall 2024,A
100586,CSEC 2100,Spring 2025,A
100073,INFO 1100,Fall 2024,B
106500,ITEC 2010,Spring 2025,D
106175,INFO 2200,Fall 2024,A
101148,INFO 1100,Fall 2023,B
104436,LTEC 2100,Fall 2024,F
108828,INFO 2200,Fall 2024,A
101505,INFO 1100,Spring 2024,A
108361,CSEC 4110,Spring 2024,F
101507,INFO 2600,Spring 2025,A
100540,INFO 4300,Spring 2024,B
109258,INFO 1100,Fall 2024,C
102268,CSEC 3220,Fall 2023,B
108386,INFO 2200,Fall 2023,A
102682,ITEC 2010,Fall 2023,B
101469,INFO 4300,Spring 2025,A
103618,INFO 2200,Spring 2024,C
108393,INFO 2600,Fall 2023,A
107124,INFO 2200,Spring 2024,B
101246,DSCI 3210,Spring 2025,C
107820,CSEC 2100,Fall 2023,C
102608,CSEC 2100,Spring 2024,B
102252,INFO 3340,Fall 2024,B
103113,INFO 2200,Fall 2023,A
106532,INFO 2200,Fall 2024,A
103978,INFO 1100,Fall 2024,B
107727,CSEC 4110,Spring 2025,C
109914,INFO 2200,Fall 2024,B
108099,ITEC 2010,Spring 2025,A
100244,INFO 4300,Spring 2025,A
109967,INFO 1100,Fall 2023,C
105618,BUAN 3310,Spring 2024,C
107729,DSCI 4160,Spring 2025,A
107152,CSEC 2100,Fall 2023,W
108221,CSEC 3220,Spring 2024,B
103733,INFO 3340,Fall 2023,A
100966,INFO 3340,Spring 2025,C
106070,INFO 1100,Fall 2023,B
108191,ITEC 3010,Fall 2023,B
105222,INFO 1100,Fall 2024,B
105289,INFO 3340,Fall 2024,D
108039,INFO 2200,Spring 2025,B
101568,LTEC 3120,Spring 2024,B
102610,CSEC 4110,Spring 2024,B
106856,CSEC 3220,Spring 2025,C
106359,CSEC 4110,Fall 2024,C
103976,INFO 1100,Spring 2025,A
109745,ITEC 3010,Spring 2025,B
109305,DSCI 4160,Fall 2023,A
103586,INFO 2200,Spring 2024,B
105635,INFO 1100,Fall 2024,C
106731,INFO 3600,Spring 2025,W
105936,LTEC 3120,Spring 2025,A
103613,INFO 2600,Spring 2025,B
102069,INFO 3340,Fall 2024,A
100173,INFO 2200,Spring 2025,A
109133,DSCI 4160,Spring 2025,F
108497,DSCI 4160,Fall 2024,A
101768,DSCI 4160,Spring 2025,D
105134,CSEC 2100,Fall 2023,C
106911,CSEC 4110,Spring 2025,B
104243,INFO 2200,Fall 2024,A
101759,ITEC 2010,Fall 2024,A
105217,DSCI 3210,Spring 2024,C
103919,INFO 1100,Spring 2025,B
101013,INFO 1100,Spring 2024,A
103842,INFO 1100,Fall 2024,W
101673,INFO 3600,Fall 2023,B
105600,CSEC 2100,Spring 2025,C
103274,LTEC 2100,Fall 2024,B
106328,CSEC 2100,Fall 2023,B
101546,INFO 1100,Fall 2024,B
107644,INFO 1100,Spring 2025,C
102925,CSEC 2100,Spring 2025,A
103859,CSEC 2100,Spring 2025,C
104641,CSEC 3220,Fall 2023,B
108800,BUAN 2010,Spring 2025,D
108485,ITEC 2010,Fall 2023,C
108818,INFO 1100,Fall 2024,A
101266,BUAN 3310,Spring 2025,B
106835,INFO 2200,Spring 2025,D
101222,INFO 1100,Spring 2024,W
104972,CSEC 3220,Fall 2023,B
109617,INFO 1100,Fall 2023,A
109354,INFO 1100,Fall 2024,D
106391,INFO 3340,Fall 2023,A
100381,INFO 2200,Fall 2024,A
108701,INFO 1100,Spring 2024,B
109714,ITEC 3010,Fall 2024,W
106890,INFO 2600,Spring 2024,C
101359,LTEC 2100,Fall 2024,A
109178,CSEC 4110,Fall 2024,A
105414,CSEC 2100,Spring 2024,C
103932,INFO 1100,Spring 2024,C
105300,INFO 1100,Spring 2025,B
107341,CSEC 3220,Fall 2024,B
104641,CSEC 4110,Fall 2024,A
104102,LTEC 2100,Fall 2023,C
108387,ITEC 3010,Spring 2024,B
103109,INFO 2200,Spring 2025,B
107855,INFO 1100,Fall 2023,C
105896,INFO 1100,Spring 2024,B
107983,CSEC 4110,Spring 2025,A
100182,INFO 2200,Fall 2023,F
103827,CSEC 2100,Fall 2024,B
103237,INFO 2600,Fall 2024,F
103298,INFO 1100,Spring 2024,A
103098,CSEC 3220,Fall 2023,A
105762,INFO 2200,Spring 2024,B
106171,ITEC 2010,Spring 2024,C
105958,INFO 1100,Spring 2024,D
105217,INFO 2200,Spring 2024,F
100647,DSCI 3210,Spring 2025,A
108077,INFO 1100,Spring 2025,C
104513,INFO 1100,Spring 2025,A
101186,INFO 1100,Fall 2024,D
107715,CSEC 2100,Fall 2023,B
103459,INFO 2200,Fall 2023,A
100210,INFO 1100,Fall 2024,B
102108,CSEC 2100,Spring 2024,C
109411,INFO 1100,Spring 2024,A
103888,INFO 3600,Spring 2025,W
108281,ITEC 2010,Spring 2025,C
101523,INFO 2200,Spring 2024,B
107496,INFO 1100,Spring 2024,C
103050,INFO 2200,Fall 2024,C
100747,CSEC 2100,Spring 2025,C
100173,INFO 1100,Spring 2025,B
102889,LTEC 3120,Spring 2024,B
106645,INFO 3600,Fall 2023,B
101279,INFO 1100,Fall 2024,C
101175,CSEC 2100,Spring 2024,A
106122,DSCI 4160,Fall 2023,D
108033,INFO 3340,Fall 2023,C
106319,INFO 4300,Spring 2024,B
105853,CSEC 3220,Fall 2023,D
102955,INFO 1100,Spring 2024,D
106311,INFO 2200,Spring 2025,C
105475,INFO 1100,Fall 2023,A
102147,INFO 1100,Spring 2024,A
101798,INFO 1100,Fall 2024,D
109482,INFO 1100,Spring 2025,A
106863,INFO 2600,Fall 2023,D
102434,CSEC 2100,Spring 2025,D
109558,INFO 1100,Fall 2024,A
104249,CSEC 4110,Spring 2025,B
108928,INFO 1100,Fall 2023,C
100404,DSCI 3210,Fall 2023,B
107154,CSEC 2100,Spring 2024,D
106695,INFO 2200,Fall 2023,A
107242,DSCI 4160,Spring 2024,A
100442,INFO 2200,Spring 2025,B
107223,INFO 2200,Fall 2024,D
104389,BUAN 3310,Spring 2025,A
105635,DSCI 3210,Spring 2024,B
101753,CSEC 4110,Fall 2023,F
103550,CSEC 3220,Fall 2024,B
106413,CSEC 2100,Spring 2024,C
105362,BUAN 2010,Spring 2024,B
104012,INFO 1100,Fall 2023,W
108047,BUAN 3310,Fall 2023,A
103478,INFO 2200,Spring 2024,A
103794,ITEC 2010,Fall 2024,B
106312,INFO 1100,Fall 2024,D
105205,CSEC 2100,Fall 2023,B
107907,INFO 2200,Fall 2024,F
100182,INFO 1100,Spring 2024,W
108181,INFO 2200,Spring 2024,W
109161,INFO 3600,Spring 2024,C
106667,INFO 3340,Spring 2024,C
103159,INFO 1100,Spring 2025,B
109872,INFO 1100,Fall 2024,B
109142,INFO 1100,Fall 2024,B
101067,INFO 4300,Fall 2023,B
108749,INFO 2600,Fall 2024,A
101680,INFO 2200,Fall 2024,W
106412,INFO 1100,Fall 2023,C
103415,INFO 2200,Fall 2023,B
103980,INFO 4300,Fall 2023,D
106667,DSCI 4160,Spring 2024,A
103613,INFO 1100,Fall 2024,A
107454,INFO 2200,Fall 2024,D
102300,INFO 2200,Fall 2023,D
104299,ITEC 2010,Spring 2025,A
105942,CSEC 2100,Spring 2025,A
104775,INFO 3340,Spring 2025,F
108502,LTEC 3120,Spring 2024,A
108816,INFO 4300,Spring 2024,C
107786,INFO 2600,Spring 2025,A
100021,DSCI 3210,Fall 2023,W
100905,CSEC 2100,Fall 2023,C
103377,CSEC 4110,Fall 2024,A
108334,DSCI 3210,Fall 2023,W
106054,INFO 2600,Spring 2025,B
108771,CSEC 2100,Fall 2024,B
101791,INFO 3600,Spring 2025,D
106904,BUAN 2010,Fall 2024,B
101580,CSEC 2100,Spring 2024,B
103478,INFO 1100,Fall 2024,B
101119,INFO 1100,Fall 2024,A
108041,INFO 2200,Fall 2024,F
103001,INFO 2600,Spring 2025,B
108361,CSEC 2100,Spring 2024,D
106708,INFO 1100,Fall 2023,F
102946,INFO 1100,Fall 2023,B
102691,INFO 2200,Fall 2023,B
100049,CSEC 4110,Spring 2024,B
104677,LTEC 3120,Spring 2025,C
107221,INFO 1100,Spring 2025,B
106031,CSEC 3220,Fall 2024,W
109389,INFO 2200,Fall 2023,D
108425,INFO 1100,Fall 2024,A
103646,INFO 1100,Fall 2024,B
100863,CSEC 4110,Spring 2024,C
106386,DSCI 3210,Fall 2024,D
104310,INFO 1100,Fall 2024,D
108817,INFO 1100,Fall 2024,C
101170,INFO 1100,Spring 2024,D
105784,INFO 1100,Fall 2023,B
103273,INFO 1100,Fall 2023,F
104973,CSEC 2100,Fall 2024,A
104823,INFO 2200,Fall 2024,C
102518,INFO 2600,Fall 2023,W
109502,ITEC 2010,Spring 2024,C
107651,INFO 1100,Fall 2023,A
109348,ITEC 2010,Spring 2025,W
100492,DSCI 3210,Fall 2024,F
100654,BUAN 2010,Fall 2023,F
106087,INFO 4300,Fall 2024,B
107349,INFO 1100,Fall 2024,D
102079,INFO 1100,Fall 2024,W
102608,INFO 2200,Fall 2023,F
100263,INFO 1100,Fall 2023,D
107049,INFO 1100,Fall 2023,B
106311,CSEC 4110,Fall 2024,A
104303,CSEC 4110,Fall 2024,A
104243,CSEC 3220,Fall 2023,C
104364,CSEC 2100,Spring 2024,B
109486,BUAN 3310,Fall 2024,C
101490,LTEC 3120,Spring 2025,F
102829,INFO 1100,Spring 2025,F
103888,INFO 1100,Fall 2023,B
101134,INFO 3600,Fall 2024,C
102006,INFO 3600,Fall 2024,C
108451,CSEC 4110,Spring 2025,B
100120,INFO 1100,Spring 2025,B
107437,INFO 2200,Fall 2024,D
103697,DSCI 3210,Spring 2025,B
103978,ITEC 2010,Fall 2024,A
101582,CSEC 4110,Spring 2025,B
105632,CSEC 4110,Spring 2024,C
107221,INFO 3600,Spring 2024,C
107178,INFO 2200,Spring 2024,W
107697,CSEC 4110,Fall 2024,B
103134,INFO 4300,Spring 2025,A
108145,DSCI 3210,Spring 2024,C
104831,INFO 1100,Spring 2025,B
106425,INFO 2200,Spring 2024,A
108316,DSCI 3210,Fall 2023,F
102667,INFO 2600,Fall 2023,A
101505,INFO 2200,Spring 2025,A
100315,INFO 2600,Fall 2023,F
107462,INFO 2600,Fall 2023,A
109592,CSEC 2100,Fall 2023,B
101141,INFO 2600,Spring 2024,C
101478,CSEC 2100,Spring 2025,C
102883,CSEC 2100,Spring 2024,A
101537,CSEC 2100,Fall 2024,B
104976,ITEC 2010,Fall 2024,B
109132,INFO 1100,Fall 2024,C
104228,CSEC 3220,Fall 2024,F
109502,INFO 2600,Fall 2024,A
100863,INFO 2200,Spring 2024,C
102024,INFO 2200,Fall 2024,A
108718,DSCI 3210,Spring 2025,W
108442,INFO 1100,Fall 2024,A
103923,ITEC 3010,Fall 2023,W
108424,CSEC 3220,Spring 2024,A
101460,CSEC 3220,Spring 2024,A
106784,INFO 1100,Spring 2025,B
104336,INFO 1100,Spring 2024,W
103896,LTEC 3120,Spring 2024,F
105952,INFO 2200,Fall 2024,B
104350,INFO 2600,Fall 2024,A
109762,ITEC 2010,Spring 2024,D
103536,INFO 2200,Fall 2023,W
104764,INFO 2200,Spring 2024,C
100026,DSCI 4160,Fall 2023,B
107448,INFO 2600,Spring 2024,A
107870,INFO 1100,Fall 2023,D
106046,INFO 1100,Spring 2025,C
104001,INFO 1100,Fall 2024,B
102518,INFO 4300,Fall 2024,B
101548,CSEC 3220,Spring 2024,D
102156,INFO 4300,Spring 2024,B
108628,CSEC 2100,Spring 2024,W
102841,ITEC 2010,Spring 2025,B
100243,INFO 4300,Spring 2025,C
108602,ITEC 3010,Spring 2024,A
101041,INFO 2200,Fall 2024,A
101686,CSEC 3220,Spring 2024,B
109891,INFO 3600,Spring 2025,F
107778,INFO 1100,Fall 2023,B
102983,INFO 3600,Fall 2024,B
108584,DSCI 3210,Spring 2025,B
100938,INFO 3600,Fall 2024,B
108976,INFO 2200,Spring 2025,A
109161,INFO 4300,Spring 2024,C
101474,CSEC 2100,Spring 2024,C
105806,CSEC 4110,Fall 2023,F
101450,CSEC 3220,Spring 2024,B
102331,ITEC 2010,Fall 2024,B
100922,INFO 2600,Spring 2025,C
109481,INFO 2200,Fall 2024,F
100573,ITEC 3010,Spring 2024,B
105413,INFO 4300,Fall 2023,A
106029,INFO 2200,Fall 2024,A
108019,INFO 1100,Spring 2025,A
104006,INFO 1100,Fall 2023,F
108281,ITEC 3010,Spring 2025,C
108961,INFO 3340,Spring 2024,C
107786,ITEC 2010,Fall 2024,F
104513,CSEC 2100,Fall 2024,B
106748,INFO 1100,Spring 2024,C
103815,CSEC 3220,Fall 2023,A
108331,INFO 2200,Fall 2024,B
108538,INFO 2600,Spring 2025,A
108138,CSEC 3220,Fall 2023,C
106544,INFO 2600,Fall 2023,C
103247,ITEC 2010,Fall 2023,A
102357,INFO 1100,Spring 2024,B
102475,INFO 3600,Spring 2024,A
106572,INFO 1100,Spring 2024,A
108652,ITEC 2010,Spring 2024,W
101730,ITEC 3010,Spring 2024,A
103039,INFO 2600,Fall 2023,D
102163,INFO 2600,Spring 2024,C
109383,LTEC 2100,Fall 2023,A
100654,BUAN 3310,Spring 2024,C
102451,CSEC 3220,Fall 2023,D
100927,DSCI 4160,Spring 2024,A
107340,INFO 2600,Fall 2024,B
106947,INFO 2600,Fall 2024,F
102916,CSEC 3220,Spring 2025,A
107296,INFO 1100,Fall 2023,C
104120,ITEC 2010,Fall 2024,B
105205,INFO 2200,Spring 2024,C
107729,INFO 1100,Spring 2024,C
101900,CSEC 2100,Fall 2023,A
105362,DSCI 3210,Fall 2023,W
103702,INFO 1100,Fall 2023,A
105402,CSEC 2100,Fall 2024,A
101857,INFO 2200,Fall 2024,C
101481,INFO 1100,Spring 2024,A
105518,INFO 1100,Spring 2024,B
104656,INFO 2200,Spring 2025,C
105477,INFO 1100,Fall 2024,B
101758,DSCI 3210,Spring 2025,B
109415,CSEC 4110,Spring 2025,B
103870,DSCI 4160,Spring 2024,C
100077,ITEC 2010,Spring 2025,A
104877,INFO 1100,Spring 2024,A
101582,INFO 2200,Fall 2024,F
100426,DSCI 3210,Spring 2024,B
104572,INFO 2600,Fall 2023,A
104576,INFO 1100,Fall 2023,C
106920,INFO 1100,Spring 2024,A
105551,ITEC 3010,Fall 2023,F
105450,CSEC 2100,Fall 2023,C
100148,INFO 1100,Fall 2024,A
105616,CSEC 2100,Fall 2023,A
101200,INFO 1100,Spring 2024,F
103054,INFO 2600,Spring 2024,W
103590,INFO 1100,Fall 2023,F
107222,CSEC 3220,Fall 2023,A
104440,INFO 1100,Fall 2023,A
102518,LTEC 2100,Spring 2024,C
105281,DSCI 3210,Fall 2024,C
101095,CSEC 4110,Fall 2024,A
102605,INFO 1100,Spring 2025,B
109363,INFO 1100,Spring 2025,A
104895,ITEC 2010,Spring 2024,D
103783,CSEC 2100,Fall 2024,B
106171,INFO 2600,Fall 2023,C
102731,DSCI 4160,Fall 2023,B
100053,INFO 4300,Spring 2025,W
100691,CSEC 2100,Spring 2024,B
104019,INFO 3600,Fall 2024,F
105847,DSCI 3210,Fall 2024,B
103557,INFO 1100,Spring 2025,B
103940,INFO 2600,Fall 2023,F
100133,INFO 2600,Fall 2023,B
102545,DSCI 3210,Fall 2023,C
105172,CSEC 4110,Fall 2024,A
100404,INFO 1100,Spring 2025,A
106313,CSEC 3220,Spring 2024,C
106619,INFO 2200,Fall 2024,B
102983,INFO 1100,Spring 2025,A
102815,INFO 2200,Fall 2023,A
109363,INFO 3340,Spring 2024,B
102069,DSCI 3210,Fall 2024,A
103290,INFO 1100,Spring 2024,D
106568,INFO 1100,Fall 2024,A
108144,INFO 2600,Spring 2025,C
106731,INFO 4300,Spring 2024,B
107993,BUAN 3310,Spring 2024,B
107878,INFO 2200,Fall 2024,B
100518,INFO 1100,Fall 2023,C
103481,INFO 3600,Fall 2024,A
101130,INFO 2600,Fall 2024,B
101713,DSCI 4160,Spring 2025,A
103120,INFO 4300,Spring 2024,B
101372,LTEC 3120,Fall 2023,F
105793,INFO 2200,Fall 2024,B
100291,INFO 2600,Spring 2024,D
105806,INFO 1100,Fall 2024,B
109608,INFO 4300,Spring 2025,W
105576,DSCI 3210,Fall 2024,B
102578,BUAN 3310,Fall 2024,C
104019,INFO 2200,Fall 2023,A
107194,CSEC 2100,Fall 2023,C
105526,INFO 4300,Spring 2024,A
105750,INFO 1100,Fall 2023,D
106832,ITEC 2010,Fall 2023,B
103144,INFO 1100,Fall 2023,C
102334,INFO 2600,Spring 2024,B
100485,LTEC 3120,Spring 2025,A
103110,CSEC 2100,Fall 2023,C
105676,INFO 2600,Fall 2023,C
104748,INFO 2200,Fall 2024,A
104231,INFO 2200,Spring 2024,A
105046,DSCI 3210,Fall 2024,B
108339,INFO 2200,Spring 2025,F
107042,CSEC 4110,Fall 2023,B
105461,INFO 2200,Fall 2024,B
103646,CSEC 2100,Spring 2025,C
101456,INFO 4300,Spring 2024,W
100073,DSCI 3210,Spring 2024,A
106002,INFO 3340,Fall 2023,B
105340,INFO 3600,Fall 2023,C
107315,INFO 1100,Spring 2024,C
102295,CSEC 4110,Fall 2024,A
100847,INFO 3600,Fall 2024,A
105029,ITEC 3010,Fall 2023,A
105982,CSEC 2100,Spring 2025,A
101478,CSEC 4110,Spring 2025,B
100549,INFO 4300,Spring 2025,D
108837,INFO 3600,Spring 2025,D
108312,LTEC 3120,Spring 2025,A
106412,CSEC 4110,Spring 2024,A
104825,INFO 1100,Spring 2025,A
108769,LTEC 3120,Fall 2023,B
100470,LTEC 3120,Spring 2025,F
100676,CSEC 3220,Spring 2025,F
101573,INFO 1100,Fall 2024,C
101299,CSEC 3220,Fall 2024,B
107862,INFO 2200,Spring 2024,C
102610,INFO 2200,Fall 2024,C
106625,INFO 3340,Spring 2024,C
102776,INFO 2200,Spring 2024,B
105618,INFO 1100,Fall 2023,B
108316,INFO 1100,Spring 2025,A
101081,CSEC 2100,Spring 2025,B
106359,INFO 1100,Fall 2024,A
100365,CSEC 2100,Spring 2024,D
106029,CSEC 4110,Spring 2024,A
101064,INFO 1100,Spring 2025,B
103997,INFO 1100,Fall 2024,W
107293,ITEC 3010,Fall 2024,F
104357,DSCI 3210,Fall 2023,A
104536,INFO 1100,Spring 2025,B
104748,DSCI 4160,Spring 2025,A
101630,INFO 1100,Spring 2024,W
105600,INFO 2200,Spring 2025,D
106257,INFO 3340,Fall 2023,B
109799,LTEC 2100,Spring 2025,B
103997,INFO 2200,Spring 2025,W
107216,BUAN 2010,Spring 2024,B
103471,DSCI 3210,Fall 2024,F
102373,CSEC 3220,Spring 2024,F
108599,BUAN 2010,Fall 2024,C
103058,INFO 3600,Spring 2024,F
105795,ITEC 3010,Spring 2024,A
105591,DSCI 3210,Fall 2023,A
107121,INFO 3600,Spring 2024,W
106164,INFO 2600,Spring 2025,C
103852,INFO 1100,Fall 2023,C
103247,INFO 2600,Spring 2025,B
103237,INFO 1100,Fall 2023,A
101568,LTEC 2100,Spring 2025,C
105924,BUAN 2010,Spring 2024,W
107322,INFO 1100,Spring 2024,A
109286,INFO 1100,Spring 2025,A
108184,CSEC 3220,Spring 2025,B
107251,INFO 1100,Spring 2024,C
105523,LTEC 3120,Fall 2023,B
103104,CSEC 2100,Fall 2024,A
103236,INFO 1100,Spring 2025,A
106245,INFO 2200,Fall 2024,A
101428,INFO 1100,Spring 2025,F
108470,CSEC 2100,Fall 2023,B
105875,INFO 4300,Fall 2024,B
101916,INFO 2600,Fall 2023,C
108281,CSEC 2100,Spring 2025,C
108311,INFO 1100,Fall 2023,F
101342,INFO 2200,Spring 2024,F
108520,INFO 1100,Fall 2023,W
100509,INFO 1100,Spring 2025,A
108652,CSEC 2100,Spring 2025,B
105309,INFO 3600,Fall 2023,A
108518,INFO 1100,Spring 2024,B
109820,INFO 2600,Fall 2024,A
100253,INFO 1100,Spring 2024,A
108271,CSEC 4110,Spring 2024,A
107990,BUAN 2010,Fall 2024,A
108560,BUAN 3310,Spring 2025,F
103481,INFO 2200,Fall 2023,A
100780,INFO 1100,Fall 2024,B
102963,INFO 3600,Fall 2024,A
109106,CSEC 4110,Spring 2024,B
101346,CSEC 4110,Fall 2023,F
101428,CSEC 2100,Fall 2024,B
106388,LTEC 2100,Spring 2024,B
100128,ITEC 2010,Fall 2024,B
109844,CSEC 3220,Spring 2024,C
108035,INFO 3600,Spring 2024,W
107519,INFO 1100,Fall 2024,B
105872,CSEC 3220,Spring 2024,B
102144,BUAN 3310,Fall 2023,F
102832,INFO 1100,Spring 2024,D
100053,INFO 1100,Spring 2025,F
101705,INFO 3340,Spring 2025,A
104759,CSEC 2100,Fall 2023,C
104593,INFO 1100,Fall 2023,F
102307,INFO 1100,Fall 2023,A
101055,INFO 1100,Fall 2024,B
106122,INFO 3340,Spring 2025,B
101701,INFO 2200,Spring 2025,B
100564,DSCI 3210,Spring 2025,C
104473,INFO 1100,Spring 2025,A
102705,BUAN 3310,Spring 2025,W
105037,INFO 1100,Fall 2024,F
100159,DSCI 3210,Fall 2024,B
102364,INFO 3600,Fall 2023,A
106007,INFO 1100,Fall 2024,A
104449,CSEC 2100,Spring 2025,A
107727,INFO 1100,Spring 2024,A
105932,BUAN 3310,Fall 2023,C
103054,LTEC 2100,Spring 2024,A
107288,LTEC 2100,Spring 2024,B
101469,INFO 1100,Fall 2023,B
106129,INFO 1100,Spring 2025,C
106605,BUAN 3310,Fall 2023,A
108416,INFO 1100,Fall 2024,C
100907,BUAN 3310,Fall 2023,F
108191,INFO 1100,Fall 2024,C
102547,INFO 1100,Fall 2023,B
104878,INFO 3600,Fall 2024,B
104072,INFO 1100,Spring 2025,A
101947,INFO 3340,Fall 2024,C
105616,INFO 2200,Spring 2024,B
108312,LTEC 2100,Fall 2023,W
102104,INFO 3340,Fall 2023,C
103273,INFO 2600,Spring 2024,A
109481,INFO 2600,Fall 2023,A
100630,ITEC 2010,Spring 2025,B
101004,INFO 2600,Spring 2024,W
102872,INFO 2200,Spring 2024,A
108725,ITEC 2010,Fall 2024,A
109966,INFO 3600,Fall 2023,C
107823,INFO 3340,Spring 2025,B
105906,INFO 1100,Spring 2025,C
104873,CSEC 3220,Fall 2024,C
108819,INFO 4300,Spring 2025,A
101080,INFO 2600,Fall 2024,B
109878,CSEC 4110,Fall 2023,B
105487,LTEC 2100,Spring 2025,C
106924,CSEC 4110,Fall 2023,B
101854,INFO 1100,Fall 2024,D
107513,BUAN 2010,Spring 2024,C
101338,INFO 1100,Fall 2023,A
107691,BUAN 3310,Fall 2024,B
106278,INFO 2200,Spring 2025,D
109778,DSCI 3210,Fall 2023,D
106473,CSEC 3220,Fall 2024,A
104612,INFO 1100,Spring 2025,C
109736,ITEC 2010,Spring 2025,C
108207,INFO 2200,Spring 2024,F
100056,BUAN 3310,Fall 2023,A
108099,INFO 1100,Spring 2024,W
100061,INFO 3600,Fall 2023,C
104152,INFO 2200,Fall 2023,B
108818,CSEC 2100,Spring 2024,B
103522,INFO 1100,Spring 2025,A
103471,DSCI 4160,Spring 2024,D
107941,INFO 1100,Spring 2025,A
105518,DSCI 3210,Spring 2024,F
109659,CSEC 2100,Spring 2024,C
100907,DSCI 3210,Fall 2023,C
104549,INFO 1100,Fall 2023,A
100327,INFO 1100,Spring 2024,A
107361,INFO 2200,Fall 2024,B
106905,INFO 1100,Fall 2023,B
105644,INFO 1100,Spring 2025,A
106941,CSEC 4110,Spring 2024,B
102438,INFO 1100,Spring 2025,A
108416,CSEC 4110,Fall 2024,B
107895,INFO 2600,Fall 2023,A
101282,CSEC 2100,Fall 2023,C
102369,INFO 2200,Fall 2024,C
109132,INFO 2200,Spring 2025,A
106623,CSEC 2100,Spring 2025,C
104993,INFO 4300,Spring 2024,A
101090,INFO 2600,Spring 2024,B
108813,CSEC 4110,Spring 2025,A
103012,ITEC 2010,Spring 2024,A
103275,INFO 4300,Fall 2023,C
107624,CSEC 2100,Fall 2024,F
107424,ITEC 3010,Fall 2023,C
106941,CSEC 3220,Spring 2025,A
107244,CSEC 3220,Spring 2025,A
103646,ITEC 2010,Fall 2024,A
101399,INFO 3600,Fall 2024,A
101966,INFO 2200,Spring 2024,C
105235,CSEC 4110,Fall 2023,C
105819,CSEC 2100,Fall 2024,F
101292,DSCI 4160,Spring 2025,B
108733,INFO 2600,Spring 2024,B
100474,CSEC 3220,Spring 2025,C
102828,DSCI 3210,Spring 2024,B
105906,INFO 4300,Fall 2023,C
105679,INFO 2600,Spring 2024,B
101857,DSCI 3210,Fall 2023,A
106313,CSEC 2100,Fall 2024,F
101572,BUAN 3310,Spring 2025,C
104034,INFO 1100,Spring 2025,B
100345,CSEC 2100,Spring 2024,B
101080,INFO 1100,Spring 2025,C
103984,DSCI 4160,Spring 2024,B
106342,BUAN 2010,Spring 2024,C
106692,INFO 2200,Fall 2023,C
100491,INFO 1100,Spring 2025,B
101537,INFO 1100,Spring 2024,C
104843,BUAN 3310,Fall 2023,A
103995,INFO 1100,Spring 2025,C
100931,INFO 2200,Spring 2025,B
100662,INFO 1100,Spring 2025,B
106976,INFO 2200,Fall 2023,A
109548,INFO 4300,Fall 2024,B
108268,INFO 4300,Spring 2024,B
101548,INFO 1100,Spring 2025,W
108392,INFO 4300,Spring 2024,C
100955,INFO 2200,Spring 2025,A
106997,INFO 3340,Spring 2025,A
108581,INFO 2200,Spring 2024,D
103976,ITEC 3010,Spring 2025,W
107535,ITEC 2010,Spring 2025,W
106194,INFO 2600,Spring 2025,A
109274,INFO 1100,Fall 2024,D
101539,INFO 1100,Spring 2025,B
101409,INFO 1100,Fall 2024,A
102437,CSEC 3220,Fall 2023,B
103786,BUAN 3310,Spring 2024,B
103708,LTEC 2100,Spring 2025,A
106936,CSEC 2100,Fall 2023,A
104686,CSEC 2100,Fall 2024,A
103374,INFO 2200,Spring 2025,A
102385,LTEC 2100,Fall 2023,B
108863,INFO 1100,Spring 2024,C
103248,CSEC 2100,Spring 2025,A
109956,INFO 2200,Spring 2025,B
103631,LTEC 2100,Fall 2023,B
106986,INFO 1100,Fall 2024,C
108816,LTEC 2100,Fall 2024,A
100262,DSCI 3210,Fall 2023,A
101141,INFO 1100,Fall 2024,B
101710,INFO 3600,Fall 2024,A
106213,INFO 1100,Fall 2024,C
105485,INFO 4300,Fall 2024,C
102079,CSEC 3220,Spring 2024,A
106936,INFO 1100,Spring 2025,A
104529,CSEC 3220,Fall 2024,A
109465,INFO 3340,Fall 2023,B
100404,INFO 2200,Fall 2024,C
106600,INFO 3340,Spring 2025,B
106356,BUAN 3310,Spring 2024,C
103477,INFO 2200,Spring 2024,B
102424,CSEC 2100,Fall 2023,C
100301,INFO 2600,Spring 2024,A
108303,INFO 2600,Fall 2023,D
105284,INFO 1100,Spring 2025,B
105037,INFO 4300,Fall 2024,C
102105,INFO 1100,Fall 2023,A
101866,INFO 2600,Spring 2024,A
107671,INFO 1100,Spring 2025,D
100113,INFO 4300,Fall 2023,D
103420,INFO 2600,Fall 2024,W
103977,INFO 3340,Spring 2024,B
106589,INFO 1100,Spring 2025,C
100367,CSEC 2100,Fall 2024,F
108145,INFO 1100,Spring 2025,B
109680,INFO 2200,Spring 2025,A
102032,INFO 1100,Fall 2024,F
104056,INFO 2200,Spring 2024,C
103278,CSEC 2100,Fall 2023,F
103374,DSCI 3210,Spring 2024,D
101652,INFO 4300,Spring 2024,B
109747,INFO 2600,Spring 2025,C
107627,INFO 1100,Spring 2024,A
100482,INFO 2200,Fall 2023,C
101091,CSEC 3220,Fall 2023,C
108130,DSCI 4160,Fall 2023,A
102944,INFO 1100,Spring 2024,A
107710,LTEC 2100,Spring 2024,F
102434,ITEC 2010,Spring 2024,B
100132,INFO 3340,Fall 2023,D
100518,CSEC 2100,Fall 2023,C
108313,INFO 3340,Fall 2023,C
108303,CSEC 2100,Spring 2025,B
106544,INFO 1100,Spring 2025,A
101317,INFO 2600,Fall 2023,D
107999,INFO 1100,Fall 2024,C
101080,INFO 4300,Spring 2024,A
106629,LTEC 2100,Spring 2025,C
109740,INFO 1100,Fall 2023,D
102104,DSCI 4160,Spring 2025,A
103857,INFO 1100,Fall 2023,A
103340,INFO 1100,Fall 2023,A
107965,CSEC 2100,Fall 2023,B
102671,CSEC 4110,Fall 2023,D
108110,INFO 1100,Fall 2023,B
108339,INFO 3600,Fall 2023,B
103852,INFO 3600,Spring 2024,C
100343,CSEC 2100,Fall 2024,C
108015,INFO 1100,Fall 2023,B
104358,INFO 4300,Fall 2024,D
109845,INFO 1100,Spring 2024,B
100183,ITEC 2010,Spring 2024,B
103657,ITEC 2010,Fall 2023,A
109389,CSEC 2100,Fall 2023,B
101505,CSEC 2100,Fall 2024,A
109603,LTEC 3120,Fall 2023,A
102342,INFO 1100,Fall 2023,B
103466,INFO 1100,Spring 2025,B
100549,INFO 2600,Fall 2023,B
106954,CSEC 2100,Fall 2023,B
108004,INFO 1100,Spring 2024,A
108265,INFO 2600,Spring 2025,B
109852,LTEC 2100,Fall 2023,A
104592,INFO 1100,Spring 2025,D
103998,CSEC 3220,Fall 2023,F
100299,INFO 2600,Spring 2024,A
106734,INFO 4300,Spring 2025,C
104142,INFO 1100,Spring 2024,B
107510,INFO 1100,Fall 2024,W
101163,INFO 2200,Fall 2024,B
104695,CSEC 4110,Fall 2023,B
108147,INFO 2200,Fall 2024,B
102074,BUAN 2010,Spring 2024,A
104825,CSEC 3220,Spring 2025,A
103896,INFO 4300,Fall 2024,D
107941,INFO 2600,Fall 2024,C
105205,CSEC 3220,Spring 2025,B
109666,CSEC 2100,Fall 2023,C
108065,INFO 2600,Fall 2023,F
106748,CSEC 4110,Fall 2023,B
100951,INFO 3340,Spring 2024,A
100647,BUAN 3310,Spring 2025,B
108032,INFO 2200,Spring 2024,B
109441,CSEC 2100,Fall 2023,C
101500,CSEC 2100,Fall 2024,W
105413,LTEC 3120,Spring 2024,C
109157,INFO 2200,Fall 2023,A
103842,INFO 2600,Fall 2024,C
102296,INFO 4300,Spring 2024,F
108035,INFO 2600,Fall 2024,C
103656,INFO 3340,Spring 2025,F
104585,DSCI 4160,Spring 2024,B
106975,CSEC 2100,Spring 2024,C
101064,INFO 2200,Spring 2025,F
103492,INFO 1100,Spring 2024,D
102477,INFO 2200,Spring 2024,A
101333,DSCI 4160,Fall 2023,F
107306,INFO 1100,Fall 2023,C
103137,INFO 1100,Spring 2025,F
108877,BUAN 3310,Spring 2025,B
104440,CSEC 3220,Spring 2024,B
103389,INFO 1100,Spring 2024,B
106355,CSEC 3220,Spring 2025,A
109639,ITEC 2010,Spring 2025,W
108410,INFO 1100,Fall 2024,A
101078,INFO 3340,Spring 2025,A
101988,CSEC 2100,Spring 2025,A
104972,CSEC 2100,Fall 2023,C
104809,CSEC 2100,Fall 2024,B
105635,DSCI 4160,Spring 2025,B
100056,DSCI 3210,Spring 2025,B
102223,CSEC 2100,Spring 2025,B
105477,BUAN 3310,Spring 2024,D
102872,INFO 1100,Spring 2025,B
104831,INFO 2200,Spring 2024,A
100244,INFO 2200,Spring 2024,W
102961,INFO 1100,Fall 2023,C
109765,INFO 2200,Fall 2023,A
101684,INFO 2600,Spring 2024,D
107320,DSCI 3210,Fall 2023,A
103232,CSEC 2100,Spring 2024,A
100590,INFO 1100,Fall 2023,A
107996,INFO 4300,Spring 2024,D
103715,INFO 1100,Spring 2024,D
102357,INFO 3600,Fall 2024,A
108724,INFO 2200,Fall 2023,C
101030,INFO 1100,Spring 2024,C
106057,INFO 2200,Spring 2025,F
109318,CSEC 2100,Fall 2024,B
106401,INFO 3340,Fall 2023,B
104511,BUAN 2010,Fall 2023,A
106098,INFO 2200,Spring 2025,A
102588,CSEC 4110,Fall 2023,A
101928,DSCI 4160,Fall 2023,A
103336,INFO 1100,Fall 2023,B
101266,INFO 1100,Spring 2025,D
104924,CSEC 2100,Spring 2024,A
100546,INFO 1100,Spring 2025,B
100614,ITEC 2010,Spring 2024,B
100592,CSEC 2100,Fall 2024,C
109687,DSCI 3210,Spring 2024,A
108334,INFO 2200,Fall 2023,B
101372,INFO 1100,Fall 2024,A
102224,CSEC 4110,Spring 2025,C
102016,INFO 2200,Spring 2025,D
100315,INFO 2200,Fall 2024,F
103267,INFO 4300,Spring 2024,B
106355,INFO 1100,Spring 2025,B
109377,DSCI 3210,Fall 2024,F
108999,INFO 1100,Spring 2025,C
104389,INFO 1100,Fall 2023,B
103810,INFO 1100,Fall 2023,A
103004,DSCI 4160,Spring 2025,B
109443,INFO 1100,Fall 2024,W
107306,DSCI 3210,Fall 2024,B
100754,INFO 2600,Fall 2023,A
109765,DSCI 4160,Fall 2024,C
106185,CSEC 4110,Fall 2023,C
108667,BUAN 2010,Fall 2023,B
105442,INFO 1100,Fall 2023,A
102475,INFO 1100,Spring 2025,C
106558,INFO 4300,Spring 2025,B
109820,INFO 1100,Spring 2024,A
106838,CSEC 4110,Fall 2024,A
106583,INFO 1100,Fall 2023,C
103299,CSEC 2100,Spring 2025,W
100679,INFO 2200,Spring 2024,C
100927,INFO 1100,Spring 2025,C
108159,INFO 1100,Spring 2024,C
104646,INFO 1100,Spring 2024,B
103607,DSCI 4160,Fall 2024,B
108337,CSEC 4110,Spring 2025,A
100433,DSCI 3210,Spring 2024,A
104585,INFO 3340,Spring 2025,C
103525,LTEC 3120,Spring 2024,A
101185,DSCI 4160,Spring 2025,B
104265,INFO 1100,Fall 2024,A
108827,INFO 1100,Fall 2024,A
108515,ITEC 3010,Fall 2024,A
108247,ITEC 3010,Spring 2025,C
106832,CSEC 2100,Fall 2024,D
107602,ITEC 3010,Fall 2023,F
106403,CSEC 3220,Spring 2025,B
104524,INFO 1100,Fall 2024,B
105568,CSEC 3220,Fall 2023,C
103765,INFO 1100,Fall 2024,C
103303,INFO 1100,Spring 2025,B
104980,INFO 4300,Fall 2024,C
101925,BUAN 2010,Spring 2024,D
106273,BUAN 2010,Spring 2025,F
108693,CSEC 4110,Fall 2024,A
103820,INFO 1100,Fall 2023,C
104558,CSEC 2100,Fall 2023,B
106002,DSCI 4160,Fall 2024,C
102236,DSCI 3210,Fall 2023,W
102872,INFO 3600,Fall 2024,B
101546,DSCI 4160,Spring 2024,B
103110,INFO 2600,Spring 2024,B
104969,INFO 1100,Spring 2025,F
101499,INFO 2200,Spring 2025,B
105541,INFO 2200,Fall 2024,A
105011,INFO 1100,Spring 2024,F
105186,INFO 1100,Fall 2023,B
101735,ITEC 2010,Spring 2025,F
108608,BUAN 3310,Fall 2024,A
106098,CSEC 4110,Spring 2024,B
108325,CSEC 4110,Fall 2024,C
104883,CSEC 4110,Spring 2025,B
100020,INFO 1100,Spring 2024,A
101104,INFO 2200,Fall 2024,B
100725,DSCI 3210,Fall 2023,A
105871,BUAN 3310,Fall 2023,A
108151,INFO 2600,Fall 2023,B
106475,INFO 4300,Spring 2024,C
100938,INFO 1100,Fall 2024,D
104310,INFO 3600,Spring 2024,B
103004,INFO 1100,Spring 2024,F
106962,INFO 2600,Fall 2024,A
108108,INFO 2200,Spring 2024,B
106882,CSEC 2100,Fall 2024,C
100521,INFO 2200,Fall 2024,A
109849,ITEC 3010,Fall 2024,B
107617,INFO 2200,Fall 2023,A
100365,ITEC 2010,Spring 2024,C
109346,CSEC 4110,Spring 2024,B
103151,INFO 3600,Fall 2024,B
101058,ITEC 3010,Fall 2023,B
106280,INFO 1100,Fall 2023,D
109169,INFO 1100,Fall 2023,A
106473,INFO 2200,Fall 2024,D
107204,INFO 1100,Fall 2023,C
107832,BUAN 3310,Spring 2024,A
103675,CSEC 2100,Spring 2025,B
106339,DSCI 3210,Fall 2024,B
106855,CSEC 4110,Spring 2025,A
101828,CSEC 2100,Spring 2024,W
107454,INFO 1100,Fall 2023,A
100718,INFO 1100,Fall 2023,B
104676,INFO 2600,Spring 2024,F
103098,INFO 2200,Fall 2024,B
108989,INFO 2200,Fall 2024,B
102726,LTEC 3120,Fall 2023,B
104801,INFO 4300,Spring 2025,A
101223,INFO 1100,Spring 2025,A
107734,DSCI 3210,Spring 2024,B
106659,INFO 2600,Spring 2025,D
106813,INFO 4300,Fall 2024,F
107878,INFO 1100,Spring 2025,B
103547,INFO 2200,Spring 2025,B
106814,INFO 2200,Fall 2023,D
102698,INFO 1100,Spring 2025,A
103275,INFO 1100,Spring 2025,C
109838,INFO 2600,Fall 2024,B
108020,INFO 2600,Fall 2023,C
105731,INFO 2200,Spring 2025,C
105461,DSCI 3210,Spring 2024,F
104374,INFO 2600,Spring 2024,W
109640,DSCI 4160,Spring 2024,B
106659,LTEC 2100,Fall 2023,A
100397,CSEC 2100,Spring 2024,B
105487,LTEC 3120,Fall 2023,A
107031,ITEC 3010,Spring 2025,C
107447,LTEC 3120,Fall 2024,F
104365,LTEC 3120,Spring 2024,B
109360,INFO 1100,Fall 2024,B
104695,CSEC 3220,Spring 2024,B
101810,ITEC 2010,Fall 2024,A
102090,CSEC 2100,Fall 2024,W
105300,CSEC 4110,Fall 2024,B
109517,CSEC 4110,Spring 2025,B
105600,CSEC 4110,Spring 2025,C
104547,INFO 1100,Fall 2023,A
108180,INFO 2200,Spring 2025,A
106232,CSEC 2100,Fall 2023,F
105290,DSCI 3210,Fall 2023,B
107894,INFO 2200,Fall 2024,C
102080,INFO 1100,Fall 2023,F
107220,INFO 2600,Spring 2024,C
104352,DSCI 4160,Spring 2024,A
100697,INFO 1100,Fall 2024,C
100632,INFO 4300,Fall 2024,B
108928,ITEC 2010,Spring 2024,B
103587,CSEC 3220,Fall 2023,B
106229,INFO 1100,Fall 2024,D
102236,BUAN 3310,Spring 2024,C
101186,INFO 2200,Spring 2025,F
109998,CSEC 2100,Spring 2025,B
101500,INFO 1100,Spring 2025,A
100345,ITEC 2010,Fall 2024,A
101384,INFO 4300,Fall 2023,A
101091,INFO 2200,Fall 2023,B
104133,CSEC 2100,Fall 2023,C
106998,INFO 4300,Fall 2023,A
102674,LTEC 2100,Spring 2024,C
100202,INFO 4300,Spring 2024,B
105268,INFO 2200,Fall 2023,W
102836,INFO 2600,Spring 2025,B
102640,INFO 1100,Spring 2025,B
100866,INFO 2200,Fall 2024,B
105796,ITEC 3010,Fall 2023,A
104511,INFO 1100,Spring 2025,A
103477,INFO 1100,Fall 2023,B
101994,CSEC 3220,Fall 2024,D
101092,INFO 1100,Spring 2025,A
100073,INFO 2200,Spring 2025,F
100107,INFO 2600,Spring 2025,D
106625,DSCI 4160,Spring 2025,C
108643,INFO 1100,Fall 2024,B
101750,INFO 3600,Spring 2025,A
105488,INFO 1100,Fall 2023,A
106087,INFO 1100,Spring 2025,C
109548,INFO 1100,Fall 2024,A
108418,BUAN 3310,Spring 2025,B
106558,INFO 2600,Spring 2024,A
108871,DSCI 3210,Fall 2023,A
108429,INFO 2200,Fall 2023,C
109630,BUAN 3310,Fall 2024,D
103330,CSEC 2100,Fall 2023,A
104545,INFO 3340,Fall 2023,A
103762,ITEC 3010,Fall 2024,W
106567,CSEC 2100,Fall 2023,B
104466,CSEC 3220,Spring 2025,A
109517,INFO 2200,Fall 2023,C
108037,INFO 2200,Fall 2024,C
104558,INFO 1100,Spring 2024,B
106838,CSEC 3220,Fall 2024,A
103653,INFO 1100,Fall 2023,B
107715,INFO 1100,Spring 2024,B
103039,INFO 1100,Fall 2023,A
101478,CSEC 3220,Fall 2023,A
102261,INFO 1100,Spring 2024,A
107715,INFO 2200,Spring 2024,C
102859,INFO 1100,Fall 2023,C
100491,CSEC 2100,Spring 2025,A
105562,INFO 3600,Spring 2024,D
103406,INFO 2200,Fall 2024,A
106583,LTEC 2100,Spring 2025,A
108767,INFO 3600,Spring 2025,F
103818,DSCI 3210,Fall 2023,A
108457,CSEC 4110,Fall 2024,F
102079,INFO 2200,Fall 2024,C
105271,INFO 4300,Spring 2025,A
104738,INFO 1100,Fall 2023,A
102547,INFO 2600,Fall 2023,A
100724,CSEC 2100,Fall 2023,C
103932,INFO 3340,Spring 2024,C
101053,INFO 1100,Spring 2025,F
106800,INFO 3600,Fall 2024,B
101469,INFO 2600,Spring 2024,A
108602,INFO 1100,Spring 2025,A
101332,CSEC 2100,Spring 2024,A
105779,INFO 1100,Spring 2025,A
106015,INFO 3600,Fall 2023,B
101519,INFO 2200,Spring 2025,F
109778,INFO 3340,Fall 2024,C
103338,INFO 2600,Spring 2024,B
101170,BUAN 2010,Spring 2025,D
100691,CSEC 3220,Spring 2025,F
105140,CSEC 4110,Spring 2025,A
106674,DSCI 3210,Fall 2024,W
105244,DSCI 3210,Fall 2023,A
109442,CSEC 2100,Fall 2024,C
108564,INFO 1100,Fall 2023,W
103531,INFO 1100,Spring 2025,A
100318,INFO 1100,Spring 2025,A
108848,CSEC 2100,Fall 2023,F
106031,CSEC 4110,Fall 2024,C
107971,LTEC 3120,Spring 2025,B
101390,INFO 1100,Fall 2023,D
109354,DSCI 3210,Spring 2025,B
107031,ITEC 2010,Spring 2024,B
109566,BUAN 2010,Fall 2024,B
100641,INFO 3600,Fall 2024,D
106544,INFO 2200,Spring 2025,B
101883,INFO 1100,Fall 2023,C
102296,LTEC 2100,Fall 2024,W
107121,INFO 4300,Fall 2023,C
106983,DSCI 3210,Spring 2025,B
102385,LTEC 3120,Spring 2024,A
101333,INFO 1100,Spring 2025,A
106245,CSEC 2100,Fall 2024,D
109558,ITEC 2010,Fall 2024,B
100953,DSCI 3210,Spring 2024,A
103919,INFO 2200,Fall 2024,A
109133,INFO 3340,Fall 2024,C
105273,INFO 1100,Spring 2024,D
105762,INFO 4300,Spring 2025,B
107602,INFO 1100,Spring 2024,A
101067,INFO 2600,Fall 2023,W
103713,BUAN 2010,Spring 2024,W
101485,INFO 1100,Fall 2023,W
101282,INFO 1100,Spring 2024,C
109435,INFO 2200,Fall 2024,B
107124,CSEC 2100,Fall 2024,A
100021,INFO 2200,Spring 2024,W
101141,ITEC 2010,Spring 2024,W
100478,BUAN 3310,Fall 2024,A
101994,INFO 1100,Spring 2024,B
101686,CSEC 4110,Fall 2023,B
108316,INFO 2200,Spring 2025,C
102705,DSCI 3210,Fall 2024,D
103708,LTEC 3120,Spring 2025,C
101372,INFO 2600,Spring 2025,B
109318,INFO 2200,Fall 2024,F
107148,INFO 2600,Spring 2024,A
106245,CSEC 4110,Spring 2025,B
101558,CSEC 2100,Fall 2024,A
102949,INFO 4300,Fall 2023,C
108819,INFO 2600,Spring 2025,A
100212,INFO 1100,Spring 2024,F
101730,INFO 2600,Fall 2023,B
109501,CSEC 3220,Fall 2024,A
105276,ITEC 3010,Fall 2023,A
100077,INFO 2600,Fall 2024,B
101991,CSEC 2100,Spring 2025,B
109185,INFO 2600,Spring 2024,W
104373,INFO 1100,Spring 2024,A
103829,INFO 1100,Fall 2024,A
103330,ITEC 2010,Fall 2024,C
107437,DSCI 4160,Spring 2025,F
104363,INFO 2600,Fall 2023,B
107077,INFO 3340,Fall 2023,B
106689,INFO 3600,Fall 2023,B
102451,CSEC 2100,Fall 2023,A
108971,CSEC 4110,Fall 2023,B
102559,INFO 2200,Fall 2024,C
104789,INFO 1100,Fall 2024,B
102674,INFO 2600,Fall 2023,F
107667,ITEC 2010,Fall 2024,B
103278,INFO 2200,Spring 2025,C
105275,DSCI 3210,Spring 2025,B
107455,CSEC 2100,Spring 2025,A
100546,LTEC 3120,Fall 2024,W
103256,CSEC 2100,Fall 2023,C
100719,CSEC 2100,Spring 2025,B
108577,CSEC 3220,Fall 2024,B
103110,ITEC 3010,Fall 2023,F
108793,INFO 1100,Spring 2025,B
106936,ITEC 2010,Fall 2024,A
100263,INFO 4300,Spring 2024,B
105330,INFO 2200,Fall 2024,C
102490,CSEC 4110,Fall 2024,C
101642,INFO 3600,Fall 2023,A
102236,INFO 2200,Fall 2024,W
107147,BUAN 3310,Fall 2024,A
106355,INFO 2200,Spring 2025,B
102580,CSEC 3220,Fall 2023,A
108724,CSEC 3220,Spring 2025,B
106781,INFO 2600,Spring 2024,A
103042,INFO 1100,Fall 2024,W
104026,CSEC 2100,Spring 2025,A
105150,INFO 2200,Fall 2023,B
100702,CSEC 3220,Spring 2024,A
103776,BUAN 3310,Spring 2024,B
100799,INFO 2200,Spring 2025,F
100190,DSCI 3210,Fall 2024,C
109133,INFO 2200,Spring 2025,C
109390,INFO 1100,Fall 2024,B
108692,INFO 1100,Spring 2025,A
109377,BUAN 3310,Spring 2025,W
103836,INFO 2200,Fall 2023,C
109921,INFO 1100,Spring 2025,C
108896,INFO 4300,Spring 2025,B
103631,LTEC 3120,Fall 2023,A
100045,INFO 1100,Spring 2024,A
108546,INFO 2600,Fall 2024,A
103159,INFO 4300,Spring 2025,C
100482,DSCI 3210,Spring 2025,D
100508,LTEC 2100,Fall 2023,W
106037,DSCI 3210,Spring 2024,F
103419,ITEC 3010,Spring 2024,C
106475,INFO 2600,Fall 2023,B
103042,INFO 4300,Spring 2024,A
102791,CSEC 4110,Fall 2024,B
100508,INFO 4300,Spring 2024,B
101730,INFO 1100,Spring 2025,B
107425,LTEC 3120,Spring 2024,C
100470,LTEC 2100,Fall 2023,A
104261,INFO 1100,Spring 2025,B
107607,INFO 4300,Fall 2024,W
100367,INFO 2600,Fall 2024,C
107900,INFO 2200,Spring 2025,B
105413,INFO 1100,Spring 2024,B
105731,INFO 3340,Spring 2024,A
109767,INFO 3340,Fall 2024,B
103832,INFO 1100,Fall 2023,A
101456,INFO 2200,Spring 2024,A
102925,INFO 1100,Spring 2024,A
108628,INFO 2200,Fall 2023,B
105206,CSEC 4110,Fall 2023,A
105461,INFO 3340,Fall 2023,B
104538,CSEC 2100,Fall 2023,C
101036,BUAN 2010,Fall 2023,W
104545,INFO 2200,Fall 2024,B
104869,INFO 2200,Fall 2023,A
101358,INFO 1100,Fall 2024,C
105954,CSEC 2100,Fall 2023,A
108138,INFO 2200,Spring 2025,A
102434,INFO 1100,Spring 2025,C
100747,ITEC 3010,Fall 2024,C
107965,INFO 1100,Spring 2025,B
104336,ITEC 2010,Fall 2023,F
108091,DSCI 4160,Spring 2025,A
109630,BUAN 2010,Spring 2025,D
108130,INFO 1100,Fall 2023,B
103280,ITEC 3010,Fall 2023,C
101610,INFO 1100,Fall 2023,C
101478,INFO 2200,Fall 2023,C
105094,INFO 2200,Spring 2024,A
105558,DSCI 3210,Fall 2024,W
108961,DSCI 4160,Spring 2024,A
109053,INFO 1100,Spring 2025,D
100951,INFO 1100,Spring 2025,B
100349,INFO 2600,Fall 2024,W
100077,CSEC 2100,Spring 2025,B
100365,INFO 1100,Fall 2024,A
104831,CSEC 3220,Spring 2025,A
106629,INFO 1100,Fall 2023,A
102956,INFO 2200,Spring 2025,F
109756,INFO 4300,Spring 2024,A
105259,INFO 3600,Spring 2024,A
109593,CSEC 4110,Fall 2023,B
102549,ITEC 2010,Spring 2025,A
102648,INFO 2200,Spring 2025,A
105461,DSCI 4160,Spring 2025,B
106901,DSCI 4160,Spring 2024,C
100315,INFO 3600,Spring 2024,B
109962,CSEC 2100,Spring 2024,W
107053,CSEC 2100,Fall 2024,B
105317,INFO 2200,Spring 2024,C
100632,INFO 1100,Fall 2023,B
103555,BUAN 3310,Spring 2024,C
106835,INFO 3600,Fall 2024,B
104535,INFO 4300,Spring 2024,F
106412,INFO 2200,Spring 2024,B
107823,INFO 1100,Spring 2024,A
107847,INFO 2200,Fall 2024,C
101256,INFO 2600,Fall 2023,D
103396,INFO 1100,Spring 2024,B
109058,INFO 2600,Spring 2024,F
106940,CSEC 3220,Spring 2025,A
109305,INFO 3340,Spring 2025,C
109121,INFO 2200,Fall 2024,B
103320,INFO 4300,Spring 2025,B
101684,ITEC 2010,Fall 2023,W
109271,INFO 2200,Spring 2024,B
102843,INFO 1100,Spring 2024,C
104207,INFO 1100,Spring 2025,D
104927,DSCI 3210,Fall 2023,A
105911,INFO 3340,Spring 2025,C
105784,CSEC 2100,Spring 2025,C
101119,INFO 4300,Spring 2024,B
100970,DSCI 3210,Fall 2024,D
100120,CSEC 4110,Spring 2024,B
103248,INFO 2200,Fall 2023,B
100676,INFO 1100,Fall 2024,A
100544,INFO 1100,Fall 2024,C
107448,ITEC 2010,Fall 2024,C
109517,INFO 1100,Spring 2025,C
104823,BUAN 2010,Spring 2025,A
101591,CSEC 3220,Spring 2025,D
102090,INFO 1100,Spring 2024,A
100575,INFO 1100,Spring 2024,B
103257,INFO 2200,Spring 2025,C
101175,CSEC 3220,Spring 2025,B
107251,INFO 3600,Spring 2024,F
109228,CSEC 2100,Fall 2023,D
102564,INFO 2600,Spring 2024,W
103330,INFO 1100,Fall 2023,A
108917,INFO 2200,Fall 2024,F
104566,BUAN 3310,Spring 2024,D
105386,ITEC 2010,Fall 2024,B
105110,LTEC 3120,Spring 2025,C
102108,ITEC 3010,Spring 2025,A
103158,CSEC 2100,Spring 2024,B
104783,INFO 2600,Spring 2024,C
107124,INFO 1100,Fall 2023,A
109274,INFO 2200,Fall 2024,A
108925,CSEC 3220,Spring 2025,C
108279,DSCI 3210,Fall 2024,B
109676,INFO 1100,Spring 2024,A
105576,BUAN 3310,Spring 2024,A
101623,BUAN 2010,Fall 2024,B
105466,INFO 1100,Fall 2024,A
107301,INFO 2600,Fall 2024,A
109188,INFO 3600,Spring 2024,D
101946,INFO 1100,Fall 2023,B
103248,CSEC 3220,Fall 2024,B
105132,CSEC 4110,Spring 2024,A
100202,INFO 3600,Spring 2024,A
103677,INFO 2200,Spring 2025,A
100986,INFO 2200,Spring 2025,A
106037,INFO 1100,Fall 2024,F
103734,CSEC 2100,Fall 2024,B
104491,INFO 2200,Spring 2024,C
103273,ITEC 3010,Fall 2023,A
107504,LTEC 2100,Spring 2024,C
100899,ITEC 3010,Fall 2023,B
104026,CSEC 4110,Spring 2024,F
106132,INFO 2200,Fall 2024,C
100837,INFO 2200,Spring 2024,B
101991,INFO 1100,Spring 2024,A
101134,INFO 2600,Spring 2025,B
103656,DSCI 3210,Spring 2025,F
103973,INFO 1100,Fall 2023,C
108888,INFO 4300,Fall 2024,C
107293,INFO 1100,Fall 2024,B
109058,INFO 1100,Fall 2024,A
104383,ITEC 2010,Fall 2023,C
102016,BUAN 2010,Spring 2024,C
108397,INFO 1100,Spring 2025,W
100715,DSCI 3210,Spring 2024,C
105762,INFO 1100,Fall 2024,A
109403,ITEC 2010,Spring 2025,F
103953,ITEC 3010,Spring 2024,C
108020,LTEC 2100,Spring 2024,B
105386,CSEC 2100,Fall 2023,C
109411,INFO 4300,Spring 2024,A
100596,BUAN 3310,Fall 2023,B
100837,BUAN 2010,Spring 2024,B
103502,ITEC 2010,Spring 2025,A
108035,INFO 2200,Spring 2025,A
108081,INFO 1100,Spring 2025,A
109348,CSEC 2100,Spring 2025,A
101186,CSEC 3220,Spring 2025,A
108425,DSCI 4160,Fall 2023,C
108493,INFO 1100,Fall 2024,A
103941,CSEC 3220,Fall 2023,A
102623,LTEC 3120,Spring 2024,A
109636,INFO 1100,Fall 2024,C
105738,INFO 4300,Spring 2025,C
100182,BUAN 2010,Spring 2025,A
107644,DSCI 4160,Spring 2025,B
106610,INFO 1100,Spring 2025,C
106312,INFO 2600,Spring 2024,B
104342,CSEC 3220,Spring 2025,B
105452,CSEC 2100,Spring 2024,C
104249,INFO 1100,Spring 2024,A
107053,ITEC 2010,Spring 2025,D
106920,CSEC 4110,Spring 2024,B
107004,DSCI 3210,Spring 2024,W
108917,INFO 1100,Spring 2024,A
101508,INFO 2200,Fall 2023,C
104592,INFO 2200,Spring 2025,B
103917,INFO 2200,Fall 2023,A
109756,INFO 1100,Fall 2023,B
109231,DSCI 4160,Spring 2024,W
109644,INFO 1100,Spring 2025,W
103273,CSEC 2100,Spring 2025,C
104572,INFO 4300,Spring 2025,A
100686,INFO 2200,Spring 2025,A
109315,INFO 1100,Spring 2024,D
106813,LTEC 2100,Spring 2024,F
101883,DSCI 4160,Fall 2024,W
108180,INFO 4300,Fall 2023,B
103006,INFO 1100,Fall 2023,A
105679,INFO 2200,Spring 2024,B
103158,CSEC 3220,Fall 2024,B
108181,BUAN 3310,Spring 2024,B
108817,INFO 4300,Spring 2024,B
100707,INFO 1100,Fall 2024,A
107624,ITEC 3010,Spring 2025,B
106585,INFO 2200,Fall 2023,B
102656,INFO 1100,Spring 2024,B
108243,BUAN 2010,Spring 2024,C
109522,INFO 1100,Fall 2024,D
105051,LTEC 2100,Spring 2025,W
108560,INFO 2200,Fall 2024,B
101713,INFO 3340,Fall 2023,F
107830,ITEC 2010,Spring 2025,A
108293,INFO 2200,Spring 2025,B
101768,INFO 2200,Spring 2025,A
103813,INFO 2600,Fall 2023,B
108060,ITEC 3010,Spring 2025,A
101332,CSEC 4110,Fall 2024,C
109486,BUAN 2010,Fall 2024,A
101200,CSEC 4110,Fall 2024,W
103550,INFO 2200,Fall 2024,B
104997,INFO 1100,Fall 2024,A
106749,INFO 2600,Fall 2024,F
105247,INFO 4300,Spring 2025,C
100500,CSEC 2100,Spring 2025,A
101758,INFO 3340,Fall 2024,B
102650,CSEC 2100,Fall 2024,A
101399,INFO 2200,Spring 2024,B
105330,DSCI 3210,Fall 2023,C
106312,INFO 4300,Fall 2024,B
102296,INFO 1100,Spring 2025,B
106300,INFO 2200,Fall 2023,A
104766,INFO 4300,Spring 2025,A
105339,INFO 4300,Spring 2025,A
105222,CSEC 4110,Spring 2025,A
104915,CSEC 2100,Fall 2023,B
106537,CSEC 2100,Spring 2025,A
109453,INFO 4300,Spring 2024,A
100932,ITEC 3010,Spring 2024,F
107998,INFO 2200,Spring 2024,A
105259,INFO 2600,Fall 2024,D
101662,DSCI 3210,Fall 2024,W
107383,INFO 3340,Spring 2025,C
103880,DSCI 4160,Fall 2024,B
103980,LTEC 2100,Fall 2024,B
109178,INFO 2200,Spring 2025,B
107433,INFO 1100,Fall 2023,C
109363,INFO 2200,Spring 2024,A
100458,INFO 2200,Spring 2025,A
104756,INFO 1100,Spring 2024,A
109895,CSEC 2100,Spring 2024,B
108312,INFO 2600,Spring 2025,A
103256,CSEC 4110,Spring 2025,B
101679,CSEC 4110,Spring 2025,C
108749,ITEC 2010,Spring 2025,C
105603,INFO 1100,Fall 2023,D
109659,ITEC 2010,Fall 2024,A
101219,DSCI 4160,Fall 2024,A
106855,INFO 1100,Spring 2025,B
107607,LTEC 3120,Spring 2024,A
109967,CSEC 3220,Fall 2023,A
108989,INFO 1100,Spring 2025,D
108303,INFO 1100,Fall 2024,A
107821,INFO 1100,Fall 2024,A
103279,INFO 1100,Fall 2023,A
105750,INFO 2200,Spring 2025,C
109151,DSCI 3210,Fall 2023,C
106237,CSEC 2100,Spring 2025,C
101322,INFO 2600,Spring 2025,C
106605,INFO 1100,Spring 2024,A
109687,INFO 1100,Spring 2025,F
108643,INFO 3340,Spring 2025,B
108508,INFO 1100,Fall 2023,C
105333,CSEC 4110,Fall 2023,A
105629,INFO 1100,Fall 2023,B
107262,INFO 2200,Spring 2025,A
104006,INFO 2600,Spring 2024,D
100307,INFO 2200,Fall 2023,W
101572,DSCI 3210,Spring 2024,C
101911,CSEC 3220,Spring 2024,A
109631,INFO 2200,Spring 2025,C
103113,CSEC 4110,Fall 2023,C
109395,CSEC 2100,Spring 2024,A
108505,INFO 4300,Spring 2025,C
104359,INFO 1100,Spring 2024,B
107801,CSEC 4110,Spring 2024,A
107894,CSEC 2100,Fall 2024,A
102125,INFO 2200,Fall 2024,C
105105,INFO 2600,Fall 2023,B
103320,LTEC 3120,Spring 2024,A
100783,INFO 1100,Fall 2023,C
103573,ITEC 2010,Fall 2024,C
103229,DSCI 3210,Fall 2024,B
105748,INFO 1100,Fall 2023,A
104686,CSEC 4110,Fall 2024,W
103137,INFO 2600,Fall 2023,C
107990,BUAN 3310,Spring 2025,C
101753,CSEC 3220,Fall 2023,C
105750,BUAN 2010,Spring 2025,B
103257,INFO 1100,Spring 2025,A
109006,INFO 1100,Spring 2025,A
109057,INFO 2200,Fall 2024,W
101490,INFO 2600,Fall 2023,C
109849,INFO 2600,Fall 2023,D
105548,CSEC 4110,Spring 2025,A
102578,BUAN 2010,Spring 2025,B
107536,CSEC 4110,Spring 2024,W
103012,INFO 2600,Fall 2024,D
104296,BUAN 3310,Spring 2024,B
107895,INFO 2200,Fall 2023,C
100561,DSCI 3210,Spring 2025,B
102691,INFO 1100,Fall 2023,C
101091,INFO 1100,Spring 2025,A
103375,LTEC 2100,Spring 2024,C
101624,INFO 1100,Spring 2025,D
104222,INFO 2600,Fall 2023,C
106814,INFO 1100,Fall 2024,B
100482,DSCI 4160,Fall 2023,A
107060,INFO 3600,Spring 2025,A
101123,INFO 2200,Spring 2025,C
101960,INFO 2600,Fall 2024,C
102593,CSEC 4110,Spring 2025,A
109736,CSEC 2100,Fall 2023,B
109264,CSEC 3220,Spring 2024,C
108299,INFO 2200,Fall 2024,B
102300,CSEC 4110,Fall 2024,B
103613,LTEC 2100,Spring 2025,D
107996,INFO 2600,Spring 2024,C
103810,INFO 2600,Fall 2024,W
100953,BUAN 3310,Spring 2024,A
106923,INFO 1100,Fall 2023,F
101519,INFO 1100,Spring 2025,C
100521,CSEC 2100,Spring 2025,A
106924,INFO 1100,Spring 2025,A
104381,INFO 3340,Fall 2024,C
105335,LTEC 2100,Spring 2025,C
109286,INFO 4300,Fall 2023,A
106496,INFO 2200,Fall 2023,F
107301,ITEC 2010,Spring 2024,B
105945,INFO 4300,Fall 2023,B
107347,INFO 1100,Fall 2023,B
108355,INFO 2200,Spring 2025,A
101128,INFO 2200,Fall 2024,C
103324,INFO 4300,Spring 2024,A
103980,INFO 2600,Spring 2025,A
100837,INFO 1100,Spring 2025,A
103341,BUAN 2010,Fall 2024,C
101624,CSEC 4110,Fall 2023,A
101557,INFO 1100,Spring 2025,B
103812,INFO 2200,Fall 2023,C
107089,INFO 2600,Spring 2024,B
108770,ITEC 2010,Spring 2025,B
109564,ITEC 2010,Fall 2024,B
109499,INFO 1100,Fall 2023,F
103069,DSCI 3210,Spring 2025,A
107894,CSEC 4110,Spring 2025,A
101500,ITEC 3010,Spring 2024,C
108917,BUAN 2010,Spring 2024,A
101674,INFO 1100,Fall 2024,A
101455,ITEC 3010,Spring 2024,A
101589,INFO 2600,Spring 2024,F
100911,DSCI 4160,Fall 2023,A
106589,INFO 2200,Fall 2024,B
102633,CSEC 4110,Fall 2024,C
107727,INFO 2200,Fall 2023,B
108141,CSEC 2100,Fall 2023,A
103356,INFO 2600,Fall 2024,A
108361,INFO 1100,Spring 2025,B
103050,CSEC 3220,Spring 2025,F
103783,INFO 1100,Spring 2024,A
105674,CSEC 2100,Fall 2024,A
106165,CSEC 4110,Fall 2023,C
106050,CSEC 2100,Spring 2025,A
103574,INFO 1100,Fall 2023,C
104997,INFO 2600,Spring 2024,A
108319,INFO 2600,Spring 2025,A
102938,INFO 1100,Fall 2024,B
108219,INFO 3340,Spring 2024,W
105645,INFO 1100,Fall 2023,A
100591,INFO 4300,Spring 2025,C
108247,INFO 1100,Spring 2025,D
102605,CSEC 3220,Fall 2023,B
108783,INFO 3340,Fall 2024,B
109921,INFO 3340,Spring 2024,D
100808,DSCI 3210,Spring 2024,B
108977,INFO 1100,Fall 2024,A
107558,CSEC 2100,Fall 2023,B
107115,INFO 1100,Spring 2025,B
100161,INFO 2600,Fall 2024,A
100500,CSEC 3220,Fall 2024,B
105843,LTEC 3120,Fall 2023,B
100659,LTEC 3120,Spring 2025,B
109163,INFO 2200,Spring 2024,W
104105,CSEC 2100,Spring 2025,B
101226,DSCI 4160,Fall 2024,C
109123,INFO 2200,Fall 2023,C
101730,ITEC 2010,Fall 2024,D
104610,INFO 1100,Spring 2024,A
108646,BUAN 3310,Fall 2023,B
103677,BUAN 3310,Fall 2024,C
104193,INFO 2200,Spring 2025,A
103554,CSEC 2100,Spring 2024,A
108243,BUAN 3310,Spring 2025,F
104020,INFO 3340,Spring 2025,A
104373,INFO 4300,Spring 2025,F
100685,INFO 2200,Fall 2024,B
