student_id,major,age,housing,commute_miles,work_hours_per_week,advisor_meetings,credits_attempted,final_gpa,study_hours_reported,enrollment_date,dropped_out,housing_clean,minutes_active,study_z,gpa_band
101508,Data Science,27,Off-Campus,7.6,15,1,81,1.86,,2023-09-13,1,Off-Campus,2750,,"(1.0, 2.0]"
102438,Learning Technologies,25,With Family,14.3,35,1,100,2.06,9.5,2023-10-19,0,With Family,2792,-0.25181703064225747,"(2.0, 3.0]"
102385,Learning Technologies,26,With Family,3.4,18,9,77,3.41,19.1,2022-11-16,0,With Family,5024,2.241894620553105,"(3.0, 4.0]"
100767,Cyber Security,22,On-Campus,23.7,40,1,65,1.73,8.1,2024-05-03,0,On-Campus,2719,-0.6154833131082479,"(1.0, 2.0]"
106054,Information Technology,21,Off-Campus,2.3,20,4,59,2.37,6.6,2022-10-24,0,Off-Campus,2916,-1.0051257586075233,"(2.0, 3.0]"
108827,Data Science,25,Off-Campus,21.5,18,2,2,1.62,7.7,2023-10-15,0,Off-Campus,2505,-0.7193879652413879,"(1.0, 2.0]"
102295,Cybersecurity,22,Off-Campus,11.8,20,1,57,0.0,2.9,2022-12-13,1,Off-Campus,1232,-1.966243790839069,"(-0.01, 1.0]"
107954,Information Technology,24,With Family,6.0,25,0,22,2.71,15.1,2023-08-25,0,With Family,4252,1.2028480992217039,"(2.0, 3.0]"
101674,Cybersecurity,28,Off-Campus,4.5,25,3,45,3.06,13.4,2024-03-06,0,Off-Campus,4239,0.7612533276558586,"(3.0, 4.0]"
102682,Information Technology,22,Off-Campus,10.3,28,1,96,2.46,10.2,2023-12-15,0,Off-Campus,3152,-0.06998388940926249,"(2.0, 3.0]"
105635,Data Science,20,Off-Campus,28.5,20,1,85,1.97,,2023-09-10,0,Off-Campus,2145,,"(1.0, 2.0]"
102227,Data Science,24,Off-Campus,4.2,0,4,31,2.97,10.8,2022-09-29,0,Off-Campus,3789,0.08587308879044803,"(2.0, 3.0]"
101532,Cybersecurity,22,on-campus,13.8,20,3,43,1.96,5.4,2022-11-07,0,On-Campus,2294,-1.3168397150069435,"(1.0, 2.0]"
109351,Business Analytics,20,On-Campus,2.4,25,2,98,2.28,11.2,2022-12-20,0,On-Campus,3568,0.18977774092358776,"(2.0, 3.0]"
103967,Learning Technologies,20,On-Campus,3.2,15,4,57,1.44,10.0,2024-05-13,0,On-Campus,2983,-0.12193621547583236,"(1.0, 2.0]"
109666,Cybersecurity,22,With Family,7.4,28,0,29,0.0,,2022-09-09,0,With Family,1064,,"(-0.01, 1.0]"
108538,Learning Technologies,24, On-Campus,15.2,20,3,0,0.0,9.3,2025-01-20,0,On-Campus,2536,-0.3037693567088274,"(-0.01, 1.0]"
101387,Information Science,21,With Family,7.3,25,2,54,2.48,8.1,2023-10-26,1,With Family,2867,-0.6154833131082479,"(2.0, 3.0]"
102364,Information Science,23,Off-Campus,6.7,20,6,81,3.54,15.9,2024-04-23,0,Off-Campus,4568,1.4106574034879842,"(3.0, 4.0]"
100500,Cybersecurity,22,On-Campus,18.7,10,3,61,2.73,13.3,2023-09-11,1,On-Campus,3639,0.7352771646225736,"(2.0, 3.0]"
100837,Business Analytics,25,On-Campus,28.4,18,3,41,1.77,9.6,2022-09-22,0,On-Campus,2865,-0.22584086760897257,"(1.0, 2.0]"
108628,Cybersecurity,24,Off-Campus,16.2,12,5,81,2.04,7.4,2022-10-14,0,Off-Campus,2794,-0.7973164543412429,"(2.0, 3.0]"
108099,Information Technology,25,Off-Campus,4.3,0,1,55,2.27,11.0,2024-03-15,0,Off-Campus,3183,0.13782541485701788,"(2.0, 3.0]"
107135,Information Science,29,On-Campus,3.6,40,2,0,0.0,3.4,2025-01-20,0,On-Campus,1985,-1.8363629756726438,"(-0.01, 1.0]"
109116,Cybersecurity,22,on-campus,4.5,20,1,75,3.02,7.9,2024-05-04,0,On-Campus,3489,-0.6674356391748179,"(3.0, 4.0]"
104466,Cybersecurity,25,off campus,5.0,10,4,63,2.53,8.3,2024-02-19,1,Off-Campus,2872,-0.5635309870416776,"(2.0, 3.0]"
107618,Information Science,22,With Family,4.0,5,3,29,3.27,11.8,2022-09-24,0,With Family,4462,0.3456347191232983,"(3.0, 4.0]"
105906,Information Science,25,Off-campus,15.1,10,4,2,2.31,9.6,2022-12-04,0,Off-Campus,3531,-0.22584086760897257,"(2.0, 3.0]"
109564,Information Technology,28,Off-Campus,29.3,30,1,49,1.88,9.9,2023-10-08,0,Off-Campus,3652,-0.1479123785091173,"(1.0, 2.0]"
108999,Information Science,21,On-Campus,10.7,30,2,51,2.33,14.9,2023-09-29,0,On-Campus,3863,1.150895773155134,"(2.0, 3.0]"
108654,Information Technology,23,With Family,7.6,20,5,69,2.76,13.4,2023-10-16,0,With Family,4050,0.7612533276558586,"(2.0, 3.0]"
105893,Information Science,22,With Family,10.8,25,1,33,2.75,12.8,2023-12-06,0,With Family,3578,0.6053963494561485,"(2.0, 3.0]"
100101,Cybersecurity,22,On-Campus,5.1,18,2,49,2.24,8.1,2024-03-14,0,On-Campus,3124,-0.6154833131082479,"(2.0, 3.0]"
109641,Cybersecurity,23,Off-Campus,7.9,35,4,35,2.42,12.5,2024-04-08,0,Off-Campus,4126,0.5274678603562932,"(2.0, 3.0]"
101130,Learning Technologies,0,with family,37.2,12,1,43,1.65,0.5,2022-09-22,1,With Family,770,-2.5896717036379098,"(1.0, 2.0]"
107610,Cybersecurity,25,on-campus,4.5,0,1,29,2.83,13.3,2023-11-13,1,On-Campus,4463,0.7352771646225736,"(2.0, 3.0]"
100021,Business Analytics,23,Off-Campus,16.3,28,3,33,1.4,2.3,2023-08-24,0,Off-Campus,2042,-2.122100769038779,"(1.0, 2.0]"
108470,Cybersecurity,23,Off-Campus,7.5,18,4,15,3.2,12.5,2022-11-26,0,Off-Campus,5174,0.5274678603562932,"(3.0, 4.0]"
103104,Information Technology,27,On-Campus,38.3,0,4,40,2.39,,2024-05-05,0,On-Campus,3646,,"(2.0, 3.0]"
102986,Data Science,22,With Family,20.0,18,2,45,1.84,5.6,2024-02-17,0,With Family,2779,-1.2648873889403736,"(1.0, 2.0]"
103481,Information Science,28,On-Campus,29.0,20,1,21,2.29,10.2,2022-10-05,1,On-Campus,3197,-0.06998388940926249,"(2.0, 3.0]"
108751,Information Technology,32,On-Campus,34.7,18,2,50,2.12,9.2,2023-10-10,0,On-Campus,3056,-0.32974551974211275,"(2.0, 3.0]"
102734,Information Technology,27,On-Campus,5.8,12,3,28,2.79,8.7,2024-02-09,0,On-Campus,3203,-0.4596263349085379,"(2.0, 3.0]"
103229,DataScience,26,Off-Campus,4.6,30,1,60,3.03,17.9,2022-09-01,0,Off-Campus,4112,1.9301806641536843,"(3.0, 4.0]"
103924,Information Science,29,Off-Campus,13.1,18,4,74,3.04,10.2,2024-03-24,0,Off-Campus,3591,-0.06998388940926249,"(3.0, 4.0]"
108818,Information Technology,30,On-Campus,5.3,25,3,8,2.8,11.3,2024-05-05,0,On-Campus,3695,0.21575390395687313,"(2.0, 3.0]"
100863,Cybersecurity,23,On-Campus,9.8,18,4,93,3.02,13.6,2024-04-15,0,On-Campus,4528,0.8132056537224285,"(3.0, 4.0]"
103940,Information  Science,23,off campus,13.3,0,3,29,3.55,12.1,2024-05-24,0,Off-Campus,4952,0.4235632082231531,"(3.0, 4.0]"
100895,Cybersecurity,31,With Family,14.1,30,2,63,3.24,13.3,2022-12-17,0,With Family,3626,0.7352771646225736,"(3.0, 4.0]"
106691,Information Science,26,On-Campus,8.6,20,7,70,2.25,8.5,2023-09-30,1,On-Campus,3534,-0.5115786609751077,"(2.0, 3.0]"
103525,Learning Technologies,22,Off-Campus,16.9,15,1,26,2.74,15.4,2024-02-05,0,Off-Campus,4231,1.2807765883215592,"(2.0, 3.0]"
102705,Business Analytics,20,Off-Campus,25.3,15,4,86,2.07,11.9,2024-02-17,0,Off-Campus,2863,0.3716108821565832,"(2.0, 3.0]"
102946,Data Science,25,With Family,6.6,25,2,93,1.6,6.3,2022-12-14,0,With Family,2475,-1.0830542477073783,"(1.0, 2.0]"
105110,Learning Technologies,23,On-Campus,11.9,20,0,25,2.36,6.8,2023-10-24,0,On-Campus,2222,-0.9531734325409532,"(2.0, 3.0]"
103820,Learning Technologies,28,On-Campus,6.3,20,0,9,1.87,5.5,2022-11-05,0,On-Campus,1878,-1.2908635519736584,"(1.0, 2.0]"
109021,Data Science,22,Off-Campus,5.9,12,4,76,3.16,14.7,2022-11-14,0,Off-Campus,3345,1.0989434470885637,"(3.0, 4.0]"
109466,Cybersecurity,25,with family,2.9,30,2,43,1.67,4.4,2023-09-05,0,With Family,1208,-1.5766013453397936,"(1.0, 2.0]"
104783,Learning Technologies,21,On-Campus,2.2,12,4,51,2.98,18.7,2022-11-20,0,On-Campus,5046,2.137989968419965,"(2.0, 3.0]"
105414,Info Technology,24,Off-Campus,9.2,0,3,50,3.11,17.2,2023-09-26,0,Off-Campus,4901,1.7483475229206893,"(3.0, 4.0]"
109845,Learning Technologies,24,Off-Campus,20.3,18,0,91,2.43,12.0,2022-11-18,0,Off-Campus,4178,0.39758704518986815,"(2.0, 3.0]"
102146,DataScience,25,With Family,17.2,20,2,49,1.68,12.6,2024-03-16,0,With Family,2605,0.5534440233895782,"(1.0, 2.0]"
104269,Learning Technologies,30,Off-Campus,22.4,28,1,72,1.64,7.6,2024-05-02,1,Off-Campus,2236,-0.745364128274673,"(1.0, 2.0]"
101053,Information Technology,32,Off-Campus,9.3,30,1,76,1.92,6.4,2023-12-06,0,Off-Campus,2508,-1.0570780846740933,"(1.0, 2.0]"
108633,Cybersecurity,26,With Family,14.8,30,1,81,2.83,15.1,2022-09-16,0,With Family,4351,1.2028480992217039,"(2.0, 3.0]"
101025,Business Analytics,26,On-Campus,1.7,18,2,53,2.79,10.9,2023-08-28,1,On-Campus,3726,0.11184925182373295,"(2.0, 3.0]"
108608,Business Analytics,22,Off-Campus,4.0,35,3,37,2.13,8.4,2024-05-04,1,Off-Campus,2880,-0.5375548240083927,"(2.0, 3.0]"
108643,Data Science,34,Off-Campus,6.7,5,1,74,2.13,,2023-12-16,0,Off-Campus,2129,,"(2.0, 3.0]"
100953,Business Analytics,23,Off-Campus,12.1,15,4,73,1.95,8.8,2023-09-20,0,Off-Campus,2271,-0.43365017187525245,"(1.0, 2.0]"
109264,Cybersecurity,22,On-Campus,14.6,35,2,32,2.56,13.4,2022-09-16,0,On-Campus,3906,0.7612533276558586,"(2.0, 3.0]"
107711,Information Technology,26,With Family,42.4,20,0,47,1.64,2.6,2023-09-07,0,With Family,1915,-2.044172279938924,"(1.0, 2.0]"
106213,Cybersecurity,22,With Family,22.2,25,0,29,1.18,1.8,2022-10-29,1,With Family,1112,-2.2519815842052044,"(1.0, 2.0]"
108451,Cybersecurity,25,Off-Campus,6.0,20,3,70,1.12,6.1,2022-09-22,0,Off-Campus,2348,-1.1350065737739485,"(1.0, 2.0]"
108767,Information Science,23,Off-Campus,9.7,0,3,79,2.96,9.4,2022-12-08,1,Off-Campus,3948,-0.27779319367554245,"(2.0, 3.0]"
108061,Cybersecurity,29,off campus,5.6,30,2,34,2.36,13.4,2022-11-06,0,Off-Campus,3860,0.7612533276558586,"(2.0, 3.0]"
109501,Cybersecurity,21,off campus,14.6,0,3,28,2.88,16.2,2024-05-18,0,Off-Campus,4451,1.488585892587839,"(2.0, 3.0]"
107060,Information Science,20,On-Campus,9.6,0,2,64,2.13,,2024-02-02,0,On-Campus,3624,,"(2.0, 3.0]"
108564,Cybersecurity,26,With Family,6.9,10,1,55,3.08,17.4,2023-11-27,0,With Family,4255,1.800299848987259,"(3.0, 4.0]"
106890,Information Science,30,Off-Campus,14.1,5,2,0,0.0,11.2,2025-01-21,0,Off-Campus,3942,0.18977774092358776,"(-0.01, 1.0]"
104945,Data Science,27,On-Campus,4.2,0,1,0,1.45,4.9,2022-09-21,0,On-Campus,2758,-1.4467205301733685,"(1.0, 2.0]"
102436,Learning Technologies,27,On-Campus,21.2,18,1,74,2.64,9.0,2022-10-17,0,On-Campus,3228,-0.3816978458086826,"(2.0, 3.0]"
109740,Data Science,23,Off-Campus,25.7,0,1,56,2.35,10.1,2022-08-25,0,Off-Campus,3055,-0.09596005244254743,"(2.0, 3.0]"
105355,Business Analytics,25,Off-Campus,21.3,28,0,79,1.65,,2023-11-14,0,Off-Campus,1685,,"(1.0, 2.0]"
101292,Data Science,29,Off-Campus,28.2,10,4,91,1.77,1.6,2023-12-07,0,Off-Campus,1772,-2.3039339102717746,"(1.0, 2.0]"
106152,Business Analytics,25,With Family,10.5,20,2,29,2.14,11.4,2022-12-06,1,With Family,3239,0.2417300669901581,"(2.0, 3.0]"
103619,Business Analytics,28,Off-Campus,13.1,18,5,71,1.77,7.6,2024-02-17,0,Off-Campus,2717,-0.745364128274673,"(1.0, 2.0]"
100905,Cybersecurity,22,Off-Campus,17.4,30,3,128,2.32,12.0,2024-03-30,1,Off-Campus,2800,0.39758704518986815,"(2.0, 3.0]"
108004,Business Analytics,30,on-campus,14.0,20,1,51,2.79,10.9,2022-12-04,0,On-Campus,3485,0.11184925182373295,"(2.0, 3.0]"
103836,Cyber Security,26,off campus,4.6,18,5,77,2.6,16.8,2022-08-26,0,Off-Campus,4725,1.6444428707875496,"(2.0, 3.0]"
101928,Data Science,31,Off-Campus,6.8,35,1,0,1.38,6.5,2023-09-26,0,Off-Campus,2452,-1.0311019216408082,"(1.0, 2.0]"
101479,Information Technology,24,Off-Campus,3.0,10,1,46,2.25,,2024-03-13,0,Off-Campus,3786,,"(2.0, 3.0]"
108130,Data Science,26,Off-Campus,8.4,25,0,64,2.22,10.0,2024-02-14,0,Off-Campus,3427,-0.12193621547583236,"(2.0, 3.0]"
104529,Cybersecurity,22,Off-campus,12.9,18,1,74,2.45,10.2,2023-11-12,0,Off-Campus,3122,-0.06998388940926249,"(2.0, 3.0]"
103330,Information Technology,27,Off-Campus,1.7,15,0,28,3.47,,2022-10-01,1,Off-Campus,4599,,"(3.0, 4.0]"
104053,Information Science,26,On-Campus,7.5,15,2,39,1.37,,2022-09-05,1,On-Campus,1654,,"(1.0, 2.0]"
104763,Cyber Security,21,With Family,8.4,30,2,65,2.29,9.6,2022-12-03,0,With Family,3561,-0.22584086760897257,"(2.0, 3.0]"
107891,Data Science,32,off campus,6.8,40,1,54,2.51,14.1,2023-10-13,0,Off-Campus,3961,0.9430864688888536,"(2.0, 3.0]"
103586,Data Science,21,With Family,34.5,12,1,121,1.84,3.2,2022-10-01,0,With Family,2525,-1.888315301739214,"(1.0, 2.0]"
107455,Cybersecurity,23,off campus,28.3,18,1,90,1.54,5.6,2022-09-01,0,Off-Campus,1949,-1.2648873889403736,"(1.0, 2.0]"
104877,Business Analytics,23,Off-Campus,11.1,15,1,13,2.12,10.3,2024-02-11,0,Off-Campus,2962,-0.04400772637597711,"(2.0, 3.0]"
106795,Business Analytics,24,Off-Campus,21.1,20,0,63,1.29,,2023-12-18,1,Off-Campus,1153,,"(1.0, 2.0]"
104889,Learning Technologies,21,With Family,6.7,20,2,65,1.97,7.4,2022-08-23,0,With Family,2869,-0.7973164543412429,"(1.0, 2.0]"
104621,Information  Science,22,Off-Campus,15.5,28,2,19,1.41,3.0,2022-12-15,0,Off-Campus,2008,-1.9402676278057842,"(1.0, 2.0]"
108334,Data Science,22,with family,11.9,20,0,77,1.57,8.5,2023-08-30,1,With Family,2124,-0.5115786609751077,"(1.0, 2.0]"
104676,Information Science,25,Off-Campus,2.3,15,5,63,2.25,12.9,2023-10-18,1,Off-Campus,3806,0.6313725124894335,"(2.0, 3.0]"
103390,Business Analytics,24,With Family,20.8,25,4,62,2.13,6.3,2023-11-02,0,With Family,3338,-1.0830542477073783,"(2.0, 3.0]"
105693,Cyber Security,23, On-Campus,13.6,18,7,43,2.59,12.6,2023-09-05,0,On-Campus,3671,0.5534440233895782,"(2.0, 3.0]"
102077,Business Analytics,24,Off-Campus,1.2,30,5,23,1.82,6.4,2022-10-24,0,Off-Campus,2478,-1.0570780846740933,"(1.0, 2.0]"
104583,Information Science,27,With Family,10.8,25,1,12,2.1,11.3,2024-04-20,1,With Family,3152,0.21575390395687313,"(2.0, 3.0]"
102683,Business Analytics,23,Off-Campus,39.9,0,2,71,2.57,9.4,2024-02-03,0,Off-Campus,3303,-0.27779319367554245,"(2.0, 3.0]"
106940,Cybersecurity,26,With Family,22.6,35,5,73,2.11,6.5,2023-09-29,0,With Family,2002,-1.0311019216408082,"(2.0, 3.0]"
106854,Business Analytics,27,On-Campus,9.3,0,9,84,2.08,13.8,2023-09-06,0,On-Campus,3846,0.8651579797889988,"(2.0, 3.0]"
105645,Information Technology,29,With Family,24.7,15,1,62,2.7,11.1,2022-12-05,1,With Family,4243,0.1638015778903028,"(2.0, 3.0]"
109747,Learning Technologies,19,Off-Campus,7.3,5,5,70,2.3,,2023-10-28,0,Off-Campus,3783,,"(2.0, 3.0]"
108800,Business Analytics,26,On-Campus,2.0,5,3,46,2.91,13.8,2022-11-16,0,On-Campus,4665,0.8651579797889988,"(2.0, 3.0]"
100365,Info Technology,23,On-Campus,27.7,15,4,51,1.97,8.8,2022-12-02,1,On-Campus,2341,-0.43365017187525245,"(1.0, 2.0]"
109436,Cybersecurity,24,off campus,12.1,35,3,20,2.28,10.5,2022-09-25,0,Off-Campus,3021,0.00794459969059276,"(2.0, 3.0]"
104789,Cybersecurity,22,On-Campus,18.0,40,4,61,2.28,6.1,2023-12-14,0,On-Campus,3353,-1.1350065737739485,"(2.0, 3.0]"
102955,Information Science,22,Off-Campus,1.3,12,2,97,2.43,7.1,2023-11-24,1,Off-Campus,3129,-0.8752449434410982,"(2.0, 3.0]"
103342,Information Science,26,Off-Campus,13.5,20,3,80,2.54,,2024-04-23,0,Off-Campus,3563,,"(2.0, 3.0]"
105476,Cybersecurity,23,Off-Campus,7.8,28,1,2,2.07,16.6,2023-10-20,0,Off-Campus,4020,1.5924905447209796,"(2.0, 3.0]"
103898,Cybersecurity,30,On-Campus,8.4,20,2,2,3.07,8.3,2024-03-11,0,On-Campus,4420,-0.5635309870416776,"(3.0, 4.0]"
104883,Cyber Security,29,Off-Campus,7.8,18,3,42,2.63,12.6,2023-09-07,1,Off-Campus,4023,0.5534440233895782,"(2.0, 3.0]"
107154,Cybersecurity,21,on-campus,4.4,15,2,23,2.78,11.6,2023-11-04,0,On-Campus,4401,0.29368239305672794,"(2.0, 3.0]"
108560,Business Analytics,25,Off-campus,15.5,35,2,39,0.95,6.2,2024-04-07,0,Off-Campus,1929,-1.1090304107406632,"(-0.01, 1.0]"
103069,Data Science,23,On-Campus,3.2,15,6,70,2.26,,2022-08-29,1,On-Campus,2536,,"(2.0, 3.0]"
106129,Business Analytics,27,Off-campus,11.2,15,6,82,3.19,10.9,2024-04-21,0,Off-Campus,4272,0.11184925182373295,"(3.0, 4.0]"
100133,Information Technology,22,With Family,23.2,40,3,66,1.53,6.6,2023-10-14,0,With Family,1818,-1.0051257586075233,"(1.0, 2.0]"
109871,Data Science,24,On-Campus,8.1,18,1,17,1.25,3.4,2022-12-01,1,On-Campus,2289,-1.8363629756726438,"(1.0, 2.0]"
100485,Learning Technologies,26,on-campus,12.5,18,6,10,3.26,13.6,2023-10-20,0,On-Campus,4211,0.8132056537224285,"(3.0, 4.0]"
106041,Cybersecurity,26,with family,12.9,20,6,54,3.0,10.5,2024-05-22,0,With Family,3778,0.00794459969059276,"(2.0, 3.0]"
102530,Cybersecurity,32,Off-campus,5.9,15,0,0,0.0,15.1,2025-01-21,0,Off-Campus,5240,1.2028480992217039,"(-0.01, 1.0]"
109164,Cybersecurity,23,With Family,10.2,5,2,64,2.88,7.2,2022-12-07,0,With Family,3512,-0.8492687804078131,"(2.0, 3.0]"
104597,Cybersecurity,30,With Family,4.4,10,2,52,2.32,4.8,2023-09-18,0,With Family,2675,-1.4726966932066536,"(2.0, 3.0]"
108724,Cybersecurity,34,Off-campus,13.8,18,0,23,2.88,16.4,2023-11-05,0,Off-Campus,3712,1.5405382186544088,"(2.0, 3.0]"
105970,Cybersecurity,26,On-Campus,10.7,20,1,82,1.84,5.8,2024-04-01,0,On-Campus,2679,-1.2129350628738034,"(1.0, 2.0]"
104915,Cybersecurity,22,On-Campus,16.8,10,3,11,0.39,,2022-08-29,0,On-Campus,1083,,"(-0.01, 1.0]"
108281,Info Technology,23,Off-Campus,4.9,30,3,20,2.32,,2022-11-03,0,Off-Campus,2346,,"(2.0, 3.0]"
106505,Information Technology,25,On-Campus,13.6,25,1,60,2.24,,2023-10-07,0,On-Campus,1961,,"(2.0, 3.0]"
109852,Learning Technologies,25,Off-Campus,24.1,20,5,74,2.66,13.9,2022-10-08,0,Off-Campus,2737,0.8911341428222836,"(2.0, 3.0]"
108269,Data Science,27,Off-Campus,9.9,10,3,0,0.0,10.6,2025-01-15,0,Off-Campus,3616,0.033920762723877694,"(-0.01, 1.0]"
109291,Data Science,29,Off-Campus,2.5,35,1,16,1.88,6.1,2023-10-31,0,Off-Campus,2320,-1.1350065737739485,"(1.0, 2.0]"
108143,Learning Technologies,25,On-Campus,38.2,15,1,21,1.87,6.9,2022-09-04,0,On-Campus,2564,-0.927197269507668,"(1.0, 2.0]"
107832,Business Analytics,23,On-Campus,46.7,0,0,40,1.95,4.6,2023-11-30,0,On-Campus,2515,-1.5246490192732238,"(1.0, 2.0]"
106983,DataScience,26,Off-Campus,1.1,40,3,86,2.38,5.8,2024-02-28,1,Off-Campus,2603,-1.2129350628738034,"(2.0, 3.0]"
106572,Information Science,28,Off-Campus,1.7,20,1,5,2.11,15.6,2022-11-01,0,Off-Campus,3958,1.332728914388129,"(2.0, 3.0]"
105988,Cybersecurity,26,Off-Campus,8.7,0,5,54,3.08,15.4,2024-02-11,0,Off-Campus,5083,1.2807765883215592,"(3.0, 4.0]"
109161,Information Science,21,Off-Campus,4.3,0,9,103,1.98,11.1,2022-11-19,0,Off-Campus,2490,0.1638015778903028,"(1.0, 2.0]"
100135,Cybersecurity,20,on-campus,8.7,10,4,85,2.89,14.0,2024-02-24,0,On-Campus,3764,0.9171103058555686,"(2.0, 3.0]"
105568,Cybersecurity,24,Off-Campus,17.2,18,0,0,2.22,6.9,2022-12-16,0,Off-Campus,2824,-0.927197269507668,"(2.0, 3.0]"
104072,Cybersecurity,28,On-Campus,26.7,25,1,22,1.34,,2024-05-16,1,On-Campus,980,,"(1.0, 2.0]"
103001,Information Science,24,Off-Campus,7.9,20,1,38,2.09,7.9,2024-05-03,0,Off-Campus,2170,-0.6674356391748179,"(2.0, 3.0]"
109593,Cybersecurity,30,off campus,5.6,0,0,54,1.93,,2022-11-09,0,Off-Campus,2031,,"(1.0, 2.0]"
104612,Data Science,21, On-Campus,4.5,12,0,39,2.77,10.6,2024-04-21,0,On-Campus,3335,0.033920762723877694,"(2.0, 3.0]"
103298,Cybersecurity,28,Off-Campus,5.7,25,2,82,1.97,8.3,2022-11-30,0,Off-Campus,2347,-0.5635309870416776,"(1.0, 2.0]"
103717,Cybersecurity,26,Off-Campus,4.3,0,3,12,2.3,5.8,2022-12-12,0,Off-Campus,3120,-1.2129350628738034,"(2.0, 3.0]"
104639,Information Technology,26,With Family,0.2,20,0,28,3.19,14.8,2022-09-02,1,With Family,4256,1.124919610121849,"(3.0, 4.0]"
106855,Cybersecurity,28,Off-Campus,13.2,30,6,100,2.34,15.1,2023-10-26,1,Off-Campus,3705,1.2028480992217039,"(2.0, 3.0]"
104020,Data Science,22,off campus,9.5,10,7,69,2.97,16.6,2022-10-29,0,Off-Campus,4526,1.5924905447209796,"(2.0, 3.0]"
104222,Learning Technologies,21,Off-Campus,29.1,5,4,19,2.47,12.6,2024-02-05,0,Off-Campus,3236,0.5534440233895782,"(2.0, 3.0]"
101226,Data Science,25,Off-Campus,3.3,15,2,0,2.03,7.7,2023-11-04,1,Off-Campus,3102,-0.7193879652413879,"(2.0, 3.0]"
102859,Learning Technologies,24,Off-Campus,19.5,10,0,0,2.98,13.5,2024-04-20,0,Off-Campus,3726,0.7872294906891435,"(2.0, 3.0]"
103058,Information Science,24,With Family,8.8,5,1,75,2.13,8.8,2023-11-12,0,With Family,3581,-0.43365017187525245,"(2.0, 3.0]"
103727,Information  Science,23,Off-Campus,0.7,0,2,43,2.99,8.2,2022-08-24,0,Off-Campus,3802,-0.589507150074963,"(2.0, 3.0]"
102726,Learning Technologies,23,Off-Campus,23.1,28,1,45,2.13,10.1,2022-10-08,0,Off-Campus,2557,-0.09596005244254743,"(2.0, 3.0]"
105401,Learning Technologies,25,On-Campus,3.7,10,1,59,2.28,,2022-10-23,0,On-Campus,1948,,"(2.0, 3.0]"
101568,Learning Technologies,20,With Family,27.0,20,0,94,1.2,6.1,2024-04-30,0,With Family,1720,-1.1350065737739485,"(1.0, 2.0]"
106608,Cybersecurity,27,Off-Campus,8.1,25,8,17,2.09,8.6,2023-11-27,0,Off-Campus,3504,-0.4856024979418228,"(2.0, 3.0]"
101988,Cybersecurity,20,On-Campus,8.8,0,2,0,0.0,2.7,2025-01-13,0,On-Campus,1980,-2.018196116905639,"(-0.01, 1.0]"
102237,Learning Technologies,23,Off-Campus,51.3,12,5,90,2.63,10.1,2024-03-01,0,Off-Campus,3687,-0.09596005244254743,"(2.0, 3.0]"
103204,Data Science,24,Off-Campus,4.3,28,1,22,0.85,,2022-11-16,0,Off-Campus,1153,,"(-0.01, 1.0]"
106998,Learning Technologies,21,With Family,11.2,0,0,0,3.26,16.9,2023-09-15,0,With Family,4917,1.670419033820834,"(3.0, 4.0]"
100492,Business Analytics,31,With Family,15.3,30,2,37,1.61,9.2,2023-08-22,1,With Family,2265,-0.32974551974211275,"(1.0, 2.0]"
102024,Cybersecurity,20,On-Campus,28.1,30,2,57,1.76,6.2,2022-10-19,0,On-Campus,2002,-1.1090304107406632,"(1.0, 2.0]"
106478,Business Analytics,28,With Family,1.4,20,1,83,1.29,3.2,2022-08-24,1,With Family,692,-1.888315301739214,"(1.0, 2.0]"
104860,Data Science,29,On-Campus,2.9,28,5,85,2.88,12.0,2022-09-14,0,On-Campus,4554,0.39758704518986815,"(2.0, 3.0]"
103275,Learning Technologies,24,With Family,38.5,15,4,65,2.41,8.3,2024-02-08,0,With Family,3172,-0.5635309870416776,"(2.0, 3.0]"
104766,Information Science,28,On-Campus,8.5,5,3,32,3.42,16.7,2023-11-11,0,On-Campus,4768,1.618466707754264,"(3.0, 4.0]"
106496,Cybersecurity,22,Off-Campus,5.8,40,5,51,2.62,15.0,2024-03-26,0,Off-Campus,4520,1.1768719361884188,"(2.0, 3.0]"
105750,Business Analytics,26,With Family,2.4,30,5,65,2.88,15.9,2022-08-29,0,With Family,4325,1.4106574034879842,"(2.0, 3.0]"
107644,Data Science,28,on-campus,10.0,10,5,43,3.49,19.0,2022-11-06,0,On-Campus,5199,2.21591845751982,"(3.0, 4.0]"
106027,Information Technology,19,Off-Campus,2.0,28,4,46,2.78,17.3,2023-11-30,0,Off-Campus,4487,1.7743236859539746,"(2.0, 3.0]"
102961,Business Analytics,24,Off-Campus,7.1,35,0,3,2.5,,2023-10-07,0,Off-Campus,2959,,"(2.0, 3.0]"
101150,Business Analytics,24,on-campus,30.2,30,3,53,1.38,7.4,2022-12-07,0,On-Campus,2700,-0.7973164543412429,"(1.0, 2.0]"
105090,Cybersecurity,22,Off-Campus,2.8,0,5,42,3.09,12.6,2023-11-05,0,Off-Campus,4256,0.5534440233895782,"(3.0, 4.0]"
103905,Data Science,29,On-Campus,8.8,18,2,73,3.66,11.5,2022-10-24,0,On-Campus,4440,0.267706230023443,"(3.0, 4.0]"
108386,Business Analytics,25,With Family,46.2,10,1,82,1.98,12.5,2024-05-01,0,With Family,2909,0.5274678603562932,"(1.0, 2.0]"
102194,Information Science,27,Off-Campus,8.1,25,3,30,2.22,12.8,2024-04-07,0,Off-Campus,3859,0.6053963494561485,"(2.0, 3.0]"
106303,Information Science,26,Off-Campus,16.3,20,2,75,1.2,5.8,2022-12-20,0,Off-Campus,1028,-1.2129350628738034,"(1.0, 2.0]"
106401,Data Science,27,With Family,8.9,35,1,63,2.28,8.9,2023-11-19,1,With Family,2642,-0.40767400884196753,"(2.0, 3.0]"
108733,Information Technology,21,Off-campus,2.5,0,2,43,2.28,7.5,2024-04-01,0,Off-Campus,2847,-0.771340291307958,"(2.0, 3.0]"
100478,Business Analytics,27,on-campus,12.4,0,1,13,2.4,7.1,2023-12-08,1,On-Campus,2861,-0.8752449434410982,"(2.0, 3.0]"
100685,Business Analytics,23,With Family,17.7,12,6,56,2.26,9.6,2022-12-08,0,With Family,3445,-0.22584086760897257,"(2.0, 3.0]"
106425,Cyber Security,25,Off-Campus,38.5,18,2,15,2.57,8.8,2022-12-04,1,Off-Campus,2452,-0.43365017187525245,"(2.0, 3.0]"
109736,Information Technology,30,Off-campus,28.5,10,1,67,2.68,10.5,2024-04-09,0,Off-Campus,3359,0.00794459969059276,"(2.0, 3.0]"
108928,Information Technology,29,Off-campus,1.5,12,1,33,2.73,13.9,2023-11-03,1,Off-Campus,3543,0.8911341428222836,"(2.0, 3.0]"
105317,Data Science,24,Off-Campus,7.6,30,1,42,1.74,10.5,2024-02-06,0,Off-Campus,2764,0.00794459969059276,"(1.0, 2.0]"
102608,Cybersecurity,22,On-Campus,10.7,25,3,57,2.28,15.7,2024-02-02,1,On-Campus,3803,1.3587050774214138,"(2.0, 3.0]"
103498,Cybersecurity,20,Off-Campus,3.4,28,5,87,1.97,9.8,2022-09-08,0,Off-Campus,3094,-0.17388854154240224,"(1.0, 2.0]"
108602,Information Technology,23,On-Campus,4.2,15,5,42,2.38,6.0,2024-03-09,0,On-Campus,2491,-1.1609827368072334,"(2.0, 3.0]"
107971,Learning Technologies,25,off campus,3.3,18,2,90,2.73,13.9,2024-02-22,0,Off-Campus,4239,0.8911341428222836,"(2.0, 3.0]"
108749,Information Technology,30,Off-Campus,5.5,30,3,31,2.35,8.2,2022-10-09,0,Off-Campus,2883,-0.589507150074963,"(2.0, 3.0]"
109121,Information Science,27,With Family,11.4,18,5,42,2.19,7.9,2023-11-22,0,With Family,2726,-0.6674356391748179,"(2.0, 3.0]"
108965,Cybersecurity,31,On-Campus,13.0,18,0,52,1.49,5.6,2022-11-16,0,On-Campus,2295,-1.2648873889403736,"(1.0, 2.0]"
102671,Cybersecurity,33,On-Campus,27.3,15,1,71,0.0,,2023-10-02,0,On-Campus,1305,,"(-0.01, 1.0]"
101091,Cybersecurity,28,On-Campus,1.6,30,3,74,1.53,3.5,2022-09-09,0,On-Campus,2355,-1.810386812639359,"(1.0, 2.0]"
103703,Information Technology,26,Off-Campus,20.5,5,3,31,2.28,5.4,2024-02-05,0,Off-Campus,2029,-1.3168397150069435,"(2.0, 3.0]"
109636,Information Technology,34,With Family,17.3,28,1,71,1.19,,2024-03-12,0,With Family,2061,,"(1.0, 2.0]"
102593,Cybersecurity,27,On-Campus,17.4,30,1,98,1.78,6.0,2022-10-28,0,On-Campus,2113,-1.1609827368072334,"(1.0, 2.0]"
104536,Learning Technologies,28,On-Campus,6.8,0,3,82,3.01,12.8,2023-12-07,0,On-Campus,4410,0.6053963494561485,"(3.0, 4.0]"
104885,Learning Technologies,26,On-Campus,0.4,20,3,0,2.53,19.7,2024-05-19,0,On-Campus,4463,2.397751598752815,"(2.0, 3.0]"
100911,Data Science,20,Off-Campus,6.0,10,3,62,3.55,16.1,2023-12-06,0,Off-Campus,4806,1.4626097295545546,"(3.0, 4.0]"
104142,Learning Technologies,29,On-Campus,9.5,30,5,37,3.13,11.8,2023-10-02,1,On-Campus,3770,0.3456347191232983,"(3.0, 4.0]"
104473,Business Analytics,23,Off-Campus,5.1,12,2,72,2.87,13.5,2024-05-05,0,Off-Campus,4716,0.7872294906891435,"(2.0, 3.0]"
104352,Data Science,25, On-Campus,12.7,10,3,68,2.73,10.2,2023-10-19,0,On-Campus,3386,-0.06998388940926249,"(2.0, 3.0]"
104836,Information Technology,28,On-Campus,9.4,30,1,33,1.53,,2024-03-18,0,On-Campus,1987,,"(1.0, 2.0]"
106599,Business Analytics,24,Off-Campus,30.2,10,1,0,1.82,6.9,2023-11-08,0,Off-Campus,3021,-0.927197269507668,"(1.0, 2.0]"
107855,DataScience,23,Off-Campus,3.8,28,4,39,2.09,7.1,2024-05-21,0,Off-Campus,2785,-0.8752449434410982,"(2.0, 3.0]"
101480,Data Science,25,Off-Campus,8.5,30,2,45,2.1,7.9,2022-09-25,0,Off-Campus,3537,-0.6674356391748179,"(2.0, 3.0]"
103042,Information Science,32,Off-Campus,13.7,0,5,84,3.35,13.7,2022-09-01,0,Off-Campus,4832,0.8391818167557134,"(3.0, 4.0]"
108033,Data Science,25,Off-Campus,8.0,20,1,32,1.78,6.5,2022-12-05,1,Off-Campus,2210,-1.0311019216408082,"(1.0, 2.0]"
104585,DataScience,21,Off-Campus,20.1,20,1,19,2.12,9.0,2023-11-20,0,Off-Campus,2852,-0.3816978458086826,"(2.0, 3.0]"
108848,Cyber Security,22,Off-Campus,17.6,20,2,45,1.77,5.5,2022-09-09,0,Off-Campus,2612,-1.2908635519736584,"(1.0, 2.0]"
109202,Information Technology,22,Off-Campus,10.9,10,2,54,3.08,17.2,2022-11-17,0,Off-Campus,5153,1.7483475229206893,"(3.0, 4.0]"
102938,Cybersecurity,27,With Family,3.0,30,1,75,1.82,8.2,2022-08-31,0,With Family,3049,-0.589507150074963,"(1.0, 2.0]"
105272,Cybersecurity,25, On-Campus,26.3,25,5,18,2.07,,2022-12-11,1,On-Campus,2795,,"(2.0, 3.0]"
107774,Cybersecurity,30,Off-Campus,13.1,15,3,55,4.0,12.2,2024-02-07,0,Off-Campus,5047,0.449539371256438,"(3.0, 4.0]"
105076,Data Science,24,Off-Campus,15.5,28,4,66,2.49,11.3,2022-11-14,1,Off-Campus,3242,0.21575390395687313,"(2.0, 3.0]"
108424,Cyber Security,23,Off-Campus,10.9,30,3,84,2.81,15.0,2023-12-12,0,Off-Campus,4039,1.1768719361884188,"(2.0, 3.0]"
105487,Learning Technologies,23,off campus,19.6,18,1,58,1.61,7.6,2024-03-24,0,Off-Campus,2352,-0.745364128274673,"(1.0, 2.0]"
105676,Info Technology,20,On-Campus,8.1,20,1,0,0.0,10.0,2025-01-22,0,On-Campus,3954,-0.12193621547583236,"(-0.01, 1.0]"
101223,Business Analytics,27,Off-campus,14.4,40,3,38,2.55,9.9,2024-03-07,0,Off-Campus,3385,-0.1479123785091173,"(2.0, 3.0]"
107835,Cybersecurity,25,Off-Campus,18.0,20,0,75,1.11,,2023-12-15,0,Off-Campus,1414,,"(1.0, 2.0]"
104342,Cyber Security,30,On-Campus,6.8,12,2,2,3.62,18.2,2022-10-30,0,On-Campus,4920,2.0081091532535393,"(3.0, 4.0]"
103408,Cyber Security,28,On-Campus,10.1,0,4,68,3.2,11.4,2024-02-05,0,On-Campus,4367,0.2417300669901581,"(3.0, 4.0]"
105840,Data Science,24,Off-Campus,3.9,35,2,75,2.28,9.0,2023-08-21,0,Off-Campus,3314,-0.3816978458086826,"(2.0, 3.0]"
104931,Information Science,22,With Family,5.1,18,2,75,3.27,15.6,2024-02-18,0,With Family,4442,1.332728914388129,"(3.0, 4.0]"
109647,Cybersecurity,39,on-campus,15.7,30,4,80,1.65,,2022-10-24,0,On-Campus,1716,,"(1.0, 2.0]"
109340,Information Science,22,Off-Campus,8.9,10,1,2,2.32,12.5,2022-12-05,0,Off-Campus,3630,0.5274678603562932,"(2.0, 3.0]"
104044,Business Analytics,22,On-Campus,6.9,30,3,55,1.96,,2022-10-09,0,On-Campus,2131,,"(1.0, 2.0]"
105997,Cybersecurity,19,With Family,9.7,28,1,39,0.0,,2023-11-18,0,With Family,1229,,"(-0.01, 1.0]"
104825,Cyber Security,27,with family,13.2,40,2,90,1.2,,2024-03-04,1,With Family,1335,,"(1.0, 2.0]"
105896,Business Analytics,27,With Family,32.2,40,2,31,1.72,6.3,2022-12-11,0,With Family,2069,-1.0830542477073783,"(1.0, 2.0]"
103867,Cybersecurity,26,With Family,0.7,20,0,39,3.02,11.1,2024-05-04,0,With Family,4001,0.1638015778903028,"(3.0, 4.0]"
106975,Cyber Security,27,on-campus,28.2,18,1,39,1.95,7.7,2022-10-30,0,On-Campus,2730,-0.7193879652413879,"(1.0, 2.0]"
109762,Information Technology,30,On-Campus,26.4,0,1,81,2.66,11.2,2024-02-26,1,On-Campus,3387,0.18977774092358776,"(2.0, 3.0]"
108825,Cybersecurity,21,Off-Campus,11.7,10,3,44,2.05,8.3,2023-08-29,0,Off-Campus,3375,-0.5635309870416776,"(2.0, 3.0]"
109676,Learning Technologies,26,On-Campus,7.2,15,0,0,1.93,11.7,2022-09-23,0,On-Campus,3475,0.31965855609001287,"(1.0, 2.0]"
106951,Cybersecurity,23,Off-Campus,13.8,20,2,31,1.71,6.7,2023-10-02,1,Off-Campus,2466,-0.9791495955742382,"(1.0, 2.0]"
104782,Information Science,20,Off-Campus,0.8,25,1,63,2.19,11.6,2022-10-11,0,Off-Campus,4118,0.29368239305672794,"(2.0, 3.0]"
104756,Info Technology,30,Off-Campus,8.8,10,3,37,2.51,8.2,2024-03-31,0,Off-Campus,3194,-0.589507150074963,"(2.0, 3.0]"
102836,Information Technology,20,Off-Campus,5.8,15,4,34,2.76,14.1,2022-08-25,0,Off-Campus,3976,0.9430864688888536,"(2.0, 3.0]"
105475,Business Analytics,28,Off-Campus,17.5,20,3,46,1.73,5.5,2024-02-11,0,Off-Campus,1983,-1.2908635519736584,"(1.0, 2.0]"
109701,Business Analytics,27,With Family,15.3,10,1,30,2.05,7.0,2024-05-28,0,With Family,2033,-0.9012211064743831,"(2.0, 3.0]"
107830,Information Technology,22,On-Campus,9.8,5,6,81,3.27,18.7,2024-03-03,0,On-Campus,5133,2.137989968419965,"(3.0, 4.0]"
106280,Information Science,27,On-Campus,14.3,12,3,28,2.61,14.7,2022-11-19,0,On-Campus,4115,1.0989434470885637,"(2.0, 3.0]"
101798,Data Science,23,Off-Campus,37.4,5,1,48,2.57,11.7,2023-10-17,0,Off-Campus,4326,0.31965855609001287,"(2.0, 3.0]"
107893,Cybersecurity,25,Off-Campus,4.4,18,4,78,2.32,11.0,2024-05-03,0,Off-Campus,3075,0.13782541485701788,"(2.0, 3.0]"
107349,Information Technology,23,Off-Campus,11.8,18,3,45,3.03,18.8,2024-03-29,0,Off-Campus,4728,2.16396613145325,"(3.0, 4.0]"
109617,Data Science,24, On-Campus,5.6,40,3,45,2.1,9.6,2022-10-31,0,On-Campus,3125,-0.22584086760897257,"(2.0, 3.0]"
109175,Cybersecurity,23,With Family,3.0,12,3,59,3.1,12.0,2023-10-19,0,With Family,4288,0.39758704518986815,"(3.0, 4.0]"
100300,Learning Technologies,29,With Family,10.3,30,1,63,2.2,9.9,2024-03-31,0,With Family,3384,-0.1479123785091173,"(2.0, 3.0]"
109492,DataScience,30,On-Campus,6.3,15,3,21,2.94,17.2,2024-02-13,0,On-Campus,4621,1.7483475229206893,"(2.0, 3.0]"
109006,Cybersecurity,22,On-Campus,17.8,20,1,55,2.1,8.6,2023-11-13,0,On-Campus,2657,-0.4856024979418228,"(2.0, 3.0]"
108508,Learning Technologies,21,Off-Campus,1.3,15,1,14,2.91,11.6,2024-05-23,1,Off-Campus,4584,0.29368239305672794,"(2.0, 3.0]"
106842,Information Science,24,With Family,16.0,5,5,44,2.36,9.5,2022-10-31,0,With Family,2613,-0.25181703064225747,"(2.0, 3.0]"
101826,Cyber Security,28,On-Campus,17.7,12,2,27,2.98,11.6,2023-09-10,0,On-Campus,3816,0.29368239305672794,"(2.0, 3.0]"
102580,Cybersecurity,31,on-campus,4.8,25,2,50,2.7,12.9,2024-02-06,0,On-Campus,4200,0.6313725124894335,"(2.0, 3.0]"
100077,Information Technology,28,On-Campus,10.8,0,0,102,2.02,7.2,2024-04-24,1,On-Campus,2294,-0.8492687804078131,"(2.0, 3.0]"
105526,Information Science,22,On-Campus,19.3,25,3,99,1.91,7.2,2022-10-16,0,On-Campus,2748,-0.8492687804078131,"(1.0, 2.0]"
107391,Business Analytics,23,On-Campus,6.6,25,2,25,2.69,13.0,2022-12-03,0,On-Campus,3511,0.6573486755227184,"(2.0, 3.0]"
100161,Information Science,26,On-Campus,4.1,15,4,8,3.45,19.1,2023-09-24,1,On-Campus,5258,2.241894620553105,"(3.0, 4.0]"
107878,Cybersecurity,25,With Family,9.5,30,3,71,2.39,15.8,2023-11-15,0,With Family,4336,1.3846812404546993,"(2.0, 3.0]"
103635,Information Science,25,Off-campus,3.7,5,3,96,3.71,15.0,2022-09-13,0,Off-Campus,5230,1.1768719361884188,"(3.0, 4.0]"
107536,Cybersecurity,27,On-Campus,7.5,20,1,36,2.0,8.7,2023-09-17,0,On-Campus,3631,-0.4596263349085379,"(1.0, 2.0]"
104973,Cybersecurity,21,off campus,4.6,0,1,9,2.13,10.4,2023-11-03,0,Off-Campus,3429,-0.018031563342692174,"(2.0, 3.0]"
104228,Cybersecurity,32,Off-Campus,12.0,40,1,77,2.12,,2022-08-27,0,Off-Campus,2785,,"(2.0, 3.0]"
106255,Learning Technologies,31, On-Campus,10.3,10,2,0,0.0,12.3,2025-01-17,0,On-Campus,3512,0.4755155342897234,"(-0.01, 1.0]"
108403,Business Analytics,25,Off-Campus,3.9,20,1,74,2.18,12.6,2022-11-22,0,Off-Campus,2560,0.5534440233895782,"(2.0, 3.0]"
103303,Business Analytics,22,On-Campus,8.5,30,0,47,1.38,8.4,2023-12-03,0,On-Campus,2262,-0.5375548240083927,"(1.0, 2.0]"
108770,Information Technology,25,On-Campus,11.2,28,1,79,2.97,12.3,2023-09-01,0,On-Campus,3903,0.4755155342897234,"(2.0, 3.0]"
100564,Data Science,31,on-campus,9.4,0,1,43,1.66,6.1,2022-10-24,0,On-Campus,2722,-1.1350065737739485,"(1.0, 2.0]"
108316,Business Analytics,28,On-Campus,12.5,0,6,24,3.23,14.5,2024-03-20,0,On-Campus,3872,1.0469911210219938,"(3.0, 4.0]"
103606,Cybersecurity,22,Off-Campus,4.0,0,0,72,1.48,11.2,2022-10-20,0,Off-Campus,2174,0.18977774092358776,"(1.0, 2.0]"
105127,Data Science,25,With Family,8.7,18,2,28,2.52,10.7,2022-09-09,1,With Family,3257,0.05989692575716263,"(2.0, 3.0]"
106007,Cybersecurity,22,Off-Campus,14.8,28,2,45,2.04,7.8,2022-09-22,0,Off-Campus,2608,-0.693411802208103,"(2.0, 3.0]"
102883,Cyber Security,28,Off-Campus,10.0,18,3,63,2.71,11.8,2022-11-14,0,Off-Campus,4099,0.3456347191232983,"(2.0, 3.0]"
100544,Data Science,25,With Family,16.5,15,0,70,1.84,5.7,2024-04-22,0,With Family,2054,-1.2389112259070885,"(1.0, 2.0]"
106175,Cybersecurity,21,With Family,2.3,5,2,47,3.0,11.7,2023-11-01,0,With Family,4545,0.31965855609001287,"(2.0, 3.0]"
107026,Business Analytics,26,With Family,12.3,30,1,65,2.04,10.0,2023-12-17,0,With Family,2927,-0.12193621547583236,"(2.0, 3.0]"
108181,Business Analytics,22,Off-Campus,11.1,20,3,39,2.56,13.1,2024-04-30,0,Off-Campus,4410,0.6833248385560033,"(2.0, 3.0]"
109962,Information Technology,19,Off-Campus,31.4,10,1,108,1.75,,2022-09-20,1,Off-Campus,1069,,"(1.0, 2.0]"
100483,Data Science,22,With Family,28.7,18,5,54,1.41,11.6,2023-11-03,0,With Family,2334,0.29368239305672794,"(1.0, 2.0]"
103973,Data Science,28,with family,7.1,30,1,42,2.36,7.7,2022-10-17,1,With Family,2779,-0.7193879652413879,"(2.0, 3.0]"
108265,Information Technology,22,Off-Campus,6.0,30,4,100,2.83,12.2,2024-03-17,0,Off-Campus,3794,0.449539371256438,"(2.0, 3.0]"
101333,Data Science,23,On-Campus,10.4,0,2,68,2.85,11.3,2024-04-16,0,On-Campus,4346,0.21575390395687313,"(2.0, 3.0]"
105132,Cybersecurity,32,With Family,21.5,12,2,116,2.57,9.9,2022-12-17,0,With Family,3440,-0.1479123785091173,"(2.0, 3.0]"
103420,Learning Technologies,22,Off-Campus,10.4,20,2,93,2.62,10.4,2024-05-11,1,Off-Campus,3522,-0.018031563342692174,"(2.0, 3.0]"
103995,Information Technology,25,on-campus,2.4,15,0,44,2.49,11.2,2022-11-25,0,On-Campus,4235,0.18977774092358776,"(2.0, 3.0]"
105556,Cybersecurity,20,Off-Campus,19.9,30,1,45,2.28,8.2,2022-11-17,1,Off-Campus,3077,-0.589507150074963,"(2.0, 3.0]"
105333,Cybersecurity,25,Off-Campus,12.6,10,3,42,2.41,10.0,2022-11-13,0,Off-Campus,3287,-0.12193621547583236,"(2.0, 3.0]"
109858,Data Science,38,On-Campus,1.8,25,2,66,2.39,,2022-12-19,0,On-Campus,2727,,"(2.0, 3.0]"
106185,Cybersecurity,23, On-Campus,2.5,30,0,0,0.38,2.4,2022-08-23,1,On-Campus,1252,-2.0961246060054943,"(-0.01, 1.0]"
109868,Learning Technologies,23,With Family,14.6,20,0,24,2.14,9.3,2023-10-02,1,With Family,1883,-0.3037693567088274,"(2.0, 3.0]"
103039,Learning Technologies,25,Off-Campus,18.0,15,2,50,2.41,12.3,2024-05-26,0,Off-Campus,3757,0.4755155342897234,"(2.0, 3.0]"
104207,Business Analytics,26,Off-Campus,12.5,18,4,39,2.36,15.9,2024-05-21,0,Off-Campus,3855,1.4106574034879842,"(2.0, 3.0]"
100692,Business Analytics,22,Off-Campus,8.1,18,3,116,2.96,14.9,2024-04-05,1,Off-Campus,4047,1.150895773155134,"(2.0, 3.0]"
100236,Cyber Security,20,With Family,11.0,28,3,31,2.5,9.0,2022-10-23,0,With Family,4383,-0.3816978458086826,"(2.0, 3.0]"
104686,Cybersecurity,24,Off-Campus,7.9,12,2,59,2.18,,2023-10-13,1,Off-Campus,3067,,"(2.0, 3.0]"
102199,Cybersecurity,25,off campus,12.5,5,1,88,1.8,4.9,2024-04-30,0,Off-Campus,2129,-1.4467205301733685,"(1.0, 2.0]"
108993,Information  Science,26,On-Campus,19.6,40,0,105,0.0,,2022-10-12,0,On-Campus,1008,,"(-0.01, 1.0]"
109399,Cybersecurity,25,Off-Campus,37.1,10,0,1,1.68,6.4,2022-12-14,0,Off-Campus,2187,-1.0570780846740933,"(1.0, 2.0]"
102982,Data Science,25,On-Campus,4.6,30,1,73,2.07,9.2,2023-11-02,0,On-Campus,3327,-0.32974551974211275,"(2.0, 3.0]"
103683,Cybersecurity,23,Off-Campus,18.8,28,0,71,3.11,13.1,2024-03-08,0,Off-Campus,3803,0.6833248385560033,"(3.0, 4.0]"
107996,Learning Technologies,24,Off-Campus,9.1,15,3,50,3.08,16.7,2024-04-23,0,Off-Campus,5177,1.618466707754264,"(3.0, 4.0]"
104935,Cybersecurity,21,Off-Campus,32.9,0,3,77,1.56,,2022-09-18,1,Off-Campus,1023,,"(1.0, 2.0]"
103237,Information Science,21,On-Campus,5.7,5,2,42,2.25,12.9,2023-09-05,0,On-Campus,2520,0.6313725124894335,"(2.0, 3.0]"
103256,Cybersecurity,21,Off-Campus,7.2,15,3,69,2.75,7.4,2022-11-15,0,Off-Campus,3125,-0.7973164543412429,"(2.0, 3.0]"
103278,Cybersecurity,27,With Family,34.9,30,2,97,1.21,1.6,2022-09-06,0,With Family,1813,-2.3039339102717746,"(1.0, 2.0]"
107315,Data Science,29,On-Campus,21.5,15,2,4,2.41,13.7,2023-11-04,0,On-Campus,3295,0.8391818167557134,"(2.0, 3.0]"
103832,Business Analytics,25,Off-Campus,5.2,0,1,6,1.63,6.8,2023-12-01,0,Off-Campus,2276,-0.9531734325409532,"(1.0, 2.0]"
106781,Information  Science,24,Off-Campus,8.8,0,1,27,1.4,4.4,2024-05-10,1,Off-Campus,1935,-1.5766013453397936,"(1.0, 2.0]"
100469,Cybersecurity,28,On-Campus,9.0,25,5,57,2.62,,2022-12-09,0,On-Campus,2697,,"(2.0, 3.0]"
108828,Cybersecurity,24,Off-campus,26.1,5,3,57,2.61,11.4,2024-04-05,0,Off-Campus,3700,0.2417300669901581,"(2.0, 3.0]"
103923,Information Technology,25,Off-campus,6.8,18,3,0,2.65,11.9,2024-02-03,1,Off-Campus,3985,0.3716108821565832,"(2.0, 3.0]"
102623,Learning Technologies,27,on-campus,15.1,25,1,25,0.89,,2024-04-03,1,On-Campus,1252,,"(-0.01, 1.0]"
103761,Cybersecurity,21,On-Campus,13.4,12,3,48,2.98,13.8,2022-10-01,0,On-Campus,4703,0.8651579797889988,"(2.0, 3.0]"
106610,Cyber Security,27,Off-Campus,6.0,28,4,73,3.02,10.9,2023-12-04,0,Off-Campus,3807,0.11184925182373295,"(3.0, 4.0]"
103857,Cybersecurity,24,Off-Campus,6.8,35,2,72,2.23,5.8,2024-02-08,0,Off-Campus,3169,-1.2129350628738034,"(2.0, 3.0]"
100679,Information Science,26,With Family,4.0,15,0,51,2.09,14.0,2022-12-04,1,With Family,4072,0.9171103058555686,"(2.0, 3.0]"
100701,Information Technology,28,Off-Campus,27.1,25,1,2,1.43,7.1,2022-09-19,0,Off-Campus,1551,-0.8752449434410982,"(1.0, 2.0]"
103613,Learning Technologies,25,Off-Campus,18.5,0,1,59,1.92,6.4,2024-02-24,0,Off-Campus,1703,-1.0570780846740933,"(1.0, 2.0]"
101788,Info Technology,23,On-Campus,3.9,25,3,52,2.25,10.8,2022-11-02,0,On-Campus,3971,0.08587308879044803,"(2.0, 3.0]"
104491,Data Science,21,With Family,8.7,18,3,105,2.94,17.6,2022-09-22,0,With Family,4428,1.8522521750538299,"(2.0, 3.0]"
103852,Information Science,27,Off-Campus,3.7,28,5,63,2.01,,2022-11-06,0,Off-Campus,2438,,"(2.0, 3.0]"
107301,Information Technology,31,On-Campus,10.1,10,0,54,2.94,10.9,2022-09-30,0,On-Campus,4160,0.11184925182373295,"(2.0, 3.0]"
108219,DataScience,24,Off-Campus,5.4,30,3,27,2.02,11.4,2024-02-05,1,Off-Campus,2733,0.2417300669901581,"(2.0, 3.0]"
109170,Information Technology,25,On-Campus,12.5,25,5,24,1.93,9.7,2024-05-28,0,On-Campus,2955,-0.1998647045756876,"(1.0, 2.0]"
101744,Information Science,32,On-Campus,22.5,20,2,28,1.42,,2023-12-15,0,On-Campus,2690,,"(1.0, 2.0]"
103626,Data Science,21,On-Campus,6.1,5,2,46,3.29,14.4,2022-11-06,0,On-Campus,4088,1.021014957988709,"(3.0, 4.0]"
103155,Cybersecurity,26,Off-Campus,16.9,10,1,47,1.81,5.1,2022-10-13,1,Off-Campus,2607,-1.3947682041067986,"(1.0, 2.0]"
100715,Business Analytics,21,On-Campus,32.6,12,2,43,2.28,10.3,2023-12-13,0,On-Campus,2402,-0.04400772637597711,"(2.0, 3.0]"
103786,Business Analytics,27,On-Campus,2.9,15,2,79,1.74,11.4,2024-05-14,0,On-Campus,3196,0.2417300669901581,"(1.0, 2.0]"
100739,Cyber Security,22,Off-Campus,47.1,25,3,41,1.47,6.1,2024-03-14,0,Off-Campus,2004,-1.1350065737739485,"(1.0, 2.0]"
101966,Cybersecurity,20,Off-Campus,8.3,40,5,77,2.3,10.4,2024-02-29,0,Off-Campus,3057,-0.018031563342692174,"(2.0, 3.0]"
100466,Cybersecurity,22,Off-Campus,1.7,12,4,35,2.06,,2024-03-07,0,Off-Campus,3412,,"(2.0, 3.0]"
102108,Information Technology,25,on-campus,8.3,18,4,22,3.23,16.4,2024-02-04,0,On-Campus,4235,1.5405382186544088,"(3.0, 4.0]"
107941,Information Technology,24,on-campus,14.8,0,0,39,2.68,13.8,2022-10-16,0,On-Campus,4561,0.8651579797889988,"(2.0, 3.0]"
106758,Cybersecurity,25,With Family,0.9,5,0,81,1.82,4.4,2022-11-22,0,With Family,1803,-1.5766013453397936,"(1.0, 2.0]"
100373,Information Technology,29,Off-Campus,13.0,0,1,65,1.46,9.1,2022-11-13,1,Off-Campus,2492,-0.3557216827753977,"(1.0, 2.0]"
109435,Information Science,23,Off-Campus,13.9,25,3,73,2.12,,2024-02-17,0,Off-Campus,2659,,"(2.0, 3.0]"
104535,Learning Technologies,25,On-Campus,3.1,18,1,7,2.54,11.7,2024-05-12,0,On-Campus,3763,0.31965855609001287,"(2.0, 3.0]"
103466,Cybersecurity,23,On-Campus,29.9,15,1,58,1.62,,2022-11-25,0,On-Campus,3014,,"(1.0, 2.0]"
103520,Cybersecurity,22,Off-Campus,6.4,15,1,54,2.13,9.7,2023-11-14,0,Off-Campus,2981,-0.1998647045756876,"(2.0, 3.0]"
103554,Cybersecurity,25,With Family,9.5,15,1,0,0.0,13.9,2025-01-20,0,With Family,4785,0.8911341428222836,"(-0.01, 1.0]"
103262,Information Science,22,Off-Campus,9.3,30,3,69,2.97,15.2,2022-12-13,1,Off-Campus,4454,1.2288242622549888,"(2.0, 3.0]"
101022,Cybersecurity,33,On-Campus,15.2,15,3,18,2.91,14.0,2023-11-21,0,On-Campus,4105,0.9171103058555686,"(2.0, 3.0]"
109613,Learning Technologies,21,With Family,5.8,15,1,40,2.74,7.9,2023-10-05,0,With Family,3373,-0.6674356391748179,"(2.0, 3.0]"
101558,Cybersecurity,29,On-Campus,19.6,0,2,45,2.01,,2022-12-17,0,On-Campus,2905,,"(2.0, 3.0]"
108140,Cybersecurity,26,On-Campus,6.0,15,1,66,3.35,10.7,2022-12-06,0,On-Campus,4330,0.05989692575716263,"(3.0, 4.0]"
100376,Information Science,26,Off-Campus,4.3,20,3,43,2.8,,2022-11-03,1,Off-Campus,3137,,"(2.0, 3.0]"
106240,Information Technology,21,With Family,10.4,0,4,47,2.45,9.7,2023-09-26,0,With Family,3409,-0.1998647045756876,"(2.0, 3.0]"
103109,Cyber Security,28,Off-Campus,6.7,12,5,55,2.19,8.4,2022-10-13,1,Off-Campus,3154,-0.5375548240083927,"(2.0, 3.0]"
107870,Cybersecurity,23,Off-Campus,27.8,0,5,52,2.58,9.8,2022-09-13,0,Off-Campus,2926,-0.17388854154240224,"(2.0, 3.0]"
106667,Data Science,27,On-Campus,5.0,28,4,73,3.02,10.5,2024-05-26,1,On-Campus,3775,0.00794459969059276,"(3.0, 4.0]"
107024,Data Science,24,Off-campus,4.9,20,2,32,2.22,9.3,2022-10-28,0,Off-Campus,2687,-0.3037693567088274,"(2.0, 3.0]"
100770,Business Analytics,27,With Family,5.3,35,3,30,2.83,11.7,2023-11-23,0,With Family,3868,0.31965855609001287,"(2.0, 3.0]"
107340,Information Science,22,Off-Campus,29.7,5,0,20,1.18,8.6,2022-12-12,0,Off-Campus,2440,-0.4856024979418228,"(1.0, 2.0]"
109132,Cybersecurity,31,Off-Campus,14.8,18,2,84,2.96,15.0,2024-02-15,0,Off-Campus,4425,1.1768719361884188,"(2.0, 3.0]"
103502,Information Technology,20,On-Campus,6.0,5,2,44,3.4,16.8,2022-11-11,0,On-Campus,4939,1.6444428707875496,"(3.0, 4.0]"
105284,Information Science,24,On-Campus,25.7,10,1,86,1.17,8.2,2022-09-30,0,On-Campus,1913,-0.589507150074963,"(1.0, 2.0]"
108977,Business Analytics,25,on-campus,7.1,5,3,68,2.71,13.7,2022-10-03,0,On-Campus,3442,0.8391818167557134,"(2.0, 3.0]"
109550,Information Science,22,on-campus,4.5,10,5,52,2.91,9.8,2022-10-14,1,On-Campus,3683,-0.17388854154240224,"(2.0, 3.0]"
108544,Cybersecurity,25,On-Campus,6.5,25,4,60,2.99,13.3,2023-12-01,0,On-Campus,3880,0.7352771646225736,"(2.0, 3.0]"
107602,Information Technology,21,On-Campus,4.2,20,3,67,2.74,13.0,2024-02-03,0,On-Campus,4604,0.6573486755227184,"(2.0, 3.0]"
103469,Cybersecurity,26,with family,6.5,25,0,28,2.29,11.3,2022-10-08,0,With Family,3495,0.21575390395687313,"(2.0, 3.0]"
106717,Learning Technologies,24,Off-Campus,4.9,5,2,34,1.76,7.2,2024-04-10,1,Off-Campus,2440,-0.8492687804078131,"(1.0, 2.0]"
109458,Business Analytics,25,Off-Campus,14.2,5,0,92,2.95,13.6,2023-12-08,0,Off-Campus,3213,0.8132056537224285,"(2.0, 3.0]"
100113,Information Science,23,Off-Campus,32.2,10,4,57,2.06,6.3,2024-02-16,1,Off-Campus,2335,-1.0830542477073783,"(2.0, 3.0]"
106403,Cybersecurity,22,Off-Campus,0.3,20,4,57,2.34,7.5,2024-04-08,0,Off-Campus,3012,-0.771340291307958,"(2.0, 3.0]"
104157,Data Science,25,Off-Campus,23.8,10,0,2,1.86,,2022-10-09,1,Off-Campus,1716,,"(1.0, 2.0]"
102605,Cybersecurity,22,Off-Campus,0.7,20,3,17,3.08,12.6,2022-09-30,0,Off-Campus,4099,0.5534440233895782,"(3.0, 4.0]"
102983,Information Science,28,on-campus,4.6,12,1,43,4.0,15.6,2023-12-01,0,On-Campus,5566,1.332728914388129,"(3.0, 4.0]"
101356,Learning Technologies,22,On-Campus,18.6,20,3,37,1.99,11.0,2023-11-08,0,On-Campus,2709,0.13782541485701788,"(1.0, 2.0]"
108355,Cybersecurity,23,Off-Campus,1.6,18,2,41,2.13,15.2,2024-02-23,1,Off-Campus,3702,1.2288242622549888,"(2.0, 3.0]"
100575,Cybersecurity,26,With Family,12.4,12,2,74,2.49,10.2,2024-04-05,1,With Family,3689,-0.06998388940926249,"(2.0, 3.0]"
104742,Cybersecurity,23,Off-Campus,29.0,0,2,36,2.69,11.1,2024-05-24,0,Off-Campus,4120,0.1638015778903028,"(2.0, 3.0]"
103754,Learning Technologies,23,Off-Campus,24.6,30,0,30,1.66,,2024-03-23,1,Off-Campus,2608,,"(1.0, 2.0]"
103389,Information Science,26,With Family,2.6,35,3,68,2.24,12.6,2022-12-14,0,With Family,3393,0.5534440233895782,"(2.0, 3.0]"
108117,Info Technology,23,On-Campus,7.9,15,6,32,2.67,14.7,2023-08-31,0,On-Campus,3844,1.0989434470885637,"(2.0, 3.0]"
104638,Cybersecurity,25,With Family,7.1,15,3,65,2.73,,2022-09-30,0,With Family,3344,,"(2.0, 3.0]"
100565,Cyber Security,21,Off-Campus,18.0,15,1,33,2.54,11.6,2023-09-12,0,Off-Campus,3419,0.29368239305672794,"(2.0, 3.0]"
108523,Cyber Security,24,With Family,14.4,15,0,65,2.83,12.9,2022-11-24,0,With Family,3567,0.6313725124894335,"(2.0, 3.0]"
103545,Cybersecurity,23,Off-Campus,18.9,35,3,119,2.42,7.0,2024-02-15,0,Off-Campus,2747,-0.9012211064743831,"(2.0, 3.0]"
103492,Business Analytics,24,On-Campus,8.9,15,4,64,2.53,14.4,2023-12-18,0,On-Campus,3951,1.021014957988709,"(2.0, 3.0]"
101961,Learning Technologies,27,Off-Campus,2.2,12,3,56,2.85,16.1,2023-12-03,0,Off-Campus,4451,1.4626097295545546,"(2.0, 3.0]"
102518,Learning Technologies,27,with family,3.8,30,2,60,2.7,11.6,2022-09-24,0,With Family,3856,0.29368239305672794,"(2.0, 3.0]"
100899,Info Technology,24,On-Campus,12.1,25,4,48,2.64,13.3,2024-04-29,1,On-Campus,3897,0.7352771646225736,"(2.0, 3.0]"
109680,Cybersecurity,27,Off-Campus,11.8,10,5,95,2.99,16.2,2023-09-26,0,Off-Campus,4602,1.488585892587839,"(2.0, 3.0]"
104440,Cyber Security,25,Off-Campus,8.5,35,0,34,2.83,16.3,2022-10-23,0,Off-Campus,4052,1.5145620556211243,"(2.0, 3.0]"
102365,Data Science,24,Off-Campus,6.8,5,3,59,2.77,16.2,2022-12-10,0,Off-Campus,4370,1.488585892587839,"(2.0, 3.0]"
106748,Cybersecurity,22,On-Campus,1.9,5,4,22,2.24,6.6,2022-11-24,0,On-Campus,3266,-1.0051257586075233,"(2.0, 3.0]"
104946,Cybersecurity,30,off campus,3.2,5,2,52,2.68,12.3,2022-09-24,1,Off-Campus,3779,0.4755155342897234,"(2.0, 3.0]"
101490,Learning Technologies,22,With Family,2.1,15,3,50,2.71,8.7,2023-10-03,0,With Family,3175,-0.4596263349085379,"(2.0, 3.0]"
100283,Cybersecurity,21,With Family,10.3,12,2,21,2.64,12.1,2024-03-16,0,With Family,3805,0.4235632082231531,"(2.0, 3.0]"
103471,Data Science,24, On-Campus,3.2,28,3,13,2.02,11.1,2022-12-19,0,On-Campus,3131,0.1638015778903028,"(2.0, 3.0]"
103232,Cybersecurity,23,Off-Campus,17.3,25,1,28,2.22,6.4,2022-09-02,0,Off-Campus,1705,-1.0570780846740933,"(2.0, 3.0]"
109862,Learning Technologies,25,With Family,11.7,25,1,13,2.18,8.9,2022-12-10,0,With Family,2967,-0.40767400884196753,"(2.0, 3.0]"
104895,Information Technology,24,On-Campus,4.0,15,4,17,2.74,11.9,2022-09-23,0,On-Campus,3623,0.3716108821565832,"(2.0, 3.0]"
100529,Data Science,27,With Family,8.8,15,2,27,2.41,9.4,2024-05-18,1,With Family,2592,-0.27779319367554245,"(2.0, 3.0]"
100061,Information Science,24,Off-Campus,2.3,25,4,51,2.6,7.0,2024-03-28,1,Off-Campus,3093,-0.9012211064743831,"(2.0, 3.0]"
103888,Information  Science,26,Off-Campus,11.3,30,0,83,2.0,8.8,2024-05-04,0,Off-Campus,2773,-0.43365017187525245,"(1.0, 2.0]"
106452,Learning Technologies,25,Off-Campus,4.9,28,0,88,2.08,4.5,2022-11-26,0,Off-Campus,2397,-1.5506251823065087,"(2.0, 3.0]"
101134,Information Science,28,Off-Campus,6.5,15,1,77,2.29,15.3,2022-09-03,0,Off-Campus,3543,1.254800425288274,"(2.0, 3.0]"
103675,Information Technology,24,off campus,26.3,25,1,47,2.84,15.2,2022-10-27,0,Off-Campus,4380,1.2288242622549888,"(2.0, 3.0]"
102331,Information Technology,21,Off-Campus,14.2,15,5,107,3.35,17.6,2023-09-21,0,Off-Campus,5191,1.8522521750538299,"(3.0, 4.0]"
107048,Cybersecurity,26,On-Campus,29.7,0,2,0,1.63,,2022-10-14,0,On-Campus,2533,,"(1.0, 2.0]"
102154,Cyber Security,25,Off-Campus,9.8,5,3,80,1.83,12.1,2024-03-29,0,Off-Campus,3105,0.4235632082231531,"(1.0, 2.0]"
103191,Information Science,26,with family,9.4,5,3,30,3.76,15.7,2024-03-27,0,With Family,5403,1.3587050774214138,"(3.0, 4.0]"
101899,Cybersecurity,22,with family,16.1,15,2,71,2.56,10.7,2022-12-04,0,With Family,3448,0.05989692575716263,"(2.0, 3.0]"
101030,Cybersecurity,1,Off-Campus,6.5,20,2,46,1.58,13.6,2022-10-18,0,Off-Campus,2392,0.8132056537224285,"(1.0, 2.0]"
106711,Information Technology,25,Off-Campus,18.1,25,3,49,1.09,,2024-04-27,0,Off-Campus,866,,"(1.0, 2.0]"
107337,Business Analytics,25,Off-Campus,15.2,15,1,93,1.48,,2023-09-15,1,Off-Campus,1317,,"(1.0, 2.0]"
108352,Learning Technologies,22,Off-Campus,7.7,10,1,44,3.36,12.6,2024-02-21,0,Off-Campus,4232,0.5534440233895782,"(3.0, 4.0]"
106920,Cybersecurity,25,Off-campus,7.9,30,2,43,2.42,10.5,2022-10-01,0,Off-Campus,3639,0.00794459969059276,"(2.0, 3.0]"
104265,Business Analytics,28,Off-Campus,1.5,15,4,93,3.62,18.1,2022-09-25,0,Off-Campus,5202,1.9821329902202551,"(3.0, 4.0]"
100590,Information Science,29,On-Campus,6.8,10,2,29,2.24,8.0,2022-11-06,1,On-Campus,3297,-0.6414594761415329,"(2.0, 3.0]"
106874,Cybersecurity,30,Off-Campus,13.2,25,3,64,2.27,10.4,2022-09-08,0,Off-Campus,2967,-0.018031563342692174,"(2.0, 3.0]"
106856,Cybersecurity,20,Off-campus,3.3,25,1,50,1.92,,2023-09-02,0,Off-Campus,2780,,"(1.0, 2.0]"
102862,Information Technology,29,With Family,16.6,15,4,32,1.84,8.4,2022-11-11,1,With Family,2366,-0.5375548240083927,"(1.0, 2.0]"
103677,Business Analytics,23,off campus,10.9,12,5,66,3.39,12.9,2022-09-23,0,Off-Campus,4849,0.6313725124894335,"(3.0, 4.0]"
109377,Business Analytics,24,Off-Campus,6.8,0,4,22,2.99,14.3,2022-10-30,0,Off-Campus,4297,0.9950387949554239,"(2.0, 3.0]"
107691,Business Analytics,21,Off-Campus,14.5,35,2,33,1.27,,2024-03-07,1,Off-Campus,2129,,"(1.0, 2.0]"
105439,Information Science,29,With Family,6.2,12,5,0,0.0,14.9,2025-01-21,0,With Family,4647,1.150895773155134,"(-0.01, 1.0]"
105254,Cybersecurity,26,Off-Campus,1.6,25,4,73,2.95,14.6,2023-10-11,0,Off-Campus,4844,1.0729672840552786,"(2.0, 3.0]"
102564,Learning Technologies,21,Off-Campus,0.2,20,2,48,2.15,10.1,2022-12-14,1,Off-Campus,3082,-0.09596005244254743,"(2.0, 3.0]"
101591,Cybersecurity,20,Off-Campus,7.5,15,2,49,3.18,15.2,2024-02-03,0,Off-Campus,4824,1.2288242622549888,"(3.0, 4.0]"
100922,Learning Technologies,26,Off-campus,17.8,10,1,71,2.95,12.4,2023-09-29,1,Off-Campus,3861,0.5014916973230084,"(2.0, 3.0]"
105922,Learning Technologies,23,Off-campus,17.8,12,5,80,2.54,7.6,2023-10-11,0,Off-Campus,3208,-0.745364128274673,"(2.0, 3.0]"
106762,Information Science,23,Off-Campus,18.3,5,3,51,2.73,7.9,2024-02-07,0,Off-Campus,3074,-0.6674356391748179,"(2.0, 3.0]"
101125,Business Analytics,22,off campus,17.1,12,0,60,2.33,8.8,2024-05-13,0,Off-Campus,4113,-0.43365017187525245,"(2.0, 3.0]"
104133,Cybersecurity,20,Off-Campus,5.2,35,1,32,1.29,1.0,2022-11-27,0,Off-Campus,1135,-2.4597908884714847,"(1.0, 2.0]"
105319,Information Science,20,With Family,11.6,30,3,16,1.67,6.1,2023-12-03,0,With Family,2297,-1.1350065737739485,"(1.0, 2.0]"
102974,Learning Technologies,25,Off-Campus,5.5,0,3,63,2.65,8.8,2022-11-06,1,Off-Campus,3008,-0.43365017187525245,"(2.0, 3.0]"
107293,Information Technology,26,With Family,2.7,20,2,53,2.93,14.5,2024-04-23,0,With Family,4028,1.0469911210219938,"(2.0, 3.0]"
101701,Business Analytics,24,Off-Campus,8.2,20,3,0,2.51,10.3,2023-10-13,0,Off-Campus,3835,-0.04400772637597711,"(2.0, 3.0]"
101090,Information Science,28,On-Campus,14.8,20,2,55,2.55,,2023-12-09,0,On-Campus,2303,,"(2.0, 3.0]"
100659,Learning Technologies,28,Off-Campus,10.5,0,2,59,2.79,15.7,2022-08-27,1,Off-Campus,4129,1.3587050774214138,"(2.0, 3.0]"
104001,Information Science,24,With Family,21.1,10,2,41,2.26,10.9,2024-02-20,1,With Family,3217,0.11184925182373295,"(2.0, 3.0]"
105967,Information Technology,22,With Family,36.1,15,0,36,1.42,10.1,2024-04-28,0,With Family,2713,-0.09596005244254743,"(1.0, 2.0]"
103248,Cybersecurity,23,off campus,2.7,15,1,34,2.04,12.2,2023-10-21,0,Off-Campus,2714,0.449539371256438,"(2.0, 3.0]"
104318,Information Technology,21,Off-Campus,18.6,25,4,57,1.1,3.3,2022-09-04,0,Off-Campus,1699,-1.8623391387059292,"(1.0, 2.0]"
104511,Business Analytics,26,With Family,23.6,28,1,36,1.61,7.9,2023-09-03,1,With Family,2049,-0.6674356391748179,"(1.0, 2.0]"
107965,Cybersecurity,28,On-Campus,13.2,12,2,62,2.69,11.6,2022-11-06,1,On-Campus,4164,0.29368239305672794,"(2.0, 3.0]"
100561,Business Analytics,25,On-Campus,6.5,40,2,68,2.69,12.1,2023-11-03,0,On-Campus,4263,0.4235632082231531,"(2.0, 3.0]"
101058,Information Technology,34,On-Campus,11.2,28,1,28,2.28,12.1,2023-08-28,0,On-Campus,3510,0.4235632082231531,"(2.0, 3.0]"
104193,Data Science,24,Off-campus,17.1,0,0,67,2.25,9.1,2023-09-22,0,Off-Campus,3156,-0.3557216827753977,"(2.0, 3.0]"
103550,Cybersecurity,24,off campus,13.7,0,3,59,2.4,13.5,2022-10-11,0,Off-Campus,3964,0.7872294906891435,"(2.0, 3.0]"
106246,Cybersecurity,25, On-Campus,13.3,15,2,128,2.67,9.8,2024-02-18,0,On-Campus,3716,-0.17388854154240224,"(2.0, 3.0]"
109306,Cybersecurity,26,With Family,5.5,0,1,71,3.41,18.7,2023-10-29,0,With Family,5649,2.137989968419965,"(3.0, 4.0]"
103674,Cybersecurity,28,on-campus,12.0,10,5,51,3.43,16.8,2024-03-13,0,On-Campus,5391,1.6444428707875496,"(3.0, 4.0]"
107710,Learning Technologies,21,off campus,26.8,15,2,58,1.3,3.8,2022-09-08,0,Off-Campus,1723,-1.732458323539504,"(1.0, 2.0]"
106104,Data Science,27,On-Campus,21.6,0,0,30,1.65,7.2,2024-04-22,0,On-Campus,1917,-0.8492687804078131,"(1.0, 2.0]"
105660,Information Technology,25,With Family,26.0,20,2,0,1.2,6.3,2023-12-04,1,With Family,2256,-1.0830542477073783,"(1.0, 2.0]"
107823,Data Science,26,Off-Campus,1.2,35,2,34,1.61,3.2,2022-12-18,1,Off-Campus,1861,-1.888315301739214,"(1.0, 2.0]"
105485,Information Science,20,Off-Campus,4.7,0,3,42,2.2,,2022-09-30,1,Off-Campus,3113,,"(2.0, 3.0]"
100705,Data Science,29,Off-Campus,15.8,15,2,56,0.0,1.7,2022-10-20,1,Off-Campus,1156,-2.2779577472384895,"(-0.01, 1.0]"
104764,Cybersecurity,25,Off-Campus,20.0,30,1,71,1.96,6.4,2024-04-27,0,Off-Campus,1536,-1.0570780846740933,"(1.0, 2.0]"
101186,Cybersecurity,22,with family,29.2,15,6,83,2.34,10.0,2023-08-30,0,With Family,3427,-0.12193621547583236,"(2.0, 3.0]"
100932,Information Technology,26,With Family,16.6,15,2,65,2.31,,2023-12-01,0,With Family,2856,,"(2.0, 3.0]"
101266,Business Analytics,23,On-Campus,0.8,30,2,80,2.45,12.1,2022-10-20,0,On-Campus,3105,0.4235632082231531,"(2.0, 3.0]"
103753,Cybersecurity,23,With Family,16.0,5,0,48,1.98,8.9,2024-04-30,0,With Family,3320,-0.40767400884196753,"(1.0, 2.0]"
101297,Cybersecurity,27,Off-Campus,15.3,30,2,50,1.39,7.3,2023-12-07,0,Off-Campus,2492,-0.8232926173745281,"(1.0, 2.0]"
107895,Information Science,28,Off-Campus,5.1,15,1,54,2.07,13.6,2023-10-13,1,Off-Campus,3007,0.8132056537224285,"(2.0, 3.0]"
106232,Information Technology,30,With Family,30.8,28,1,65,2.64,10.8,2024-05-14,0,With Family,2624,0.08587308879044803,"(2.0, 3.0]"
103653,Information Technology,26,off campus,8.4,15,3,65,1.83,9.3,2022-09-20,0,Off-Campus,2817,-0.3037693567088274,"(1.0, 2.0]"
104873,Cybersecurity,22,Off-Campus,6.5,5,5,73,2.34,8.2,2022-12-14,1,Off-Campus,3808,-0.589507150074963,"(2.0, 3.0]"
101753,Cybersecurity,24,Off-campus,3.2,18,2,19,3.43,14.2,2022-09-26,0,Off-Campus,4849,0.9690626319221385,"(3.0, 4.0]"
109950,Cybersecurity,27,On-Campus,31.1,15,4,51,2.1,11.3,2023-11-19,0,On-Campus,3845,0.21575390395687313,"(2.0, 3.0]"
101142,Cyber Security,24,Off-campus,1.4,20,1,55,2.5,14.2,2023-10-25,0,Off-Campus,4606,0.9690626319221385,"(2.0, 3.0]"
102585,Cybersecurity,23,off campus,14.0,20,1,39,1.21,3.8,2023-10-12,1,Off-Campus,1263,-1.732458323539504,"(1.0, 2.0]"
103551,Business Analytics,19,with family,20.7,0,5,70,2.89,12.0,2022-08-27,0,With Family,3919,0.39758704518986815,"(2.0, 3.0]"
106229,Information Technology,22,Off-Campus,15.7,5,3,63,1.72,11.2,2024-05-03,1,Off-Campus,2498,0.18977774092358776,"(1.0, 2.0]"
108410,Cybersecurity,23,On-Campus,15.5,10,4,90,3.07,,2022-11-14,0,On-Campus,3824,,"(3.0, 4.0]"
106962,Information Technology,24,On-Campus,5.2,10,1,40,2.14,10.8,2022-09-02,0,On-Campus,3793,0.08587308879044803,"(2.0, 3.0]"
102037,Business Analytics,22,Off-Campus,10.1,12,5,74,3.31,12.3,2024-02-01,0,Off-Campus,4342,0.4755155342897234,"(3.0, 4.0]"
103374,DataScience,25,With Family,8.0,10,1,24,3.12,16.8,2024-03-31,0,With Family,4388,1.6444428707875496,"(3.0, 4.0]"
109685,Information Technology,24,On-Campus,1.1,10,3,70,2.53,,2022-11-04,0,On-Campus,3590,,"(2.0, 3.0]"
101702,Cyber Security,23,Off-Campus,6.9,5,0,6,2.83,17.0,2022-09-25,0,Off-Campus,3962,1.6963951968541193,"(2.0, 3.0]"
106648,Cybersecurity,20, On-Campus,9.5,15,1,50,3.17,18.0,2024-02-25,0,On-Campus,4511,1.9561568271869696,"(3.0, 4.0]"
101041,Cybersecurity,33,On-Campus,12.0,25,4,71,1.76,10.6,2024-02-19,0,On-Campus,3683,0.033920762723877694,"(1.0, 2.0]"
106585,Cybersecurity,25,With Family,2.2,25,1,77,2.28,,2022-09-03,0,With Family,2441,,"(2.0, 3.0]"
100798,Cybersecurity,25,With Family,4.1,10,3,41,1.66,2.5,2024-04-27,0,With Family,1781,-2.0701484429722092,"(1.0, 2.0]"
102223,Cyber Security,28,With Family,13.3,18,3,30,2.44,,2023-08-24,0,With Family,3014,,"(2.0, 3.0]"
103386,Learning Technologies,26,Off-Campus,13.8,0,3,0,2.11,12.2,2022-09-24,0,Off-Campus,4235,0.449539371256438,"(2.0, 3.0]"
109956,Information Science,24,Off-Campus,4.8,10,3,70,3.74,17.4,2024-02-21,1,Off-Campus,4562,1.800299848987259,"(3.0, 4.0]"
100073,Business Analytics,26,Off-campus,22.2,28,0,59,0.0,5.3,2022-09-10,0,Off-Campus,1930,-1.3428158780402286,"(-0.01, 1.0]"
108813,Cybersecurity,26,Off-Campus,16.2,5,2,31,1.76,6.6,2024-04-18,1,Off-Campus,2483,-1.0051257586075233,"(1.0, 2.0]"
101735,Information Technology,23,Off-Campus,7.0,15,1,60,2.85,9.2,2022-11-26,0,Off-Campus,3966,-0.32974551974211275,"(2.0, 3.0]"
103260,Information Science,23,off campus,5.1,40,1,117,2.8,9.3,2024-05-23,0,Off-Campus,3746,-0.3037693567088274,"(2.0, 3.0]"
105911,Data Science,32,On-Campus,3.6,18,6,72,3.04,18.9,2022-10-08,0,On-Campus,5323,2.1899422944865345,"(3.0, 4.0]"
105982,Cybersecurity,22,With Family,2.3,30,4,37,2.12,10.8,2022-11-25,0,With Family,4122,0.08587308879044803,"(2.0, 3.0]"
107206,Cybersecurity,27,On-Campus,4.2,20,1,80,2.94,11.8,2022-10-29,0,On-Campus,3755,0.3456347191232983,"(2.0, 3.0]"
107276,Cyber Security,31,On-Campus,16.7,10,3,43,2.64,10.3,2024-02-14,0,On-Campus,3202,-0.04400772637597711,"(2.0, 3.0]"
107124,Cybersecurity,28, On-Campus,2.3,5,3,0,2.74,10.1,2023-11-08,0,On-Campus,4290,-0.09596005244254743,"(2.0, 3.0]"
107847,Data Science,26, On-Campus,18.9,30,3,76,1.01,1.9,2022-10-20,1,On-Campus,1520,-2.2260054211719194,"(1.0, 2.0]"
108048,Information Technology,32,Off-Campus,8.4,12,0,89,1.95,,2022-10-08,0,Off-Campus,2252,,"(1.0, 2.0]"
104196,Business Analytics,26,Off-Campus,0.5,12,1,91,3.18,10.2,2022-10-08,0,Off-Campus,3683,-0.06998388940926249,"(3.0, 4.0]"
101925,Business Analytics,36,With Family,0.5,18,1,27,2.37,10.9,2022-10-26,0,With Family,3269,0.11184925182373295,"(2.0, 3.0]"
109874,Information Technology,27,With Family,13.9,12,3,47,2.1,11.6,2022-11-26,0,With Family,3480,0.29368239305672794,"(2.0, 3.0]"
105898,Cybersecurity,20,Off-Campus,8.2,20,2,41,2.06,7.7,2023-10-09,1,Off-Campus,2534,-0.7193879652413879,"(2.0, 3.0]"
101175,Cybersecurity,19,Off-Campus,11.2,15,1,5,3.52,17.5,2022-12-06,0,Off-Campus,5387,1.8262760120205446,"(3.0, 4.0]"
103812,Business Analytics,24,Off-Campus,25.1,0,1,17,2.17,10.5,2022-11-08,0,Off-Campus,3303,0.00794459969059276,"(2.0, 3.0]"
108816,Learning Technologies,27,On-Campus,9.1,35,1,54,0.0,3.3,2022-12-07,1,On-Campus,1376,-1.8623391387059292,"(-0.01, 1.0]"
103290,Business Analytics,25,On-Campus,13.1,12,4,16,2.95,12.3,2023-11-12,0,On-Campus,3706,0.4755155342897234,"(2.0, 3.0]"
106789,Information Science,24,With Family,21.4,28,2,78,1.28,6.4,2022-08-27,0,With Family,1900,-1.0570780846740933,"(1.0, 2.0]"
107473,Information Science,25,Off-Campus,15.9,10,0,75,3.0,14.8,2023-10-01,0,Off-Campus,4713,1.124919610121849,"(2.0, 3.0]"
107692,Cybersecurity,22,On-Campus,1.5,0,4,67,2.65,13.2,2022-12-15,0,On-Campus,4256,0.7093010015892882,"(2.0, 3.0]"
109434,Information Science,24,Off-Campus,12.8,15,4,32,3.2,18.7,2022-12-20,0,Off-Campus,5322,2.137989968419965,"(3.0, 4.0]"
104593,Cyber Security,32,off campus,27.0,20,2,0,0.0,10.2,2025-01-18,0,Off-Campus,2886,-0.06998388940926249,"(-0.01, 1.0]"
100663,Business Analytics,26,Off-Campus,43.7,12,2,94,2.18,6.6,2022-12-02,0,Off-Campus,2904,-1.0051257586075233,"(2.0, 3.0]"
103299,Cybersecurity,27,Off-Campus,5.9,35,2,63,1.58,7.7,2024-05-02,1,Off-Campus,3004,-0.7193879652413879,"(1.0, 2.0]"
106620,Information Technology,27,On-Campus,10.2,15,1,68,2.32,8.7,2024-02-23,0,On-Campus,3356,-0.4596263349085379,"(2.0, 3.0]"
109892,Information Technology,23,Off-Campus,0.6,40,2,48,3.25,14.5,2022-11-28,0,Off-Campus,4581,1.0469911210219938,"(3.0, 4.0]"
100198,Cybersecurity,24,Off-Campus,13.3,18,1,48,3.4,11.4,2022-09-23,0,Off-Campus,4742,0.2417300669901581,"(3.0, 4.0]"
105258,Information Science,29,With Family,5.7,35,8,93,2.76,8.4,2022-11-18,0,With Family,3881,-0.5375548240083927,"(2.0, 3.0]"
103694,Cybersecurity,24,Off-Campus,6.2,15,2,65,3.21,15.6,2023-09-23,0,Off-Campus,4921,1.332728914388129,"(3.0, 4.0]"
103064,Information Science,26,Off-Campus,19.8,20,4,63,2.51,12.1,2024-05-15,0,Off-Campus,4307,0.4235632082231531,"(2.0, 3.0]"
106924,Cybersecurity,25,off campus,23.9,5,3,23,3.17,15.4,2024-03-22,1,Off-Campus,4016,1.2807765883215592,"(3.0, 4.0]"
109442,Information Technology,33,Off-Campus,10.1,0,2,54,2.65,11.2,2024-02-05,0,Off-Campus,3977,0.18977774092358776,"(2.0, 3.0]"
101449,Data Science,28,off campus,3.8,35,0,33,0.47,3.5,2022-10-02,0,Off-Campus,1502,-1.810386812639359,"(-0.01, 1.0]"
105679,Information Science,25,On-Campus,5.6,15,5,63,2.56,9.7,2022-11-19,0,On-Campus,3353,-0.1998647045756876,"(2.0, 3.0]"
100050,Business Analytics,22,On-Campus,2.5,28,6,48,2.75,10.7,2024-04-30,1,On-Campus,3274,0.05989692575716263,"(2.0, 3.0]"
100989,Information Technology,29,Off-Campus,20.4,20,1,10,1.52,7.0,2022-10-01,1,Off-Campus,1771,-0.9012211064743831,"(1.0, 2.0]"
109841,Data Science,22,On-Campus,6.4,25,2,59,1.92,,2024-05-01,0,On-Campus,2066,,"(1.0, 2.0]"
105944,DataScience,29,off campus,1.6,28,2,57,2.58,12.4,2022-12-14,0,Off-Campus,4034,0.5014916973230084,"(2.0, 3.0]"
107320,Data Science,22,With Family,4.2,12,1,112,2.64,11.0,2023-09-03,0,With Family,3472,0.13782541485701788,"(2.0, 3.0]"
102080,Business Analytics,23,On-Campus,15.2,10,1,40,1.88,10.2,2022-09-09,1,On-Campus,2882,-0.06998388940926249,"(1.0, 2.0]"
100292,DataScience,23,Off-Campus,16.5,15,2,48,1.92,2.0,2022-10-06,0,Off-Campus,886,-2.2000292581386343,"(1.0, 2.0]"
107462,Information Science,26,Off-campus,24.3,20,1,24,2.21,8.4,2022-08-30,0,Off-Campus,3320,-0.5375548240083927,"(2.0, 3.0]"
101900,Info Technology,24,Off-Campus,4.9,25,2,79,2.49,10.9,2022-09-20,1,Off-Campus,3617,0.11184925182373295,"(2.0, 3.0]"
103998,Cybersecurity,22,Off-Campus,21.4,15,6,77,1.93,9.4,2024-05-12,0,Off-Campus,2868,-0.27779319367554245,"(1.0, 2.0]"
103952,Cybersecurity,19,Off-Campus,3.6,18,3,53,2.49,9.6,2022-10-02,0,Off-Campus,3326,-0.22584086760897257,"(2.0, 3.0]"
107617,Business Analytics,19,Off-Campus,21.3,25,2,33,2.35,8.4,2022-11-25,0,Off-Campus,2927,-0.5375548240083927,"(2.0, 3.0]"
103316,Information Science,24,on-campus,12.1,10,3,85,2.62,9.3,2023-09-06,0,On-Campus,3385,-0.3037693567088274,"(2.0, 3.0]"
107907,Data Science,26,Off-Campus,5.2,25,3,8,2.22,6.6,2023-10-15,1,Off-Campus,2499,-1.0051257586075233,"(2.0, 3.0]"
106835,Information Science,24,With Family,18.0,12,3,68,1.88,6.8,2022-12-11,1,With Family,2399,-0.9531734325409532,"(1.0, 2.0]"
104436,Learning Technologies,27,Off-Campus,8.9,15,2,35,2.61,9.2,2023-10-07,0,Off-Campus,3469,-0.32974551974211275,"(2.0, 3.0]"
102113,Information Science,19,With Family,4.5,18,2,0,1.87,7.5,2024-02-04,0,With Family,2071,-0.771340291307958,"(1.0, 2.0]"
101618,Information Technology,27,On-Campus,4.4,25,1,23,2.64,8.7,2022-09-08,1,On-Campus,3519,-0.4596263349085379,"(2.0, 3.0]"
107862,Business Analytics,26,Off-Campus,27.4,30,3,27,1.67,8.3,2022-12-05,0,Off-Campus,2396,-0.5635309870416776,"(1.0, 2.0]"
105748,Cybersecurity,28,On-Campus,35.9,0,2,93,1.21,2.5,2022-11-10,1,On-Campus,1583,-2.0701484429722092,"(1.0, 2.0]"
104768,Information Science,23,On-Campus,7.1,25,0,32,2.28,7.2,2023-11-10,0,On-Campus,2809,-0.8492687804078131,"(2.0, 3.0]"
106605,Business Analytics,24,On-Campus,10.6,18,1,114,2.45,7.9,2023-11-21,1,On-Campus,3785,-0.6674356391748179,"(2.0, 3.0]"
102291,Business Analytics,24,Off-Campus,3.5,20,3,85,2.43,11.3,2022-12-20,0,Off-Campus,3712,0.21575390395687313,"(2.0, 3.0]"
108036,Information Technology,35,Off-Campus,3.4,0,4,52,3.22,17.2,2024-04-18,0,Off-Campus,5091,1.7483475229206893,"(3.0, 4.0]"
109786,Learning Technologies,25,On-Campus,16.2,30,1,72,2.16,10.9,2024-02-27,1,On-Campus,2532,0.11184925182373295,"(2.0, 3.0]"
100436,Cybersecurity,30,Off-Campus,11.6,10,2,103,2.37,13.6,2023-11-05,0,Off-Campus,3619,0.8132056537224285,"(2.0, 3.0]"
105336,Cybersecurity,25,Off-Campus,19.8,35,0,40,2.03,5.2,2023-09-17,1,Off-Campus,2605,-1.3687920410735135,"(2.0, 3.0]"
108935,Information Science,23,Off-Campus,20.7,10,0,10,1.86,,2023-08-28,1,Off-Campus,1565,,"(1.0, 2.0]"
103151,Information Science,21,Off-Campus,11.0,30,3,52,2.56,14.7,2024-02-22,0,Off-Campus,3908,1.0989434470885637,"(2.0, 3.0]"
108487,Cybersecurity,31,On-Campus,11.6,5,1,62,3.0,18.4,2024-02-23,0,On-Campus,4471,2.0600614793201095,"(2.0, 3.0]"
106558,Information Science,25,Off-Campus,16.3,30,2,55,2.46,15.3,2022-09-24,1,Off-Campus,3465,1.254800425288274,"(2.0, 3.0]"
101642,Information Science,24,Off-Campus,34.2,20,2,90,1.42,10.5,2024-02-19,0,Off-Campus,2651,0.00794459969059276,"(1.0, 2.0]"
109902,Learning Technologies,21,With Family,19.1,25,3,107,0.0,3.5,2024-03-31,0,With Family,1405,-1.810386812639359,"(-0.01, 1.0]"
104373,Information Science,23,with family,15.3,5,0,26,1.22,1.9,2022-11-14,1,With Family,1220,-2.2260054211719194,"(1.0, 2.0]"
102410,Learning Technologies,30,Off-Campus,13.3,28,0,35,2.08,,2024-05-28,1,Off-Campus,1223,,"(2.0, 3.0]"
108094,Learning Technologies,26,On-Campus,13.1,40,2,55,3.23,10.9,2022-08-26,0,On-Campus,4274,0.11184925182373295,"(3.0, 4.0]"
106238,Information Technology,22,With Family,22.8,0,5,96,1.62,11.2,2024-03-27,0,With Family,2172,0.18977774092358776,"(1.0, 2.0]"
105466,Cybersecurity,22,On-Campus,15.0,-8,0,40,1.46,,2023-11-03,0,On-Campus,1172,,"(1.0, 2.0]"
107267,Information Technology,30,With Family,41.7,12,2,80,1.7,8.5,2024-04-10,1,With Family,2913,-0.5115786609751077,"(1.0, 2.0]"
105562,Information Science,34,with family,7.0,20,3,90,2.8,11.4,2024-03-17,0,With Family,3607,0.2417300669901581,"(2.0, 3.0]"
101456,Information  Science,24,Off-Campus,13.8,12,3,75,2.65,12.6,2024-02-13,0,Off-Campus,3464,0.5534440233895782,"(2.0, 3.0]"
101667,Cybersecurity,23,On-Campus,3.6,0,2,14,1.51,,2024-05-05,0,On-Campus,2092,,"(1.0, 2.0]"
105186,DataScience,22,off campus,8.2,20,1,41,3.16,12.8,2023-11-22,1,Off-Campus,3297,0.6053963494561485,"(3.0, 4.0]"
102841,Information Technology,23,On-Campus,39.6,15,3,65,2.62,15.2,2023-11-12,0,On-Campus,3924,1.2288242622549888,"(2.0, 3.0]"
103662,Business Analytics,23,Off-campus,9.0,20,1,95,2.11,,2022-10-01,0,Off-Campus,2032,,"(2.0, 3.0]"
101013,Information Science,24,With Family,5.8,15,4,22,3.09,17.1,2024-02-11,0,With Family,4524,1.7223713598874049,"(3.0, 4.0]"
108065,Information Science,33,Off-Campus,11.9,25,3,65,2.56,10.0,2022-12-01,0,Off-Campus,3835,-0.12193621547583236,"(2.0, 3.0]"
101610,Cyber Security,21,with family,9.8,15,4,87,1.93,6.1,2024-02-12,0,With Family,3198,-1.1350065737739485,"(1.0, 2.0]"
107089,Information Science,28,Off-Campus,24.6,5,2,66,1.95,9.6,2022-10-19,0,Off-Campus,3344,-0.22584086760897257,"(1.0, 2.0]"
103345,Learning Technologies,24,off campus,12.0,12,1,72,2.91,12.2,2022-08-23,0,Off-Campus,3784,0.449539371256438,"(2.0, 3.0]"
103267,Information Science,23, On-Campus,28.8,25,2,66,2.75,11.9,2024-02-15,0,On-Campus,4407,0.3716108821565832,"(2.0, 3.0]"
100754,Information Science,23,On-Campus,15.6,30,3,61,1.76,10.6,2022-11-22,1,On-Campus,2365,0.033920762723877694,"(1.0, 2.0]"
100020,Information Technology,24,off campus,16.7,15,1,31,0.6,4.4,2023-09-19,1,Off-Campus,1122,-1.5766013453397936,"(-0.01, 1.0]"
100148,Learning Technologies,25,On-Campus,18.9,20,1,36,0.0,,2022-10-08,0,On-Campus,1091,,"(-0.01, 1.0]"
109106,Cybersecurity,25,Off-Campus,18.9,30,0,38,1.36,2.1,2022-11-24,1,Off-Campus,1044,-2.1740530951053496,"(1.0, 2.0]"
101596,Learning Technologies,25,With Family,25.3,15,4,62,2.5,12.7,2024-05-18,0,With Family,3630,0.5794201864228631,"(2.0, 3.0]"
103093,Information Technology,32,Off-Campus,39.3,10,1,83,3.04,11.4,2022-11-12,0,Off-Campus,4077,0.2417300669901581,"(3.0, 4.0]"
105527,Data Science,21,Off-Campus,13.9,20,3,40,1.89,8.4,2022-12-17,0,Off-Campus,2855,-0.5375548240083927,"(1.0, 2.0]"
101070,Learning Technologies,29,Off-campus,4.6,10,4,19,2.75,12.4,2022-12-07,0,Off-Campus,4222,0.5014916973230084,"(2.0, 3.0]"
101592,Cybersecurity,22,Off-campus,22.4,35,1,90,2.58,8.1,2022-12-11,0,Off-Campus,3255,-0.6154833131082479,"(2.0, 3.0]"
104878,Information Science,30,On-Campus,1.8,0,1,87,2.12,8.2,2023-11-30,0,On-Campus,3086,-0.589507150074963,"(2.0, 3.0]"
108325,Cybersecurity,23,Off-Campus,8.0,20,1,74,2.16,11.7,2022-11-08,0,Off-Campus,4009,0.31965855609001287,"(2.0, 3.0]"
103842,Information Science,25,On-Campus,3.1,40,3,65,2.13,9.8,2022-10-10,0,On-Campus,2807,-0.17388854154240224,"(2.0, 3.0]"
109053,Cybersecurity,24,Off-Campus,4.1,20,2,7,2.21,8.5,2024-05-25,0,Off-Campus,2668,-0.5115786609751077,"(2.0, 3.0]"
102483,Information Science,26,Off-Campus,5.3,0,3,7,2.68,10.4,2022-10-04,0,Off-Campus,3666,-0.018031563342692174,"(2.0, 3.0]"
108361,Cyber Security,24,With Family,9.5,18,6,53,3.44,17.2,2022-12-14,0,With Family,5326,1.7483475229206893,"(3.0, 4.0]"
102950,Cybersecurity,26,Off-campus,7.5,15,5,51,2.41,13.4,2022-10-17,0,Off-Campus,4324,0.7612533276558586,"(2.0, 3.0]"
103280,Information Technology,37,Off-Campus,2.4,10,1,59,1.39,,2022-10-17,0,Off-Campus,2080,,"(1.0, 2.0]"
101985,Information  Science,26,On-Campus,4.1,20,2,68,1.93,7.8,2024-02-03,0,On-Campus,2629,-0.693411802208103,"(1.0, 2.0]"
102016,Business Analytics,20,With Family,8.5,0,4,41,3.06,15.0,2024-04-28,0,With Family,4403,1.1768719361884188,"(3.0, 4.0]"
108319,Information Science,23,Off-Campus,12.9,10,3,65,2.41,15.3,2022-11-22,0,Off-Campus,3953,1.254800425288274,"(2.0, 3.0]"
103134,Information Science,27,With Family,1.4,25,1,59,1.55,5.0,2022-11-06,1,With Family,1023,-1.4207443671400837,"(1.0, 2.0]"
105188,Information Science,28,Off-Campus,13.2,25,1,58,2.16,7.2,2022-10-16,0,Off-Campus,2976,-0.8492687804078131,"(2.0, 3.0]"
106381,Cybersecurity,26,With Family,51.9,25,3,73,2.21,5.7,2024-04-14,1,With Family,2918,-1.2389112259070885,"(2.0, 3.0]"
100913,Data Science,23,On-Campus,4.9,15,1,74,3.08,11.8,2022-09-19,0,On-Campus,3979,0.3456347191232983,"(3.0, 4.0]"
104383,Information Technology,22,Off-Campus,7.1,0,2,97,2.49,7.0,2022-08-30,1,Off-Campus,2667,-0.9012211064743831,"(2.0, 3.0]"
102475,Information Science,23,On-Campus,27.8,10,3,50,1.77,6.7,2023-12-05,1,On-Campus,2638,-0.9791495955742382,"(1.0, 2.0]"
108803,Data Science,25,on-campus,2.2,0,3,41,2.7,13.9,2022-10-03,0,On-Campus,3889,0.8911341428222836,"(2.0, 3.0]"
104795,Business Analytics,23,Off-Campus,10.5,5,0,84,3.32,9.3,2022-09-11,0,Off-Campus,3787,-0.3037693567088274,"(3.0, 4.0]"
104004,Learning Technologies,32,With Family,8.7,20,3,60,3.41,15.0,2024-04-29,0,With Family,4175,1.1768719361884188,"(3.0, 4.0]"
100327,Cyber Security,29,On-Campus,18.3,10,1,13,2.51,9.1,2024-02-19,0,On-Campus,3795,-0.3557216827753977,"(2.0, 3.0]"
103818,Business Analytics,25,On-Campus,1.7,28,2,87,2.74,15.9,2023-10-10,0,On-Campus,3689,1.4106574034879842,"(2.0, 3.0]"
106237,Cybersecurity,25, On-Campus,6.3,28,5,85,2.92,14.7,2022-10-18,0,On-Campus,4508,1.0989434470885637,"(2.0, 3.0]"
108337,Cybersecurity,23,Off-Campus,16.9,15,1,68,2.76,13.6,2024-04-08,0,Off-Campus,3360,0.8132056537224285,"(2.0, 3.0]"
101657,Data Science,23,With Family,11.4,25,2,42,1.64,6.2,2024-02-06,0,With Family,2316,-1.1090304107406632,"(1.0, 2.0]"
103508,Information Technology,24,With Family,5.3,25,1,54,2.88,12.7,2024-03-19,0,With Family,3353,0.5794201864228631,"(2.0, 3.0]"
107031,Information Technology,24,Off-Campus,3.9,18,3,48,3.07,11.2,2022-10-20,0,Off-Campus,4381,0.18977774092358776,"(3.0, 4.0]"
104547,Cybersecurity,23,On-Campus,7.3,10,3,62,2.49,17.0,2024-05-27,0,On-Campus,4753,1.6963951968541193,"(2.0, 3.0]"
101572,Business Analytics,33,Off-Campus,7.6,30,2,62,2.46,12.5,2022-11-20,0,Off-Campus,3722,0.5274678603562932,"(2.0, 3.0]"
105796,Information Technology,26,Off-Campus,13.6,15,0,38,2.89,8.1,2023-12-03,0,Off-Campus,3128,-0.6154833131082479,"(2.0, 3.0]"
109844,Cybersecurity,23,Off-Campus,4.7,0,5,69,2.49,17.5,2024-01-31,0,Off-Campus,4012,1.8262760120205446,"(2.0, 3.0]"
100546,Learning Technologies,28,Off-Campus,19.4,5,4,74,2.63,11.2,2023-09-07,0,Off-Campus,3364,0.18977774092358776,"(2.0, 3.0]"
105698,Information Science,24,With Family,17.3,0,4,61,3.11,12.4,2024-02-04,0,With Family,4175,0.5014916973230084,"(3.0, 4.0]"
109185,Learning Technologies,28,off campus,4.5,12,1,56,3.78,15.6,2022-08-24,0,Off-Campus,5285,1.332728914388129,"(3.0, 4.0]"
105823,Information Science,24,With Family,12.5,30,4,78,2.82,10.7,2024-03-15,0,With Family,2957,0.05989692575716263,"(2.0, 3.0]"
109103,Business Analytics,21,On-Campus,20.5,30,2,75,1.79,10.7,2024-03-25,0,On-Campus,2446,0.05989692575716263,"(1.0, 2.0]"
105334,Cybersecurity,25,On-Campus,0.5,30,7,18,3.18,11.8,2022-09-20,0,On-Campus,4259,0.3456347191232983,"(3.0, 4.0]"
105572,Cybersecurity,28,Off-Campus,2.7,28,1,62,2.11,10.5,2022-10-14,0,Off-Campus,3249,0.00794459969059276,"(2.0, 3.0]"
105051,Learning Technologies,27,Off-campus,13.9,20,4,5,1.54,10.4,2024-03-05,0,Off-Campus,2769,-0.018031563342692174,"(1.0, 2.0]"
101691,Cyber Security,22,On-Campus,11.5,20,2,14,2.43,14.3,2022-12-20,0,On-Campus,3754,0.9950387949554239,"(2.0, 3.0]"
107178,Information Science,22,on-campus,20.1,30,0,56,1.52,5.1,2022-09-15,1,On-Campus,1872,-1.3947682041067986,"(1.0, 2.0]"
106749,Information Technology,29,On-Campus,6.8,30,3,63,2.06,13.4,2022-12-02,0,On-Campus,3401,0.7612533276558586,"(2.0, 3.0]"
109923,Information Technology,34, On-Campus,13.9,5,0,69,2.5,12.0,2024-04-04,0,On-Campus,4019,0.39758704518986815,"(2.0, 3.0]"
109258,Business Analytics,30,Off-Campus,1.9,0,1,27,3.01,11.8,2024-04-20,0,Off-Campus,3521,0.3456347191232983,"(3.0, 4.0]"
103777,Cybersecurity,23,With Family,17.4,0,0,35,2.15,10.6,2022-09-22,0,With Family,3228,0.033920762723877694,"(2.0, 3.0]"
103441,Cybersecurity,29,Off-Campus,9.7,10,2,96,2.6,14.8,2023-08-31,0,Off-Campus,4360,1.124919610121849,"(2.0, 3.0]"
109030,Information Technology,29,With Family,18.7,20,3,37,2.07,4.9,2022-09-19,1,With Family,1922,-1.4467205301733685,"(2.0, 3.0]"
105833,Information Technology,21,Off-Campus,2.8,12,3,51,3.17,13.9,2023-09-26,0,Off-Campus,3971,0.8911341428222836,"(3.0, 4.0]"
100747,Information Technology,24,Off-Campus,9.3,12,3,79,2.48,13.2,2022-12-11,0,Off-Campus,4135,0.7093010015892882,"(2.0, 3.0]"
103141,Learning Technologies,28,On-Campus,1.5,10,5,14,3.63,18.4,2022-12-15,0,On-Campus,4759,2.0600614793201095,"(3.0, 4.0]"
106805,DataScience,23,Off-Campus,16.0,25,1,84,1.99,7.3,2024-03-11,0,Off-Campus,1991,-0.8232926173745281,"(1.0, 2.0]"
105271,Learning Technologies,20,With Family,25.6,18,2,42,1.97,6.9,2024-02-27,0,With Family,2401,-0.927197269507668,"(1.0, 2.0]"
105386,Information Technology,32,Off-Campus,8.5,40,0,78,3.01,,2022-10-27,1,Off-Campus,2688,,"(3.0, 4.0]"
107106,Business Analytics,26,Off-Campus,28.9,12,0,57,2.21,4.4,2024-02-22,0,Off-Campus,2681,-1.5766013453397936,"(2.0, 3.0]"
100686,Information Science,29,Off-Campus,7.7,20,5,66,1.64,5.8,2024-03-31,0,Off-Campus,3106,-1.2129350628738034,"(1.0, 2.0]"
106409,Data Science,26,On-Campus,2.5,0,2,63,2.94,10.7,2022-10-24,0,On-Campus,4130,0.05989692575716263,"(2.0, 3.0]"
102650,Cybersecurity,26, On-Campus,27.0,10,3,23,2.68,10.5,2024-03-12,0,On-Campus,4491,0.00794459969059276,"(2.0, 3.0]"
105275,DataScience,22,On-Campus,6.9,25,2,79,1.8,,2022-08-30,1,On-Campus,2268,,"(1.0, 2.0]"
104610,Cybersecurity,27,Off-Campus,20.9,0,0,76,1.79,9.0,2023-09-01,0,Off-Campus,3302,-0.3816978458086826,"(1.0, 2.0]"
102098,Cybersecurity,27,Off-Campus,7.6,15,1,39,3.21,17.7,2022-12-06,0,Off-Campus,4373,1.8782283380871143,"(3.0, 4.0]"
103656,Data Science,23,On-Campus,2.0,0,1,72,2.82,7.7,2022-11-23,0,On-Campus,4344,-0.7193879652413879,"(2.0, 3.0]"
105656,Information Technology,30,Off-Campus,9.8,18,5,42,3.33,16.2,2022-09-08,0,Off-Campus,4257,1.488585892587839,"(3.0, 4.0]"
104271,Information Science,32,off campus,5.9,0,6,41,2.39,16.9,2022-10-06,0,Off-Campus,3871,1.670419033820834,"(2.0, 3.0]"
107347,Cybersecurity,24,With Family,23.8,15,5,15,2.69,7.1,2024-05-07,0,With Family,3318,-0.8752449434410982,"(2.0, 3.0]"
105340,Information Science,21,On-Campus,16.3,40,1,80,2.0,6.1,2023-11-04,0,On-Campus,1851,-1.1350065737739485,"(1.0, 2.0]"
100128,Information Technology,27,On-Campus,5.5,5,4,25,3.22,12.8,2023-11-15,0,On-Campus,4184,0.6053963494561485,"(3.0, 4.0]"
107504,Learning Technologies,24,Off-Campus,15.2,10,0,42,2.07,10.2,2022-11-05,0,Off-Campus,3979,-0.06998388940926249,"(2.0, 3.0]"
102829,Information Technology,26,With Family,2.3,5,2,65,2.01,8.5,2022-09-24,1,With Family,2345,-0.5115786609751077,"(2.0, 3.0]"
105588,Information Science,26,With Family,3.8,18,2,60,2.5,11.3,2022-09-26,0,With Family,3447,0.21575390395687313,"(2.0, 3.0]"
105150,Cybersecurity,22,Off-Campus,5.2,12,2,6,2.71,11.9,2022-11-18,1,Off-Campus,3314,0.3716108821565832,"(2.0, 3.0]"
108683,Cybersecurity,20,Off-campus,10.1,12,1,64,2.08,7.0,2022-11-22,0,Off-Campus,3769,-0.9012211064743831,"(2.0, 3.0]"
102832,Cybersecurity,26,Off-Campus,22.7,12,2,55,1.52,,2024-05-21,0,Off-Campus,1974,,"(1.0, 2.0]"
106165,Cybersecurity,24,Off-Campus,15.6,28,5,63,1.97,8.0,2022-10-05,0,Off-Campus,2781,-0.6414594761415329,"(1.0, 2.0]"
107961,Business Analytics,28,On-Campus,18.4,25,1,44,0.74,,2022-10-11,0,On-Campus,1181,,"(-0.01, 1.0]"
101751,Cybersecurity,28,on-campus,3.4,5,6,44,2.12,8.8,2024-05-13,0,On-Campus,2740,-0.43365017187525245,"(2.0, 3.0]"
103676,Business Analytics,23,With Family,5.1,10,5,34,3.69,10.3,2022-11-05,0,With Family,4589,-0.04400772637597711,"(3.0, 4.0]"
108244,Information Technology,22,Off-Campus,7.7,5,0,89,2.97,14.4,2023-09-09,0,Off-Campus,3763,1.021014957988709,"(2.0, 3.0]"
103783,Cybersecurity,24,Off-Campus,2.0,28,2,30,2.02,3.3,2023-09-06,1,Off-Campus,1836,-1.8623391387059292,"(2.0, 3.0]"
102047,Learning Technologies,25,Off-campus,8.5,5,0,42,2.78,12.6,2023-10-28,0,Off-Campus,3824,0.5534440233895782,"(2.0, 3.0]"
109863,Cybersecurity,26,With Family,20.7,28,2,47,1.26,6.1,2022-11-20,1,With Family,1576,-1.1350065737739485,"(1.0, 2.0]"
102094,Cybersecurity,21,With Family,11.8,10,3,46,3.75,13.6,2022-10-23,0,With Family,5465,0.8132056537224285,"(3.0, 4.0]"
103854,Cybersecurity,25,On-Campus,4.6,0,3,67,2.87,9.7,2024-03-22,0,On-Campus,4430,-0.1998647045756876,"(2.0, 3.0]"
107778,Data Science,24,Off-Campus,4.7,30,2,8,2.45,11.9,2022-12-04,0,Off-Campus,3324,0.3716108821565832,"(2.0, 3.0]"
108211,Cybersecurity,26,With Family,4.8,0,1,38,3.91,15.2,2024-05-10,0,With Family,5264,1.2288242622549888,"(3.0, 4.0]"
105739,Information Technology,26,With Family,7.6,20,1,67,1.86,7.7,2022-12-17,0,With Family,2690,-0.7193879652413879,"(1.0, 2.0]"
100210,Data Science,27,Off-Campus,21.7,0,0,22,0.0,,2022-09-10,1,Off-Campus,1171,,"(-0.01, 1.0]"
101515,Business Analytics,23,On-Campus,22.8,12,0,40,0.92,6.8,2024-05-14,1,On-Campus,1250,-0.9531734325409532,"(-0.01, 1.0]"
109178,Cybersecurity,26,Off-Campus,20.3,25,3,91,1.61,5.6,2022-10-26,0,Off-Campus,2721,-1.2648873889403736,"(1.0, 2.0]"
108888,Information  Science,27,With Family,10.6,12,3,33,3.3,14.2,2024-03-07,0,With Family,4978,0.9690626319221385,"(3.0, 4.0]"
104644,Cybersecurity,24,With Family,6.3,35,0,17,1.72,6.5,2024-04-10,1,With Family,1839,-1.0311019216408082,"(1.0, 2.0]"
107905,Learning Technologies,23,Off-Campus,6.0,25,1,66,3.1,9.6,2022-08-24,0,Off-Campus,3483,-0.22584086760897257,"(3.0, 4.0]"
100783,Data Science,29,Off-Campus,19.0,5,4,42,2.08,8.6,2022-12-18,1,Off-Campus,2859,-0.4856024979418228,"(2.0, 3.0]"
107821,DataScience,20,On-Campus,2.4,15,0,72,3.47,13.2,2022-10-25,0,On-Campus,4499,0.7093010015892882,"(3.0, 4.0]"
105936,Learning Technologies,23,Off-campus,10.7,5,2,49,2.2,,2024-02-01,0,Off-Campus,3331,,"(2.0, 3.0]"
107507,Information Science,24,On-Campus,19.0,35,2,94,1.02,1.6,2024-03-22,1,On-Campus,1139,-2.3039339102717746,"(1.0, 2.0]"
107255,Learning Technologies,28,with family,1.5,15,5,80,2.16,9.6,2024-05-02,0,With Family,3202,-0.22584086760897257,"(2.0, 3.0]"
101394,Cybersecurity,23,Off-Campus,17.1,5,2,89,1.45,,2023-10-22,1,Off-Campus,2016,,"(1.0, 2.0]"
104557,Data Science,22,With Family,12.5,35,2,38,2.12,10.3,2022-09-26,0,With Family,3520,-0.04400772637597711,"(2.0, 3.0]"
108902,Data Science,21,Off-Campus,25.2,30,0,67,1.65,,2022-12-02,0,Off-Campus,1740,,"(1.0, 2.0]"
105179,Cybersecurity,26,On-Campus,4.4,0,4,47,2.62,6.8,2022-12-19,1,On-Campus,3102,-0.9531734325409532,"(2.0, 3.0]"
103828,Data Science,28,With Family,7.6,5,2,58,1.64,8.7,2022-09-03,0,With Family,2503,-0.4596263349085379,"(1.0, 2.0]"
102179,Business Analytics,23,Off-campus,16.4,0,2,5,2.02,8.7,2022-11-08,0,Off-Campus,2722,-0.4596263349085379,"(2.0, 3.0]"
108917,Business Analytics,25,On-Campus,13.5,20,1,58,2.7,,2022-11-19,0,On-Campus,3698,,"(2.0, 3.0]"
108925,Cybersecurity,29,Off-Campus,40.8,35,0,48,1.32,,2023-10-13,0,Off-Campus,2735,,"(1.0, 2.0]"
105973,Learning Technologies,26,Off-Campus,6.9,25,2,46,3.34,16.3,2023-09-08,0,Off-Campus,3955,1.5145620556211243,"(3.0, 4.0]"
101092,Information Technology,21,Off-Campus,5.1,12,2,18,1.32,7.4,2024-02-06,0,Off-Campus,2734,-0.7973164543412429,"(1.0, 2.0]"
104972,Cybersecurity,28,on-campus,18.1,40,1,4,2.99,8.1,2022-10-09,0,On-Campus,3150,-0.6154833131082479,"(2.0, 3.0]"
104233,Data Science,23,On-Campus,11.8,20,1,36,2.45,6.1,2022-10-19,0,On-Campus,2771,-1.1350065737739485,"(2.0, 3.0]"
107490,Cybersecurity,23,Off-campus,40.6,30,0,0,1.26,,2024-05-22,0,Off-Campus,1268,,"(1.0, 2.0]"
100907,Business Analytics,22,On-Campus,7.5,10,0,62,2.24,,2024-03-24,1,On-Campus,2390,,"(2.0, 3.0]"
101589,Information Science,24,Off-Campus,4.5,25,4,121,1.75,4.4,2023-08-30,1,Off-Campus,1967,-1.5766013453397936,"(1.0, 2.0]"
102099,DataScience,25,Off-Campus,14.1,10,0,26,2.36,14.8,2022-11-08,0,Off-Campus,3842,1.124919610121849,"(2.0, 3.0]"
102006,Information Science,32,With Family,35.0,30,1,45,1.58,7.0,2024-03-02,0,With Family,2026,-0.9012211064743831,"(1.0, 2.0]"
101696,Learning Technologies,29,with family,17.1,0,0,69,1.29,3.5,2023-11-21,0,With Family,2196,-1.810386812639359,"(1.0, 2.0]"
109390,Business Analytics,29,off campus,4.9,10,3,47,2.36,8.3,2022-11-21,1,Off-Campus,2738,-0.5635309870416776,"(2.0, 3.0]"
102640,Cybersecurity,26,With Family,4.3,18,5,22,3.35,13.8,2022-10-18,1,With Family,4992,0.8651579797889988,"(3.0, 4.0]"
107591,Business Analytics,25,with family,4.9,15,1,63,3.06,14.4,2022-08-29,0,With Family,4450,1.021014957988709,"(3.0, 4.0]"
100799,Data Science,25,On-Campus,1.6,25,2,50,1.84,9.7,2024-04-02,0,On-Campus,3440,-0.1998647045756876,"(1.0, 2.0]"
103587,Cybersecurity,29,with family,26.5,10,2,71,1.08,0.6,2023-11-11,0,With Family,1274,-2.5636955406046247,"(1.0, 2.0]"
101055,Information Science,23,on-campus,0.7,5,2,26,3.78,21.6,2024-01-30,0,On-Campus,5004,2.8912986963852307,"(3.0, 4.0]"
103478,Cybersecurity,27,Off-Campus,0.8,30,3,94,1.75,,2022-10-25,0,Off-Campus,2598,,"(1.0, 2.0]"
104831,Cybersecurity,31,on-campus,14.0,12,1,27,3.77,17.0,2022-09-17,0,On-Campus,5141,1.6963951968541193,"(3.0, 4.0]"
101854,Business Analytics,29,With Family,31.1,28,2,17,1.56,4.4,2024-05-04,1,With Family,1311,-1.5766013453397936,"(1.0, 2.0]"
102259,Data Science,30,With Family,1.4,20,2,19,2.15,10.4,2022-09-08,1,With Family,3398,-0.018031563342692174,"(2.0, 3.0]"
109921,Data Science,23,Off-Campus,3.8,30,3,73,2.19,7.1,2022-09-18,0,Off-Campus,2816,-0.8752449434410982,"(2.0, 3.0]"
100854,Data Science,27,With Family,9.7,0,1,78,2.23,12.8,2022-11-24,0,With Family,3845,0.6053963494561485,"(2.0, 3.0]"
106426,Business Analytics,23,on-campus,34.1,15,1,42,2.27,10.2,2022-09-27,0,On-Campus,3591,-0.06998388940926249,"(2.0, 3.0]"
100212,Cybersecurity,23,On-Campus,15.6,30,0,0,0.0,,2025-01-18,0,On-Campus,942,,"(-0.01, 1.0]"
107194,Cybersecurity,26,With Family,4.6,15,6,3,2.25,10.2,2024-03-18,0,With Family,3402,-0.06998388940926249,"(2.0, 3.0]"
108502,Learning Technologies,22,With Family,8.6,28,1,64,3.24,9.2,2022-10-07,1,With Family,3791,-0.32974551974211275,"(3.0, 4.0]"
100844,Cybersecurity,27,Off-Campus,23.5,28,1,33,1.07,,2024-02-03,0,Off-Campus,1572,,"(1.0, 2.0]"
102578,Business Analytics,21,Off-Campus,3.5,35,2,68,2.94,9.2,2022-11-09,1,Off-Campus,3274,-0.32974551974211275,"(2.0, 3.0]"
104381,Data Science,23,With Family,21.2,15,1,89,1.93,4.5,2024-04-14,0,With Family,2308,-1.5506251823065087,"(1.0, 2.0]"
104212,Business Analytics,22,On-Campus,2.6,25,2,32,2.14,9.8,2022-12-14,0,On-Campus,2962,-0.17388854154240224,"(2.0, 3.0]"
101163,Data Science,24,With Family,20.2,10,1,36,1.58,1.7,2022-09-22,0,With Family,1768,-2.2779577472384895,"(1.0, 2.0]"
102906,Learning Technologies,22,off campus,17.3,0,5,68,2.93,11.1,2024-04-20,0,Off-Campus,3670,0.1638015778903028,"(2.0, 3.0]"
104056,Data Science,22,On-Campus,31.0,40,0,49,1.09,,2024-04-28,1,On-Campus,1089,,"(1.0, 2.0]"
107004,Data Science,27,Off-Campus,5.8,12,2,99,2.45,,2024-03-07,0,Off-Campus,3301,,"(2.0, 3.0]"
100273,Information Technology,22,With Family,7.1,12,3,54,2.17,,2024-03-11,0,With Family,3627,,"(2.0, 3.0]"
108896,Learning Technologies,22,With Family,13.7,30,4,27,2.84,13.0,2022-09-13,0,With Family,4203,0.6573486755227184,"(2.0, 3.0]"
106674,DataScience,24,on-campus,10.6,5,4,0,2.79,16.1,2022-10-12,0,On-Campus,4151,1.4626097295545546,"(2.0, 3.0]"
108946,Cybersecurity,22,With Family,13.2,0,0,69,2.89,9.3,2023-12-16,0,With Family,3840,-0.3037693567088274,"(2.0, 3.0]"
101007,Data Science,22,Off-Campus,0.9,0,0,90,2.19,7.4,2022-09-27,1,Off-Campus,3423,-0.7973164543412429,"(2.0, 3.0]"
102921,Information Technology,24,Off-campus,8.7,20,4,0,1.3,2.8,2023-12-18,0,Off-Campus,2332,-1.9922199538723542,"(1.0, 2.0]"
106313,Cybersecurity,22,With Family,10.5,5,3,47,3.2,,2024-02-09,0,With Family,4064,,"(3.0, 4.0]"
100531,Business Analytics,26,Off-Campus,2.5,40,0,24,1.74,4.8,2022-11-02,0,Off-Campus,2614,-1.4726966932066536,"(1.0, 2.0]"
105205,Cybersecurity,24,On-Campus,4.5,15,0,71,2.32,9.3,2024-02-13,0,On-Campus,4309,-0.3037693567088274,"(2.0, 3.0]"
102889,Learning Technologies,22,off campus,8.7,35,0,92,2.47,7.4,2022-08-23,0,Off-Campus,3005,-0.7973164543412429,"(2.0, 3.0]"
105384,Information Science,25,off campus,19.3,18,4,55,2.29,11.4,2024-03-12,0,Off-Campus,3684,0.2417300669901581,"(2.0, 3.0]"
109058,Information Science,21,Off-Campus,33.8,0,2,18,1.82,7.0,2022-09-24,0,Off-Campus,2813,-0.9012211064743831,"(1.0, 2.0]"
107162,Information  Science,23,With Family,2.5,12,4,16,1.66,9.6,2022-09-02,1,With Family,2306,-0.22584086760897257,"(1.0, 2.0]"
101541,Information Technology,32,Off-campus,3.3,25,0,53,1.82,6.0,2023-10-24,0,Off-Campus,2711,-1.1609827368072334,"(1.0, 2.0]"
102163,Information Science,27,Off-Campus,5.3,20,0,46,2.15,9.5,2022-09-23,0,Off-Campus,2759,-0.25181703064225747,"(2.0, 3.0]"
103978,Information Technology,27,off campus,17.5,20,1,14,2.03,12.7,2022-09-23,0,Off-Campus,2956,0.5794201864228631,"(2.0, 3.0]"
100442,Cybersecurity,23,on-campus,14.8,18,1,115,3.7,18.1,2023-11-19,0,On-Campus,5333,1.9821329902202551,"(3.0, 4.0]"
101280,Information Science,28,Off-Campus,4.6,20,1,49,2.51,11.3,2023-08-21,0,Off-Campus,3434,0.21575390395687313,"(2.0, 3.0]"
105871,Business Analytics,29,off campus,14.3,15,1,50,2.88,12.9,2023-11-08,0,Off-Campus,4687,0.6313725124894335,"(2.0, 3.0]"
106132,Data Science,26,Off-Campus,9.8,15,3,49,2.58,11.9,2022-11-11,0,Off-Campus,3870,0.3716108821565832,"(2.0, 3.0]"
100494,Cybersecurity,24,On-Campus,19.4,18,1,55,1.33,3.2,2022-09-18,1,On-Campus,2116,-1.888315301739214,"(1.0, 2.0]"
100190,Data Science,38,Off-Campus,12.8,10,2,0,0.0,5.6,2025-01-17,0,Off-Campus,2237,-1.2648873889403736,"(-0.01, 1.0]"
104489,Information Science,26,On-Campus,11.3,25,0,77,1.79,5.3,2023-09-04,0,On-Campus,2943,-1.3428158780402286,"(1.0, 2.0]"
102782,Data Science,23,on-campus,8.7,0,2,63,1.43,0.5,2024-02-01,1,On-Campus,1200,-2.5896717036379098,"(1.0, 2.0]"
105052,Information  Science,24,off campus,4.8,20,1,41,3.25,12.0,2022-08-27,0,Off-Campus,3867,0.39758704518986815,"(3.0, 4.0]"
102038,Cybersecurity,24,with family,10.3,35,5,87,3.09,12.6,2023-09-17,0,With Family,3940,0.5534440233895782,"(3.0, 4.0]"
101897,DataScience,26,With Family,10.3,5,3,35,3.47,16.6,2024-02-07,0,With Family,4894,1.5924905447209796,"(3.0, 4.0]"
106015,Information Science,27,Off-campus,13.0,0,2,15,3.45,17.0,2022-12-11,0,Off-Campus,4743,1.6963951968541193,"(3.0, 4.0]"
103324,Learning Technologies,22,Off-Campus,3.8,10,4,78,3.37,15.9,2022-10-03,0,Off-Campus,4742,1.4106574034879842,"(3.0, 4.0]"
109446,Information Science,28,With Family,16.3,12,1,38,2.09,7.9,2022-11-23,0,With Family,2771,-0.6674356391748179,"(2.0, 3.0]"
105812,Information Technology,27,off campus,2.6,12,4,35,2.33,9.9,2022-09-25,0,Off-Campus,3679,-0.1479123785091173,"(2.0, 3.0]"
100901,Information Technology,31,Off-Campus,15.2,35,1,1,1.35,1.9,2022-11-06,1,Off-Campus,1195,-2.2260054211719194,"(1.0, 2.0]"
108392,Information Science,30,On-Campus,10.6,20,2,23,1.43,7.4,2022-11-25,1,On-Campus,2584,-0.7973164543412429,"(1.0, 2.0]"
109709,Information Technology,32,Off-Campus,11.3,30,0,11,2.01,6.6,2024-03-28,1,Off-Campus,2525,-1.0051257586075233,"(2.0, 3.0]"
105618,Business Analytics,26,Off-Campus,2.2,20,4,52,3.4,15.4,2022-09-08,0,Off-Campus,4158,1.2807765883215592,"(3.0, 4.0]"
107540,Information Science,23,With Family,29.9,28,1,16,1.12,1.5,2022-10-18,0,With Family,917,-2.3299100733050593,"(1.0, 2.0]"
100676,Cybersecurity,26,On-Campus,10.8,40,2,73,0.0,6.1,2024-04-17,1,On-Campus,1747,-1.1350065737739485,"(-0.01, 1.0]"
102327,Business Analytics,24,On-Campus,3.6,20,3,61,0.0,,2023-11-27,1,On-Campus,1283,,"(-0.01, 1.0]"
102236,Business Analytics,24,With Family,46.0,10,1,78,2.69,13.9,2022-12-16,0,With Family,3958,0.8911341428222836,"(2.0, 3.0]"
107308,Information Science,33,on-campus,1.5,20,4,27,2.17,12.4,2024-04-29,0,On-Campus,3093,0.5014916973230084,"(2.0, 3.0]"
102345,Information Technology,23,On-Campus,7.7,28,3,26,1.84,9.3,2022-10-31,1,On-Campus,2695,-0.3037693567088274,"(1.0, 2.0]"
103657,Information Technology,24,Off-Campus,6.8,20,3,81,1.78,7.7,2024-04-12,0,Off-Campus,3045,-0.7193879652413879,"(1.0, 2.0]"
105489,Cybersecurity,26,off campus,7.1,15,0,41,2.48,7.8,2023-10-12,0,Off-Campus,2745,-0.693411802208103,"(2.0, 3.0]"
103555,Business Analytics,21,With Family,12.0,12,2,20,2.71,10.3,2024-03-19,0,With Family,3427,-0.04400772637597711,"(2.0, 3.0]"
101415,Cybersecurity,28,off campus,1.9,15,1,39,2.74,13.2,2023-11-24,0,Off-Campus,4830,0.7093010015892882,"(2.0, 3.0]"
100566,Learning Technologies,26,On-Campus,4.2,5,1,48,3.15,13.9,2023-09-14,0,On-Campus,4036,0.8911341428222836,"(3.0, 4.0]"
100231,Business Analytics,23,With Family,0.4,15,7,49,3.68,16.6,2023-10-09,0,With Family,4970,1.5924905447209796,"(3.0, 4.0]"
107149,Data Science,32,with family,1.7,20,3,47,2.59,15.1,2024-01-30,0,With Family,4155,1.2028480992217039,"(2.0, 3.0]"
107433,Information Technology,26,on-campus,5.5,15,3,50,2.42,10.7,2023-10-12,0,On-Campus,3495,0.05989692575716263,"(2.0, 3.0]"
101537,Information Technology,22,With Family,15.3,28,1,97,1.4,2.4,2022-11-20,1,With Family,2014,-2.0961246060054943,"(1.0, 2.0]"
100051,Cyber Security,28,On-Campus,4.1,25,5,77,2.14,6.9,2023-10-03,0,On-Campus,3008,-0.927197269507668,"(2.0, 3.0]"
107148,Information Technology,26,Off-Campus,5.1,10,1,59,2.65,10.9,2022-10-19,0,Off-Campus,3567,0.11184925182373295,"(2.0, 3.0]"
101525,Cybersecurity,21,With Family,4.5,25,2,63,2.41,11.2,2023-09-19,0,With Family,3644,0.18977774092358776,"(2.0, 3.0]"
106936,Information Technology,28,Off-Campus,19.3,0,1,53,1.4,3.8,2024-05-18,1,Off-Campus,1320,-1.732458323539504,"(1.0, 2.0]"
109608,Information Science,21,on-campus,7.1,12,3,10,1.42,3.6,2022-11-05,0,On-Campus,2105,-1.784410649606074,"(1.0, 2.0]"
103158,Cybersecurity,27,On-Campus,15.4,30,1,86,2.46,11.6,2022-12-18,0,On-Campus,3411,0.29368239305672794,"(2.0, 3.0]"
107090,Learning Technologies,27,On-Campus,0.7,10,3,77,2.44,8.2,2022-08-26,0,On-Campus,2429,-0.589507150074963,"(2.0, 3.0]"
100697,Business Analytics,31,off campus,30.6,20,2,65,2.53,14.5,2022-12-07,0,Off-Campus,3768,1.0469911210219938,"(2.0, 3.0]"
102242,Learning Technologies,24,With Family,2.8,5,2,55,1.91,5.7,2023-09-15,1,With Family,2217,-1.2389112259070885,"(1.0, 2.0]"
101067,Learning Technologies,29,Off-Campus,31.0,20,1,31,1.26,4.1,2024-03-05,1,Off-Campus,1402,-1.6545298344396488,"(1.0, 2.0]"
100166,Data Science,23,Off-Campus,15.7,25,2,64,1.84,5.7,2024-03-17,0,Off-Campus,2263,-1.2389112259070885,"(1.0, 2.0]"
104976,Info Technology,26,Off-Campus,31.5,18,3,11,1.73,9.3,2024-02-25,1,Off-Campus,2479,-0.3037693567088274,"(1.0, 2.0]"
100654,Business Analytics,32,with family,26.2,20,1,60,1.21,,2023-10-17,0,With Family,1735,,"(1.0, 2.0]"
107955,Information Science,29,Off-Campus,24.6,20,1,28,1.39,,2023-09-10,1,Off-Campus,1684,,"(1.0, 2.0]"
107875,Business Analytics,27,With Family,23.1,28,3,35,2.44,9.0,2023-10-14,0,With Family,3619,-0.3816978458086826,"(2.0, 3.0]"
107877,Business Analytics,24,Off-Campus,1.4,5,1,81,2.26,13.4,2022-12-02,0,Off-Campus,4467,0.7612533276558586,"(2.0, 3.0]"
108019,Learning Technologies,30,Off-Campus,29.1,0,4,44,2.86,10.5,2022-09-09,1,Off-Campus,4282,0.00794459969059276,"(2.0, 3.0]"
103969,Cybersecurity,19,Off-Campus,5.4,10,0,63,2.7,,2024-03-16,1,Off-Campus,3892,,"(2.0, 3.0]"
108427,Cybersecurity,24,Off-Campus,10.2,35,0,67,2.97,11.5,2024-05-10,0,Off-Campus,3587,0.267706230023443,"(2.0, 3.0]"
108938,Cybersecurity,35,With Family,1.6,20,3,40,3.02,9.5,2024-05-20,0,With Family,3821,-0.25181703064225747,"(3.0, 4.0]"
102628,Business Analytics,28,Off-Campus,17.0,20,4,58,1.9,4.9,2024-05-19,1,Off-Campus,2055,-1.4467205301733685,"(1.0, 2.0]"
104363,Learning Technologies,30,Off-Campus,11.6,25,2,95,2.09,13.0,2023-09-23,0,Off-Campus,3444,0.6573486755227184,"(2.0, 3.0]"
106379,Information Technology,20,On-Campus,20.5,10,3,36,1.99,13.4,2024-02-28,0,On-Campus,3343,0.7612533276558586,"(1.0, 2.0]"
101425,Information Technology,21,on-campus,9.1,10,2,49,2.29,,2022-11-11,0,On-Campus,3631,,"(2.0, 3.0]"
100366,Cybersecurity,24,Off-Campus,4.7,20,2,45,1.78,7.0,2022-09-10,0,Off-Campus,2850,-0.9012211064743831,"(1.0, 2.0]"
109895,Cybersecurity,25,Off-campus,4.2,5,1,96,3.02,14.2,2023-10-16,0,Off-Campus,4247,0.9690626319221385,"(3.0, 4.0]"
108262,Information Science,23,off campus,10.4,18,2,55,2.72,13.1,2023-10-19,0,Off-Campus,4207,0.6833248385560033,"(2.0, 3.0]"
100633,Information Science,20,With Family,2.1,30,3,45,2.53,11.8,2023-09-04,0,With Family,3895,0.3456347191232983,"(2.0, 3.0]"
107481,Cybersecurity,31,On-Campus,4.8,15,2,34,3.35,15.4,2023-12-07,0,On-Campus,5120,1.2807765883215592,"(3.0, 4.0]"
100615,Cyber Security,24,Off-Campus,17.6,0,4,39,2.21,13.3,2024-05-27,0,Off-Campus,3500,0.7352771646225736,"(2.0, 3.0]"
106589,Data Science,25,On-Campus,25.3,18,2,60,1.97,7.5,2023-10-22,0,On-Campus,3127,-0.771340291307958,"(1.0, 2.0]"
100691,Cybersecurity,22,With Family,16.5,10,3,58,2.62,15.4,2024-03-07,0,With Family,3679,1.2807765883215592,"(2.0, 3.0]"
106339,Business Analytics,21,Off-Campus,10.1,15,1,66,1.49,5.6,2024-05-20,1,Off-Campus,3143,-1.2648873889403736,"(1.0, 2.0]"
101971,Cybersecurity,24,With Family,13.9,10,4,48,2.58,10.0,2022-09-10,0,With Family,3266,-0.12193621547583236,"(2.0, 3.0]"
106037,Business Analytics,25,Off-Campus,4.6,20,2,58,2.36,14.3,2024-02-15,0,Off-Campus,3284,0.9950387949554239,"(2.0, 3.0]"
107639,Cybersecurity,27,with family,5.5,30,1,14,2.75,14.9,2022-10-29,0,With Family,3621,1.150895773155134,"(2.0, 3.0]"
100719,Information Technology,26,On-Campus,15.5,12,5,84,2.26,10.9,2022-11-07,0,On-Campus,2877,0.11184925182373295,"(2.0, 3.0]"
107894,Cybersecurity,23,On-Campus,6.2,28,3,80,2.4,14.3,2023-10-02,0,On-Campus,3898,0.9950387949554239,"(2.0, 3.0]"
103170,Cybersecurity,27,On-Campus,5.6,40,1,45,2.5,15.1,2022-11-06,0,On-Campus,4648,1.2028480992217039,"(2.0, 3.0]"
106464,Information Science,24,Off-Campus,18.4,10,0,80,2.27,12.0,2024-03-24,1,Off-Campus,3570,0.39758704518986815,"(2.0, 3.0]"
100045,Cybersecurity,21,With Family,35.5,10,1,47,0.0,,2023-11-28,0,With Family,2187,,"(-0.01, 1.0]"
105942,Cybersecurity,28,Off-Campus,3.4,5,0,38,2.4,6.4,2024-03-06,0,Off-Campus,2382,-1.0570780846740933,"(2.0, 3.0]"
102776,Data Science,29,On-Campus,6.9,35,3,68,2.0,12.9,2022-09-20,0,On-Campus,3200,0.6313725124894335,"(1.0, 2.0]"
109409,Cybersecurity,21,Off-Campus,2.6,20,2,56,3.01,11.9,2022-11-25,0,Off-Campus,4696,0.3716108821565832,"(3.0, 4.0]"
109517,Cybersecurity,23,Off-Campus,25.9,40,1,53,2.01,,2024-04-11,1,Off-Campus,2000,,"(2.0, 3.0]"
100718,Information Science,23,On-Campus,3.9,5,2,16,3.11,13.3,2022-11-17,0,On-Campus,4382,0.7352771646225736,"(3.0, 4.0]"
103318,Information Science,27,Off-Campus,5.6,12,1,67,2.06,,2024-03-06,0,Off-Campus,2510,,"(2.0, 3.0]"
103810,Info Technology,27,With Family,22.7,40,0,76,0.0,5.3,2024-05-10,0,With Family,1639,-1.3428158780402286,"(-0.01, 1.0]"
101580,Information Technology,21,Off-Campus,26.6,0,0,62,1.2,,2022-10-16,1,Off-Campus,750,,"(1.0, 2.0]"
105011,Data Science,30,On-Campus,10.7,25,2,41,2.76,10.1,2023-11-10,0,On-Campus,4072,-0.09596005244254743,"(2.0, 3.0]"
108584,Business Analytics,28,with family,26.8,25,2,36,1.31,,2022-09-27,0,With Family,2085,,"(1.0, 2.0]"
103120,Information Science,30,Off-Campus,5.8,28,2,30,2.97,13.2,2024-05-21,0,Off-Campus,3496,0.7093010015892882,"(2.0, 3.0]"
105300,Cyber Security,27,On-Campus,2.5,20,2,87,2.57,12.9,2024-02-28,0,On-Campus,3661,0.6313725124894335,"(2.0, 3.0]"
104566,Business Analytics,24,Off-Campus,11.8,10,2,25,1.71,4.0,2024-05-08,0,Off-Campus,1935,-1.680505997472934,"(1.0, 2.0]"
104830,Information Science,23,Off-Campus,17.0,25,3,51,2.65,13.0,2023-08-25,0,Off-Campus,3664,0.6573486755227184,"(2.0, 3.0]"
103139,Cybersecurity,22,Off-campus,2.7,20,1,46,2.95,6.5,2024-04-09,0,Off-Campus,3209,-1.0311019216408082,"(2.0, 3.0]"
109275,Cybersecurity,26,off campus,31.6,15,1,50,2.54,16.0,2022-12-14,0,Off-Campus,4247,1.436633566521269,"(2.0, 3.0]"
109586,Learning Technologies,28,Off-Campus,2.5,25,1,96,2.34,6.2,2024-05-15,0,Off-Campus,2747,-1.1090304107406632,"(2.0, 3.0]"
101229,Information Science,25,Off-Campus,10.0,15,3,57,2.58,11.1,2023-10-05,1,Off-Campus,4512,0.1638015778903028,"(2.0, 3.0]"
100182,Business Analytics,31,With Family,4.1,10,4,119,2.56,12.2,2022-12-13,0,With Family,3837,0.449539371256438,"(2.0, 3.0]"
100641,Information Science,22,On-Campus,2.6,25,3,73,2.34,,2024-02-08,0,On-Campus,2763,,"(2.0, 3.0]"
108771,Info Technology,25,On-Campus,3.1,12,1,69,1.57,4.7,2022-12-08,0,On-Campus,2315,-1.4986728562399387,"(1.0, 2.0]"
101519,Information Science,24,Off-Campus,26.6,18,3,82,2.07,10.2,2022-12-04,1,Off-Campus,2883,-0.06998388940926249,"(2.0, 3.0]"
100724,Information Technology,24,Off-Campus,5.0,25,6,120,2.19,13.2,2022-10-14,0,Off-Campus,4268,0.7093010015892882,"(2.0, 3.0]"
103338,Information Technology,27,On-Campus,42.3,12,0,48,2.68,8.6,2022-08-25,0,On-Campus,3436,-0.4856024979418228,"(2.0, 3.0]"
103086,Data Science,21,with family,8.5,10,1,77,2.55,14.6,2022-10-11,0,With Family,3279,1.0729672840552786,"(2.0, 3.0]"
105535,Information Science,30,with family,3.2,25,3,0,2.86,9.3,2024-02-05,0,With Family,2939,-0.3037693567088274,"(2.0, 3.0]"
109084,Information Technology,21,With Family,16.8,15,3,33,3.3,13.2,2023-10-30,0,With Family,4541,0.7093010015892882,"(3.0, 4.0]"
109644,Learning Technologies,27,with family,11.7,30,2,59,1.16,6.5,2022-11-23,0,With Family,2368,-1.0311019216408082,"(1.0, 2.0]"
107296,Information Science,23,Off-Campus,32.7,12,1,14,2.61,10.2,2024-04-24,0,Off-Campus,3776,-0.06998388940926249,"(2.0, 3.0]"
101679,Cybersecurity,23,Off-Campus,6.0,5,2,0,2.88,10.8,2022-12-08,0,Off-Campus,4172,0.08587308879044803,"(2.0, 3.0]"
107334,Cybersecurity,23,On-Campus,6.7,20,0,67,2.45,14.7,2022-10-06,1,On-Campus,4062,1.0989434470885637,"(2.0, 3.0]"
100132,Data Science,36,With Family,5.0,20,3,57,2.26,11.5,2022-09-08,1,With Family,3803,0.267706230023443,"(2.0, 3.0]"
100707,Learning Technologies,19,Off-Campus,2.1,35,3,95,2.73,15.3,2023-09-17,0,Off-Campus,4502,1.254800425288274,"(2.0, 3.0]"
104952,Information Technology,20,on-campus,4.5,12,2,59,2.2,13.8,2024-05-09,0,On-Campus,3827,0.8651579797889988,"(2.0, 3.0]"
108505,Information  Science,23,off campus,15.5,30,2,40,1.28,2.8,2022-10-28,0,Off-Campus,1575,-1.9922199538723542,"(1.0, 2.0]"
107077,Data Science,27,On-Campus,11.0,12,4,22,3.03,19.5,2024-05-01,0,On-Campus,5631,2.345799272686245,"(3.0, 4.0]"
102123,Information Science,22,On-Campus,10.8,40,4,66,2.46,7.0,2022-10-27,0,On-Campus,3400,-0.9012211064743831,"(2.0, 3.0]"
107960,Information Science,30,Off-campus,4.8,5,4,89,2.54,8.8,2024-05-07,0,Off-Campus,2986,-0.43365017187525245,"(2.0, 3.0]"
108943,Info Technology,25,Off-Campus,15.7,5,1,65,2.68,12.6,2024-02-25,0,Off-Campus,4162,0.5534440233895782,"(2.0, 3.0]"
100662,Information Technology,30,Off-Campus,3.0,10,4,68,2.21,8.5,2024-02-17,0,Off-Campus,2978,-0.5115786609751077,"(2.0, 3.0]"
108159,Cybersecurity,26,On-Campus,6.0,0,3,15,2.03,10.0,2022-11-17,0,On-Campus,3651,-0.12193621547583236,"(2.0, 3.0]"
109566,Business Analytics,27,With Family,2.5,0,0,35,3.02,15.3,2022-11-07,0,With Family,4826,1.254800425288274,"(3.0, 4.0]"
100603,Information Science,26,Off-Campus,3.8,20,1,40,2.88,10.0,2022-12-02,0,Off-Campus,3255,-0.12193621547583236,"(2.0, 3.0]"
106171,Info Technology,22,Off-Campus,8.6,10,1,44,2.4,14.0,2024-05-15,0,Off-Campus,3168,0.9171103058555686,"(2.0, 3.0]"
100301,Info Technology,23,Off-Campus,1.1,20,2,108,1.81,6.6,2023-08-21,0,Off-Campus,1830,-1.0051257586075233,"(1.0, 2.0]"
101688,Data Science,28,Off-Campus,3.6,10,3,49,1.94,13.5,2023-10-18,0,Off-Campus,4249,0.7872294906891435,"(1.0, 2.0]"
100106,Cybersecurity,24,With Family,33.6,12,2,62,2.11,11.4,2023-09-16,0,With Family,3278,0.2417300669901581,"(2.0, 3.0]"
103650,Data Science,19,On-Campus,21.4,20,1,49,1.44,2.1,2022-09-01,0,On-Campus,1237,-2.1740530951053496,"(1.0, 2.0]"
107901,Information Science,27,Off-Campus,12.5,35,2,59,2.84,12.4,2022-09-26,0,Off-Campus,4347,0.5014916973230084,"(2.0, 3.0]"
108239,Information Science,22,On-Campus,8.5,20,1,60,2.94,10.9,2024-05-27,0,On-Campus,3687,0.11184925182373295,"(2.0, 3.0]"
109323,Business Analytics,24,Off-Campus,2.7,20,1,81,2.53,13.8,2023-11-12,0,Off-Campus,3739,0.8651579797889988,"(2.0, 3.0]"
100560,Data Science,24,On-Campus,6.9,25,0,31,2.72,,2022-10-07,0,On-Campus,3587,,"(2.0, 3.0]"
100573,Information Technology,23,Off-Campus,2.0,15,1,89,3.28,15.8,2024-05-01,1,Off-Campus,4924,1.3846812404546993,"(3.0, 4.0]"
105473,Data Science,18,with family,11.3,25,0,27,2.16,9.5,2022-11-02,1,With Family,3226,-0.25181703064225747,"(2.0, 3.0]"
104470,Cyber Security,27,Off-Campus,2.0,12,7,42,3.51,15.8,2023-09-09,0,Off-Campus,5023,1.3846812404546993,"(3.0, 4.0]"
107690,Cybersecurity,26,On-Campus,6.6,35,1,77,1.92,,2024-05-23,0,On-Campus,2005,,"(1.0, 2.0]"
109206,Cyber Security,24,With Family,1.9,28,2,83,2.74,,2022-10-05,1,With Family,3068,,"(2.0, 3.0]"
102656,Information Science,24,Off-Campus,1.4,18,2,29,3.33,13.4,2022-09-23,1,Off-Campus,3900,0.7612533276558586,"(3.0, 4.0]"
100028,Information Technology,32,On-Campus,9.8,10,0,128,2.9,18.5,2024-05-19,1,On-Campus,4718,2.0860376423533946,"(2.0, 3.0]"
106731,Information Science,19,on-campus,44.7,35,0,28,1.01,,2022-12-09,0,On-Campus,1296,,"(1.0, 2.0]"
100927,Data Science,22,On-Campus,14.5,15,5,54,3.67,18.3,2023-11-13,0,On-Campus,4816,2.034085316286825,"(3.0, 4.0]"
108243,Business Analytics,22,Off-Campus,25.3,20,4,60,2.46,7.7,2022-10-10,0,Off-Campus,3030,-0.7193879652413879,"(2.0, 3.0]"
104296,Business Analytics,28,with family,35.2,25,2,75,1.91,8.7,2022-10-09,0,With Family,2863,-0.4596263349085379,"(1.0, 2.0]"
107282,Information Science,23,Off-Campus,13.1,0,2,74,2.01,3.3,2023-12-12,1,Off-Campus,2704,-1.8623391387059292,"(2.0, 3.0]"
101747,Information Technology,32,On-Campus,18.5,10,2,46,2.8,13.7,2022-08-28,0,On-Campus,3223,0.8391818167557134,"(2.0, 3.0]"
100951,Data Science,26,Off-Campus,4.1,20,1,61,1.91,9.8,2022-11-04,1,Off-Campus,3053,-0.17388854154240224,"(1.0, 2.0]"
102925,Cybersecurity,25,With Family,12.3,30,3,17,2.55,10.8,2022-11-03,1,With Family,3404,0.08587308879044803,"(2.0, 3.0]"
108129,Information Technology,25,off campus,5.7,28,0,34,2.89,9.6,2024-03-28,0,Off-Campus,3616,-0.22584086760897257,"(2.0, 3.0]"
103274,Learning Technologies,24,On-Campus,79.1,20,0,59,0.57,1.4,2023-12-11,0,On-Campus,1304,-2.3558862363383444,"(-0.01, 1.0]"
107204,Information Technology,24,Off-Campus,24.6,28,1,70,1.51,,2022-11-25,0,Off-Campus,1453,,"(1.0, 2.0]"
108863,Cybersecurity,23,With Family,13.8,30,4,67,2.47,12.6,2022-09-22,0,With Family,3843,0.5534440233895782,"(2.0, 3.0]"
101461,Information Technology,26,Off-Campus,11.6,5,2,69,2.95,10.2,2022-11-09,0,Off-Campus,3690,-0.06998388940926249,"(2.0, 3.0]"
103004,Data Science,29,With Family,1.5,20,2,83,3.35,15.2,2022-10-04,0,With Family,4816,1.2288242622549888,"(3.0, 4.0]"
108493,Information Technology,22,On-Campus,22.9,18,3,40,2.13,,2023-09-13,0,On-Campus,2497,,"(2.0, 3.0]"
102589,Learning Technologies,27,off campus,7.0,20,0,73,2.21,10.3,2023-09-08,0,Off-Campus,3551,-0.04400772637597711,"(2.0, 3.0]"
104857,Data Science,30,Off-Campus,15.5,18,2,71,2.5,11.3,2023-09-15,0,Off-Campus,3931,0.21575390395687313,"(2.0, 3.0]"
106254,Data Science,23,On-Campus,10.4,15,3,56,2.57,10.7,2022-09-29,0,On-Campus,3349,0.05989692575716263,"(2.0, 3.0]"
103829,Data Science,23,On-Campus,16.3,18,1,33,1.4,9.4,2024-03-29,0,On-Campus,2471,-0.27779319367554245,"(1.0, 2.0]"
103664,Cybersecurity,26,Off-Campus,14.6,25,1,44,2.7,15.8,2024-03-10,0,Off-Campus,3298,1.3846812404546993,"(2.0, 3.0]"
109395,Information Technology,25, On-Campus,5.3,18,5,45,2.28,12.8,2022-10-29,0,On-Campus,3453,0.6053963494561485,"(2.0, 3.0]"
102731,Data Science,30,Off-Campus,30.0,0,5,40,2.51,8.0,2022-10-22,0,Off-Campus,2738,-0.6414594761415329,"(2.0, 3.0]"
100664,Information Technology,22,on-campus,10.3,12,2,63,1.89,8.8,2022-11-20,1,On-Campus,3510,-0.43365017187525245,"(1.0, 2.0]"
105594,Business Analytics,23,With Family,26.6,10,1,89,1.47,,2024-04-10,1,With Family,1382,,"(1.0, 2.0]"
103574,Cybersecurity,33,with family,29.0,28,1,38,2.22,,2024-03-22,0,With Family,3142,,"(2.0, 3.0]"
109639,Information Technology,22,Off-Campus,4.1,10,3,34,2.62,15.0,2022-08-23,0,Off-Campus,4502,1.1768719361884188,"(2.0, 3.0]"
105806,Cybersecurity,23,On-Campus,5.0,30,2,73,2.93,12.3,2024-04-14,0,On-Campus,3489,0.4755155342897234,"(2.0, 3.0]"
104646,Cybersecurity,27,off campus,5.9,35,1,85,2.11,10.7,2022-11-08,0,Off-Campus,3274,0.05989692575716263,"(2.0, 3.0]"
105798,Cybersecurity,32,Off-Campus,8.0,18,4,15,2.38,11.0,2022-11-20,0,Off-Campus,3686,0.13782541485701788,"(2.0, 3.0]"
100007,Cybersecurity,28,Off-Campus,16.2,15,0,12,1.45,,2023-11-13,1,Off-Campus,2068,,"(1.0, 2.0]"
105520,Information Technology,23,Off-Campus,8.7,15,0,59,1.91,8.9,2022-11-16,1,Off-Campus,2810,-0.40767400884196753,"(1.0, 2.0]"
101078,Data Science,28,Off-Campus,15.5,30,1,37,2.24,2.8,2022-10-16,0,Off-Campus,2140,-1.9922199538723542,"(2.0, 3.0]"
101686,Cybersecurity,20,Off-Campus,12.7,35,2,53,2.22,10.5,2024-05-07,0,Off-Campus,3050,0.00794459969059276,"(2.0, 3.0]"
105952,Cybersecurity,23,With Family,4.7,20,1,46,1.53,3.0,2024-05-11,1,With Family,1848,-1.9402676278057842,"(1.0, 2.0]"
104969,Data Science,25,Off-Campus,5.2,12,2,31,2.61,12.9,2023-12-09,0,Off-Campus,4207,0.6313725124894335,"(2.0, 3.0]"
106814,Data Science,31,Off-Campus,3.8,15,4,101,3.32,13.3,2024-03-24,0,Off-Campus,5206,0.7352771646225736,"(3.0, 4.0]"
101672,DataScience,25, On-Campus,13.8,30,1,12,1.96,,2022-10-12,0,On-Campus,1952,,"(1.0, 2.0]"
104934,Data Science,29,Off-Campus,6.1,5,3,62,2.83,16.7,2022-09-27,0,Off-Campus,4669,1.618466707754264,"(2.0, 3.0]"
109443,Data Science,34,With Family,34.3,0,1,26,3.05,9.1,2024-04-19,0,With Family,4253,-0.3557216827753977,"(3.0, 4.0]"
100385,Data Science,25,With Family,12.0,10,3,75,1.16,3.6,2023-10-15,0,With Family,1717,-1.784410649606074,"(1.0, 2.0]"
108213,Cybersecurity,31,Off-Campus,3.7,28,1,59,1.74,,2022-11-13,0,Off-Campus,2077,,"(1.0, 2.0]"
109188,Information Science,24,On-Campus,3.5,5,2,37,2.81,14.6,2022-08-28,1,On-Campus,3687,1.0729672840552786,"(2.0, 3.0]"
101095,Cybersecurity,33,Off-Campus,13.7,15,3,65,2.49,13.2,2024-03-02,0,Off-Campus,3892,0.7093010015892882,"(2.0, 3.0]"
109899,Data Science,24,Off-Campus,3.5,20,4,29,3.32,12.3,2023-11-01,0,Off-Campus,3797,0.4755155342897234,"(3.0, 4.0]"
105216,Information Technology,23,Off-Campus,13.8,10,2,0,2.75,8.8,2023-08-29,0,Off-Campus,2763,-0.43365017187525245,"(2.0, 3.0]"
101390,Business Analytics,26,off campus,5.0,25,4,73,2.27,,2022-12-07,1,Off-Campus,2800,,"(2.0, 3.0]"
108303,Information Technology,24,On-Campus,13.5,40,1,21,2.6,13.1,2024-02-18,0,On-Campus,4427,0.6833248385560033,"(2.0, 3.0]"
109254,Data Science,24,Off-Campus,4.0,0,0,39,2.78,8.5,2023-09-06,0,Off-Campus,3423,-0.5115786609751077,"(2.0, 3.0]"
105705,Cybersecurity,28,On-Campus,9.7,28,2,83,1.78,4.7,2022-09-10,0,On-Campus,2737,-1.4986728562399387,"(1.0, 2.0]"
107058,Cybersecurity,25,With Family,10.4,12,2,38,3.08,16.5,2023-08-22,0,With Family,4013,1.5665143816876943,"(3.0, 4.0]"
100591,Learning Technologies,22,with family,17.3,18,3,94,2.54,16.3,2024-05-28,0,With Family,4957,1.5145620556211243,"(2.0, 3.0]"
106031,Cybersecurity,25,with family,14.8,0,2,57,2.06,,2024-02-14,0,With Family,3560,,"(2.0, 3.0]"
101081,Information Technology,27,With Family,5.4,5,2,84,2.72,9.8,2022-11-06,0,With Family,3757,-0.17388854154240224,"(2.0, 3.0]"
102268,Cybersecurity,22,With Family,1.5,15,2,81,2.67,10.6,2023-09-10,0,With Family,3897,0.033920762723877694,"(2.0, 3.0]"
103279,Learning Technologies,34,Off-Campus,2.1,18,1,32,2.81,14.1,2024-03-30,1,Off-Campus,3728,0.9430864688888536,"(2.0, 3.0]"
105784,Cybersecurity,23,Off-Campus,5.2,5,3,45,2.51,12.0,2024-02-29,0,Off-Campus,4003,0.39758704518986815,"(2.0, 3.0]"
104543,Business Analytics,21,Off-Campus,1.7,18,0,47,2.22,6.1,2022-10-18,0,Off-Campus,1983,-1.1350065737739485,"(2.0, 3.0]"
108520,Learning Technologies,21, On-Campus,7.5,10,3,32,2.28,11.5,2024-05-26,0,On-Campus,3965,0.267706230023443,"(2.0, 3.0]"
100808,Business Analytics,27,With Family,11.2,5,3,45,2.8,14.3,2022-09-13,0,With Family,4212,0.9950387949554239,"(2.0, 3.0]"
109088,Learning Technologies,23,On-Campus,11.6,12,3,71,1.9,7.2,2024-03-03,0,On-Campus,3290,-0.8492687804078131,"(1.0, 2.0]"
109548,Learning Technologies,28,With Family,5.4,15,2,23,2.48,12.0,2024-04-16,0,With Family,3734,0.39758704518986815,"(2.0, 3.0]"
100255,Cybersecurity,23,Off-Campus,22.3,15,0,51,1.93,10.5,2022-10-30,0,Off-Campus,2298,0.00794459969059276,"(1.0, 2.0]"
108933,Data Science,24,With Family,4.2,40,3,59,0.0,4.0,2024-05-14,0,With Family,1850,-1.680505997472934,"(-0.01, 1.0]"
105060,Cybersecurity,23,With Family,15.0,40,1,75,2.37,7.5,2022-11-21,1,With Family,2408,-0.771340291307958,"(2.0, 3.0]"
106573,Data Science,24,On-Campus,11.3,20,1,35,1.77,2.0,2022-10-24,0,On-Campus,1379,-2.2000292581386343,"(1.0, 2.0]"
100015,Information Science,26,Off-campus,7.2,25,4,69,2.96,15.7,2024-03-11,0,Off-Campus,4586,1.3587050774214138,"(2.0, 3.0]"
103917,Business Analytics,26,Off-Campus,30.6,5,2,29,1.57,3.3,2024-04-09,0,Off-Campus,1957,-1.8623391387059292,"(1.0, 2.0]"
106901,Data Science,25,On-Campus,3.4,25,0,24,1.99,7.3,2024-04-23,0,On-Campus,2263,-0.8232926173745281,"(1.0, 2.0]"
102588,Cybersecurity,29,With Family,5.0,25,1,67,2.04,,2024-03-17,0,With Family,1606,,"(2.0, 3.0]"
101911,Cybersecurity,20,with family,20.9,5,1,28,0.99,4.2,2022-09-06,0,With Family,1553,-1.6285536714063638,"(-0.01, 1.0]"
104823,Business Analytics,24,Off-Campus,4.5,20,0,79,2.66,3.7,2024-03-14,0,Off-Campus,2860,-1.758434486572789,"(2.0, 3.0]"
105046,Business Analytics,27,On-Campus,6.6,18,4,0,2.75,11.3,2022-10-16,0,On-Campus,3980,0.21575390395687313,"(2.0, 3.0]"
108793,Data Science,20,On-Campus,5.8,18,5,13,2.73,11.9,2024-03-05,1,On-Campus,3833,0.3716108821565832,"(2.0, 3.0]"
101960,Learning Technologies,33,With Family,16.7,10,2,47,1.7,7.8,2022-10-25,0,With Family,2278,-0.693411802208103,"(1.0, 2.0]"
106904,Business Analytics,28,Off-campus,14.2,10,3,20,1.74,7.0,2024-04-02,0,Off-Campus,3001,-0.9012211064743831,"(1.0, 2.0]"
109499,Learning Technologies,30,Off-Campus,2.3,5,2,86,2.62,14.0,2024-03-22,0,Off-Campus,3641,0.9171103058555686,"(2.0, 3.0]"
107166,Cybersecurity,24,Off-Campus,11.7,15,5,105,3.25,19.8,2022-11-24,1,Off-Campus,4837,2.4237277617861004,"(3.0, 4.0]"
101338,Information Technology,24,Off-Campus,7.5,12,0,72,2.56,11.8,2022-11-08,0,Off-Campus,4288,0.3456347191232983,"(2.0, 3.0]"
107016,Business Analytics,21,With Family,8.0,25,5,24,2.54,13.8,2023-11-20,0,With Family,3181,0.8651579797889988,"(2.0, 3.0]"
108039,DataScience,23,Off-Campus,19.3,40,3,58,1.82,8.7,2024-04-23,0,Off-Campus,2482,-0.4596263349085379,"(1.0, 2.0]"
105607,Business Analytics,25,Off-Campus,16.9,20,1,0,1.13,,2023-09-11,0,Off-Campus,1810,,"(1.0, 2.0]"
102090,Information Technology,27,Off-campus,12.4,30,4,80,1.97,7.3,2024-05-12,0,Off-Campus,3237,-0.8232926173745281,"(1.0, 2.0]"
107496,Cybersecurity,20,With Family,4.4,10,2,87,2.3,10.3,2023-10-18,1,With Family,3087,-0.04400772637597711,"(2.0, 3.0]"
106832,Information Technology,23,Off-Campus,12.4,18,5,60,3.27,13.3,2024-05-04,0,Off-Campus,4047,0.7352771646225736,"(3.0, 4.0]"
104549,Cybersecurity,21,On-Campus,13.0,18,2,84,2.96,13.7,2023-12-08,0,On-Campus,4645,0.8391818167557134,"(2.0, 3.0]"
103984,DataScience,24,With Family,25.7,5,1,19,2.03,6.3,2023-08-21,1,With Family,2984,-1.0830542477073783,"(2.0, 3.0]"
108184,Cybersecurity,23,On-Campus,22.3,10,2,64,2.11,2.7,2023-08-29,0,On-Campus,2294,-2.018196116905639,"(2.0, 3.0]"
104408,Cyber Security,24,Off-Campus,11.7,5,1,21,1.53,8.1,2023-10-15,0,Off-Campus,2586,-0.6154833131082479,"(1.0, 2.0]"
104924,Cybersecurity,26,With Family,4.5,5,4,93,3.22,13.6,2024-05-10,0,With Family,4570,0.8132056537224285,"(3.0, 4.0]"
101781,Learning Technologies,24,With Family,29.0,5,0,33,2.89,12.8,2024-03-28,1,With Family,4277,0.6053963494561485,"(2.0, 3.0]"
107974,Business Analytics,28,Off-Campus,2.7,12,1,84,2.32,10.6,2024-05-18,0,Off-Campus,3669,0.033920762723877694,"(2.0, 3.0]"
102239,Business Analytics,199,On-Campus,16.9,0,2,0,1.54,6.0,2023-11-17,0,On-Campus,2121,-1.1609827368072334,"(1.0, 2.0]"
106863,Information Science,24,Off-Campus,26.2,35,0,58,1.94,7.3,2024-02-26,0,Off-Campus,3019,-0.8232926173745281,"(1.0, 2.0]"
108599,Business Analytics,20,With Family,28.7,20,2,62,0.88,4.8,2022-10-04,0,With Family,1111,-1.4726966932066536,"(-0.01, 1.0]"
105450,Cybersecurity,25,On-Campus,5.7,18,5,69,2.46,14.5,2023-10-19,0,On-Campus,4227,1.0469911210219938,"(2.0, 3.0]"
106273,Business Analytics,23,With Family,33.4,0,3,36,2.0,17.3,2023-10-20,1,With Family,4232,1.7743236859539746,"(1.0, 2.0]"
105259,Information Science,28,Off-Campus,3.1,0,1,25,1.65,,2022-11-09,0,Off-Campus,3772,,"(1.0, 2.0]"
100521,Cybersecurity,26,With Family,11.1,12,0,54,2.46,12.1,2022-12-08,0,With Family,3022,0.4235632082231531,"(2.0, 3.0]"
102956,Cybersecurity,27,Off-Campus,7.9,15,2,78,2.58,10.4,2022-09-05,0,Off-Campus,3443,-0.018031563342692174,"(2.0, 3.0]"
107624,Info Technology,24,With Family,2.2,10,2,89,2.36,9.1,2022-11-01,0,With Family,4210,-0.3557216827753977,"(2.0, 3.0]"
107900,Cybersecurity,24,off campus,1.7,28,2,41,1.34,6.1,2024-02-06,0,Off-Campus,2076,-1.1350065737739485,"(1.0, 2.0]"
105420,Cybersecurity,21,Off-Campus,15.3,15,1,36,1.81,,2023-12-05,0,Off-Campus,2740,,"(1.0, 2.0]"
105797,Data Science,27,Off-Campus,1.3,10,0,55,3.11,14.0,2024-03-21,0,Off-Campus,4441,0.9171103058555686,"(3.0, 4.0]"
104641,Cybersecurity,32,Off-Campus,10.9,28,2,31,2.31,9.7,2024-04-30,0,Off-Campus,3432,-0.1998647045756876,"(2.0, 3.0]"
102147,Information Technology,24,With Family,10.2,10,0,50,2.7,,2022-12-10,0,With Family,2907,,"(2.0, 3.0]"
106475,Information Science,24,With Family,15.9,12,3,44,1.89,8.0,2022-10-13,0,With Family,2998,-0.6414594761415329,"(1.0, 2.0]"
105365,Data Science,19,Off-Campus,10.1,35,3,64,2.81,11.6,2022-11-04,1,Off-Campus,3619,0.29368239305672794,"(2.0, 3.0]"
102373,Cybersecurity,24,With Family,11.5,30,1,67,1.81,7.9,2022-09-20,0,With Family,2761,-0.6674356391748179,"(1.0, 2.0]"
100493,Information Science,22,With Family,21.1,12,5,76,3.2,13.2,2024-05-22,0,With Family,4425,0.7093010015892882,"(3.0, 4.0]"
109274,Information  Science,25,Off-Campus,0.3,18,3,39,2.25,7.1,2022-09-24,0,Off-Campus,2659,-0.8752449434410982,"(2.0, 3.0]"
101441,Cybersecurity,24,Off-campus,3.4,0,3,78,3.04,6.9,2023-11-09,0,Off-Campus,3688,-0.927197269507668,"(3.0, 4.0]"
106794,Business Analytics,25,On-Campus,6.0,12,2,54,1.99,8.7,2024-03-28,0,On-Campus,3548,-0.4596263349085379,"(1.0, 2.0]"
101064,Business Analytics,25,Off-Campus,7.9,10,3,66,2.59,11.9,2023-10-20,0,Off-Campus,3676,0.3716108821565832,"(2.0, 3.0]"
107223,Cybersecurity,23,Off-Campus,1.0,0,1,14,3.42,16.3,2022-08-28,0,Off-Campus,4534,1.5145620556211243,"(3.0, 4.0]"
109714,Information Technology,35,With Family,2.5,18,3,45,2.84,12.4,2024-03-23,0,With Family,4090,0.5014916973230084,"(2.0, 3.0]"
104980,Information Science,29,Off-Campus,1.9,25,2,64,3.15,13.6,2022-11-22,0,Off-Campus,4724,0.8132056537224285,"(3.0, 4.0]"
106708,Information Technology,27,With Family,9.9,0,4,56,3.02,13.6,2023-10-20,0,With Family,4463,0.8132056537224285,"(3.0, 4.0]"
103928,Cybersecurity,24,With Family,9.7,12,2,0,2.79,14.8,2024-05-06,0,With Family,4364,1.124919610121849,"(2.0, 3.0]"
103604,Business Analytics,24,On-Campus,5.1,5,3,85,2.5,8.5,2022-11-21,0,On-Campus,3568,-0.5115786609751077,"(2.0, 3.0]"
100343,Information Technology,23,With Family,12.4,10,2,80,3.53,,2023-08-23,0,With Family,4692,,"(3.0, 4.0]"
101499,Cybersecurity,28, On-Campus,3.3,18,3,61,2.77,14.5,2022-09-16,1,On-Campus,4639,1.0469911210219938,"(2.0, 3.0]"
104864,Information Technology,28,Off-Campus,8.4,25,0,64,2.77,9.5,2024-05-04,0,Off-Campus,3665,-0.25181703064225747,"(2.0, 3.0]"
106412,Cybersecurity,25,On-Campus,6.1,20,1,72,2.39,10.1,2022-11-04,0,On-Campus,3055,-0.09596005244254743,"(2.0, 3.0]"
108725,Information Technology,26,Off-Campus,8.7,18,3,67,1.68,6.1,2024-05-10,1,Off-Campus,2982,-1.1350065737739485,"(1.0, 2.0]"
108077,Learning Technologies,22,Off-Campus,8.1,40,0,88,1.53,3.2,2023-10-03,0,Off-Campus,1460,-1.888315301739214,"(1.0, 2.0]"
108817,Information Science,24,Off-Campus,6.1,-10,5,16,2.73,12.0,2022-10-11,0,Off-Campus,4361,0.39758704518986815,"(2.0, 3.0]"
104350,Information Technology,26,Off-Campus,22.6,35,3,39,2.54,9.4,2023-11-16,0,Off-Campus,3204,-0.27779319367554245,"(2.0, 3.0]"
106386,Data Science,22,With Family,28.2,25,0,33,2.41,5.9,2024-03-07,1,With Family,2602,-1.1869588998405183,"(2.0, 3.0]"
109077,Information Science,30,Off-Campus,9.2,40,1,35,1.79,7.6,2024-05-25,1,Off-Campus,2359,-0.745364128274673,"(1.0, 2.0]"
107556,Data Science,27,On-Campus,26.2,20,0,41,1.3,0.5,2024-02-28,1,On-Campus,1612,-2.5896717036379098,"(1.0, 2.0]"
106567,Cyber Security,22,Off-Campus,1.3,25,3,28,3.11,12.8,2022-11-20,0,Off-Campus,3719,0.6053963494561485,"(3.0, 4.0]"
109694,Business Analytics,28,Off-Campus,4.8,15,0,54,3.19,13.6,2022-08-28,1,Off-Campus,4365,0.8132056537224285,"(3.0, 4.0]"
101282,Cybersecurity,25,Off-Campus,2.0,18,3,44,3.36,15.5,2022-09-05,1,Off-Campus,4271,1.306752751354844,"(3.0, 4.0]"
101567,Cybersecurity,21,On-Campus,9.5,35,4,58,2.78,14.3,2023-10-29,1,On-Campus,3907,0.9950387949554239,"(2.0, 3.0]"
103880,DataScience,35,Off-Campus,6.6,28,6,59,2.76,10.2,2024-03-10,0,Off-Campus,3481,-0.06998388940926249,"(2.0, 3.0]"
108141,Cybersecurity,27,Off-Campus,15.9,15,4,58,2.56,9.2,2023-12-07,1,Off-Campus,3492,-0.32974551974211275,"(2.0, 3.0]"
100683,Cybersecurity,23,On-Campus,19.1,30,0,67,1.7,9.9,2022-10-23,0,On-Campus,2450,-0.1479123785091173,"(1.0, 2.0]"
108062,Data Science,24,Off-Campus,3.8,0,2,53,2.71,10.5,2022-11-05,0,Off-Campus,4330,0.00794459969059276,"(2.0, 3.0]"
100725,Data Science,21,On-Campus,10.3,10,4,31,3.61,17.5,2024-04-24,0,On-Campus,5203,1.8262760120205446,"(3.0, 4.0]"
100866,Cybersecurity,25,With Family,2.9,15,2,48,2.61,12.2,2023-10-13,0,With Family,3614,0.449539371256438,"(2.0, 3.0]"
104249,Cybersecurity,26,Off-Campus,18.0,10,1,23,2.41,12.7,2022-08-29,0,Off-Campus,4488,0.5794201864228631,"(2.0, 3.0]"
106087,Information Science,20,off campus,20.0,12,2,46,2.18,10.8,2022-10-26,0,Off-Campus,3806,0.08587308879044803,"(2.0, 3.0]"
104559,Data Science,23,on-campus,16.2,25,2,27,2.35,8.6,2024-04-24,1,On-Campus,2308,-0.4856024979418228,"(2.0, 3.0]"
103377,Cybersecurity,24,With Family,26.3,15,1,36,2.68,11.2,2024-05-16,0,With Family,3514,0.18977774092358776,"(2.0, 3.0]"
101399,Information Science,28,Off-Campus,3.0,20,0,31,2.33,12.3,2024-05-15,0,Off-Campus,3117,0.4755155342897234,"(2.0, 3.0]"
100308,Information Science,30,Off-Campus,5.2,0,5,46,2.87,12.6,2024-05-01,1,Off-Campus,4055,0.5534440233895782,"(2.0, 3.0]"
105261,Business Analytics,29,off campus,17.4,28,2,56,1.63,,2022-12-09,0,Off-Campus,1811,,"(1.0, 2.0]"
102247,Cybersecurity,26,On-Campus,44.9,0,1,60,2.99,11.9,2024-02-16,0,On-Campus,4064,0.3716108821565832,"(2.0, 3.0]"
101709,Business Analytics,24,With Family,6.7,35,2,62,2.14,8.7,2024-05-15,0,With Family,2689,-0.4596263349085379,"(2.0, 3.0]"
103815,Cybersecurity,26,with family,10.4,5,4,110,2.7,13.5,2022-12-02,0,With Family,3609,0.7872294906891435,"(2.0, 3.0]"
103156,Cybersecurity,27,Off-Campus,17.7,15,5,13,2.24,7.5,2024-03-06,0,Off-Campus,3064,-0.771340291307958,"(2.0, 3.0]"
102610,Cybersecurity,25,Off-Campus,8.6,25,2,60,1.71,8.8,2022-12-06,0,Off-Campus,2841,-0.43365017187525245,"(1.0, 2.0]"
102572,DataScience,21,Off-Campus,5.0,15,0,89,2.31,9.0,2024-05-26,0,Off-Campus,3346,-0.3816978458086826,"(2.0, 3.0]"
104124,Data Science,24,Off-Campus,6.8,5,3,83,2.04,7.7,2022-12-05,0,Off-Campus,3125,-0.7193879652413879,"(2.0, 3.0]"
109441,Information Technology,29,On-Campus,12.0,0,1,102,1.55,12.8,2023-10-16,1,On-Campus,3576,0.6053963494561485,"(1.0, 2.0]"
103733,Data Science,23,Off-Campus,20.3,5,2,69,2.05,11.1,2023-11-13,1,Off-Campus,3268,0.1638015778903028,"(2.0, 3.0]"
100056,Business Analytics,27,with family,23.3,0,2,43,1.1,2.7,2022-12-01,1,With Family,1594,-2.018196116905639,"(1.0, 2.0]"
107548,Business Analytics,25,Off-campus,9.4,15,6,79,2.38,10.0,2022-10-30,0,Off-Campus,3431,-0.12193621547583236,"(2.0, 3.0]"
107446,Business Analytics,19,off campus,18.7,30,1,11,1.72,7.5,2022-10-22,0,Off-Campus,2893,-0.771340291307958,"(1.0, 2.0]"
103421,Information Technology,28,Off-Campus,2.8,5,2,88,3.06,9.9,2022-09-29,0,Off-Campus,3773,-0.1479123785091173,"(3.0, 4.0]"
108961,Data Science,20,Off-Campus,20.4,0,1,29,2.17,7.7,2024-04-28,0,Off-Campus,2653,-0.7193879652413879,"(2.0, 3.0]"
107400,Information Technology,25,On-Campus,6.5,28,0,31,1.57,0.6,2022-11-13,1,On-Campus,1039,-2.5636955406046247,"(1.0, 2.0]"
101903,Information Science,23,With Family,5.7,18,7,53,3.08,18.6,2022-12-20,0,With Family,5465,2.11201380538668,"(3.0, 4.0]"
104677,Learning Technologies,33,On-Campus,21.4,35,0,65,2.31,,2022-10-29,0,On-Campus,2622,,"(2.0, 3.0]"
108331,Cybersecurity,25,On-Campus,4.6,10,0,32,2.14,8.9,2023-12-15,0,On-Campus,2728,-0.40767400884196753,"(2.0, 3.0]"
104034,Cybersecurity,26,On-Campus,6.2,5,0,53,2.69,13.4,2022-08-28,0,On-Campus,3353,0.7612533276558586,"(2.0, 3.0]"
104524,Learning Technologies,25,Off-Campus,17.6,12,6,62,2.37,6.9,2024-02-01,1,Off-Campus,2359,-0.927197269507668,"(2.0, 3.0]"
109355,Info Technology,32,Off-Campus,1.6,20,2,45,2.17,,2022-11-06,0,Off-Campus,3068,,"(2.0, 3.0]"
105335,Learning Technologies,19,With Family,15.8,5,2,60,2.81,13.6,2023-11-20,0,With Family,4351,0.8132056537224285,"(2.0, 3.0]"
100938,Information Science,21,With Family,16.8,30,1,15,1.17,,2022-08-23,0,With Family,1354,,"(1.0, 2.0]"
108293,Information  Science,25,On-Campus,5.8,10,2,73,2.93,9.4,2022-09-20,0,On-Campus,3526,-0.27779319367554245,"(2.0, 3.0]"
101323,Information Technology,34,With Family,5.4,0,3,36,3.33,18.2,2024-04-12,0,With Family,4733,2.0081091532535393,"(3.0, 4.0]"
107381,Business Analytics,21,On-Campus,28.2,5,0,67,1.41,5.0,2022-09-20,1,On-Campus,2776,-1.4207443671400837,"(1.0, 2.0]"
101485,Data Science,25,On-Campus,8.9,10,3,36,2.56,10.8,2022-11-29,1,On-Campus,3744,0.08587308879044803,"(2.0, 3.0]"
108406,Data Science,21,Off-Campus,1.7,0,2,49,3.18,11.6,2022-08-23,1,Off-Campus,4934,0.29368239305672794,"(3.0, 4.0]"
100586,Information Technology,23,With Family,4.4,35,4,55,2.52,8.8,2024-05-25,1,With Family,2866,-0.43365017187525245,"(2.0, 3.0]"
105932,Business Analytics,33,With Family,19.0,18,0,55,2.05,6.4,2022-09-13,0,With Family,2226,-1.0570780846740933,"(2.0, 3.0]"
100482,Data Science,19,On-Campus,2.7,5,0,99,3.45,18.2,2022-09-19,0,On-Campus,5079,2.0081091532535393,"(3.0, 4.0]"
103415,Data Science,18,On-Campus,5.5,0,0,57,3.29,12.0,2024-04-19,0,On-Campus,4280,0.39758704518986815,"(3.0, 4.0]"
108819,Learning Technologies,31,with family,10.2,40,1,45,2.24,7.0,2022-10-11,0,With Family,3196,-0.9012211064743831,"(2.0, 3.0]"
100168,Learning Technologies,25,Off-Campus,9.7,5,4,28,3.24,17.8,2024-02-09,0,Off-Campus,5201,1.9042045011203999,"(3.0, 4.0]"
106625,DataScience,22,Off-Campus,19.8,18,2,37,2.14,8.7,2022-08-30,1,Off-Campus,3370,-0.4596263349085379,"(2.0, 3.0]"
103480,Cyber Security,25, On-Campus,10.5,10,2,24,2.86,12.2,2023-12-09,0,On-Campus,3905,0.449539371256438,"(2.0, 3.0]"
104558,Information Technology,28,with family,16.7,10,2,59,1.27,8.8,2022-08-28,0,With Family,2065,-0.43365017187525245,"(1.0, 2.0]"
109354,Business Analytics,24,With Family,4.8,0,4,63,3.5,12.0,2024-03-24,0,With Family,4578,0.39758704518986815,"(3.0, 4.0]"
107244,Cyber Security,26,On-Campus,25.8,10,3,47,2.5,14.9,2024-04-17,0,On-Campus,4385,1.150895773155134,"(2.0, 3.0]"
103573,Information Technology,23,Off-Campus,2.8,30,1,7,2.53,10.7,2023-11-21,0,Off-Campus,3325,0.05989692575716263,"(2.0, 3.0]"
101837,Info Technology,26,Off-Campus,24.7,15,1,71,1.83,7.7,2023-10-22,0,Off-Campus,2748,-0.7193879652413879,"(1.0, 2.0]"
106838,Cybersecurity,23, On-Campus,5.0,0,3,39,2.96,16.4,2022-11-15,0,On-Campus,3533,1.5405382186544088,"(2.0, 3.0]"
101594,Info Technology,23,Off-Campus,9.4,12,0,14,1.87,12.5,2022-10-22,1,Off-Campus,3375,0.5274678603562932,"(1.0, 2.0]"
109133,Data Science,29,On-Campus,1.3,10,5,61,3.68,18.2,2022-12-17,0,On-Campus,5316,2.0081091532535393,"(3.0, 4.0]"
107425,Learning Technologies,24,Off-Campus,32.1,25,1,25,1.78,6.4,2022-10-19,0,Off-Campus,2460,-1.0570780846740933,"(1.0, 2.0]"
109196,Information Technology,28,On-Campus,4.2,25,2,78,1.81,9.6,2024-02-29,0,On-Campus,3227,-0.22584086760897257,"(1.0, 2.0]"
100144,Data Science,22,Off-Campus,6.0,20,2,26,1.39,6.5,2022-10-04,0,Off-Campus,2254,-1.0311019216408082,"(1.0, 2.0]"
106740,Cybersecurity,31,Off-Campus,28.5,30,2,41,2.4,13.5,2022-11-14,0,Off-Campus,3630,0.7872294906891435,"(2.0, 3.0]"
102828,Business Analytics,35,With Family,25.9,28,1,62,2.01,,2024-05-23,0,With Family,1480,,"(2.0, 3.0]"
105407,Business Analytics,21,Off-Campus,9.2,20,3,33,1.73,6.9,2023-10-27,0,Off-Campus,3197,-0.927197269507668,"(1.0, 2.0]"
102369,Data Science,23,On-Campus,7.3,10,3,41,2.26,11.9,2022-10-17,0,On-Campus,3194,0.3716108821565832,"(2.0, 3.0]"
105580,Information Technology,25,With Family,13.5,25,1,67,2.42,8.1,2024-02-16,0,With Family,2587,-0.6154833131082479,"(2.0, 3.0]"
100790,Information Science,22,With Family,19.5,20,3,89,1.4,3.2,2024-02-21,0,With Family,1418,-1.888315301739214,"(1.0, 2.0]"
106473,Cybersecurity,25,Off-Campus,12.5,5,1,43,3.54,15.1,2022-09-23,0,Off-Campus,5420,1.2028480992217039,"(3.0, 4.0]"
107448,Information Technology,23,With Family,23.8,15,2,25,1.92,5.1,2022-09-11,1,With Family,1912,-1.3947682041067986,"(1.0, 2.0]"
109514,Cybersecurity,28,Off-Campus,3.5,40,1,29,2.36,5.0,2024-02-22,0,Off-Campus,2943,-1.4207443671400837,"(2.0, 3.0]"
106014,Cybersecurity,25,with family,15.4,0,3,20,3.38,16.6,2023-08-25,1,With Family,4658,1.5924905447209796,"(3.0, 4.0]"
100049,Cybersecurity,27,With Family,1.9,0,2,65,3.76,18.0,2022-09-24,1,With Family,5119,1.9561568271869696,"(3.0, 4.0]"
101200,Cybersecurity,25,Off-Campus,20.3,0,3,0,2.66,11.9,2023-11-02,0,Off-Campus,4138,0.3716108821565832,"(2.0, 3.0]"
101750,Information Science,27,With Family,2.0,20,4,91,2.78,12.7,2022-09-06,0,With Family,3447,0.5794201864228631,"(2.0, 3.0]"
101428,Cybersecurity,25,On-Campus,6.4,20,1,15,2.99,10.9,2022-10-15,0,On-Campus,3435,0.11184925182373295,"(2.0, 3.0]"
108259,Data Science,26,With Family,4.2,0,1,80,2.95,15.6,2022-09-13,0,With Family,4191,1.332728914388129,"(2.0, 3.0]"
106319,Learning Technologies,20,off campus,0.7,35,2,31,2.0,12.7,2024-05-22,0,Off-Campus,3562,0.5794201864228631,"(1.0, 2.0]"
100057,Cyber Security,27,Off-Campus,2.4,28,2,31,2.81,9.2,2024-03-01,0,Off-Campus,3974,-0.32974551974211275,"(2.0, 3.0]"
103870,DataScience,25,On-Campus,8.8,0,4,43,3.39,20.6,2023-10-19,0,On-Campus,5125,2.6315370660523807,"(3.0, 4.0]"
109151,Data Science,20,off campus,16.6,5,4,64,2.79,14.7,2024-02-02,0,Off-Campus,4033,1.0989434470885637,"(2.0, 3.0]"
105452,Cybersecurity,28,Off-campus,4.4,35,2,58,1.99,5.4,2022-10-01,0,Off-Campus,2257,-1.3168397150069435,"(1.0, 2.0]"
109305,Data Science,29,Off-Campus,15.5,5,1,20,2.49,9.4,2024-03-08,1,Off-Campus,3581,-0.27779319367554245,"(2.0, 3.0]"
108060,Information Technology,27,Off-Campus,36.6,12,1,37,1.36,,2024-05-08,0,Off-Campus,824,,"(1.0, 2.0]"
107454,Cyber Security,21,With Family,46.0,10,0,23,2.83,11.3,2022-12-06,0,With Family,2937,0.21575390395687313,"(2.0, 3.0]"
103794,Information Technology,32,With Family,9.4,25,2,27,1.55,7.2,2023-10-20,1,With Family,2327,-0.8492687804078131,"(1.0, 2.0]"
104927,Data Science,20,Off-Campus,6.9,15,2,35,1.93,,2022-11-19,0,Off-Campus,2130,,"(1.0, 2.0]"
105105,Information Technology,24,With Family,6.0,28,2,36,2.23,10.8,2023-09-27,0,With Family,2640,0.08587308879044803,"(2.0, 3.0]"
109012,Business Analytics,25,With Family,7.3,28,2,85,2.32,,2024-04-25,1,With Family,3417,,"(2.0, 3.0]"
103341,Business Analytics,24,On-Campus,14.7,15,1,0,1.58,,2024-01-30,1,On-Campus,1501,,"(1.0, 2.0]"
103655,Cybersecurity,30,With Family,23.9,15,3,44,2.54,,2024-05-07,0,With Family,2628,,"(2.0, 3.0]"
100458,Business Analytics,28,On-Campus,3.6,25,0,40,1.14,5.6,2023-09-01,1,On-Campus,2239,-1.2648873889403736,"(1.0, 2.0]"
100367,Info Technology,30,Off-Campus,0.9,5,4,116,2.67,9.5,2023-10-14,0,Off-Campus,3798,-0.25181703064225747,"(2.0, 3.0]"
109872,Information Science,21,On-Campus,29.8,15,0,0,0.0,,2025-01-19,0,On-Campus,2817,,"(-0.01, 1.0]"
100022,Information Technology,21,Off-campus,4.8,15,0,61,2.77,10.5,2024-05-23,0,Off-Campus,3509,0.00794459969059276,"(2.0, 3.0]"
100307,Information Science,25,on-campus,10.7,5,2,62,2.82,12.6,2022-09-15,1,On-Campus,3684,0.5534440233895782,"(2.0, 3.0]"
102872,Information Science,24,On-Campus,13.6,20,3,116,2.55,12.2,2024-05-14,0,On-Campus,3202,0.449539371256438,"(2.0, 3.0]"
102949,Information Science,30,Off-Campus,40.1,15,1,29,1.71,7.6,2024-05-18,0,Off-Campus,2430,-0.745364128274673,"(1.0, 2.0]"
107510,Data Science,27,On-Campus,16.1,5,5,31,1.63,5.4,2022-09-16,0,On-Campus,2493,-1.3168397150069435,"(1.0, 2.0]"
100986,Cyber Security,26,On-Campus,7.6,30,2,60,2.42,9.9,2022-09-22,0,On-Campus,3278,-0.1479123785091173,"(2.0, 3.0]"
103144,Information Technology,30,On-Campus,14.5,10,2,31,1.87,9.5,2023-10-03,1,On-Campus,2518,-0.25181703064225747,"(1.0, 2.0]"
108686,Cybersecurity,26,With Family,14.3,5,0,34,2.36,9.6,2024-05-18,0,With Family,2653,-0.22584086760897257,"(2.0, 3.0]"
108641,Cybersecurity,21,On-Campus,0.7,15,1,68,3.03,19.8,2023-12-15,0,On-Campus,4386,2.4237277617861004,"(3.0, 4.0]"
108074,Data Science,25,Off-Campus,0.6,35,2,58,2.09,7.2,2023-12-10,0,Off-Campus,2275,-0.8492687804078131,"(2.0, 3.0]"
102833,Information Technology,24,With Family,17.2,15,3,57,0.0,7.0,2023-10-28,0,With Family,2546,-0.9012211064743831,"(-0.01, 1.0]"
104508,Cybersecurity,23,Off-Campus,12.1,20,2,69,2.78,9.1,2022-10-23,0,Off-Campus,3501,-0.3557216827753977,"(2.0, 3.0]"
107139,Cybersecurity,25,With Family,17.7,0,4,73,2.52,15.3,2024-03-07,1,With Family,3131,1.254800425288274,"(2.0, 3.0]"
104096,Cybersecurity,25,Off-Campus,15.0,25,1,27,2.31,5.0,2022-09-02,0,Off-Campus,2582,-1.4207443671400837,"(2.0, 3.0]"
102667,Information Technology,25,With Family,15.2,40,2,0,1.94,2.2,2024-04-30,0,With Family,2095,-2.1480769320720645,"(1.0, 2.0]"
105496,DataScience,24,Off-Campus,16.0,12,1,66,0.77,4.6,2022-11-20,0,Off-Campus,1117,-1.5246490192732238,"(-0.01, 1.0]"
102451,Cybersecurity,29,On-Campus,20.1,20,1,57,1.8,,2022-12-19,0,On-Campus,1878,,"(1.0, 2.0]"
105297,Data Science,25,Off-campus,9.5,30,1,82,1.95,5.8,2022-09-11,0,Off-Campus,2774,-1.2129350628738034,"(1.0, 2.0]"
102512,Information Technology,25,Off-Campus,2.3,35,2,8,2.04,5.8,2024-04-09,1,Off-Campus,2516,-1.2129350628738034,"(2.0, 3.0]"
107312,Learning Technologies,24,Off-campus,3.5,30,6,0,3.28,16.1,2023-08-25,0,Off-Campus,4728,1.4626097295545546,"(3.0, 4.0]"
106308,Data Science,24,Off-Campus,5.1,5,4,44,3.46,20.7,2023-11-19,0,Off-Campus,5375,2.6575132290856653,"(3.0, 4.0]"
103785,Data Science,24,Off-Campus,3.5,5,3,84,2.77,,2024-05-05,0,Off-Campus,4146,,"(2.0, 3.0]"
108291,Cyber Security,28,On-Campus,37.7,20,1,69,1.66,,2022-12-05,0,On-Campus,2814,,"(1.0, 2.0]"
105747,DataScience,21,on-campus,33.8,25,3,67,1.37,,2022-12-10,1,On-Campus,1939,,"(1.0, 2.0]"
100299,Information Science,22,On-Campus,1.9,25,2,43,0.93,0.5,2022-10-28,1,On-Campus,930,-2.5896717036379098,"(-0.01, 1.0]"
105523,Learning Technologies,26,off campus,21.5,28,1,16,2.33,,2024-02-27,0,Off-Campus,1623,,"(2.0, 3.0]"
100243,Information Science,19,Off-campus,7.5,18,1,16,2.2,11.1,2022-11-29,0,Off-Campus,3428,0.1638015778903028,"(2.0, 3.0]"
104775,Data Science,26,Off-Campus,2.9,28,0,27,2.52,9.9,2022-12-15,0,Off-Campus,3170,-0.1479123785091173,"(2.0, 3.0]"
105551,Information Technology,28,With Family,13.8,0,3,22,2.98,16.5,2024-02-25,0,With Family,5408,1.5665143816876943,"(2.0, 3.0]"
109453,Information Science,21,On-Campus,31.7,40,3,52,2.27,4.1,2023-09-29,1,On-Campus,2395,-1.6545298344396488,"(2.0, 3.0]"
101883,Data Science,24,Off-Campus,4.3,25,4,41,2.3,9.2,2023-11-05,1,Off-Campus,2456,-0.32974551974211275,"(2.0, 3.0]"
108577,Cybersecurity,26,Off-Campus,3.0,5,0,37,2.94,10.6,2022-10-15,0,Off-Campus,3480,0.033920762723877694,"(2.0, 3.0]"
101028,Business Analytics,21,On-Campus,7.4,25,2,47,3.06,12.3,2024-02-13,0,On-Campus,4131,0.4755155342897234,"(3.0, 4.0]"
104538,Cybersecurity,20,off campus,9.7,15,6,25,2.46,9.7,2022-11-18,0,Off-Campus,2509,-0.1998647045756876,"(2.0, 3.0]"
106391,DataScience,25,Off-Campus,3.9,12,4,67,2.3,,2022-09-08,1,Off-Campus,3686,,"(2.0, 3.0]"
106583,Learning Technologies,21,With Family,6.7,15,1,48,1.82,6.9,2022-12-03,0,With Family,2547,-0.927197269507668,"(1.0, 2.0]"
105969,Information Technology,31,Off-Campus,2.1,20,4,14,2.06,,2023-11-23,1,Off-Campus,3533,,"(2.0, 3.0]"
108837,Information Science,26,Off-Campus,20.8,15,0,25,2.3,10.1,2022-10-11,0,Off-Campus,2850,-0.09596005244254743,"(2.0, 3.0]"
101680,Cybersecurity,25,On-Campus,3.2,35,4,41,2.48,,2022-11-07,0,On-Campus,3543,,"(2.0, 3.0]"
107651,Cybersecurity,27,Off-Campus,2.6,20,4,52,1.98,7.3,2022-10-04,0,Off-Campus,3208,-0.8232926173745281,"(1.0, 2.0]"
109998,Cybersecurity,29,With Family,14.2,18,2,40,1.26,7.0,2024-02-06,1,With Family,2869,-0.9012211064743831,"(1.0, 2.0]"
104512,Data Science,27,With Family,6.7,0,1,54,2.76,12.0,2024-02-22,0,With Family,4140,0.39758704518986815,"(2.0, 3.0]"
105248,Learning Technologies,22,On-Campus,5.5,15,2,48,3.15,12.9,2022-09-25,1,On-Campus,3544,0.6313725124894335,"(3.0, 4.0]"
105518,Data Science,28,With Family,13.2,20,1,52,1.91,7.4,2023-09-12,0,With Family,2673,-0.7973164543412429,"(1.0, 2.0]"
101916,Learning Technologies,20,Off-Campus,12.3,0,4,19,3.36,17.9,2022-11-21,0,Off-Campus,5056,1.9301806641536843,"(3.0, 4.0]"
100120,Cybersecurity,25,Off-Campus,2.4,20,0,44,2.3,10.2,2024-03-27,0,Off-Campus,3697,-0.06998388940926249,"(2.0, 3.0]"
102334,Information Technology,27,With Family,7.9,12,2,35,2.5,7.2,2024-05-06,0,With Family,2989,-0.8492687804078131,"(2.0, 3.0]"
101332,Cybersecurity,23,On-Campus,11.2,25,1,34,2.2,7.7,2022-11-23,0,On-Campus,2882,-0.7193879652413879,"(2.0, 3.0]"
107279,Cyber Security,26,With Family,2.4,25,2,82,2.73,16.9,2024-02-10,0,With Family,3918,1.670419033820834,"(2.0, 3.0]"
104357,Business Analytics,20,Off-Campus,3.1,40,1,40,2.96,10.2,2022-10-01,0,Off-Campus,3928,-0.06998388940926249,"(2.0, 3.0]"
108915,Information Technology,21,Off-Campus,6.5,30,1,25,2.41,8.4,2024-02-01,1,Off-Campus,3234,-0.5375548240083927,"(2.0, 3.0]"
108851,Business Analytics,21,Off-Campus,8.7,15,3,42,3.24,9.2,2024-04-02,0,Off-Campus,4137,-0.32974551974211275,"(3.0, 4.0]"
109287,Information Science,24,Off-Campus,5.3,15,0,44,2.82,16.1,2022-10-21,0,Off-Campus,3889,1.4626097295545546,"(2.0, 3.0]"
100702,Cybersecurity,24,with family,1.6,20,4,43,2.58,8.3,2023-12-15,0,With Family,3149,-0.5635309870416776,"(2.0, 3.0]"
107202,Information Technology,27,Off-Campus,14.1,12,3,48,2.87,12.5,2023-10-17,0,Off-Campus,4701,0.5274678603562932,"(2.0, 3.0]"
100345,Information Technology,26,Off-Campus,21.6,12,0,49,1.41,0.5,2024-04-20,0,Off-Campus,1217,-2.5896717036379098,"(1.0, 2.0]"
107998,Business Analytics,24,With Family,19.9,28,0,36,1.65,,2022-08-27,1,With Family,989,,"(1.0, 2.0]"
101795,Information Technology,25,With Family,3.8,0,3,27,2.59,17.8,2023-10-12,0,With Family,4093,1.9042045011203999,"(2.0, 3.0]"
102545,Business Analytics,28,On-Campus,4.7,25,3,51,1.4,,2022-11-10,1,On-Campus,1725,,"(1.0, 2.0]"
101901,Cybersecurity,25,With Family,3.8,35,2,24,2.68,9.8,2024-02-01,0,With Family,3819,-0.17388854154240224,"(2.0, 3.0]"
109801,Learning Technologies,28,On-Campus,8.7,10,5,59,2.69,15.3,2022-10-01,0,On-Campus,4609,1.254800425288274,"(2.0, 3.0]"
105923,Business Analytics,29,Off-Campus,6.4,25,3,32,1.59,10.5,2022-11-26,0,Off-Campus,2644,0.00794459969059276,"(1.0, 2.0]"
105025,Learning Technologies,23,On-Campus,11.6,0,2,83,2.65,10.9,2023-09-04,0,On-Campus,3685,0.11184925182373295,"(2.0, 3.0]"
107471,Cyber Security,23,Off-Campus,12.6,0,3,17,1.84,8.7,2024-05-18,0,Off-Campus,2633,-0.4596263349085379,"(1.0, 2.0]"
100750,Learning Technologies,25,With Family,20.3,15,2,55,2.73,13.0,2022-09-05,0,With Family,3132,0.6573486755227184,"(2.0, 3.0]"
104574,Learning Technologies,24,On-Campus,14.1,20,2,61,1.64,9.8,2022-10-21,0,On-Campus,2355,-0.17388854154240224,"(1.0, 2.0]"
109486,Business Analytics,25,with family,4.6,30,1,48,1.84,,2022-09-04,0,With Family,2695,,"(1.0, 2.0]"
103919,Cybersecurity,23,Off-Campus,9.9,5,3,71,2.45,,2024-02-26,0,Off-Campus,2643,,"(2.0, 3.0]"
107638,Learning Technologies,22,With Family,14.3,28,2,40,2.31,9.2,2022-10-14,0,With Family,2647,-0.32974551974211275,"(2.0, 3.0]"
100518,Information Technology,21,Off-Campus,21.3,18,1,52,1.99,,2022-08-24,1,Off-Campus,3225,,"(1.0, 2.0]"
101104,Business Analytics,29,Off-Campus,5.7,10,2,97,3.2,12.4,2023-12-17,0,Off-Campus,4095,0.5014916973230084,"(3.0, 4.0]"
106976,Cybersecurity,25,On-Campus,4.3,15,1,51,2.51,14.2,2022-10-31,0,On-Campus,3633,0.9690626319221385,"(2.0, 3.0]"
106923,Cybersecurity,31,off campus,12.7,15,3,49,3.43,17.1,2023-10-15,0,Off-Campus,4834,1.7223713598874049,"(3.0, 4.0]"
103320,Learning Technologies,26,Off-Campus,8.4,15,3,26,2.56,6.4,2022-10-30,0,Off-Campus,2927,-1.0570780846740933,"(2.0, 3.0]"
109831,Cybersecurity,29,Off-Campus,8.0,0,6,65,2.82,15.3,2023-09-01,0,Off-Campus,4390,1.254800425288274,"(2.0, 3.0]"
108207,Information Science,21,Off-Campus,2.2,35,1,0,1.72,,2022-11-24,1,Off-Campus,2108,,"(1.0, 2.0]"
105268,Cybersecurity,24,Off-Campus,3.6,5,5,90,3.38,18.5,2022-10-27,0,Off-Campus,4638,2.0860376423533946,"(3.0, 4.0]"
101662,Data Science,24,With Family,4.1,12,1,86,2.61,9.2,2023-12-02,0,With Family,2817,-0.32974551974211275,"(2.0, 3.0]"
105289,Data Science,29,With Family,16.3,25,1,48,1.15,3.7,2024-04-06,1,With Family,1636,-1.758434486572789,"(1.0, 2.0]"
106776,Information Science,30,On-Campus,7.6,15,3,44,3.17,12.6,2022-10-02,1,On-Campus,4345,0.5534440233895782,"(3.0, 4.0]"
107394,Cyber Security,26,On-Campus,4.8,5,0,77,1.51,,2022-10-28,0,On-Campus,1926,,"(1.0, 2.0]"
106328,Cybersecurity,22,Off-Campus,19.8,5,3,57,3.26,13.8,2023-10-25,1,Off-Campus,4371,0.8651579797889988,"(3.0, 4.0]"
108971,Cybersecurity,29,On-Campus,4.3,30,4,23,3.0,8.2,2023-12-01,0,On-Campus,4015,-0.589507150074963,"(2.0, 3.0]"
103247,Information Technology,23,With Family,12.1,30,2,78,3.21,13.7,2023-11-14,0,With Family,3950,0.8391818167557134,"(3.0, 4.0]"
106629,Learning Technologies,29,On-Campus,12.5,10,3,35,3.34,18.3,2022-09-28,0,On-Campus,5551,2.034085316286825,"(3.0, 4.0]"
106086,Cybersecurity,31,Off-campus,9.3,12,1,26,2.3,,2024-04-07,0,Off-Campus,2766,,"(2.0, 3.0]"
104102,Learning Technologies,26,On-Campus,10.7,25,2,111,2.52,12.5,2022-09-13,0,On-Campus,3451,0.5274678603562932,"(2.0, 3.0]"
101630,Cyber Security,26,With Family,11.2,25,1,6,1.84,6.7,2022-09-04,0,With Family,1753,-0.9791495955742382,"(1.0, 2.0]"
107790,Cybersecurity,27,Off-Campus,4.4,0,3,50,2.61,16.9,2022-12-04,0,Off-Campus,4753,1.670419033820834,"(2.0, 3.0]"
101460,Cybersecurity,27,Off-Campus,2.1,0,3,56,2.34,11.5,2023-09-12,0,Off-Campus,3591,0.267706230023443,"(2.0, 3.0]"
105442,Information Technology,20,Off-Campus,9.6,15,2,36,2.12,9.0,2024-02-10,0,Off-Campus,3370,-0.3816978458086826,"(2.0, 3.0]"
105853,Cybersecurity,26,with family,4.1,20,2,30,2.64,15.5,2022-11-21,1,With Family,4692,1.306752751354844,"(2.0, 3.0]"
104449,Cybersecurity,22,On-Campus,0.7,5,7,44,2.03,7.4,2024-05-16,0,On-Campus,2884,-0.7973164543412429,"(2.0, 3.0]"
107221,Information Science,25,Off-Campus,9.5,28,1,83,2.97,17.2,2022-10-22,0,Off-Campus,4453,1.7483475229206893,"(2.0, 3.0]"
109591,Business Analytics,35,With Family,3.8,10,1,41,2.58,14.9,2024-04-02,0,With Family,4188,1.150895773155134,"(2.0, 3.0]"
105629,Information Science,21,Off-Campus,9.6,30,4,8,2.18,,2024-04-29,0,Off-Campus,3325,,"(2.0, 3.0]"
102434,Information Technology,27,On-Campus,10.8,35,1,87,1.42,7.6,2022-10-25,1,On-Campus,2036,-0.745364128274673,"(1.0, 2.0]"
105715,Information Technology,19,On-Campus,1.1,15,2,54,2.74,14.0,2022-08-23,0,On-Campus,4190,0.9171103058555686,"(2.0, 3.0]"
108047,Business Analytics,23,With Family,22.9,25,1,64,1.31,1.4,2024-05-26,0,With Family,1308,-2.3558862363383444,"(1.0, 2.0]"
108692,Learning Technologies,22,With Family,32.8,18,2,47,2.7,13.6,2022-10-29,0,With Family,4060,0.8132056537224285,"(2.0, 3.0]"
108769,Learning Technologies,27, On-Campus,30.2,5,3,51,3.19,10.1,2024-05-26,1,On-Campus,4427,-0.09596005244254743,"(3.0, 4.0]"
107052,Cybersecurity,25,Off-campus,1.4,0,4,32,1.57,8.8,2022-09-28,1,Off-Campus,3013,-0.43365017187525245,"(1.0, 2.0]"
102372,Cybersecurity,22,with family,27.0,18,1,69,1.47,7.7,2024-04-25,0,With Family,2208,-0.7193879652413879,"(1.0, 2.0]"
103137,Learning Technologies,24,off campus,16.4,10,3,65,2.3,8.9,2022-11-30,0,Off-Campus,3259,-0.40767400884196753,"(2.0, 3.0]"
104993,Information Science,22,off campus,6.9,10,3,20,2.67,12.4,2023-10-15,0,Off-Campus,4688,0.5014916973230084,"(2.0, 3.0]"
105468,Data Science,20,On-Campus,6.4,10,1,64,3.34,12.5,2023-09-03,0,On-Campus,4845,0.5274678603562932,"(3.0, 4.0]"
107115,Cybersecurity,29,On-Campus,8.1,10,2,69,2.07,6.9,2024-03-04,0,On-Campus,2385,-0.927197269507668,"(2.0, 3.0]"
106600,Data Science,24,With Family,10.7,18,4,29,2.87,11.3,2023-08-26,1,With Family,4179,0.21575390395687313,"(2.0, 3.0]"
109926,Information Science,25,With Family,28.0,15,5,57,3.24,9.7,2024-05-11,0,With Family,4005,-0.1998647045756876,"(3.0, 4.0]"
100810,Cybersecurity,23,with family,8.8,35,1,72,2.34,12.9,2022-11-06,1,With Family,3374,0.6313725124894335,"(2.0, 3.0]"
103036,Business Analytics,26,Off-Campus,19.2,0,2,42,2.35,6.7,2024-05-17,0,Off-Campus,2938,-0.9791495955742382,"(2.0, 3.0]"
105362,Business Analytics,23,On-Campus,18.5,40,2,39,1.34,2.7,2023-09-30,0,On-Campus,1797,-2.018196116905639,"(1.0, 2.0]"
109100,Information Science,32,Off-Campus,15.6,0,3,53,1.83,,2024-02-23,1,Off-Campus,2105,,"(1.0, 2.0]"
102821,Data Science,34,On-Campus,10.2,15,4,80,3.31,14.1,2023-08-24,0,On-Campus,4545,0.9430864688888536,"(3.0, 4.0]"
100630,Info Technology,26,With Family,43.8,12,1,68,2.26,9.9,2022-09-02,0,With Family,2921,-0.1479123785091173,"(2.0, 3.0]"
102536,DataScience,21,Off-Campus,15.8,20,2,74,1.2,,2023-11-08,0,Off-Campus,952,,"(1.0, 2.0]"
107607,Learning Technologies,23,On-Campus,4.7,30,4,21,2.9,13.5,2023-11-18,0,On-Campus,4266,0.7872294906891435,"(2.0, 3.0]"
106245,Cyber Security,29,On-Campus,14.1,5,2,57,2.96,8.7,2022-10-02,0,On-Campus,3565,-0.4596263349085379,"(2.0, 3.0]"
102437,Cybersecurity,20,On-Campus,31.9,30,0,50,1.61,7.5,2023-08-30,1,On-Campus,2280,-0.771340291307958,"(1.0, 2.0]"
100470,Learning Technologies,25,With Family,9.1,40,3,34,2.87,10.9,2022-12-19,0,With Family,3680,0.11184925182373295,"(2.0, 3.0]"
109155,Information Science,20,On-Campus,37.8,20,2,0,1.58,,2023-09-16,0,On-Campus,2369,,"(1.0, 2.0]"
102843,Business Analytics,23,Off-campus,9.9,35,4,4,2.99,18.8,2022-09-26,0,Off-Campus,4571,2.16396613145325,"(2.0, 3.0]"
104809,Cybersecurity,29,On-Campus,5.7,25,4,67,3.28,14.0,2022-09-10,0,On-Campus,4563,0.9171103058555686,"(3.0, 4.0]"
106659,Learning Technologies,20,On-Campus,21.2,25,3,51,2.43,,2023-12-17,1,On-Campus,2439,,"(2.0, 3.0]"
107886,Data Science,23,Off-Campus,16.9,15,2,76,2.96,11.8,2022-09-19,0,Off-Campus,4355,0.3456347191232983,"(2.0, 3.0]"
100780,Data Science,22,On-Campus,1.5,25,0,33,1.25,4.8,2023-11-24,1,On-Campus,951,-1.4726966932066536,"(1.0, 2.0]"
108387,Information Technology,28,Off-campus,18.1,10,4,40,2.28,11.1,2024-04-13,0,Off-Campus,3504,0.1638015778903028,"(2.0, 3.0]"
103430,Business Analytics,33,With Family,8.7,30,4,61,1.65,,2023-11-10,1,With Family,1000,,"(1.0, 2.0]"
109610,Cyber Security,21,Off-Campus,17.0,0,1,40,0.96,1.5,2024-04-18,0,Off-Campus,1193,-2.3299100733050593,"(-0.01, 1.0]"
107121,Information Science,33,Off-Campus,18.1,20,3,28,2.3,7.7,2024-02-06,0,Off-Campus,2540,-0.7193879652413879,"(2.0, 3.0]"
101322,Information Science,31,Off-Campus,7.3,5,2,99,3.13,11.8,2023-10-15,0,Off-Campus,3750,0.3456347191232983,"(3.0, 4.0]"
108871,Data Science,26,With Family,0.8,40,0,87,1.43,5.4,2022-10-20,1,With Family,1376,-1.3168397150069435,"(1.0, 2.0]"
105731,Data Science,25,Off-Campus,8.5,12,6,111,3.45,20.3,2024-02-01,0,Off-Campus,4884,2.5536085769525254,"(3.0, 4.0]"
109765,Data Science,24,with family,20.6,18,1,0,2.16,11.5,2022-10-10,0,With Family,3467,0.267706230023443,"(2.0, 3.0]"
101728,Information  Science,23,On-Campus,29.6,0,1,72,2.04,5.9,2022-08-23,0,On-Campus,2856,-1.1869588998405183,"(2.0, 3.0]"
107251,Information Science,25,Off-Campus,7.5,10,2,56,2.61,7.5,2024-02-11,0,Off-Campus,3493,-0.771340291307958,"(2.0, 3.0]"
107793,Information Technology,25,Off-Campus,15.2,28,1,51,0.97,,2022-09-13,0,Off-Campus,903,,"(-0.01, 1.0]"
104355,Information Technology,26,On-Campus,18.6,12,1,37,0.72,4.0,2024-02-17,0,On-Campus,1457,-1.680505997472934,"(-0.01, 1.0]"
101713,Data Science,25,Off-Campus,17.9,12,2,33,2.21,8.3,2023-09-21,0,Off-Campus,3653,-0.5635309870416776,"(2.0, 3.0]"
101710,Information Science,27,on-campus,15.4,20,0,72,1.82,3.8,2022-11-27,0,On-Campus,1780,-1.732458323539504,"(1.0, 2.0]"
102963,Information Science,24,off campus,8.1,15,4,45,1.74,8.6,2022-12-04,0,Off-Campus,2940,-0.4856024979418228,"(1.0, 2.0]"
106645,Information Science,32,With Family,4.5,15,6,79,3.58,15.8,2022-12-17,0,With Family,5388,1.3846812404546993,"(3.0, 4.0]"
104592,Cybersecurity,29,On-Campus,41.0,0,2,20,2.48,14.0,2022-11-28,0,On-Campus,4175,0.9171103058555686,"(2.0, 3.0]"
107558,Cybersecurity,24,Off-Campus,13.2,25,4,47,3.0,14.1,2024-02-10,0,Off-Campus,3954,0.9430864688888536,"(2.0, 3.0]"
107200,Cybersecurity,22,Off-Campus,2.9,0,1,117,2.96,15.4,2024-03-02,0,Off-Campus,4067,1.2807765883215592,"(2.0, 3.0]"
108877,Business Analytics,26,Off-Campus,35.0,18,3,67,2.47,10.0,2022-09-11,0,Off-Campus,3664,-0.12193621547583236,"(2.0, 3.0]"
105287,Learning Technologies,23,on-campus,11.8,28,2,22,2.11,11.3,2023-10-31,1,On-Campus,2802,0.21575390395687313,"(2.0, 3.0]"
104748,Data Science,24,With Family,8.3,-5,5,80,2.5,7.1,2022-09-30,0,With Family,3281,-0.8752449434410982,"(2.0, 3.0]"
105413,Learning Technologies,30,Off-Campus,14.3,30,3,50,1.25,2.0,2024-03-11,1,Off-Campus,1306,-2.2000292581386343,"(1.0, 2.0]"
108704,Data Science,20,Off-Campus,19.2,12,0,12,2.89,9.5,2024-02-05,1,Off-Campus,2783,-0.25181703064225747,"(2.0, 3.0]"
108103,Cybersecurity,20,On-Campus,39.0,28,1,35,2.27,6.6,2024-03-03,0,On-Campus,2160,-1.0051257586075233,"(2.0, 3.0]"
102105,Information Technology,25,With Family,14.4,10,2,77,3.63,15.1,2023-10-12,0,With Family,4728,1.2028480992217039,"(3.0, 4.0]"
102023,Information Technology,25,Off-Campus,23.1,25,4,24,1.64,6.2,2022-10-28,0,Off-Campus,2855,-1.1090304107406632,"(1.0, 2.0]"
102477,Cybersecurity,22,Off-campus,9.5,12,1,46,3.02,14.1,2023-09-16,0,Off-Campus,4054,0.9430864688888536,"(3.0, 4.0]"
108135,Data Science,26,Off-Campus,3.0,25,2,15,2.47,10.5,2022-08-28,0,Off-Campus,3820,0.00794459969059276,"(2.0, 3.0]"
106937,Cybersecurity,29,with family,10.2,0,5,128,2.91,13.6,2023-12-14,0,With Family,4549,0.8132056537224285,"(2.0, 3.0]"
108783,Data Science,24,On-Campus,4.0,30,1,67,2.45,,2024-03-30,0,On-Campus,3239,,"(2.0, 3.0]"
103022,Data Science,30,Off-Campus,9.1,0,2,46,3.09,11.5,2024-04-19,0,Off-Campus,3731,0.267706230023443,"(3.0, 4.0]"
107734,Business Analytics,21,With Family,13.6,15,2,44,2.24,11.8,2024-05-17,0,With Family,3117,0.3456347191232983,"(2.0, 3.0]"
103251,Business Analytics,26,Off-Campus,33.2,40,2,87,2.36,8.5,2022-09-21,0,Off-Campus,2520,-0.5115786609751077,"(2.0, 3.0]"
106302,Learning Technologies,22,On-Campus,15.5,0,7,110,3.16,8.6,2024-04-27,0,On-Campus,3307,-0.4856024979418228,"(3.0, 4.0]"
107383,Data Science,24,off campus,38.1,18,2,68,1.87,8.9,2023-12-15,0,Off-Campus,2536,-0.40767400884196753,"(1.0, 2.0]"
100115,Learning Technologies,23, On-Campus,15.2,25,3,58,1.57,,2022-09-14,0,On-Campus,1336,,"(1.0, 2.0]"
108147,Cybersecurity,23,Off-Campus,3.4,10,3,57,2.97,16.9,2022-08-26,0,Off-Campus,4993,1.670419033820834,"(2.0, 3.0]"
108546,Information Science,21,With Family,1.1,25,0,82,2.54,9.1,2024-05-06,0,With Family,2951,-0.3557216827753977,"(2.0, 3.0]"
109989,Business Analytics,27,With Family,10.7,28,1,84,1.76,,2024-04-14,1,With Family,3051,,"(1.0, 2.0]"
108856,Cybersecurity,29,Off-Campus,18.0,18,2,45,2.07,12.3,2023-11-05,0,Off-Campus,3968,0.4755155342897234,"(2.0, 3.0]"
108311,Information Science,24,With Family,5.4,5,1,85,2.41,7.4,2022-12-11,0,With Family,3106,-0.7973164543412429,"(2.0, 3.0]"
104364,Information Technology,21,Off-Campus,10.2,15,2,40,3.35,16.2,2024-05-09,0,Off-Campus,4840,1.488585892587839,"(3.0, 4.0]"
104374,Information Science,29,with family,34.1,20,0,55,2.2,,2022-11-21,0,With Family,3013,,"(2.0, 3.0]"
107108,Cybersecurity,29,Off-Campus,21.0,12,1,53,2.62,10.4,2022-09-09,1,Off-Campus,3569,-0.018031563342692174,"(2.0, 3.0]"
103697,Business Analytics,27,Off-Campus,13.2,10,1,89,2.43,10.7,2022-12-01,1,Off-Campus,3363,0.05989692575716263,"(2.0, 3.0]"
108191,Information Technology,22,On-Campus,2.8,18,5,19,2.64,14.3,2022-10-02,0,On-Campus,3972,0.9950387949554239,"(2.0, 3.0]"
101874,Information Technology,28,On-Campus,5.4,40,0,39,1.8,6.3,2024-04-05,0,On-Campus,2504,-1.0830542477073783,"(1.0, 2.0]"
107447,Learning Technologies,29,On-Campus,31.3,15,5,18,1.56,,2024-03-06,0,On-Campus,3082,,"(1.0, 2.0]"
104006,Information Technology,31,Off-Campus,17.3,20,0,48,1.47,4.2,2023-11-27,0,Off-Campus,1898,-1.6285536714063638,"(1.0, 2.0]"
101246,DataScience,27,Off-Campus,14.6,35,2,57,2.49,8.4,2022-12-05,1,Off-Campus,3718,-0.5375548240083927,"(2.0, 3.0]"
108581,Cybersecurity,20,With Family,8.1,5,3,25,2.93,12.1,2022-09-02,0,With Family,4711,0.4235632082231531,"(2.0, 3.0]"
104231,Cybersecurity,21,Off-campus,1.3,0,3,82,3.49,15.3,2023-10-12,0,Off-Campus,5517,1.254800425288274,"(3.0, 4.0]"
101857,Business Analytics,22, On-Campus,3.7,20,3,46,2.05,8.6,2022-11-02,0,On-Campus,3021,-0.4856024979418228,"(2.0, 3.0]"
103106,Data Science,22,on-campus,9.2,18,3,14,2.48,11.6,2022-10-03,0,On-Campus,3577,0.29368239305672794,"(2.0, 3.0]"
101810,Information Technology,26,Off-Campus,1.9,15,2,26,2.42,10.7,2022-08-30,0,Off-Campus,3481,0.05989692575716263,"(2.0, 3.0]"
107505,Cybersecurity,34,With Family,3.2,15,0,109,1.93,9.4,2022-10-29,0,With Family,3250,-0.27779319367554245,"(1.0, 2.0]"
108530,Information Technology,25,Off-Campus,10.9,0,2,30,2.43,12.2,2022-09-17,1,Off-Campus,3850,0.449539371256438,"(2.0, 3.0]"
104152,Information Science,25,With Family,7.2,15,2,48,2.71,6.7,2024-04-22,0,With Family,2584,-0.9791495955742382,"(2.0, 3.0]"
105140,Cybersecurity,23,On-Campus,15.8,18,3,72,2.16,11.2,2023-09-28,0,On-Campus,2773,0.18977774092358776,"(2.0, 3.0]"
101185,Data Science,22,On-Campus,10.4,12,3,93,2.53,11.9,2024-05-25,0,On-Campus,3795,0.3716108821565832,"(2.0, 3.0]"
109157,Information Science,26,Off-Campus,2.6,18,2,63,2.09,7.3,2024-04-24,0,Off-Campus,2964,-0.8232926173745281,"(2.0, 3.0]"
103962,Cybersecurity,25,On-Campus,3.3,0,2,40,3.15,14.6,2024-05-10,0,On-Campus,5142,1.0729672840552786,"(3.0, 4.0]"
103522,Information Technology,30,On-Campus,3.4,35,1,103,1.72,8.7,2023-11-23,1,On-Campus,1943,-0.4596263349085379,"(1.0, 2.0]"
102801,Cyber Security,24,On-Campus,11.8,20,0,84,1.22,4.6,2024-04-05,0,On-Campus,1968,-1.5246490192732238,"(1.0, 2.0]"
105247,Information Science,25,off campus,31.7,0,0,40,2.21,,2023-10-28,0,Off-Campus,2055,,"(2.0, 3.0]"
104759,Information Technology,30,With Family,3.5,40,4,63,2.82,11.6,2024-03-13,0,With Family,3566,0.29368239305672794,"(2.0, 3.0]"
106695,Business Analytics,23,off campus,12.5,20,1,75,2.07,,2022-11-23,1,Off-Campus,3071,,"(2.0, 3.0]"
105683,Learning Technologies,20,Off-campus,6.8,30,2,59,2.22,10.6,2022-10-03,0,Off-Campus,3434,0.033920762723877694,"(2.0, 3.0]"
101500,Information Technology,26,off campus,10.4,0,2,72,2.67,12.0,2023-09-02,0,Off-Campus,3628,0.39758704518986815,"(2.0, 3.0]"
105477,Business Analytics,23,Off-Campus,11.2,10,4,60,2.78,10.7,2022-09-06,1,Off-Campus,4201,0.05989692575716263,"(2.0, 3.0]"
103693,Learning Technologies,23,on-campus,16.6,25,1,91,1.04,3.0,2022-12-19,0,On-Campus,972,-1.9402676278057842,"(1.0, 2.0]"
106544,Information Science,24,Off-Campus,22.0,20,1,97,1.74,5.7,2022-09-23,0,Off-Campus,2123,-1.2389112259070885,"(1.0, 2.0]"
101487,Business Analytics,24,On-Campus,8.2,28,3,80,0.35,,2022-10-23,0,On-Campus,1393,,"(-0.01, 1.0]"
100950,Cybersecurity,18,with family,15.2,25,2,44,2.7,8.6,2024-03-28,0,With Family,3492,-0.4856024979418228,"(2.0, 3.0]"
109015,Learning Technologies,21,Off-Campus,1.0,10,1,72,3.02,14.4,2023-11-27,0,Off-Campus,4128,1.021014957988709,"(3.0, 4.0]"
108108,Business Analytics,25,With Family,3.8,35,2,49,1.8,6.2,2023-09-26,1,With Family,2043,-1.1090304107406632,"(1.0, 2.0]"
107801,Cybersecurity,29,Off-Campus,30.7,15,1,74,1.4,5.7,2022-12-19,1,Off-Campus,1939,-1.2389112259070885,"(1.0, 2.0]"
101684,Information Technology,26,Off-Campus,20.0,15,2,63,2.21,8.7,2024-04-01,1,Off-Campus,3162,-0.4596263349085379,"(2.0, 3.0]"
101986,Data Science,24,On-Campus,6.3,0,2,68,1.61,5.9,2022-12-04,1,On-Campus,1910,-1.1869588998405183,"(1.0, 2.0]"
100508,Learning Technologies,22,off campus,13.0,25,2,59,2.04,11.0,2022-12-18,0,Off-Campus,3240,0.13782541485701788,"(2.0, 3.0]"
100173,Information Science,26,Off-campus,10.8,5,4,76,2.47,11.2,2022-09-18,0,Off-Campus,3450,0.18977774092358776,"(2.0, 3.0]"
108485,Information Technology,25,With Family,9.5,10,1,65,3.47,17.7,2022-08-28,0,With Family,5160,1.8782283380871143,"(3.0, 4.0]"
107010,Cyber Security,28,Off-Campus,21.7,10,3,32,2.11,7.1,2024-02-19,0,Off-Campus,2728,-0.8752449434410982,"(2.0, 3.0]"
101036,Business Analytics,22,Off-Campus,1.8,10,5,35,2.81,13.3,2024-04-13,0,Off-Campus,4278,0.7352771646225736,"(2.0, 3.0]"
104738,Info Technology,24,On-Campus,9.1,20,1,29,1.77,,2024-05-11,1,On-Campus,2397,,"(1.0, 2.0]"
101787,Cybersecurity,22,on-campus,10.6,5,4,41,1.91,12.0,2022-08-29,1,On-Campus,3433,0.39758704518986815,"(1.0, 2.0]"
105945,Learning Technologies,22,Off-Campus,19.1,20,1,65,0.0,5.5,2023-11-16,1,Off-Campus,806,-1.2908635519736584,"(-0.01, 1.0]"
104576,Cybersecurity,21,Off-Campus,27.9,20,3,41,2.03,8.6,2024-03-27,0,Off-Campus,2604,-0.4856024979418228,"(2.0, 3.0]"
104397,Learning Technologies,24,With Family,5.8,15,0,65,2.38,11.2,2022-10-22,1,With Family,3169,0.18977774092358776,"(2.0, 3.0]"
100398,Data Science,31,off campus,17.8,25,2,46,2.5,7.8,2024-04-19,0,Off-Campus,2437,-0.693411802208103,"(2.0, 3.0]"
105999,Cybersecurity,20,off campus,1.1,10,4,55,2.54,10.1,2022-10-20,0,Off-Campus,4125,-0.09596005244254743,"(2.0, 3.0]"
100491,Information Technology,29,On-Campus,7.3,10,5,22,2.08,13.0,2024-03-05,0,On-Campus,3253,0.6573486755227184,"(2.0, 3.0]"
101346,Cybersecurity,25,Off-Campus,14.2,10,0,55,2.69,13.1,2024-04-30,0,Off-Campus,3285,0.6833248385560033,"(2.0, 3.0]"
105702,Information Technology,23,On-Campus,21.4,35,1,87,1.85,7.2,2023-12-11,1,On-Campus,2375,-0.8492687804078131,"(1.0, 2.0]"
102633,Cybersecurity,24,On-Campus,4.3,15,5,32,1.97,10.6,2023-11-17,0,On-Campus,3442,0.033920762723877694,"(1.0, 2.0]"
109403,Information Technology,27,Off-Campus,1.3,12,5,57,3.05,11.9,2024-04-08,0,Off-Campus,4670,0.3716108821565832,"(3.0, 4.0]"
105273,Information Technology,27, On-Campus,16.0,10,2,31,2.31,,2022-11-20,0,On-Campus,3608,,"(2.0, 3.0]"
109687,Business Analytics,20,On-Campus,1.6,15,3,43,2.05,7.2,2024-02-24,0,On-Campus,2701,-0.8492687804078131,"(2.0, 3.0]"
103624,Data Science,21,Off-Campus,9.4,15,3,47,2.33,8.8,2024-02-07,0,Off-Campus,3907,-0.43365017187525245,"(2.0, 3.0]"
109383,Learning Technologies,28,On-Campus,11.9,28,6,59,2.15,,2022-11-04,0,On-Campus,2941,,"(2.0, 3.0]"
106929,Cybersecurity,24,Off-Campus,9.7,12,0,50,3.44,15.6,2022-10-23,0,Off-Campus,4719,1.332728914388129,"(3.0, 4.0]"
106002,Data Science,28,Off-Campus,25.0,10,3,55,2.57,13.8,2023-10-19,1,Off-Campus,3997,0.8651579797889988,"(2.0, 3.0]"
109301,Cybersecurity,25,Off-Campus,12.7,25,2,44,2.01,6.0,2024-03-22,0,Off-Campus,2830,-1.1609827368072334,"(2.0, 3.0]"
108144,Information  Science,26,On-Campus,13.7,10,2,84,2.74,9.8,2022-12-05,0,On-Campus,2901,-0.17388854154240224,"(2.0, 3.0]"
100966,Data Science,23,Off-Campus,26.9,30,1,60,3.05,9.5,2022-09-30,0,Off-Campus,3321,-0.25181703064225747,"(3.0, 4.0]"
105541,Information Science,27,with family,1.6,20,2,73,1.88,12.9,2024-05-20,0,With Family,3283,0.6313725124894335,"(1.0, 2.0]"
106359,Cyber Security,22,Off-campus,3.8,10,3,36,2.39,9.9,2022-10-14,0,Off-Campus,2614,-0.1479123785091173,"(2.0, 3.0]"
102556,Cyber Security,26,Off-campus,8.6,0,4,29,3.21,16.4,2022-11-20,0,Off-Campus,4056,1.5405382186544088,"(3.0, 4.0]"
109410,Business Analytics,25,With Family,7.3,12,4,61,3.54,17.6,2023-08-29,0,With Family,4826,1.8522521750538299,"(3.0, 4.0]"
105290,Data Science,25,On-Campus,14.3,20,5,43,3.22,15.3,2022-12-05,1,On-Campus,4443,1.254800425288274,"(3.0, 4.0]"
103932,DataScience,29, On-Campus,12.3,35,2,50,2.01,12.9,2024-05-15,0,On-Campus,3644,0.6313725124894335,"(2.0, 3.0]"
108020,Learning Technologies,27,Off-Campus,27.4,15,1,15,2.09,,2022-10-04,0,Off-Campus,2961,,"(2.0, 3.0]"
106057,Data Science,24,Off-Campus,13.5,18,1,117,2.51,14.1,2022-09-04,0,Off-Campus,4289,0.9430864688888536,"(2.0, 3.0]"
107262,Information Science,25,On-Campus,3.0,18,1,33,2.81,9.1,2023-11-19,0,On-Campus,3631,-0.3557216827753977,"(2.0, 3.0]"
109630,Business Analytics,29,On-Campus,3.8,18,2,50,2.98,11.8,2022-09-13,0,On-Campus,3766,0.3456347191232983,"(2.0, 3.0]"
107923,Cybersecurity,23,On-Campus,7.1,30,4,48,2.01,10.6,2022-10-01,0,On-Campus,3328,0.033920762723877694,"(2.0, 3.0]"
109788,Cybersecurity,23,On-Campus,2.0,20,1,94,2.19,8.3,2024-05-24,0,On-Campus,2922,-0.5635309870416776,"(2.0, 3.0]"
109631,Cybersecurity,26,On-Campus,7.4,18,3,70,2.07,5.8,2024-02-25,0,On-Campus,2411,-1.2129350628738034,"(2.0, 3.0]"
101946,Cybersecurity,31,Off-Campus,17.7,20,1,68,1.62,,2022-10-17,0,Off-Campus,1979,,"(1.0, 2.0]"
105330,Data Science,25,Off-Campus,10.2,12,3,92,2.5,14.5,2022-10-04,0,Off-Campus,3983,1.0469911210219938,"(2.0, 3.0]"
105947,Information Science,31,With Family,5.4,30,1,12,1.87,,2023-11-06,0,With Family,2277,,"(1.0, 2.0]"
106820,Information Technology,29, On-Campus,4.1,25,3,86,1.42,,2022-10-08,1,On-Campus,1582,,"(1.0, 2.0]"
101539,Information Technology,26,With Family,3.3,25,3,54,3.0,16.5,2023-09-04,1,With Family,4368,1.5665143816876943,"(2.0, 3.0]"
105279,Data Science,22,Off-Campus,11.3,18,6,71,3.79,16.1,2022-08-28,0,Off-Campus,5076,1.4626097295545546,"(3.0, 4.0]"
103953,Information Technology,21,On-Campus,24.7,12,1,63,2.88,11.7,2024-04-14,0,On-Campus,3818,0.31965855609001287,"(2.0, 3.0]"
107727,Cybersecurity,26,On-Campus,3.1,15,2,37,2.35,9.1,2022-11-20,0,On-Campus,3197,-0.3557216827753977,"(2.0, 3.0]"
101947,Data Science,22,Off-Campus,15.9,15,6,41,2.38,10.9,2024-02-29,1,Off-Campus,3962,0.11184925182373295,"(2.0, 3.0]"
101548,Cybersecurity,31,With Family,17.6,30,0,78,1.79,9.0,2023-09-13,0,With Family,2692,-0.3816978458086826,"(1.0, 2.0]"
101374,Information Science,27, On-Campus,0.1,5,3,40,2.63,12.0,2024-04-22,0,On-Campus,3834,0.39758704518986815,"(2.0, 3.0]"
108037,Data Science,28,With Family,12.5,15,2,52,1.7,8.3,2024-04-03,0,With Family,2599,-0.5635309870416776,"(1.0, 2.0]"
104032,Information Technology,25,Off-Campus,3.0,15,5,71,2.33,8.7,2022-12-03,1,Off-Campus,3058,-0.4596263349085379,"(2.0, 3.0]"
106164,Information Technology,23,Off-Campus,12.4,10,3,30,2.03,10.3,2022-11-24,0,Off-Campus,3416,-0.04400772637597711,"(2.0, 3.0]"
102916,Cybersecurity,27,With Family,3.6,20,2,41,2.28,7.9,2024-03-09,0,With Family,2162,-0.6674356391748179,"(2.0, 3.0]"
102674,Learning Technologies,21,Off-Campus,6.4,5,3,55,1.44,7.2,2023-10-31,1,Off-Campus,2677,-0.8492687804078131,"(1.0, 2.0]"
105093,Cybersecurity,28,With Family,7.7,40,2,26,2.55,9.9,2022-11-22,0,With Family,3769,-0.1479123785091173,"(2.0, 3.0]"
103375,Learning Technologies,27,off campus,4.0,15,1,0,2.55,8.9,2024-05-04,1,Off-Campus,3310,-0.40767400884196753,"(2.0, 3.0]"
108339,Information Science,24,With Family,18.8,20,2,57,0.0,,2022-12-02,1,With Family,1302,,"(-0.01, 1.0]"
108899,Information Science,32,On-Campus,4.2,18,6,73,3.05,16.0,2022-10-10,0,On-Campus,4646,1.436633566521269,"(3.0, 4.0]"
107999,Cybersecurity,22,With Family,4.3,25,3,108,1.72,14.2,2024-05-08,1,With Family,3109,0.9690626319221385,"(1.0, 2.0]"
104301,Cybersecurity,28,On-Campus,9.0,20,1,47,1.69,10.8,2023-08-27,0,On-Campus,2630,0.08587308879044803,"(1.0, 2.0]"
100241,Information Science,22,On-Campus,2.8,35,2,67,2.59,10.6,2022-11-30,0,On-Campus,3119,0.033920762723877694,"(2.0, 3.0]"
107424,Information Technology,22,With Family,12.2,18,1,48,2.78,10.5,2024-03-02,0,With Family,2835,0.00794459969059276,"(2.0, 3.0]"
103159,Information Science,21,Off-Campus,12.2,0,3,24,2.48,10.2,2024-04-09,0,Off-Campus,3199,-0.06998388940926249,"(2.0, 3.0]"
102296,Learning Technologies,24,Off-Campus,4.1,15,3,59,3.66,15.7,2022-09-06,0,Off-Campus,5067,1.3587050774214138,"(3.0, 4.0]"
103698,Cybersecurity,25,Off-Campus,9.6,10,1,64,2.78,14.8,2024-02-10,0,Off-Campus,4342,1.124919610121849,"(2.0, 3.0]"
104572,Information Science,25,With Family,6.6,12,0,87,1.68,5.3,2022-12-03,1,With Family,2317,-1.3428158780402286,"(1.0, 2.0]"
105674,Cybersecurity,26,with family,2.4,20,2,0,1.86,8.1,2024-03-02,1,With Family,2908,-0.6154833131082479,"(1.0, 2.0]"
105558,Data Science,36,With Family,9.9,30,3,49,2.84,15.0,2023-09-10,0,With Family,4132,1.1768719361884188,"(2.0, 3.0]"
107322,Information Science,23,With Family,1.7,10,3,30,2.96,12.9,2024-05-06,0,With Family,3920,0.6313725124894335,"(2.0, 3.0]"
108200,Business Analytics,27,Off-Campus,11.8,0,1,87,3.49,12.5,2022-09-30,0,Off-Campus,4309,0.5274678603562932,"(3.0, 4.0]"
102143,Learning Technologies,31,On-Campus,14.3,20,3,57,2.32,8.4,2022-10-13,0,On-Campus,2959,-0.5375548240083927,"(2.0, 3.0]"
101652,Information  Science,27,On-Campus,12.2,30,2,73,2.11,5.5,2023-10-10,1,On-Campus,2921,-1.2908635519736584,"(2.0, 3.0]"
102297,Cybersecurity,30,off campus,17.0,12,3,49,2.46,15.5,2022-10-06,1,Off-Campus,3767,1.306752751354844,"(2.0, 3.0]"
102815,Data Science,26,With Family,20.3,20,1,68,1.91,,2024-04-15,0,With Family,2862,,"(1.0, 2.0]"
102549,Information Technology,31,With Family,7.9,20,4,29,2.93,9.0,2024-05-06,1,With Family,3601,-0.3816978458086826,"(2.0, 3.0]"
103708,Learning Technologies,-22,off campus,22.8,40,4,37,1.72,,2024-04-04,0,Off-Campus,2705,,"(1.0, 2.0]"
100397,Information Technology,28,Off-Campus,10.2,28,4,90,2.63,,2022-12-12,0,Off-Campus,3532,,"(2.0, 3.0]"
100089,Cybersecurity,25,On-Campus,3.9,15,6,65,2.95,10.8,2022-12-08,1,On-Campus,3346,0.08587308879044803,"(2.0, 3.0]"
109966,Information  Science,26,With Family,11.3,5,4,59,3.52,14.0,2022-10-08,0,With Family,5322,0.9171103058555686,"(3.0, 4.0]"
109057,Data Science,29,Off-Campus,5.1,10,1,31,3.51,16.2,2023-10-31,1,Off-Campus,4990,1.488585892587839,"(3.0, 4.0]"
103396,Cyber Security,29,On-Campus,30.1,30,0,33,1.22,4.7,2024-03-19,0,On-Campus,1575,-1.4986728562399387,"(1.0, 2.0]"
106050,Cyber Security,20,Off-Campus,2.0,10,1,58,2.12,8.5,2022-09-20,0,Off-Campus,3116,-0.5115786609751077,"(2.0, 3.0]"
105029,Information Technology,29,Off-Campus,9.1,18,3,60,2.7,11.8,2023-08-27,0,Off-Campus,4009,0.3456347191232983,"(2.0, 3.0]"
100026,Data Science,35,Off-Campus,12.3,10,3,37,3.11,11.2,2022-11-29,0,Off-Campus,3818,0.18977774092358776,"(3.0, 4.0]"
102222,Cybersecurity,33,On-Campus,11.7,0,9,50,3.46,16.0,2023-11-16,0,On-Campus,5286,1.436633566521269,"(3.0, 4.0]"
107667,Information Technology,24,with family,1.7,25,0,23,1.75,8.9,2024-03-23,0,With Family,2975,-0.40767400884196753,"(1.0, 2.0]"
105694,Data Science,23,Off-Campus,9.3,35,0,71,2.51,10.8,2023-09-15,1,Off-Campus,2541,0.08587308879044803,"(2.0, 3.0]"
107748,Data Science,25,With Family,21.7,12,1,74,0.75,,2022-11-07,0,With Family,1093,,"(-0.01, 1.0]"
105598,Information Science,24,On-Campus,4.4,5,8,71,2.23,7.9,2023-10-09,0,On-Campus,3212,-0.6674356391748179,"(2.0, 3.0]"
105309,Information Science,26,Off-Campus,12.3,35,0,81,2.4,7.2,2022-09-14,0,Off-Campus,2697,-0.8492687804078131,"(2.0, 3.0]"
103835,Cybersecurity,28,Off-Campus,0.7,15,0,77,2.65,12.6,2024-05-08,0,Off-Campus,3374,0.5534440233895782,"(2.0, 3.0]"
102125,Business Analytics,25,Off-campus,3.7,25,3,75,1.69,5.8,2024-02-14,0,Off-Campus,1929,-1.2129350628738034,"(1.0, 2.0]"
108425,Data Science,21,Off-Campus,14.3,28,1,83,3.04,,2023-09-25,0,Off-Campus,3466,,"(3.0, 4.0]"
101876,Data Science,27,Off-Campus,19.8,10,1,45,2.17,,2022-09-16,1,Off-Campus,2909,,"(2.0, 3.0]"
102496,Learning Technologies,26,With Family,1.3,10,1,47,2.54,12.3,2022-12-07,0,With Family,4012,0.4755155342897234,"(2.0, 3.0]"
109149,Cybersecurity,25, On-Campus,12.4,10,1,63,2.95,17.6,2023-11-24,0,On-Campus,4601,1.8522521750538299,"(2.0, 3.0]"
109380,Information Science,22,Off-Campus,4.3,0,0,24,0.85,,2023-12-10,1,Off-Campus,1683,,"(-0.01, 1.0]"
105576,Business Analytics,24,With Family,10.4,5,2,84,1.66,,2022-10-21,0,With Family,2190,,"(1.0, 2.0]"
108836,Business Analytics,22,on-campus,17.6,0,3,40,1.63,7.8,2022-09-03,0,On-Campus,2788,-0.693411802208103,"(1.0, 2.0]"
101557,Information Science,24,Off-Campus,12.1,5,1,56,3.12,13.6,2023-09-22,0,Off-Campus,4784,0.8132056537224285,"(3.0, 4.0]"
103531,Data Science,30,Off-Campus,0.4,10,2,66,2.43,15.5,2022-09-12,1,Off-Campus,4137,1.306752751354844,"(2.0, 3.0]"
105134,Information Technology,32, On-Campus,12.9,28,2,67,1.76,8.2,2022-09-27,0,On-Campus,2272,-0.589507150074963,"(1.0, 2.0]"
104695,Cybersecurity,26,On-Campus,25.7,40,1,91,1.97,11.5,2022-09-11,1,On-Campus,3325,0.267706230023443,"(1.0, 2.0]"
108655,Learning Technologies,29,Off-Campus,4.2,20,1,33,1.66,11.5,2023-09-23,0,Off-Campus,2851,0.267706230023443,"(1.0, 2.0]"
100025,Learning Technologies,29,On-Campus,2.7,0,4,0,2.56,10.1,2022-09-10,0,On-Campus,3303,-0.09596005244254743,"(2.0, 3.0]"
100151,Info Technology,23,With Family,0.8,35,7,67,2.64,11.3,2022-09-25,0,With Family,3778,0.21575390395687313,"(2.0, 3.0]"
104298,Business Analytics,24,On-Campus,65.5,10,0,74,0.89,3.2,2022-11-09,0,On-Campus,1361,-1.888315301739214,"(-0.01, 1.0]"
102069,DataScience,22,On-Campus,1.1,5,3,82,2.71,9.8,2023-11-01,0,On-Campus,2873,-0.17388854154240224,"(2.0, 3.0]"
101504,Cybersecurity,35,Off-Campus,9.4,12,8,44,3.17,15.0,2024-03-18,0,Off-Campus,4943,1.1768719361884188,"(3.0, 4.0]"
106947,Information Science,22,With Family,5.2,12,1,24,3.0,8.7,2022-12-13,0,With Family,4454,-0.4596263349085379,"(2.0, 3.0]"
101080,Information Science,20,With Family,20.0,35,0,64,1.29,4.4,2022-11-21,0,With Family,1274,-1.5766013453397936,"(1.0, 2.0]"
105811,Cybersecurity,23, On-Campus,11.4,18,5,0,3.1,15.0,2022-10-26,0,On-Campus,4663,1.1768719361884188,"(3.0, 4.0]"
101141,Information Technology,24,On-Campus,15.2,28,3,18,2.62,,2022-10-15,0,On-Campus,3227,,"(2.0, 3.0]"
103646,Information Technology,26,With Family,12.4,10,4,2,1.67,4.0,2022-11-07,0,With Family,3137,-1.680505997472934,"(1.0, 2.0]"
105872,Cybersecurity,21,On-Campus,11.9,5,1,65,2.85,10.8,2024-04-29,0,On-Campus,2924,0.08587308879044803,"(2.0, 3.0]"
109522,Information Science,25,On-Campus,7.8,5,4,77,2.26,11.5,2022-09-14,0,On-Campus,3772,0.267706230023443,"(2.0, 3.0]"
105172,Cybersecurity,27,With Family,9.6,30,4,40,2.04,5.9,2022-09-11,1,With Family,2682,-1.1869588998405183,"(2.0, 3.0]"
106312,Information  Science,27,On-Campus,2.6,20,1,80,2.26,7.2,2022-11-02,0,On-Campus,2979,-0.8492687804078131,"(2.0, 3.0]"
101634,Cybersecurity,29,On-Campus,13.1,20,0,54,1.77,8.8,2022-10-19,1,On-Campus,3125,-0.43365017187525245,"(1.0, 2.0]"
103384,Cybersecurity,21,on-campus,8.7,5,1,23,2.6,14.2,2023-11-06,0,On-Campus,3097,0.9690626319221385,"(2.0, 3.0]"
109400,Information Technology,22,Off-Campus,16.8,12,0,67,3.15,14.5,2024-05-23,1,Off-Campus,4182,1.0469911210219938,"(3.0, 4.0]"
104007,Information Science,33,With Family,26.9,15,0,43,1.57,6.1,2022-12-01,0,With Family,2084,-1.1350065737739485,"(1.0, 2.0]"
101505,Cybersecurity,31,Off-Campus,15.8,20,3,59,2.03,,2022-11-30,0,Off-Campus,1660,,"(2.0, 3.0]"
101019,Data Science,31,On-Campus,5.6,20,1,94,2.06,14.2,2023-09-22,1,On-Campus,3205,0.9690626319221385,"(2.0, 3.0]"
101511,Cybersecurity,35,With Family,15.0,15,3,37,2.74,10.9,2024-05-21,0,With Family,3148,0.11184925182373295,"(2.0, 3.0]"
104358,Learning Technologies,31,With Family,11.9,10,4,55,2.62,7.7,2022-09-13,1,With Family,3674,-0.7193879652413879,"(2.0, 3.0]"
106912,Data Science,25,On-Campus,18.7,15,3,88,3.22,12.4,2023-09-02,0,On-Campus,3686,0.5014916973230084,"(3.0, 4.0]"
100970,Business Analytics,20,On-Campus,36.8,20,3,40,1.85,10.0,2023-10-14,0,On-Campus,3103,-0.12193621547583236,"(1.0, 2.0]"
109205,Learning Technologies,26,Off-Campus,10.8,0,7,115,3.35,14.3,2022-09-12,0,Off-Campus,4561,0.9950387949554239,"(3.0, 4.0]"
101222,Data Science,22,off campus,16.9,15,4,81,2.7,11.1,2022-10-23,0,Off-Campus,3424,0.1638015778903028,"(2.0, 3.0]"
106265,Information Science,30,Off-Campus,2.6,15,2,74,2.59,10.4,2022-12-18,0,Off-Campus,3848,-0.018031563342692174,"(2.0, 3.0]"
107983,Cybersecurity,27,on-campus,1.4,30,2,77,2.96,13.1,2022-11-28,0,On-Campus,4282,0.6833248385560033,"(2.0, 3.0]"
109391,Cybersecurity,24,Off-Campus,9.5,28,0,23,2.09,8.6,2023-09-29,1,Off-Campus,3140,-0.4856024979418228,"(2.0, 3.0]"
102106,Cybersecurity,25,Off-Campus,2.0,10,7,33,3.25,,2023-12-15,0,Off-Campus,5119,,"(3.0, 4.0]"
103618,Cybersecurity,27,Off-Campus,11.2,18,1,87,3.25,18.7,2022-11-18,0,Off-Campus,5143,2.137989968419965,"(3.0, 4.0]"
106851,Cybersecurity,29,On-Campus,38.1,30,4,1,1.17,7.5,2022-11-25,0,On-Campus,1591,-0.771340291307958,"(1.0, 2.0]"
103803,Information Technology,26,Off-Campus,12.8,25,1,50,2.04,6.9,2023-10-26,0,Off-Campus,2275,-0.927197269507668,"(2.0, 3.0]"
103813,Information Science,21,With Family,13.8,20,1,39,3.09,12.8,2024-05-26,0,With Family,3515,0.6053963494561485,"(3.0, 4.0]"
105231,Business Analytics,22,Off-Campus,5.6,18,1,69,2.83,9.6,2023-10-27,0,Off-Campus,3650,-0.22584086760897257,"(2.0, 3.0]"
104043,Data Science,25,With Family,4.4,30,1,40,1.17,6.6,2022-10-16,0,With Family,1971,-1.0051257586075233,"(1.0, 2.0]"
100955,Information Science,26,with family,4.1,20,3,58,2.84,17.3,2024-04-02,0,With Family,4405,1.7743236859539746,"(2.0, 3.0]"
108341,Information Technology,31,Off-Campus,1.7,12,3,66,2.24,,2024-04-22,0,Off-Campus,2854,,"(2.0, 3.0]"
107671,Business Analytics,23,On-Campus,4.5,20,3,59,2.62,12.6,2022-12-12,0,On-Campus,3615,0.5534440233895782,"(2.0, 3.0]"
101409,Cybersecurity,28,Off-Campus,19.1,35,1,15,2.4,12.8,2022-09-13,0,Off-Campus,2990,0.6053963494561485,"(2.0, 3.0]"
105548,Cybersecurity,26,Off-Campus,28.1,12,1,71,2.22,12.4,2023-10-08,0,Off-Campus,3403,0.5014916973230084,"(2.0, 3.0]"
107049,Data Science,32,Off-Campus,15.6,15,2,0,1.71,10.7,2022-10-30,1,Off-Campus,3594,0.05989692575716263,"(1.0, 2.0]"
109767,Data Science,26,on-campus,39.9,0,2,28,2.96,14.5,2023-11-22,0,On-Campus,3681,1.0469911210219938,"(2.0, 3.0]"
107583,Cybersecurity,22,with family,38.2,15,4,52,1.98,10.8,2022-11-07,1,With Family,3280,0.08587308879044803,"(1.0, 2.0]"
102307,Information Technology,24,On-Campus,11.3,18,2,33,2.25,10.2,2024-02-28,0,On-Campus,2893,-0.06998388940926249,"(2.0, 3.0]"
101529,Cybersecurity,23,On-Campus,10.2,15,4,44,3.06,15.5,2024-05-27,0,On-Campus,4402,1.306752751354844,"(3.0, 4.0]"
109878,Cyber Security,24,On-Campus,6.9,0,3,33,3.34,13.6,2022-10-18,0,On-Campus,4403,0.8132056537224285,"(3.0, 4.0]"
108110,Learning Technologies,25,Off-Campus,15.6,15,3,61,2.4,9.8,2024-02-27,0,Off-Campus,3266,-0.17388854154240224,"(2.0, 3.0]"
109346,Cybersecurity,23,Off-Campus,14.9,10,5,78,2.16,15.0,2022-09-01,0,Off-Campus,4443,1.1768719361884188,"(2.0, 3.0]"
101128,Cybersecurity,26,With Family,8.7,5,1,118,2.3,10.5,2022-12-09,0,With Family,3823,0.00794459969059276,"(2.0, 3.0]"
105717,Data Science,29,With Family,6.3,20,1,27,2.66,8.1,2023-12-01,0,With Family,3471,-0.6154833131082479,"(2.0, 3.0]"
106784,Information Technology,30,Off-Campus,10.1,5,3,57,2.78,14.2,2022-10-02,0,Off-Campus,4254,0.9690626319221385,"(2.0, 3.0]"
103980,Learning Technologies,25,On-Campus,40.5,15,3,38,1.38,9.3,2022-08-28,0,On-Campus,2830,-0.3037693567088274,"(1.0, 2.0]"
103896,Learning Technologies,27,off campus,47.6,28,3,22,1.7,5.1,2022-09-14,0,Off-Campus,1808,-1.3947682041067986,"(1.0, 2.0]"
100404,Business Analytics,23,On-Campus,12.1,30,3,35,2.34,11.4,2024-05-01,0,On-Campus,3099,0.2417300669901581,"(2.0, 3.0]"
101372,Learning Technologies,22,With Family,15.1,30,1,68,2.23,,2022-10-25,0,With Family,2123,,"(2.0, 3.0]"
102073,Business Analytics,29,With Family,7.7,20,0,40,2.5,8.2,2024-03-29,1,With Family,3078,-0.589507150074963,"(2.0, 3.0]"
101507,Information Technology,26,On-Campus,4.7,18,5,30,2.26,10.2,2022-11-06,0,On-Campus,3745,-0.06998388940926249,"(2.0, 3.0]"
109820,Information Science,29,on-campus,6.4,5,6,51,3.18,11.1,2023-08-29,0,On-Campus,4362,0.1638015778903028,"(3.0, 4.0]"
102224,Cybersecurity,26,Off-Campus,7.9,28,2,48,2.34,12.4,2022-11-10,0,Off-Campus,3879,0.5014916973230084,"(2.0, 3.0]"
108095,Information Technology,22,On-Campus,6.7,20,3,99,3.64,18.2,2022-10-21,0,On-Campus,4833,2.0081091532535393,"(3.0, 4.0]"
102156,Information Science,26,Off-Campus,18.1,5,0,56,1.1,2.9,2022-08-29,0,Off-Campus,1427,-1.966243790839069,"(1.0, 2.0]"
108997,Information Science,25,With Family,3.2,10,1,24,2.79,9.5,2022-12-07,0,With Family,4256,-0.25181703064225747,"(2.0, 3.0]"
107217,Learning Technologies,23,On-Campus,7.8,30,2,29,1.5,1.6,2022-10-20,0,On-Campus,1379,-2.3039339102717746,"(1.0, 2.0]"
103450,Cybersecurity,28,Off-Campus,12.0,20,1,28,1.61,,2024-02-20,0,Off-Campus,3051,,"(1.0, 2.0]"
108442,Cybersecurity,23,Off-Campus,21.0,40,0,24,0.91,,2023-10-31,0,Off-Campus,1203,,"(-0.01, 1.0]"
103089,Cybersecurity,24,With Family,6.5,18,1,51,2.78,9.8,2024-02-15,0,With Family,3652,-0.17388854154240224,"(2.0, 3.0]"
106882,Cybersecurity,32,With Family,13.5,30,3,39,2.5,11.3,2022-11-18,0,With Family,3894,0.21575390395687313,"(2.0, 3.0]"
106941,Cybersecurity,29,with family,19.4,40,1,44,2.71,12.9,2022-08-25,1,With Family,3343,0.6313725124894335,"(2.0, 3.0]"
104175,Cyber Security,26,On-Campus,4.7,20,1,37,2.93,12.1,2022-09-18,1,On-Campus,3905,0.4235632082231531,"(2.0, 3.0]"
108279,Data Science,27,off campus,7.4,10,1,35,3.86,15.5,2022-10-22,0,Off-Campus,5208,1.306752751354844,"(3.0, 4.0]"
105590,Cybersecurity,27,on-campus,19.3,20,5,72,2.31,7.9,2023-10-20,1,On-Campus,2787,-0.6674356391748179,"(2.0, 3.0]"
103236,Cybersecurity,23,Off-Campus,7.2,20,1,45,1.71,3.4,2024-05-02,0,Off-Campus,2578,-1.8363629756726438,"(1.0, 2.0]"
105067,Information Technology,30,off campus,0.3,5,2,57,2.87,15.9,2022-10-19,0,Off-Campus,4458,1.4106574034879842,"(2.0, 3.0]"
108138,Cybersecurity,26,Off-Campus,6.0,12,3,86,2.32,5.6,2023-12-07,1,Off-Campus,4209,-1.2648873889403736,"(2.0, 3.0]"
100474,Cybersecurity,24,On-Campus,4.8,10,3,42,3.49,13.1,2022-11-03,0,On-Campus,4711,0.6833248385560033,"(3.0, 4.0]"
101474,Cybersecurity,23,Off-Campus,3.4,15,0,23,2.48,8.9,2022-09-02,0,Off-Campus,3674,-0.40767400884196753,"(2.0, 3.0]"
107197,Learning Technologies,23,Off-Campus,3.1,12,4,73,3.12,11.9,2023-09-30,0,Off-Campus,4351,0.3716108821565832,"(3.0, 4.0]"
107715,Cybersecurity,32,off campus,19.6,20,2,4,2.28,8.3,2022-09-09,0,Off-Campus,3292,-0.5635309870416776,"(2.0, 3.0]"
107519,Data Science,23,off campus,13.8,20,2,94,3.03,,2024-02-12,0,Off-Campus,3926,,"(3.0, 4.0]"
109879,Learning Technologies,26,On-Campus,6.8,18,1,78,2.71,11.7,2022-12-16,0,On-Campus,3665,0.31965855609001287,"(2.0, 3.0]"
102990,Information Science,23,With Family,21.0,28,2,41,2.08,7.0,2023-10-12,1,With Family,2611,-0.9012211064743831,"(2.0, 3.0]"
107341,Cybersecurity,28,Off-Campus,21.7,18,1,63,2.43,10.7,2023-11-12,1,Off-Campus,3155,0.05989692575716263,"(2.0, 3.0]"
108180,Information Science,28,On-Campus,18.5,15,2,86,2.11,12.5,2024-03-23,0,On-Campus,3654,0.5274678603562932,"(2.0, 3.0]"
109348,Information Technology,27,On-Campus,9.3,35,3,1,2.1,,2022-10-01,0,On-Campus,4010,,"(2.0, 3.0]"
107321,Cybersecurity,24,Off-Campus,8.1,0,5,47,2.88,10.7,2023-12-02,0,Off-Campus,4496,0.05989692575716263,"(2.0, 3.0]"
108051,Cybersecurity,27,Off-campus,4.0,15,0,48,2.79,9.2,2024-03-21,0,Off-Campus,2943,-0.32974551974211275,"(2.0, 3.0]"
101344,Cybersecurity,27,On-Campus,33.7,28,3,0,2.4,,2024-05-10,1,On-Campus,3076,,"(2.0, 3.0]"
105632,Cybersecurity,24,With Family,28.5,10,1,21,1.76,8.4,2023-12-13,0,With Family,2410,-0.5375548240083927,"(1.0, 2.0]"
106300,Cybersecurity,29,With Family,22.5,15,2,32,1.12,4.6,2024-05-12,0,With Family,2127,-1.5246490192732238,"(1.0, 2.0]"
100631,Data Science,21,On-Campus,19.0,0,3,47,2.96,7.9,2023-09-25,0,On-Campus,2717,-0.6674356391748179,"(2.0, 3.0]"
109415,Cybersecurity,23,Off-Campus,6.0,28,2,33,3.02,19.0,2024-04-19,0,Off-Campus,4713,2.21591845751982,"(3.0, 4.0]"
104069,Data Science,22,With Family,6.7,15,5,62,3.73,14.2,2023-12-04,0,With Family,5065,0.9690626319221385,"(3.0, 4.0]"
104678,Cybersecurity,23,Off-Campus,5.5,35,3,3,2.58,14.2,2023-09-24,0,Off-Campus,4470,0.9690626319221385,"(2.0, 3.0]"
104997,Information Technology,24,With Family,13.1,15,2,84,2.05,9.7,2022-11-13,0,With Family,3124,-0.1998647045756876,"(2.0, 3.0]"
101020,Business Analytics,31,Off-Campus,4.0,5,4,87,2.56,12.3,2024-03-27,0,Off-Campus,4405,0.4755155342897234,"(2.0, 3.0]"
108151,Info Technology,24,On-Campus,15.7,25,2,51,1.67,9.4,2024-04-30,0,On-Campus,2118,-0.27779319367554245,"(1.0, 2.0]"
109751,Cybersecurity,27,Off-Campus,7.9,25,2,44,2.13,,2022-10-28,0,Off-Campus,2492,,"(2.0, 3.0]"
104739,Learning Technologies,26,With Family,10.6,40,0,23,2.04,6.6,2023-11-15,1,With Family,2756,-1.0051257586075233,"(2.0, 3.0]"
100287,Information Science,22,Off-campus,15.6,0,2,69,1.37,,2022-12-13,0,Off-Campus,1970,,"(1.0, 2.0]"
106388,Learning Technologies,26,with family,18.0,10,3,39,1.54,8.5,2023-11-20,0,With Family,2371,-0.5115786609751077,"(1.0, 2.0]"
106500,Information Technology,25,Off-campus,3.9,25,2,64,1.43,4.5,2022-10-08,0,Off-Campus,2159,-1.5506251823065087,"(1.0, 2.0]"
106529,Business Analytics,20,With Family,8.5,0,2,57,3.11,12.5,2022-12-09,0,With Family,4780,0.5274678603562932,"(3.0, 4.0]"
106800,Information Science,220,On-Campus,5.2,25,2,82,3.31,15.3,2022-11-12,0,On-Campus,4679,1.254800425288274,"(3.0, 4.0]"
101873,Information Technology,23,On-Campus,8.3,-12,2,73,1.98,9.4,2022-09-15,0,On-Campus,2678,-0.27779319367554245,"(1.0, 2.0]"
108897,Information Science,18,On-Campus,18.0,15,2,41,2.78,12.4,2023-11-20,0,On-Campus,3847,0.5014916973230084,"(2.0, 3.0]"
101673,Information Science,27,On-Campus,11.7,28,2,78,2.17,9.6,2023-10-10,0,On-Campus,3460,-0.22584086760897257,"(2.0, 3.0]"
105866,Information  Science,21,Off-Campus,7.8,5,0,12,2.38,13.2,2024-03-19,0,Off-Campus,3383,0.7093010015892882,"(2.0, 3.0]"
100291,Info Technology,23,Off-Campus,25.2,10,3,15,2.03,15.1,2024-04-10,1,Off-Campus,3638,1.2028480992217039,"(2.0, 3.0]"
101123,Cyber Security,24,Off-Campus,9.1,18,3,42,3.37,11.0,2022-12-18,0,Off-Campus,4256,0.13782541485701788,"(3.0, 4.0]"
101763,Information Technology,26,Off-Campus,17.3,40,2,0,1.38,6.5,2024-03-06,1,Off-Campus,1423,-1.0311019216408082,"(1.0, 2.0]"
103977,Data Science,22,Off-Campus,9.0,12,2,69,3.2,14.2,2022-10-03,0,Off-Campus,4114,0.9690626319221385,"(3.0, 4.0]"
103557,Data Science,20,Off-Campus,12.1,15,3,29,2.71,10.6,2023-12-01,1,Off-Campus,3157,0.033920762723877694,"(2.0, 3.0]"
108299,Information Science,22,With Family,25.4,18,2,31,2.35,9.0,2024-04-22,0,With Family,3066,-0.3816978458086826,"(2.0, 3.0]"
105921,Cybersecurity,23,With Family,10.5,18,2,58,3.46,15.6,2023-10-30,0,With Family,5244,1.332728914388129,"(3.0, 4.0]"
109271,Information Science,24,off campus,9.9,15,3,44,3.56,14.3,2022-10-20,0,Off-Campus,5126,0.9950387949554239,"(3.0, 4.0]"
101791,Information Science,33,On-Campus,13.7,30,2,49,2.14,10.7,2024-04-30,0,On-Campus,2205,0.05989692575716263,"(2.0, 3.0]"
109744,Data Science,25,off campus,1.5,25,2,64,2.53,16.5,2022-10-25,0,Off-Campus,4510,1.5665143816876943,"(2.0, 3.0]"
108312,Learning Technologies,19,On-Campus,9.7,5,1,0,2.9,13.7,2022-12-17,0,On-Campus,4744,0.8391818167557134,"(2.0, 3.0]"
100862,Information Science,25,Off-Campus,7.7,5,0,40,1.5,,2024-05-12,1,Off-Campus,2305,,"(1.0, 2.0]"
109980,Data Science,25,With Family,33.5,12,1,64,2.84,15.2,2022-12-04,0,With Family,3912,1.2288242622549888,"(2.0, 3.0]"
103150,Business Analytics,21,With Family,17.9,0,2,39,2.21,9.7,2022-10-26,0,With Family,3239,-0.1998647045756876,"(2.0, 3.0]"
103050,Cybersecurity,3, On-Campus,3.6,10,2,44,2.48,,2023-11-04,0,On-Campus,3277,,"(2.0, 3.0]"
104105,Information Technology,21,off campus,21.5,20,3,46,1.15,5.2,2022-12-07,0,Off-Campus,1689,-1.3687920410735135,"(1.0, 2.0]"
102424,Information Technology,23,On-Campus,8.2,25,1,52,2.7,10.1,2023-08-21,0,On-Campus,3527,-0.09596005244254743,"(2.0, 3.0]"
102343,Cybersecurity,26,Off-Campus,19.1,15,3,58,2.48,10.0,2024-02-10,0,Off-Campus,3471,-0.12193621547583236,"(2.0, 3.0]"
104887,Cybersecurity,26,Off-Campus,21.4,5,3,36,2.72,13.1,2023-11-15,0,Off-Campus,3443,0.6833248385560033,"(2.0, 3.0]"
101481,Cybersecurity,22,Off-Campus,19.2,18,3,58,2.54,7.6,2022-11-20,1,Off-Campus,3268,-0.745364128274673,"(2.0, 3.0]"
103859,Information Technology,26, On-Campus,7.0,0,2,62,1.63,5.8,2024-03-28,1,On-Campus,2132,-1.2129350628738034,"(1.0, 2.0]"
106278,Information  Science,23,Off-Campus,19.9,35,0,42,1.67,7.5,2022-11-22,0,Off-Campus,2353,-0.771340291307958,"(1.0, 2.0]"
107263,Data Science,30,Off-campus,8.2,0,4,44,2.76,13.8,2023-11-12,0,Off-Campus,3578,0.8651579797889988,"(2.0, 3.0]"
108839,Cybersecurity,23,off campus,8.2,25,3,49,3.12,10.6,2023-09-15,1,Off-Campus,3643,0.033920762723877694,"(3.0, 4.0]"
105577,DataScience,22,With Family,4.3,18,3,67,2.04,13.1,2024-05-24,1,With Family,3363,0.6833248385560033,"(2.0, 3.0]"
109367,Information  Science,27,off campus,10.8,25,2,89,2.87,11.0,2022-09-04,0,Off-Campus,2630,0.13782541485701788,"(2.0, 3.0]"
109849,Information Technology,29,Off-Campus,6.6,20,6,47,2.51,7.9,2022-12-02,0,Off-Campus,3722,-0.6674356391748179,"(2.0, 3.0]"
108015,Cyber Security,25,With Family,4.4,20,1,52,1.74,2.1,2024-04-18,0,With Family,1545,-2.1740530951053496,"(1.0, 2.0]"
106699,Info Technology,22,With Family,7.3,25,0,64,1.64,3.4,2022-11-17,0,With Family,1622,-1.8363629756726438,"(1.0, 2.0]"
103590,Learning Technologies,25,Off-Campus,2.6,25,3,52,3.34,,2023-11-07,0,Off-Campus,4132,,"(3.0, 4.0]"
103098,Cybersecurity,27,Off-Campus,11.2,0,1,71,3.02,11.1,2022-08-29,0,Off-Campus,4247,0.1638015778903028,"(3.0, 4.0]"
109231,Data Science,26,On-Campus,16.5,0,0,0,1.57,,2023-12-13,1,On-Campus,2189,,"(1.0, 2.0]"
101546,Data Science,23,Off-Campus,8.0,5,5,90,2.89,10.0,2024-02-02,0,Off-Campus,3754,-0.12193621547583236,"(2.0, 3.0]"
102068,Business Analytics,32,Off-Campus,10.2,28,3,89,2.42,12.3,2022-12-14,0,Off-Campus,2964,0.4755155342897234,"(2.0, 3.0]"
107990,Business Analytics,33,Off-Campus,12.4,40,2,52,2.39,9.9,2023-11-06,0,Off-Campus,3502,-0.1479123785091173,"(2.0, 3.0]"
104590,Cybersecurity,24,With Family,11.4,0,2,95,3.2,14.4,2024-05-14,0,With Family,5287,1.021014957988709,"(3.0, 4.0]"
105664,Business Analytics,21,Off-Campus,9.6,10,2,44,2.52,14.0,2024-04-26,1,Off-Campus,3246,0.9171103058555686,"(2.0, 3.0]"
109389,Cybersecurity,23,Off-Campus,13.6,25,3,37,2.48,11.4,2024-04-02,1,Off-Campus,3952,0.2417300669901581,"(2.0, 3.0]"
107242,Data Science,33,With Family,9.8,30,4,58,1.92,,2023-10-13,0,With Family,3186,,"(1.0, 2.0]"
109838,Information Technology,24,off campus,13.0,28,2,78,1.96,6.9,2024-05-26,1,Off-Campus,2651,-0.927197269507668,"(1.0, 2.0]"
105444,Cybersecurity,25,With Family,3.9,25,4,28,1.56,9.3,2023-10-16,0,With Family,2639,-0.3037693567088274,"(1.0, 2.0]"
100433,Business Analytics,23,On-Campus,18.4,0,3,102,3.13,10.9,2023-09-28,0,On-Campus,3945,0.11184925182373295,"(3.0, 4.0]"
102032,Business Analytics,24,On-Campus,6.0,28,0,70,3.59,14.6,2022-09-19,0,On-Campus,4156,1.0729672840552786,"(3.0, 4.0]"
101828,Cybersecurity,28,Off-Campus,3.5,20,1,40,2.64,7.1,2022-10-22,0,Off-Campus,3708,-0.8752449434410982,"(2.0, 3.0]"
104447,Cybersecurity,25,With Family,10.1,15,3,3,3.09,14.6,2023-09-08,1,With Family,4825,1.0729672840552786,"(3.0, 4.0]"
100815,Cybersecurity,24,Off-Campus,3.2,10,2,63,2.62,10.2,2022-10-27,1,Off-Campus,4019,-0.06998388940926249,"(2.0, 3.0]"
100551,Business Analytics,23,On-Campus,9.4,5,1,15,2.39,11.5,2023-09-08,0,On-Campus,2502,0.267706230023443,"(2.0, 3.0]"
108237,Cybersecurity,23,On-Campus,47.8,0,4,0,2.48,9.9,2024-03-12,0,On-Campus,3532,-0.1479123785091173,"(2.0, 3.0]"
104026,Cyber Security,24,With Family,13.3,18,1,84,2.43,14.0,2024-04-05,0,With Family,4004,0.9171103058555686,"(2.0, 3.0]"
109995,Cybersecurity,22,with family,8.7,15,2,49,2.7,10.6,2022-09-17,0,With Family,3979,0.033920762723877694,"(2.0, 3.0]"
105447,Data Science,29,With Family,18.9,10,0,75,1.08,,2023-11-05,0,With Family,798,,"(1.0, 2.0]"
104243,Cybersecurity,21,With Family,4.8,15,2,73,3.39,13.9,2022-09-14,0,With Family,4598,0.8911341428222836,"(3.0, 4.0]"
100053,Information Science,32,Off-Campus,3.7,15,1,35,2.51,13.5,2024-04-24,0,Off-Campus,3689,0.7872294906891435,"(2.0, 3.0]"
102698,Cybersecurity,24,Off-Campus,2.2,30,0,65,2.13,10.1,2022-11-01,0,Off-Campus,3492,-0.09596005244254743,"(2.0, 3.0]"
103941,Cybersecurity,24,With Family,3.3,12,0,85,2.88,13.1,2023-09-10,0,With Family,4112,0.6833248385560033,"(2.0, 3.0]"
105549,Cybersecurity,25,On-Campus,9.8,18,3,63,2.11,8.7,2022-10-10,0,On-Campus,3581,-0.4596263349085379,"(2.0, 3.0]"
101259,Information Science,23,With Family,5.0,15,4,79,2.09,,2023-10-22,0,With Family,2677,,"(2.0, 3.0]"
100338,Cybersecurity,29,With Family,16.4,15,4,30,3.03,7.9,2024-03-22,0,With Family,3475,-0.6674356391748179,"(3.0, 4.0]"
103422,Cybersecurity,27,Off-campus,8.7,20,7,52,2.94,12.4,2024-02-22,1,Off-Campus,4183,0.5014916973230084,"(2.0, 3.0]"
103542,Information Technology,31,Off-Campus,2.3,28,2,58,2.84,12.3,2023-10-31,0,Off-Campus,3615,0.4755155342897234,"(2.0, 3.0]"
105080,Data Science,23,On-Campus,5.6,30,1,18,2.66,13.1,2022-08-29,0,On-Campus,3452,0.6833248385560033,"(2.0, 3.0]"
105014,Business Analytics,22,Off-Campus,7.0,30,0,84,2.37,9.8,2023-09-17,0,Off-Campus,3371,-0.17388854154240224,"(2.0, 3.0]"
109481,Information Science,24,Off-Campus,24.3,30,2,89,2.24,,2024-03-16,0,Off-Campus,2838,,"(2.0, 3.0]"
109307,Cybersecurity,26,With Family,15.4,35,2,63,2.79,11.1,2022-10-17,0,With Family,3725,0.1638015778903028,"(2.0, 3.0]"
108659,Cyber Security,21,With Family,49.1,15,0,40,1.51,7.7,2024-02-10,0,With Family,2609,-0.7193879652413879,"(1.0, 2.0]"
107685,Data Science,23,with family,9.6,35,5,28,2.12,8.6,2024-02-24,0,With Family,2756,-0.4856024979418228,"(2.0, 3.0]"
107053,Info Technology,30,On-Campus,9.1,18,1,0,3.42,17.4,2023-12-17,0,On-Campus,4764,1.800299848987259,"(3.0, 4.0]"
109592,Information Technology,23,On-Campus,40.5,28,1,0,0.0,1.1,2025-01-22,0,On-Campus,1116,-2.4338147254381997,"(-0.01, 1.0]"
107627,Data Science,25,Off-Campus,10.7,25,1,35,2.2,11.5,2022-11-01,1,Off-Campus,2844,0.267706230023443,"(2.0, 3.0]"
101384,Information Science,22,Off-Campus,1.3,20,0,51,1.91,4.9,2022-09-27,0,Off-Campus,2151,-1.4467205301733685,"(1.0, 2.0]"
104261,Information Science,27,Off-Campus,6.3,15,2,65,2.15,10.8,2023-10-24,0,Off-Campus,4174,0.08587308879044803,"(2.0, 3.0]"
105532,Information Science,21,Off-Campus,2.7,20,1,89,3.56,14.4,2023-09-30,0,Off-Campus,4630,1.021014957988709,"(3.0, 4.0]"
100509,Information Technology,19,On-Campus,8.3,12,2,61,2.79,12.8,2022-12-08,0,On-Campus,5028,0.6053963494561485,"(2.0, 3.0]"
103459,Information  Science,23,On-Campus,17.1,25,3,4,2.58,7.1,2023-08-22,0,On-Campus,2649,-0.8752449434410982,"(2.0, 3.0]"
104310,Information Science,23,Off-Campus,14.8,10,0,93,1.9,6.5,2022-10-17,0,Off-Campus,2579,-1.0311019216408082,"(1.0, 2.0]"
107208,Business Analytics,27,off campus,17.6,12,4,111,2.35,7.2,2022-10-12,0,Off-Campus,2779,-0.8492687804078131,"(2.0, 3.0]"
108307,Business Analytics,27,Off-Campus,9.9,40,0,101,3.11,11.7,2024-02-04,1,Off-Campus,3032,0.31965855609001287,"(3.0, 4.0]"
104270,Cybersecurity,22,Off-Campus,34.9,18,1,85,2.36,13.1,2024-05-10,1,Off-Campus,3771,0.6833248385560033,"(2.0, 3.0]"
102651,Information Technology,23,On-Campus,10.7,15,0,68,2.76,12.0,2022-09-25,0,On-Campus,4222,0.39758704518986815,"(2.0, 3.0]"
109914,Information Science,23,With Family,15.3,15,0,66,3.11,12.7,2022-11-02,1,With Family,4157,0.5794201864228631,"(3.0, 4.0]"
109500,Information Science,22,On-Campus,4.0,15,4,90,3.33,11.5,2022-11-23,0,On-Campus,3877,0.267706230023443,"(3.0, 4.0]"
103012,Information Technology,24,On-Campus,4.9,5,1,41,2.01,12.8,2024-05-24,0,On-Campus,3996,0.6053963494561485,"(2.0, 3.0]"
105218,Cybersecurity,27,On-Campus,2.4,28,1,88,1.84,9.0,2024-03-07,0,On-Campus,2284,-0.3816978458086826,"(1.0, 2.0]"
101705,Data Science,24,With Family,17.7,25,1,53,1.62,,2023-10-06,0,With Family,1821,,"(1.0, 2.0]"
100931,Cybersecurity,34,On-Campus,1.3,12,2,43,2.93,15.3,2022-10-16,0,On-Campus,4479,1.254800425288274,"(2.0, 3.0]"
103094,Information Science,26,On-Campus,18.4,28,1,0,1.95,,2024-02-09,0,On-Campus,1876,,"(1.0, 2.0]"
108518,Cybersecurity,27,On-Campus,4.3,20,0,58,1.8,10.6,2024-04-03,0,On-Campus,3245,0.033920762723877694,"(1.0, 2.0]"
105735,Information Technology,24,Off-Campus,10.1,12,5,46,2.97,17.2,2024-02-05,0,Off-Campus,5288,1.7483475229206893,"(2.0, 3.0]"
101358,Data Science,22,With Family,6.4,12,3,57,3.39,15.5,2022-10-06,1,With Family,5035,1.306752751354844,"(3.0, 4.0]"
100847,Information Science,27,Off-Campus,37.2,28,1,54,1.17,0.5,2023-09-26,0,Off-Campus,1127,-2.5896717036379098,"(1.0, 2.0]"
100349,Learning Technologies,23,Off-Campus,2.5,5,2,48,1.9,5.5,2024-04-28,0,Off-Campus,2541,-1.2908635519736584,"(1.0, 2.0]"
100657,Cybersecurity,30,On-Campus,5.5,20,4,41,1.72,7.2,2023-10-14,0,On-Campus,2372,-0.8492687804078131,"(1.0, 2.0]"
108701,Information Technology,29,Off-Campus,6.1,10,2,9,2.56,14.7,2023-09-16,0,Off-Campus,3980,1.0989434470885637,"(2.0, 3.0]"
109159,Information Science,24,With Family,9.6,20,4,69,3.24,13.0,2024-04-14,0,With Family,3930,0.6573486755227184,"(3.0, 4.0]"
103971,Cybersecurity,30,With Family,4.0,15,3,45,2.89,15.9,2023-10-02,0,With Family,3846,1.4106574034879842,"(2.0, 3.0]"
100596,Business Analytics,28,With Family,10.5,25,3,50,3.49,14.7,2022-11-17,0,With Family,4975,1.0989434470885637,"(3.0, 4.0]"
101288,Information Science,25,Off-Campus,11.0,0,3,75,2.37,12.6,2024-02-06,0,Off-Campus,3571,0.5534440233895782,"(2.0, 3.0]"
108667,Business Analytics,23,Off-Campus,7.1,25,3,17,1.76,,2023-11-26,0,Off-Campus,2178,,"(1.0, 2.0]"
101299,Cybersecurity,21,Off-Campus,9.5,20,2,57,2.39,11.9,2023-09-18,0,Off-Campus,4002,0.3716108821565832,"(2.0, 3.0]"
106263,Business Analytics,23,On-Campus,5.5,18,2,10,2.15,7.0,2024-03-11,0,On-Campus,3023,-0.9012211064743831,"(2.0, 3.0]"
104019,Information Science,23,On-Campus,9.0,0,3,1,2.77,15.0,2022-11-25,0,On-Campus,4191,1.1768719361884188,"(2.0, 3.0]"
102944,Data Science,22,On-Campus,17.2,10,2,102,2.58,,2022-12-05,0,On-Campus,3025,,"(2.0, 3.0]"
105131,Business Analytics,28,On-Campus,9.5,20,1,19,1.95,9.2,2023-12-15,0,On-Campus,2699,-0.32974551974211275,"(1.0, 2.0]"
100614,Information Technology,23,With Family,4.0,25,1,28,1.57,6.9,2022-09-19,0,With Family,2622,-0.927197269507668,"(1.0, 2.0]"
106311,Cybersecurity,24,With Family,9.9,20,1,62,2.77,11.1,2022-08-30,0,With Family,3990,0.1638015778903028,"(2.0, 3.0]"
108497,Data Science,26,With Family,8.2,20,2,65,2.91,10.2,2022-09-08,0,With Family,3680,-0.06998388940926249,"(2.0, 3.0]"
103356,Learning Technologies,30,on-campus,24.1,15,1,54,2.08,,2024-04-20,0,On-Campus,2546,,"(2.0, 3.0]"
105958,Data Science,24,On-Campus,43.8,18,3,19,2.47,11.0,2023-09-19,0,On-Campus,3908,0.13782541485701788,"(2.0, 3.0]"
104656,Information Science,23,with family,21.8,15,1,70,0.66,,2024-02-04,1,With Family,989,,"(-0.01, 1.0]"
109967,Cybersecurity,22,Off-Campus,5.8,20,2,46,2.02,7.1,2022-10-05,0,Off-Campus,2459,-0.8752449434410982,"(2.0, 3.0]"
101996,Data Science,26,on-campus,4.2,12,1,66,2.74,12.9,2024-04-05,0,On-Campus,3836,0.6313725124894335,"(2.0, 3.0]"
108989,Business Analytics,20,On-Campus,22.4,5,3,73,2.1,11.6,2024-05-01,0,On-Campus,3197,0.29368239305672794,"(2.0, 3.0]"
102261,Information Science,29,On-Campus,3.7,30,3,75,2.66,,2022-12-11,0,On-Campus,3806,,"(2.0, 3.0]"
107509,Data Science,29,With Family,2.6,20,0,42,1.4,3.3,2024-02-27,0,With Family,1427,-1.8623391387059292,"(1.0, 2.0]"
105369,Business Analytics,25,off campus,16.1,20,2,32,1.61,5.9,2022-10-23,0,Off-Campus,1968,-1.1869588998405183,"(1.0, 2.0]"
109778,DataScience,22,Off-Campus,10.4,0,2,70,3.29,16.4,2024-04-01,0,Off-Campus,4768,1.5405382186544088,"(3.0, 4.0]"
102873,Information Technology,24,with family,8.7,18,2,25,2.23,6.8,2023-09-05,0,With Family,2986,-0.9531734325409532,"(2.0, 3.0]"
108429,Information Science,21,With Family,4.8,20,7,47,3.43,,2024-05-25,0,With Family,4522,,"(3.0, 4.0]"
106070,DataScience,24,Off-Campus,1.4,5,5,128,2.71,8.6,2022-09-26,0,Off-Campus,3765,-0.4856024979418228,"(2.0, 3.0]"
107771,Cyber Security,23,With Family,8.2,5,2,33,1.49,,2024-02-06,0,With Family,2891,,"(1.0, 2.0]"
106649,Information  Science,23,On-Campus,8.9,12,1,74,1.85,4.1,2024-05-10,1,On-Campus,2593,-1.6545298344396488,"(1.0, 2.0]"
106532,Information Science,32,Off-Campus,7.0,0,2,55,3.08,12.3,2022-10-07,1,Off-Campus,4197,0.4755155342897234,"(3.0, 4.0]"
100381,Cybersecurity,23,Off-Campus,5.3,10,4,36,2.17,11.6,2022-09-23,0,Off-Campus,4024,0.29368239305672794,"(2.0, 3.0]"
109887,Information Science,24,Off-Campus,19.8,25,3,21,2.43,5.9,2022-10-10,1,Off-Campus,3185,-1.1869588998405183,"(2.0, 3.0]"
102547,Information Science,23,With Family,1.3,25,5,22,2.37,9.7,2022-11-11,0,With Family,3778,-0.1998647045756876,"(2.0, 3.0]"
106634,Information Technology,31,Off-Campus,10.5,15,2,43,2.83,12.6,2022-12-11,0,Off-Campus,3485,0.5534440233895782,"(2.0, 3.0]"
102063,Cybersecurity,28,With Family,12.1,28,1,51,1.79,,2023-11-03,1,With Family,1998,,"(1.0, 2.0]"
109461,Learning Technologies,22,On-Campus,15.1,0,2,93,2.01,7.7,2024-03-20,1,On-Campus,3205,-0.7193879652413879,"(2.0, 3.0]"
108840,Cybersecurity,26,With Family,19.2,20,4,33,2.24,9.7,2024-03-28,0,With Family,2971,-0.1998647045756876,"(2.0, 3.0]"
101170,Business Analytics,26,With Family,2.3,25,2,47,2.0,10.4,2022-12-15,1,With Family,3540,-0.018031563342692174,"(1.0, 2.0]"
101573,Information Technology,24,On-Campus,28.8,18,0,35,1.79,11.4,2024-05-13,0,On-Campus,2708,0.2417300669901581,"(1.0, 2.0]"
101143,Business Analytics,25,On-Campus,6.2,20,1,42,2.95,11.7,2023-08-25,0,On-Campus,3755,0.31965855609001287,"(2.0, 3.0]"
108289,Cybersecurity,21,Off-Campus,11.2,12,4,61,2.6,9.6,2023-12-13,0,Off-Campus,3376,-0.22584086760897257,"(2.0, 3.0]"
101264,Data Science,33,Off-Campus,11.3,25,2,48,2.59,13.5,2023-09-29,0,Off-Campus,3785,0.7872294906891435,"(2.0, 3.0]"
100980,Information Science,21,On-Campus,6.7,25,2,70,2.36,11.5,2022-10-03,0,On-Campus,2913,0.267706230023443,"(2.0, 3.0]"
103533,Information  Science,24,Off-Campus,13.0,18,3,70,3.13,19.6,2022-09-08,0,Off-Campus,4909,2.37177543571953,"(3.0, 4.0]"
100209,Information Technology,24,off campus,2.1,10,6,78,2.64,12.6,2023-09-06,0,Off-Campus,4836,0.5534440233895782,"(2.0, 3.0]"
106110,Information Science,22,With Family,20.4,25,1,90,1.59,0.5,2022-11-27,0,With Family,1090,-2.5896717036379098,"(1.0, 2.0]"
105235,Cybersecurity,19,Off-Campus,18.8,28,2,82,2.5,9.4,2023-10-31,0,Off-Campus,3405,-0.27779319367554245,"(2.0, 3.0]"
107361,DataScience,34,off campus,13.4,10,3,42,2.61,10.5,2024-05-04,1,Off-Campus,4101,0.00794459969059276,"(2.0, 3.0]"
101359,Learning Technologies,27,Off-Campus,24.6,5,0,33,3.62,15.4,2022-10-15,0,Off-Campus,4304,1.2807765883215592,"(3.0, 4.0]"
100244,Information Science,23,off campus,7.2,18,1,25,3.67,16.4,2023-08-28,0,Off-Campus,4352,1.5405382186544088,"(3.0, 4.0]"
102357,Information Science,27,On-Campus,18.8,0,2,56,1.59,12.0,2022-08-27,0,On-Campus,3145,0.39758704518986815,"(1.0, 2.0]"
101758,Data Science,24,With Family,11.0,20,4,31,3.23,14.7,2022-08-31,0,With Family,4489,1.0989434470885637,"(3.0, 4.0]"
101768,DataScience,29,Off-Campus,16.8,20,1,81,1.88,5.6,2024-02-13,0,Off-Campus,1929,-1.2648873889403736,"(1.0, 2.0]"
105402,Cybersecurity,22,Off-Campus,22.7,30,1,67,2.12,9.4,2024-05-20,0,Off-Campus,2123,-0.27779319367554245,"(2.0, 3.0]"
106098,Cybersecurity,27,With Family,7.9,15,3,0,0.0,6.4,2025-01-18,0,With Family,2538,-1.0570780846740933,"(-0.01, 1.0]"
109785,Cyber Security,25,On-Campus,6.6,15,2,23,2.0,3.4,2024-03-04,0,On-Campus,2137,-1.8363629756726438,"(1.0, 2.0]"
105206,Cyber Security,22,With Family,3.2,0,0,85,1.12,5.8,2023-10-31,1,With Family,1045,-1.2129350628738034,"(1.0, 2.0]"
106162,Cybersecurity,28,Off-Campus,5.4,15,1,47,1.98,12.8,2024-03-09,0,Off-Campus,3531,0.6053963494561485,"(1.0, 2.0]"
106194,Information Technology,23,Off-Campus,2.4,5,1,13,2.16,7.7,2023-11-21,0,Off-Campus,2387,-0.7193879652413879,"(2.0, 3.0]"
105644,Cybersecurity,25,with family,7.3,15,2,0,3.03,14.7,2024-02-15,0,With Family,4316,1.0989434470885637,"(3.0, 4.0]"
105281,Data Science,26,With Family,21.5,15,3,83,2.02,9.3,2022-11-20,0,With Family,2978,-0.3037693567088274,"(2.0, 3.0]"
103214,Learning Technologies,21,Off-Campus,4.4,18,4,59,2.77,16.1,2022-12-05,0,Off-Campus,4278,1.4626097295545546,"(2.0, 3.0]"
100262,Data Science,21,Off-Campus,1.8,15,2,47,2.71,12.9,2022-11-05,0,Off-Campus,3991,0.6313725124894335,"(2.0, 3.0]"
101159,Cybersecurity,27, On-Campus,17.4,25,1,26,1.39,,2024-05-12,0,On-Campus,1446,,"(1.0, 2.0]"
103765,Data Science,24,on-campus,2.7,15,1,19,2.72,9.6,2023-09-03,0,On-Campus,3728,-0.22584086760897257,"(2.0, 3.0]"
109640,Data Science,26,On-Campus,9.8,5,0,79,3.07,14.3,2022-08-28,0,On-Campus,3676,0.9950387949554239,"(3.0, 4.0]"
109891,Information  Science,21,with family,7.0,10,5,75,3.59,9.6,2022-10-20,0,With Family,3626,-0.22584086760897257,"(3.0, 4.0]"
102947,Data Science,33,Off-campus,3.5,30,3,51,2.89,7.8,2022-08-28,0,Off-Campus,3150,-0.693411802208103,"(2.0, 3.0]"
101827,Cyber Security,28,With Family,6.3,5,3,68,3.22,14.8,2022-11-14,0,With Family,4809,1.124919610121849,"(3.0, 4.0]"
109123,Data Science,29,Off-campus,17.3,15,3,19,3.11,17.6,2022-10-10,0,Off-Campus,4560,1.8522521750538299,"(3.0, 4.0]"
105356,Cybersecurity,26,With Family,10.8,20,6,25,2.53,14.8,2024-02-04,0,With Family,3464,1.124919610121849,"(2.0, 3.0]"
109931,Data Science,22,on-campus,2.7,10,1,14,2.75,10.2,2024-04-22,0,On-Campus,3572,-0.06998388940926249,"(2.0, 3.0]"
108420,Data Science,25,Off-Campus,51.5,28,0,0,1.29,,2022-12-09,1,Off-Campus,1061,,"(1.0, 2.0]"
103702,Learning Technologies,23,Off-Campus,6.1,12,1,45,3.14,16.6,2023-12-17,0,Off-Campus,4684,1.5924905447209796,"(3.0, 4.0]"
105136,Data Science,26,Off-Campus,12.2,10,5,53,2.39,14.0,2023-11-21,0,Off-Campus,3409,0.9171103058555686,"(2.0, 3.0]"
109286,Learning Technologies,19,Off-Campus,13.0,15,1,44,2.78,16.2,2024-02-04,0,Off-Campus,4340,1.488585892587839,"(2.0, 3.0]"
107133,Information Science,22,With Family,2.3,25,6,81,1.63,6.7,2024-05-15,0,With Family,2306,-0.9791495955742382,"(1.0, 2.0]"
109142,Cybersecurity,21,On-Campus,1.9,5,2,74,2.92,11.1,2022-12-17,1,On-Campus,4070,0.1638015778903028,"(2.0, 3.0]"
106977,Learning Technologies,23,Off-Campus,24.6,10,2,46,2.06,10.6,2022-12-04,1,Off-Campus,3044,0.033920762723877694,"(2.0, 3.0]"
103827,Information Technology,33,Off-Campus,24.2,28,1,77,2.12,8.7,2022-10-23,0,Off-Campus,2880,-0.4596263349085379,"(2.0, 3.0]"
103193,Information Science,22,Off-campus,10.1,12,3,62,2.05,,2024-03-10,0,Off-Campus,2838,,"(2.0, 3.0]"
106046,Information Technology,27,Off-Campus,7.3,0,1,59,1.96,6.5,2022-10-18,1,Off-Campus,2767,-1.0311019216408082,"(1.0, 2.0]"
101111,Learning Technologies,26,With Family,15.6,10,1,36,2.94,8.5,2024-04-14,0,With Family,3552,-0.5115786609751077,"(2.0, 3.0]"
106029,Cybersecurity,22,On-Campus,3.3,18,1,64,2.69,12.6,2023-09-03,0,On-Campus,4389,0.5534440233895782,"(2.0, 3.0]"
103715,Learning Technologies,23,With Family,5.3,12,3,32,1.35,,2023-09-25,0,With Family,2695,,"(1.0, 2.0]"
101478,Cybersecurity,26,Off-Campus,15.6,18,3,41,3.35,16.7,2024-05-05,0,Off-Campus,4620,1.618466707754264,"(3.0, 4.0]"
108976,Business Analytics,21,Off-Campus,24.2,30,2,46,2.31,8.3,2024-05-21,1,Off-Campus,3042,-0.5635309870416776,"(2.0, 3.0]"
105795,Information Technology,25,off campus,13.3,5,5,78,2.55,17.9,2023-10-24,0,Off-Campus,4765,1.9301806641536843,"(2.0, 3.0]"
109859,Learning Technologies,29,Off-Campus,16.2,0,2,40,2.35,,2022-09-18,1,Off-Campus,2104,,"(2.0, 3.0]"
106493,Information Technology,21,Off-Campus,3.0,30,2,0,2.41,13.0,2022-09-07,0,Off-Campus,3802,0.6573486755227184,"(2.0, 3.0]"
105339,Information  Science,20,On-Campus,9.3,20,2,31,1.58,,2024-02-26,1,On-Campus,2165,,"(1.0, 2.0]"
105037,Information Science,24,On-Campus,9.5,15,4,38,2.29,10.6,2024-03-15,1,On-Campus,3447,0.033920762723877694,"(2.0, 3.0]"
107453,Data Science,25,Off-Campus,23.5,18,3,28,1.8,5.9,2024-03-04,0,Off-Campus,1996,-1.1869588998405183,"(1.0, 2.0]"
103406,Information Science,21,On-Campus,0.9,40,1,17,2.76,9.2,2024-03-24,0,On-Campus,3196,-0.32974551974211275,"(2.0, 3.0]"
100613,Data Science,27,off campus,37.2,30,3,31,1.71,9.0,2024-04-24,0,Off-Campus,2655,-0.3816978458086826,"(1.0, 2.0]"
100819,Business Analytics,22,Off-Campus,17.9,15,1,39,2.04,4.5,2024-02-19,0,Off-Campus,2084,-1.5506251823065087,"(2.0, 3.0]"
103026,Cybersecurity,23,With Family,2.6,25,3,3,1.58,2.9,2022-10-04,0,With Family,1708,-1.966243790839069,"(1.0, 2.0]"
105611,Cybersecurity,22,With Family,5.9,5,3,61,3.98,20.8,2024-04-03,0,With Family,5389,2.6834893921189504,"(3.0, 4.0]"
100592,Cybersecurity,22,With Family,4.6,35,0,37,2.72,5.6,2024-03-09,0,With Family,2611,-1.2648873889403736,"(2.0, 3.0]"
104037,Data Science,24,off campus,9.0,0,2,62,2.51,9.3,2022-10-09,0,Off-Campus,3540,-0.3037693567088274,"(2.0, 3.0]"
100350,Business Analytics,30,With Family,15.2,35,2,76,1.77,3.9,2022-11-25,0,With Family,1564,-1.7064821605062188,"(1.0, 2.0]"
102252,Data Science,22,With Family,47.7,12,1,78,1.21,4.7,2022-11-08,0,With Family,1524,-1.4986728562399387,"(1.0, 2.0]"
106875,Cybersecurity,20,with family,7.8,12,1,75,3.02,14.5,2024-03-31,0,With Family,4286,1.0469911210219938,"(3.0, 4.0]"
108209,Data Science,19,Off-Campus,0.5,20,2,25,2.63,10.3,2022-12-10,0,Off-Campus,3099,-0.04400772637597711,"(2.0, 3.0]"
107437,DataScience,24,off campus,11.3,5,0,0,0.0,10.0,2025-01-21,0,Off-Campus,3742,-0.12193621547583236,"(-0.01, 1.0]"
105137,Business Analytics,21,With Family,22.7,18,0,39,2.91,14.4,2022-09-13,0,With Family,3829,1.021014957988709,"(2.0, 3.0]"
109659,Info Technology,27,With Family,9.7,10,3,47,2.85,12.1,2022-11-15,0,With Family,4415,0.4235632082231531,"(2.0, 3.0]"
101952,Learning Technologies,22,off campus,10.7,5,0,96,2.24,10.3,2023-10-31,0,Off-Campus,2998,-0.04400772637597711,"(2.0, 3.0]"
104955,Cyber Security,21,Off-Campus,11.5,28,2,0,2.29,11.0,2023-12-13,1,Off-Campus,3644,0.13782541485701788,"(2.0, 3.0]"
106251,Information Science,28,On-Campus,1.0,18,2,50,2.88,12.4,2022-12-17,0,On-Campus,4234,0.5014916973230084,"(2.0, 3.0]"
102691,Cyber Security,22,With Family,5.2,15,2,41,3.62,16.1,2022-11-17,0,With Family,4278,1.4626097295545546,"(3.0, 4.0]"
103273,Information Technology,25,On-Campus,4.2,25,1,66,2.86,14.7,2022-10-06,0,On-Campus,4087,1.0989434470885637,"(2.0, 3.0]"
109756,Information Science,22,On-Campus,11.4,0,0,65,2.58,12.2,2024-03-11,0,On-Campus,4192,0.449539371256438,"(2.0, 3.0]"
102079,Cybersecurity,33,Off-Campus,4.7,5,1,42,3.12,,2022-10-15,0,Off-Campus,4600,,"(3.0, 4.0]"
104801,Learning Technologies,27,off campus,14.2,30,1,83,1.75,5.0,2022-08-27,0,Off-Campus,2145,-1.4207443671400837,"(1.0, 2.0]"
108187,Information Technology,27,Off-Campus,6.3,5,1,60,1.97,11.6,2023-11-17,0,Off-Campus,3446,0.29368239305672794,"(1.0, 2.0]"
103294,Data Science,23,on-campus,2.1,10,2,24,1.73,7.9,2024-03-28,1,On-Campus,2204,-0.6674356391748179,"(1.0, 2.0]"
108397,Cybersecurity,32,On-Campus,4.0,20,4,64,2.8,11.9,2023-10-14,0,On-Campus,4490,0.3716108821565832,"(2.0, 3.0]"
105779,Data Science,23,With Family,10.3,20,6,128,2.82,10.4,2023-10-08,0,With Family,3632,-0.018031563342692174,"(2.0, 3.0]"
103536,Information Science,21,Off-Campus,3.2,5,3,97,2.99,11.6,2024-04-23,1,Off-Campus,4248,0.29368239305672794,"(2.0, 3.0]"
103976,Information Technology,26,On-Campus,2.7,25,1,91,3.53,13.4,2024-02-23,0,On-Campus,4231,0.7612533276558586,"(3.0, 4.0]"
101119,Information Science,29,On-Campus,8.3,15,1,42,2.38,9.1,2024-05-03,1,On-Campus,3242,-0.3557216827753977,"(2.0, 3.0]"
105616,Cybersecurity,20,Off-campus,1.6,25,1,61,1.77,,2024-05-11,0,Off-Campus,2717,,"(1.0, 2.0]"
102490,Cybersecurity,26,Off-Campus,7.1,15,3,58,1.48,,2022-08-24,0,Off-Campus,2807,,"(1.0, 2.0]"
109423,Business Analytics,22,On-Campus,16.0,25,1,1,2.21,,2023-09-22,0,On-Campus,2489,,"(2.0, 3.0]"
104650,Learning Technologies,22,With Family,2.9,20,1,29,2.53,10.3,2024-02-05,0,With Family,3459,-0.04400772637597711,"(2.0, 3.0]"
106984,Learning Technologies,24,with family,2.9,25,4,49,1.69,7.0,2024-05-04,0,With Family,2471,-0.9012211064743831,"(1.0, 2.0]"
105094,Information Science,29,With Family,1.6,10,2,50,2.27,7.4,2022-10-09,0,With Family,3134,-0.7973164543412429,"(2.0, 3.0]"
106355,Cybersecurity,26,Off-Campus,3.3,10,3,26,2.61,10.5,2022-08-29,0,Off-Campus,3395,0.00794459969059276,"(2.0, 3.0]"
107729,Data Science,26,Off-Campus,6.6,25,2,60,3.0,11.6,2024-02-22,0,Off-Campus,4689,0.29368239305672794,"(2.0, 3.0]"
101178,Cybersecurity,22,with family,17.6,5,2,28,2.27,10.6,2023-09-05,0,With Family,3731,0.033920762723877694,"(2.0, 3.0]"
105164,Learning Technologies,28,On-Campus,24.4,25,3,17,1.41,6.9,2022-10-31,0,On-Campus,1742,-0.927197269507668,"(1.0, 2.0]"
102074,Business Analytics,21,With Family,5.8,20,1,0,3.14,11.3,2022-11-14,0,With Family,3886,0.21575390395687313,"(3.0, 4.0]"
108145,Data Science,25,Off-Campus,0.7,20,0,30,2.1,14.9,2024-05-09,0,Off-Campus,3431,1.150895773155134,"(2.0, 3.0]"
108313,Data Science,25,on-campus,51.3,0,1,64,1.31,,2023-12-02,0,On-Campus,1441,,"(1.0, 2.0]"
101523,Data Science,24,Off-Campus,23.7,0,0,86,1.94,8.2,2022-11-30,0,Off-Campus,2173,-0.589507150074963,"(1.0, 2.0]"
104724,Cybersecurity,21,On-Campus,3.8,20,2,22,1.91,10.0,2022-11-20,1,On-Campus,3012,-0.12193621547583236,"(1.0, 2.0]"
101881,Information Science,27,On-Campus,3.0,15,3,85,2.65,11.4,2022-11-26,0,On-Campus,3953,0.2417300669901581,"(2.0, 3.0]"
101269,Data Science,25,Off-Campus,2.9,18,2,86,2.55,7.4,2024-03-26,1,Off-Campus,3551,-0.7973164543412429,"(2.0, 3.0]"
107159,Business Analytics,25,with family,9.5,12,2,105,1.86,7.2,2022-12-15,1,With Family,3024,-0.8492687804078131,"(1.0, 2.0]"
109360,Information Science,24,off campus,17.8,15,3,32,3.1,10.7,2023-08-26,0,Off-Campus,3429,0.05989692575716263,"(3.0, 4.0]"
101455,Information Technology,19,Off-Campus,7.4,25,0,71,1.25,,2022-09-20,0,Off-Campus,1020,,"(1.0, 2.0]"
108547,Data Science,25,On-Campus,3.7,18,3,80,2.95,17.6,2022-11-22,0,On-Campus,4756,1.8522521750538299,"(2.0, 3.0]"
103576,Learning Technologies,30,Off-Campus,2.5,30,1,7,2.41,6.9,2022-09-14,0,Off-Campus,2978,-0.927197269507668,"(2.0, 3.0]"
108475,Data Science,21,On-Campus,12.1,15,0,76,2.63,9.5,2022-10-27,0,On-Campus,3477,-0.25181703064225747,"(2.0, 3.0]"
102342,Cybersecurity,25,On-Campus,7.3,18,1,18,2.25,10.2,2023-09-10,0,On-Campus,3551,-0.06998388940926249,"(2.0, 3.0]"
104359,Information Technology,26,Off-Campus,3.7,30,1,46,1.68,7.1,2023-11-25,0,Off-Campus,1800,-0.8752449434410982,"(1.0, 2.0]"
108393,Information Technology,23,Off-Campus,9.5,25,2,0,2.38,,2023-12-08,0,Off-Campus,2715,,"(2.0, 3.0]"
107928,Cybersecurity,23,On-Campus,8.6,40,0,62,2.82,14.1,2022-12-06,0,On-Campus,3905,0.9430864688888536,"(2.0, 3.0]"
104869,Information Science,27,With Family,24.1,18,0,106,2.39,10.2,2022-09-28,0,With Family,3228,-0.06998388940926249,"(2.0, 3.0]"
109315,Cybersecurity,24,Off-Campus,8.4,25,4,60,2.18,11.2,2022-11-12,1,Off-Campus,3164,0.18977774092358776,"(2.0, 3.0]"
108718,Business Analytics,20,off campus,18.1,30,0,45,0.0,0.7,2024-04-22,0,Off-Campus,906,-2.53771937757134,"(-0.01, 1.0]"
103291,Information Science,24,Off-Campus,8.4,10,1,3,1.51,,2022-11-05,0,Off-Campus,1426,,"(1.0, 2.0]"
108043,Business Analytics,26,With Family,17.6,18,2,32,3.51,12.6,2022-08-27,0,With Family,3974,0.5534440233895782,"(3.0, 4.0]"
106277,Data Science,23,With Family,30.2,15,0,93,2.3,6.0,2023-10-03,0,With Family,2857,-1.1609827368072334,"(2.0, 3.0]"
106689,Information  Science,25, On-Campus,6.8,28,2,81,1.69,,2024-04-04,0,On-Campus,2065,,"(1.0, 2.0]"
107741,Business Analytics,22,With Family,6.8,35,1,23,2.69,,2022-12-04,0,With Family,3645,,"(2.0, 3.0]"
104365,Learning Technologies,29,With Family,3.6,20,0,32,2.43,11.0,2024-04-15,0,With Family,3865,0.13782541485701788,"(2.0, 3.0]"
106986,Cybersecurity,23,With Family,0.4,0,0,27,3.28,14.3,2023-08-23,0,With Family,5035,0.9950387949554239,"(3.0, 4.0]"
104811,Learning Technologies,27,Off-Campus,31.8,25,1,79,2.54,8.8,2023-08-31,0,Off-Campus,3069,-0.43365017187525245,"(2.0, 3.0]"
103530,Data Science,23,With Family,68.6,18,4,32,2.63,12.3,2022-10-02,0,With Family,3594,0.4755155342897234,"(2.0, 3.0]"
102337,Information Technology,24,Off-Campus,9.6,15,5,65,1.15,,2022-11-03,1,Off-Campus,2331,,"(1.0, 2.0]"
108091,Data Science,23,With Family,7.6,15,2,78,1.8,,2024-02-27,1,With Family,1809,,"(1.0, 2.0]"
102522,Cybersecurity,25,On-Campus,14.6,20,0,34,1.78,6.8,2023-11-12,0,On-Campus,2378,-0.9531734325409532,"(1.0, 2.0]"
103776,Business Analytics,24,Off-Campus,9.3,12,3,54,3.26,15.6,2022-08-24,0,Off-Campus,4520,1.332728914388129,"(3.0, 4.0]"
103547,Data Science,25,Off-Campus,5.6,0,5,44,2.74,16.6,2024-02-05,0,Off-Campus,4409,1.5924905447209796,"(2.0, 3.0]"
106911,Cybersecurity,27,On-Campus,3.5,25,2,65,2.84,11.6,2022-11-18,0,On-Campus,3884,0.29368239305672794,"(2.0, 3.0]"
106822,Information Technology,27,With Family,25.4,20,0,18,2.02,12.4,2022-09-16,1,With Family,3235,0.5014916973230084,"(2.0, 3.0]"
102517,Business Analytics,33,On-Campus,8.8,15,0,72,2.48,12.5,2024-04-22,0,On-Campus,3730,0.5274678603562932,"(2.0, 3.0]"
108032,Business Analytics,26, On-Campus,15.6,15,3,62,2.23,9.5,2022-11-25,0,On-Campus,2506,-0.25181703064225747,"(2.0, 3.0]"
109112,Data Science,23,Off-Campus,19.2,0,2,69,1.83,9.1,2022-10-11,0,Off-Campus,2466,-0.3557216827753977,"(1.0, 2.0]"
106954,Information Technology,25,On-Campus,18.1,28,0,18,0.0,2.3,2022-12-20,0,On-Campus,760,-2.122100769038779,"(-0.01, 1.0]"
107531,Information Technology,21,On-Campus,50.5,10,0,66,2.04,6.6,2022-11-19,1,On-Campus,2526,-1.0051257586075233,"(2.0, 3.0]"
106631,Business Analytics,33,On-Campus,7.1,25,1,74,1.95,2.2,2024-05-15,0,On-Campus,2007,-2.1480769320720645,"(1.0, 2.0]"
105791,Cybersecurity,25,On-Campus,15.9,25,0,67,1.05,,2023-11-25,0,On-Campus,1048,,"(1.0, 2.0]"
103734,Information Technology,23,Off-Campus,25.8,20,3,67,2.34,6.3,2023-09-30,0,Off-Campus,3279,-1.0830542477073783,"(2.0, 3.0]"
101004,Learning Technologies,28,With Family,14.3,12,2,0,2.37,12.2,2024-05-22,0,With Family,3837,0.449539371256438,"(2.0, 3.0]"
108131,Business Analytics,22,On-Campus,10.0,15,1,52,1.95,,2024-04-12,0,On-Campus,1926,,"(1.0, 2.0]"
109163,Data Science,33,On-Campus,31.5,25,3,32,2.19,,2023-10-21,0,On-Campus,2000,,"(2.0, 3.0]"
109137,Business Analytics,19,On-Campus,25.7,40,2,45,1.57,7.5,2024-04-28,0,On-Campus,2663,-0.771340291307958,"(1.0, 2.0]"
100580,Cybersecurity,25,With Family,18.7,20,1,57,1.85,,2024-04-24,1,With Family,2583,,"(1.0, 2.0]"
109502,Information Technology,26,Off-Campus,14.4,25,3,22,2.24,11.1,2023-11-30,0,Off-Campus,4299,0.1638015778903028,"(2.0, 3.0]"
103477,Business Analytics,25,On-Campus,12.6,30,3,93,1.87,7.6,2022-10-17,0,On-Campus,2860,-0.745364128274673,"(1.0, 2.0]"
108693,Cybersecurity,24,Off-Campus,11.5,5,3,52,1.99,9.7,2022-09-11,0,Off-Campus,2502,-0.1998647045756876,"(1.0, 2.0]"
103174,Business Analytics,23,On-Campus,28.3,20,2,65,1.59,6.2,2022-08-27,0,On-Campus,2396,-1.1090304107406632,"(1.0, 2.0]"
109745,Information Technology,26,With Family,15.8,30,1,27,1.69,7.9,2024-03-07,0,With Family,2524,-0.6674356391748179,"(1.0, 2.0]"
106905,Information Science,22,Off-Campus,11.9,25,0,52,2.61,12.8,2022-11-26,1,Off-Campus,3158,0.6053963494561485,"(2.0, 3.0]"
108418,Business Analytics,24,With Family,1.1,20,1,37,2.71,10.1,2022-09-06,0,With Family,2849,-0.09596005244254743,"(2.0, 3.0]"
107843,Cybersecurity,28,Off-Campus,8.5,15,5,60,3.35,13.3,2022-12-20,0,Off-Campus,4574,0.7352771646225736,"(3.0, 4.0]"
104336,Information Technology,26,Off-Campus,7.5,25,3,49,3.0,15.6,2023-09-07,0,Off-Campus,5220,1.332728914388129,"(2.0, 3.0]"
106084,Cybersecurity,25,off campus,7.7,20,3,14,3.12,15.2,2023-09-19,0,Off-Campus,4109,1.2288242622549888,"(3.0, 4.0]"
109411,Information  Science,24,With Family,6.6,20,1,24,1.44,4.1,2023-11-02,1,With Family,2125,-1.6545298344396488,"(1.0, 2.0]"
103631,Learning Technologies,21,Off-Campus,7.8,40,3,42,2.4,8.3,2023-12-07,1,Off-Campus,2674,-0.5635309870416776,"(2.0, 3.0]"
105603,Business Analytics,23,On-Campus,1.8,5,5,54,2.63,10.0,2024-04-27,1,On-Campus,4483,-0.12193621547583236,"(2.0, 3.0]"
107613,Information Science,31,With Family,11.8,35,5,13,3.27,11.1,2024-03-28,0,With Family,3863,0.1638015778903028,"(3.0, 4.0]"
100183,Information Technology,26,On-Campus,3.6,15,1,84,2.41,12.5,2022-12-04,0,On-Campus,4825,0.5274678603562932,"(2.0, 3.0]"
107869,Cybersecurity,20,With Family,13.2,10,0,79,2.06,,2022-09-17,0,With Family,3169,,"(2.0, 3.0]"
101469,Learning Technologies,23,Off-Campus,3.0,28,3,64,1.92,9.0,2022-09-13,0,Off-Campus,2266,-0.3816978458086826,"(1.0, 2.0]"
102908,Information Science,23,Off-Campus,26.8,30,3,87,0.7,,2024-02-13,0,Off-Campus,1657,,"(-0.01, 1.0]"
101759,Information Technology,32,on-campus,15.8,15,1,60,2.42,9.4,2024-05-25,1,On-Campus,3456,-0.27779319367554245,"(2.0, 3.0]"
103110,Information Technology,20, On-Campus,16.0,35,4,89,2.61,5.0,2024-03-21,0,On-Campus,2481,-1.4207443671400837,"(2.0, 3.0]"
105144,Cybersecurity,30,With Family,12.2,25,2,45,2.21,10.4,2022-09-27,0,With Family,2540,-0.018031563342692174,"(2.0, 3.0]"
105168,Information Technology,33,Off-Campus,14.5,15,3,38,3.19,16.7,2024-05-10,0,Off-Campus,4965,1.618466707754264,"(3.0, 4.0]"
101317,Learning Technologies,24,off campus,4.6,15,2,21,1.87,8.5,2022-11-08,0,Off-Campus,2757,-0.5115786609751077,"(1.0, 2.0]"
105591,Business Analytics,21,Off-Campus,6.7,10,4,78,2.24,8.3,2024-05-09,0,Off-Campus,3201,-0.5635309870416776,"(2.0, 3.0]"
100632,Information Science,23,On-Campus,6.8,20,3,50,2.44,6.5,2023-11-29,0,On-Campus,3084,-1.0311019216408082,"(2.0, 3.0]"
101160,Learning Technologies,23,On-Campus,25.1,15,2,55,1.43,6.0,2022-09-19,0,On-Campus,1768,-1.1609827368072334,"(1.0, 2.0]"
107270,Business Analytics,21,On-Campus,5.4,25,4,59,2.85,15.3,2024-03-26,0,On-Campus,4440,1.254800425288274,"(2.0, 3.0]"
102596,Learning Technologies,35,Off-campus,9.4,0,3,72,2.04,,2022-11-10,0,Off-Campus,2409,,"(2.0, 3.0]"
104513,Cyber Security,21,With Family,24.2,20,0,53,1.64,,2022-11-11,0,With Family,1860,,"(1.0, 2.0]"
108646,Business Analytics,28,Off-Campus,1.6,20,1,21,1.94,,2022-11-08,1,Off-Campus,2951,,"(1.0, 2.0]"
101122,Data Science,24,Off-Campus,4.8,35,2,78,2.74,12.9,2022-11-22,0,Off-Campus,3980,0.6313725124894335,"(2.0, 3.0]"
105217,Business Analytics,32,Off-Campus,9.9,5,4,49,2.94,14.2,2023-12-10,0,Off-Campus,4621,0.9690626319221385,"(2.0, 3.0]"
102104,Data Science,21,On-Campus,9.3,10,1,42,2.42,10.3,2022-09-19,0,On-Campus,3142,-0.04400772637597711,"(2.0, 3.0]"
106619,Business Analytics,25,On-Campus,5.3,25,3,30,2.3,8.9,2022-09-03,0,On-Campus,2968,-0.40767400884196753,"(2.0, 3.0]"
103257,Data Science,23,On-Campus,31.6,0,2,50,3.14,14.6,2023-10-06,0,On-Campus,4153,1.0729672840552786,"(3.0, 4.0]"
105793,Data Science,20,On-Campus,13.1,25,1,41,2.31,9.0,2023-10-02,1,On-Campus,3667,-0.3816978458086826,"(2.0, 3.0]"
103054,Learning Technologies,22,Off-Campus,21.2,20,1,57,1.99,10.9,2022-11-03,0,Off-Campus,3152,0.11184925182373295,"(1.0, 2.0]"
105843,Learning Technologies,31,With Family,9.2,20,6,33,3.22,14.5,2022-09-14,0,With Family,3905,1.0469911210219938,"(3.0, 4.0]"
104303,Cybersecurity,28,On-Campus,2.5,25,3,55,1.71,3.4,2024-02-08,1,On-Campus,1635,-1.8363629756726438,"(1.0, 2.0]"
109465,Data Science,21,off campus,13.0,15,3,0,2.27,,2022-09-03,0,Off-Campus,2963,,"(2.0, 3.0]"
102455,Data Science,26,Off-Campus,3.2,12,2,55,2.21,4.7,2024-04-22,0,Off-Campus,1806,-1.4986728562399387,"(2.0, 3.0]"
108041,Cybersecurity,25,Off-Campus,19.4,28,0,97,1.49,1.0,2024-04-29,0,Off-Campus,1233,-2.4597908884714847,"(1.0, 2.0]"
100159,Business Analytics,27,With Family,19.2,12,2,71,1.62,5.4,2023-10-09,0,With Family,2323,-1.3168397150069435,"(1.0, 2.0]"
102804,Cybersecurity,32,Off-Campus,15.8,30,1,36,1.19,,2024-04-06,1,Off-Campus,861,,"(1.0, 2.0]"
106813,Learning Technologies,33,On-Campus,4.6,15,1,70,2.52,15.1,2023-09-10,0,On-Campus,4263,1.2028480992217039,"(2.0, 3.0]"
106122,Data Science,21,with family,20.7,15,3,74,1.71,8.6,2022-10-02,0,With Family,2841,-0.4856024979418228,"(1.0, 2.0]"
103713,Business Analytics,26,with family,17.0,10,1,0,1.73,0.5,2022-11-10,0,With Family,1564,-2.5896717036379098,"(1.0, 2.0]"
100621,Information Technology,26,Off-Campus,39.4,18,1,54,1.42,,2022-10-04,1,Off-Campus,1992,,"(1.0, 2.0]"
100549,Learning Technologies,27,On-Campus,3.5,0,0,38,3.22,11.5,2024-03-25,0,On-Campus,3901,0.267706230023443,"(3.0, 4.0]"
105864,Cyber Security,21,Off-Campus,27.2,5,1,67,2.09,4.5,2023-08-28,1,Off-Campus,2013,-1.5506251823065087,"(2.0, 3.0]"
101564,Cybersecurity,26,Off-Campus,14.8,25,1,0,0.0,,2025-01-14,0,Off-Campus,4155,,"(-0.01, 1.0]"
106692,Information Science,29, On-Campus,2.0,15,0,35,2.09,12.3,2022-09-02,0,On-Campus,3255,0.4755155342897234,"(2.0, 3.0]"
106655,Information Technology,30,off campus,3.3,20,1,72,1.71,6.8,2024-02-29,0,Off-Campus,3092,-0.9531734325409532,"(1.0, 2.0]"
106979,Cybersecurity,20,With Family,11.4,15,3,58,2.68,16.4,2022-08-28,0,With Family,4552,1.5405382186544088,"(2.0, 3.0]"
101624,Cybersecurity,27,On-Campus,27.0,35,1,33,2.64,11.9,2024-02-23,1,On-Campus,3498,0.3716108821565832,"(2.0, 3.0]"
101219,Data Science,24,On-Campus,4.7,0,0,42,2.61,15.6,2022-10-17,0,On-Campus,3966,1.332728914388129,"(2.0, 3.0]"
104299,Info Technology,24,On-Campus,4.5,30,1,30,1.93,7.4,2023-09-27,1,On-Campus,2445,-0.7973164543412429,"(1.0, 2.0]"
109363,Data Science,27,With Family,9.4,10,5,41,3.1,15.0,2022-10-30,0,With Family,4058,1.1768719361884188,"(3.0, 4.0]"
105875,Information Science,24,On-Campus,13.7,12,3,34,1.64,,2022-11-07,1,On-Campus,2695,,"(1.0, 2.0]"
105847,Data Science,31,off campus,22.2,5,2,73,0.62,,2024-04-13,0,Off-Campus,1043,,"(-0.01, 1.0]"
101866,Information Science,24,With Family,4.5,5,1,83,1.8,8.9,2022-08-29,0,With Family,2739,-0.40767400884196753,"(1.0, 2.0]"
105461,Data Science,21,with family,16.1,10,1,65,2.12,,2022-09-21,1,With Family,1816,,"(2.0, 3.0]"
102791,Cybersecurity,24,Off-Campus,11.7,0,2,65,3.22,9.9,2024-02-29,0,Off-Campus,3106,-0.1479123785091173,"(3.0, 4.0]"
105600,Cybersecurity,23,With Family,8.0,15,3,65,1.59,7.1,2022-11-05,0,With Family,2538,-0.8752449434410982,"(1.0, 2.0]"
100956,Information Science,31,Off-campus,6.2,18,1,69,1.98,8.1,2022-09-02,0,Off-Campus,2678,-0.6154833131082479,"(1.0, 2.0]"
107161,Cybersecurity,23,Off-Campus,19.4,35,5,19,1.04,2.6,2023-10-14,0,Off-Campus,1343,-2.044172279938924,"(1.0, 2.0]"
106865,Business Analytics,28,On-Campus,18.4,35,1,47,2.15,,2024-03-26,0,On-Campus,2121,,"(2.0, 3.0]"
107222,Cybersecurity,21,Off-Campus,7.7,28,2,48,2.41,8.9,2022-09-27,0,Off-Campus,2670,-0.40767400884196753,"(2.0, 3.0]"
108035,Information Science,22,Off-Campus,5.0,12,1,35,2.05,10.3,2022-10-02,0,Off-Campus,3084,-0.04400772637597711,"(2.0, 3.0]"
106537,Info Technology,27,On-Campus,7.3,18,0,77,3.25,13.8,2024-03-31,0,On-Campus,4794,0.8651579797889988,"(3.0, 4.0]"
105222,Cybersecurity,19,With Family,5.7,15,4,45,2.19,9.3,2022-11-25,1,With Family,3037,-0.3037693567088274,"(2.0, 3.0]"
105488,Information Science,27,With Family,23.2,30,3,0,0.0,9.6,2025-01-18,0,With Family,3314,-0.22584086760897257,"(-0.01, 1.0]"
101450,Cybersecurity,24,With Family,14.7,20,5,95,2.43,11.8,2022-10-10,0,With Family,3307,0.3456347191232983,"(2.0, 3.0]"
107993,Business Analytics,37,On-Campus,7.1,10,1,65,1.98,11.0,2023-10-14,0,On-Campus,3560,0.13782541485701788,"(1.0, 2.0]"
109318,Cybersecurity,23,On-Campus,18.5,25,0,50,1.6,5.9,2022-09-13,1,On-Campus,2306,-1.1869588998405183,"(1.0, 2.0]"
101148,Data Science,33,On-Campus,6.3,25,0,17,1.57,10.6,2024-03-31,0,On-Campus,2711,0.033920762723877694,"(1.0, 2.0]"
106018,Information Science,27,On-Campus,1.0,15,1,59,2.27,8.8,2022-10-27,0,On-Campus,3507,-0.43365017187525245,"(2.0, 3.0]"
104884,Information Technology,27,Off-Campus,6.6,25,3,36,2.55,11.5,2022-12-14,0,Off-Campus,2777,0.267706230023443,"(2.0, 3.0]"
108076,Cyber Security,23,With Family,15.4,12,1,70,2.56,9.4,2022-10-16,0,With Family,3073,-0.27779319367554245,"(2.0, 3.0]"
108713,Cybersecurity,27,Off-Campus,27.3,25,3,56,1.38,,2023-08-30,1,Off-Campus,1797,,"(1.0, 2.0]"
100107,Learning Technologies,28,Off-Campus,19.6,25,3,0,0.0,7.0,2025-01-21,0,Off-Campus,1983,-0.9012211064743831,"(-0.01, 1.0]"
101991,Cyber Security,33,Off-Campus,1.2,12,1,56,2.61,8.1,2023-11-20,0,Off-Campus,3786,-0.6154833131082479,"(2.0, 3.0]"
103762,Information Technology,20,With Family,10.5,20,2,75,1.79,,2023-11-18,0,With Family,2800,,"(1.0, 2.0]"
103871,Information Technology,23,With Family,4.9,25,1,81,2.43,8.2,2022-11-05,0,With Family,3189,-0.589507150074963,"(2.0, 3.0]"
103997,Data Science,32,Off-Campus,1.9,28,3,39,2.28,13.1,2022-12-08,0,Off-Campus,3813,0.6833248385560033,"(2.0, 3.0]"
100202,Information Science,25,off campus,5.3,0,5,45,3.02,14.1,2022-10-20,0,Off-Campus,4629,0.9430864688888536,"(3.0, 4.0]"
107127,Data Science,26,On-Campus,6.4,25,3,75,2.52,,2024-04-18,0,On-Campus,2803,,"(2.0, 3.0]"
107306,Business Analytics,27,Off-Campus,1.5,12,3,21,2.65,16.0,2022-12-08,0,Off-Campus,4109,1.436633566521269,"(2.0, 3.0]"
108221,Cybersecurity,37,On-Campus,13.8,25,3,57,3.64,11.9,2022-12-14,0,On-Campus,3701,0.3716108821565832,"(3.0, 4.0]"
102011,Cybersecurity,25,On-Campus,2.9,5,3,27,2.62,,2023-10-08,0,On-Campus,4260,,"(2.0, 3.0]"
104120,Information Technology,22,Off-Campus,5.1,18,0,60,3.31,13.7,2024-03-31,0,Off-Campus,4797,0.8391818167557134,"(3.0, 4.0]"
107535,Information Technology,24,On-Campus,19.0,10,1,2,0.95,3.9,2024-04-23,0,On-Campus,1329,-1.7064821605062188,"(-0.01, 1.0]"
100235,Learning Technologies,24,With Family,9.9,30,2,92,3.44,14.7,2022-11-17,0,With Family,4831,1.0989434470885637,"(3.0, 4.0]"
106831,Learning Technologies,24,On-Campus,3.3,25,5,26,1.33,7.9,2024-05-13,0,On-Campus,2765,-0.6674356391748179,"(1.0, 2.0]"
102877,Cybersecurity,25,With Family,6.9,10,8,45,3.1,15.4,2024-03-04,0,With Family,5385,1.2807765883215592,"(3.0, 4.0]"
100684,Cybersecurity,25,Off-Campus,2.5,28,2,75,2.75,9.4,2022-10-31,1,Off-Campus,3646,-0.27779319367554245,"(2.0, 3.0]"
101256,Information Science,26,With Family,18.3,10,1,68,1.6,,2022-10-11,1,With Family,2346,,"(1.0, 2.0]"
103072,Learning Technologies,23,On-Campus,7.5,35,5,50,2.45,12.5,2023-09-16,0,On-Campus,3563,0.5274678603562932,"(2.0, 3.0]"
104609,Data Science,18,Off-Campus,1.4,15,3,38,2.58,15.0,2023-11-25,1,Off-Campus,4307,1.1768719361884188,"(2.0, 3.0]"
104305,Information Science,22,On-Campus,40.8,0,2,0,2.87,8.4,2022-11-20,0,On-Campus,3376,-0.5375548240083927,"(2.0, 3.0]"
101279,Information Technology,23,on-campus,9.7,15,2,59,2.86,18.1,2024-03-15,0,On-Campus,4740,1.9821329902202551,"(2.0, 3.0]"
106997,Data Science,20,On-Campus,19.9,18,0,74,1.95,9.0,2024-03-09,0,On-Campus,2876,-0.3816978458086826,"(1.0, 2.0]"
105924,Business Analytics,22,With Family,5.7,25,1,56,2.1,8.6,2024-02-29,0,With Family,3666,-0.4856024979418228,"(2.0, 3.0]"
100263,Information Science,24,Off-Campus,16.3,5,1,51,1.44,9.6,2024-03-17,0,Off-Campus,2638,-0.22584086760897257,"(1.0, 2.0]"
105244,Business Analytics,33,Off-Campus,19.7,12,1,56,0.0,,2022-11-03,1,Off-Campus,1454,,"(-0.01, 1.0]"
104545,Data Science,23,With Family,10.0,5,4,75,2.81,12.6,2022-11-15,1,With Family,4516,0.5534440233895782,"(2.0, 3.0]"
102497,Info Technology,24,with family,13.6,30,2,76,3.52,15.6,2022-09-08,0,With Family,4717,1.332728914388129,"(3.0, 4.0]"
107003,Data Science,26,With Family,4.4,20,1,17,1.15,2.9,2022-10-16,0,With Family,1510,-1.966243790839069,"(1.0, 2.0]"
109228,Cybersecurity,28,With Family,8.2,35,0,64,2.91,13.9,2022-11-12,1,With Family,3791,0.8911341428222836,"(2.0, 3.0]"
102559,Data Science,29,Off-Campus,26.0,35,2,53,2.28,3.9,2022-09-15,0,Off-Campus,2330,-1.7064821605062188,"(2.0, 3.0]"
106653,Cybersecurity,25,Off-Campus,0.1,10,2,72,1.97,12.2,2022-12-01,0,Off-Campus,2968,0.449539371256438,"(1.0, 2.0]"
105855,Cyber Security,22,on-campus,7.2,28,4,60,3.04,13.1,2022-09-22,0,On-Campus,3761,0.6833248385560033,"(3.0, 4.0]"
108247,Information Technology,25,On-Campus,11.4,12,2,55,2.28,8.5,2022-11-16,0,On-Campus,2827,-0.5115786609751077,"(2.0, 3.0]"
100548,Data Science,29,On-Campus,8.9,18,2,41,3.08,14.0,2024-03-17,0,On-Campus,3521,0.9171103058555686,"(3.0, 4.0]"
107491,Information Science,28, On-Campus,22.9,28,1,45,1.12,,2024-03-12,0,On-Campus,1473,,"(1.0, 2.0]"
107786,Information Technology,24,Off-Campus,11.1,35,2,27,2.77,16.6,2022-10-01,0,Off-Campus,4789,1.5924905447209796,"(2.0, 3.0]"
106342,Business Analytics,24,Off-Campus,21.6,25,3,70,2.45,8.3,2023-10-23,1,Off-Campus,2908,-0.5635309870416776,"(2.0, 3.0]"
105019,Cybersecurity,22,On-Campus,3.5,20,1,15,2.6,10.5,2023-10-19,0,On-Campus,3997,0.00794459969059276,"(2.0, 3.0]"
103607,Data Science,22,Off-Campus,20.3,10,0,76,1.7,4.2,2022-09-10,0,Off-Campus,1567,-1.6285536714063638,"(1.0, 2.0]"
103113,Cybersecurity,26,Off-Campus,3.3,0,0,82,2.44,12.2,2024-05-20,0,Off-Campus,3949,0.449539371256438,"(2.0, 3.0]"
107220,Learning Technologies,25,On-Campus,11.5,18,3,0,2.28,15.6,2022-10-21,0,On-Campus,4104,1.332728914388129,"(2.0, 3.0]"
107216,Business Analytics,28,Off-Campus,7.2,0,6,100,3.22,16.0,2022-09-10,0,Off-Campus,4956,1.436633566521269,"(3.0, 4.0]"
109236,Learning Technologies,32,Off-Campus,11.1,12,1,54,2.24,8.5,2024-04-08,0,Off-Campus,3185,-0.5115786609751077,"(2.0, 3.0]"
104843,Business Analytics,25,Off-campus,14.4,28,3,21,1.84,7.8,2023-12-17,0,Off-Campus,2186,-0.693411802208103,"(1.0, 2.0]"
102076,Data Science,26,Off-campus,7.3,10,2,73,2.3,11.0,2022-09-13,0,Off-Campus,3305,0.13782541485701788,"(2.0, 3.0]"
109482,Information  Science,26,Off-Campus,9.9,18,5,39,2.7,11.3,2023-10-28,0,Off-Campus,3598,0.21575390395687313,"(2.0, 3.0]"
107697,Cybersecurity,22,Off-Campus,14.1,15,2,37,2.87,14.9,2022-10-19,0,Off-Campus,3084,1.150895773155134,"(2.0, 3.0]"
109497,Information Science,26,With Family,1.7,40,0,67,1.92,9.1,2022-11-24,0,With Family,1939,-0.3557216827753977,"(1.0, 2.0]"
101026,Information Science,28,Off-Campus,7.5,20,2,41,2.16,3.0,2024-03-30,1,Off-Campus,1852,-1.9402676278057842,"(2.0, 3.0]"
101623,Business Analytics,25,Off-Campus,2.1,15,4,114,2.98,17.0,2024-02-03,0,Off-Campus,4836,1.6963951968541193,"(2.0, 3.0]"
102300,Cybersecurity,24,Off-Campus,15.1,12,1,56,2.07,5.1,2024-02-03,0,Off-Campus,1838,-1.3947682041067986,"(2.0, 3.0]"
101342,Information Science,22,Off-Campus,2.1,5,2,27,3.11,11.1,2022-11-09,0,Off-Campus,3893,0.1638015778903028,"(3.0, 4.0]"
103179,Business Analytics,23,Off-Campus,2.4,0,3,48,2.38,15.3,2024-03-07,0,Off-Campus,3881,1.254800425288274,"(2.0, 3.0]"
101730,Information Technology,22,With Family,31.8,30,0,94,1.86,7.4,2022-10-08,0,With Family,3044,-0.7973164543412429,"(1.0, 2.0]"
106257,DataScience,29,With Family,4.1,28,1,48,2.88,9.7,2022-09-22,0,With Family,4276,-0.1998647045756876,"(2.0, 3.0]"
108245,Information Science,22,Off-Campus,5.9,35,5,91,2.13,9.3,2023-11-07,0,Off-Campus,3816,-0.3037693567088274,"(2.0, 3.0]"
108515,Information Technology,27,Off-Campus,8.3,20,0,48,0.62,6.5,2023-10-18,1,Off-Campus,1300,-1.0311019216408082,"(-0.01, 1.0]"
107288,Learning Technologies,21,off campus,1.1,18,1,110,3.03,16.3,2022-08-25,0,Off-Campus,4753,1.5145620556211243,"(3.0, 4.0]"
106413,Information Technology,23,On-Campus,1.8,25,3,0,2.09,12.2,2024-03-13,0,On-Campus,3415,0.449539371256438,"(2.0, 3.0]"
108578,Business Analytics,19,off campus,9.9,12,0,98,2.13,8.4,2024-02-15,0,Off-Campus,2110,-0.5375548240083927,"(2.0, 3.0]"
100647,Business Analytics,23,off campus,4.5,12,5,31,3.25,11.2,2022-11-22,0,Off-Campus,4440,0.18977774092358776,"(3.0, 4.0]"
105954,Cybersecurity,25,On-Campus,0.9,15,1,16,2.12,10.8,2023-11-06,0,On-Campus,3635,0.08587308879044803,"(2.0, 3.0]"
106744,Cybersecurity,28,Off-Campus,30.3,15,1,19,2.45,11.8,2022-09-05,0,Off-Campus,3492,0.3456347191232983,"(2.0, 3.0]"
106568,Information Science,24,off campus,10.3,15,4,37,3.47,16.2,2022-11-09,1,Off-Campus,5237,1.488585892587839,"(3.0, 4.0]"
106830,Data Science,20,off campus,26.6,0,1,62,1.73,7.2,2024-03-24,1,Off-Campus,2245,-0.8492687804078131,"(1.0, 2.0]"
109799,Learning Technologies,29,On-Campus,4.3,25,3,46,2.02,9.3,2023-10-27,0,On-Campus,2930,-0.3037693567088274,"(2.0, 3.0]"
101613,Data Science,22,With Family,32.1,35,0,0,0.0,10.7,2025-01-14,0,With Family,2892,0.05989692575716263,"(-0.01, 1.0]"
106623,Information Technology,20,Off-Campus,11.2,5,3,9,2.92,10.8,2024-05-16,0,Off-Campus,3170,0.08587308879044803,"(2.0, 3.0]"
107042,Cybersecurity,27,off campus,14.3,0,2,27,1.51,8.6,2022-09-22,0,Off-Campus,2689,-0.4856024979418228,"(1.0, 2.0]"
105738,Learning Technologies,24,With Family,4.3,0,4,48,2.39,13.6,2024-04-29,1,With Family,3527,0.8132056537224285,"(2.0, 3.0]"
109558,Information Technology,25,Off-Campus,8.6,30,2,63,2.05,8.7,2023-10-06,0,Off-Campus,3181,-0.4596263349085379,"(2.0, 3.0]"
101582,Cybersecurity,27,Off-Campus,7.2,25,6,55,2.64,10.7,2022-09-27,1,Off-Campus,3982,0.05989692575716263,"(2.0, 3.0]"
107152,Information Technology,28,Off-Campus,11.8,30,1,58,2.85,17.5,2022-11-24,0,Off-Campus,4058,1.8262760120205446,"(2.0, 3.0]"
100852,Learning Technologies,26,Off-Campus,5.8,12,3,15,3.57,15.0,2024-03-27,0,Off-Campus,4770,1.1768719361884188,"(3.0, 4.0]"
100318,Cybersecurity,26,on-campus,41.6,15,1,34,2.03,6.8,2024-02-29,0,On-Campus,3184,-0.9531734325409532,"(2.0, 3.0]"
108268,Information  Science,26,Off-Campus,10.6,15,4,30,2.44,12.2,2022-08-28,0,Off-Campus,3709,0.449539371256438,"(2.0, 3.0]"
107147,Business Analytics,29,On-Campus,16.4,30,2,38,2.22,9.3,2023-08-23,0,On-Campus,2246,-0.3037693567088274,"(2.0, 3.0]"
100315,Information Science,22,Off-Campus,12.4,30,0,35,1.69,3.5,2022-11-16,1,Off-Campus,2431,-1.810386812639359,"(1.0, 2.0]"
105341,Business Analytics,22,Off-Campus,6.5,15,1,43,2.56,9.6,2024-03-10,1,Off-Campus,3448,-0.22584086760897257,"(2.0, 3.0]"
106734,Information Science,32,Off-campus,2.8,40,1,44,2.43,7.8,2023-12-13,0,Off-Campus,3461,-0.693411802208103,"(2.0, 3.0]"
108106,Business Analytics,27,Off-Campus,3.9,20,1,50,1.94,5.5,2024-05-14,1,Off-Campus,2998,-1.2908635519736584,"(1.0, 2.0]"
106356,Business Analytics,32,Off-Campus,24.7,18,3,117,2.11,10.1,2022-09-12,0,Off-Campus,3734,-0.09596005244254743,"(2.0, 3.0]"
100426,Data Science,31,With Family,0.9,18,2,62,1.92,14.8,2024-02-10,0,With Family,4034,1.124919610121849,"(1.0, 2.0]"
108416,Cybersecurity,23,On-Campus,7.6,25,3,74,2.39,10.0,2022-11-15,0,On-Campus,4377,-0.12193621547583236,"(2.0, 3.0]"
104384,Information Science,25,on-campus,9.8,25,6,56,2.47,12.5,2024-05-19,0,On-Campus,4337,0.5274678603562932,"(2.0, 3.0]"
103336,Learning Technologies,26,On-Campus,14.7,20,2,39,1.53,8.0,2022-10-05,1,On-Campus,2641,-0.6414594761415329,"(1.0, 2.0]"
106839,Business Analytics,29,On-Campus,14.0,5,1,38,2.57,13.4,2024-03-13,0,On-Campus,3885,0.7612533276558586,"(2.0, 3.0]"
107513,Business Analytics,24,off campus,3.0,30,0,8,2.42,6.1,2022-09-04,0,Off-Campus,2567,-1.1350065737739485,"(2.0, 3.0]"
106622,Information Science,21,Off-Campus,14.1,20,2,46,1.74,,2024-04-26,0,Off-Campus,1770,,"(1.0, 2.0]"
108271,Cybersecurity,32,On-Campus,11.2,5,4,36,2.37,14.0,2023-09-28,0,On-Campus,4083,0.9171103058555686,"(2.0, 3.0]"
107820,Cyber Security,27,with family,10.4,15,3,44,2.92,15.2,2022-10-02,1,With Family,4084,1.2288242622549888,"(2.0, 3.0]"
107594,Cybersecurity,32,Off-Campus,13.9,35,0,66,3.23,20.4,2022-11-21,0,Off-Campus,4732,2.57958473998581,"(3.0, 4.0]"
108081,Cyber Security,28,Off-Campus,9.0,35,1,97,2.11,9.7,2024-05-24,0,Off-Campus,2787,-0.1998647045756876,"(2.0, 3.0]"
105892,Data Science,22,On-Campus,14.7,12,1,51,1.56,,2023-10-21,0,On-Campus,2121,,"(1.0, 2.0]"
105762,Information Science,32,on-campus,31.2,15,0,73,1.6,,2022-10-25,0,On-Campus,2177,,"(1.0, 2.0]"
105276,Information Technology,23,With Family,15.7,18,3,79,2.33,5.4,2023-12-07,0,With Family,2722,-1.3168397150069435,"(2.0, 3.0]"
102144,Business Analytics,29,With Family,12.9,25,2,40,1.97,8.2,2024-03-17,0,With Family,3213,-0.589507150074963,"(1.0, 2.0]"
109169,Business Analytics,22,On-Campus,16.1,18,0,64,1.61,6.2,2024-03-28,1,On-Campus,2192,-1.1090304107406632,"(1.0, 2.0]"
109594,Data Science,20,Off-Campus,9.9,0,2,44,3.02,17.2,2022-12-14,0,Off-Campus,4518,1.7483475229206893,"(3.0, 4.0]"
105332,Data Science,24,Off-Campus,18.1,5,2,25,1.57,7.0,2024-04-28,0,Off-Campus,1724,-0.9012211064743831,"(1.0, 2.0]"
106718,Information  Science,29,On-Campus,15.8,0,2,42,1.45,9.7,2022-10-11,0,On-Campus,2395,-0.1998647045756876,"(1.0, 2.0]"
101994,Cybersecurity,26,With Family,9.2,20,3,71,2.57,10.8,2022-09-30,0,With Family,3687,0.08587308879044803,"(2.0, 3.0]"
103419,Information Technology,20,on-campus,10.6,12,0,64,1.95,9.8,2022-10-28,0,On-Campus,3137,-0.17388854154240224,"(1.0, 2.0]"
105819,Info Technology,26,Off-Campus,6.0,0,1,54,1.37,5.5,2024-04-07,1,Off-Campus,1774,-1.2908635519736584,"(1.0, 2.0]"
104389,Business Analytics,20,with family,10.0,15,0,73,2.98,9.9,2022-08-23,0,With Family,3051,-0.1479123785091173,"(2.0, 3.0]"
109642,Learning Technologies,23,With Family,15.7,0,2,102,2.37,10.0,2022-10-13,0,With Family,3699,-0.12193621547583236,"(2.0, 3.0]"
109603,Learning Technologies,31,Off-Campus,2.6,20,2,59,2.24,,2024-02-28,1,Off-Campus,1570,,"(2.0, 3.0]"
100540,Information Science,25,Off-campus,16.2,25,1,10,2.63,10.8,2022-10-06,0,Off-Campus,3463,0.08587308879044803,"(2.0, 3.0]"
108457,Cybersecurity,22,Off-Campus,3.2,0,2,58,2.62,9.4,2024-02-26,0,Off-Campus,4818,-0.27779319367554245,"(2.0, 3.0]"
103006,Cybersecurity,26,On-Campus,26.7,10,4,21,2.45,7.5,2022-09-07,0,On-Campus,3108,-0.771340291307958,"(2.0, 3.0]"
102162,Information Technology,21,Off-Campus,1.3,12,1,101,2.89,15.9,2022-11-26,1,Off-Campus,4170,1.4106574034879842,"(2.0, 3.0]"
103101,Cybersecurity,26,Off-Campus,22.0,25,2,87,1.44,7.6,2022-11-03,1,Off-Campus,1942,-0.745364128274673,"(1.0, 2.0]"
103147,Information Technology,23,Off-Campus,7.1,25,1,9,1.55,4.7,2024-03-30,0,Off-Campus,1606,-1.4986728562399387,"(1.0, 2.0]"
106508,Information Technology,30,With Family,16.5,15,3,45,1.97,7.0,2024-03-15,0,With Family,3158,-0.9012211064743831,"(1.0, 2.0]"
108958,Cybersecurity,23,With Family,14.9,18,5,106,2.96,10.5,2022-10-21,1,With Family,3911,0.00794459969059276,"(2.0, 3.0]"
105916,Information Technology,30,Off-campus,0.6,15,3,11,3.08,11.7,2023-09-10,0,Off-Campus,4560,0.31965855609001287,"(3.0, 4.0]"
106780,Learning Technologies,23,On-Campus,13.0,25,0,99,3.05,13.0,2024-03-12,0,On-Campus,3783,0.6573486755227184,"(3.0, 4.0]"
101096,DataScience,21,With Family,6.1,20,3,52,3.0,16.3,2022-09-03,1,With Family,4361,1.5145620556211243,"(2.0, 3.0]"
102485,Business Analytics,21,Off-Campus,2.8,10,2,0,2.88,13.1,2024-03-30,0,Off-Campus,4408,0.6833248385560033,"(2.0, 3.0]"
104031,Cybersecurity,31,With Family,23.4,10,2,72,2.22,11.1,2023-09-23,0,With Family,3818,0.1638015778903028,"(2.0, 3.0]"
108652,Information Technology,21,With Family,5.5,20,5,14,2.63,11.9,2022-11-17,0,With Family,3675,0.3716108821565832,"(2.0, 3.0]"
100253,Business Analytics,25,Off-Campus,20.7,12,1,46,2.5,12.4,2024-04-04,1,Off-Campus,3823,0.5014916973230084,"(2.0, 3.0]"
102648,Cybersecurity,25,on-campus,7.2,25,1,93,1.25,,2022-12-19,0,On-Campus,2042,,"(1.0, 2.0]"
