student_id,week,lms_clicks,minutes_active
NU-101028,1,420,260
NU-101028,2,388,255
NU-101028,3,544,340
NU-101028,4,498,311
NU-101028,5,319,266
NU-101028,6,402,258
NU-101028,7,534,278
NU-101028,8,384,241
NU-101028,9,179,88
NU-101028,10,265,243
NU-101028,11,471,280
NU-101028,12,619,311
NU-101028,13,236,162
NU-101028,14,426,326
NU-101028,15,358,305
NU-101028,16,278,207
NU-103508,1,450,225
NU-103508,2,348,221
NU-103508,3,347,214
NU-103508,4,385,220
NU-103508,5,252,243
NU-103508,6,323,212
NU-103508,7,449,261
NU-103508,8,350,275
NU-103508,9,102,71
NU-103508,10,341,258
NU-103508,11,344,237
NU-103508,12,266,156
NU-103508,13,261,147
NU-103508,14,384,239
NU-103508,15,313,204
NU-103508,16,279,170
NU-104305,1,403,193
NU-104305,2,336,205
NU-104305,3,351,265
NU-104305,4,280,224
NU-104305,5,257,225
NU-104305,6,537,241
NU-104305,7,386,210
NU-104305,8,304,233
NU-104305,9,72,48
NU-104305,10,601,277
NU-104305,11,328,200
NU-104305,12,427,191
NU-104305,13,246,206
NU-104305,14,358,261
NU-104305,15,373,217
NU-104305,16,308,180
NU-100895,1,491,297
NU-100895,2,337,239
NU-100895,3,505,269
NU-100895,4,442,279
NU-100895,5,173,126
NU-100895,6,300,219
NU-100895,7,239,203
NU-100895,8,376,249
NU-100895,9,116,76
NU-100895,10,299,288
NU-100895,11,249,165
NU-100895,12,409,238
NU-100895,13,392,232
NU-100895,14,280,220
NU-100895,15,214,233
NU-100895,16,488,293
NU-108424,1,490,270
NU-108424,2,208,224
NU-108424,3,371,290
NU-108424,4,388,282
NU-108424,5,363,196
NU-108424,6,547,309
NU-108424,7,678,358
NU-108424,8,395,254
NU-108424,9,211,118
NU-108424,10,327,193
NU-108424,11,375,242
NU-108424,12,290,250
NU-108424,13,437,240
NU-108424,14,422,220
NU-108424,15,462,304
NU-108424,16,432,289
NU-106717,1,186,138
NU-106717,2,230,136
NU-106717,3,290,176
NU-106717,4,291,163
NU-106717,5,245,156
NU-106717,6,211,124
NU-106717,7,196,196
NU-106717,8,191,180
NU-106717,9,84,54
NU-106717,10,163,130
NU-106717,11,185,130
NU-106717,12,338,205
NU-106717,13,293,184
NU-106717,14,154,127
NU-106717,15,190,129
NU-106717,16,376,212
NU-108065,1,363,229
NU-108065,2,453,262
NU-108065,3,525,291
NU-108065,4,501,307
NU-108065,5,362,191
NU-108065,6,479,259
NU-108065,7,322,204
NU-108065,8,339,222
NU-108065,9,209,118
NU-108065,10,376,264
NU-108065,11,459,267
NU-108065,12,482,267
NU-108065,13,463,290
NU-108065,14,389,201
NU-108065,15,384,228
NU-108065,16,425,235
NU-100366,1,146,175
NU-100366,2,265,196
NU-100366,3,166,190
NU-100366,4,254,163
NU-100366,5,353,158
NU-100366,6,151,151
NU-100366,7,322,186
NU-100366,8,332,219
NU-100366,9,137,79
NU-100366,10,395,210
NU-100366,11,361,222
NU-100366,12,256,200
NU-100366,13,356,182
NU-100366,14,258,155
NU-100366,15,392,203
NU-100366,16,308,161
NU-103880,1,438,270
NU-103880,2,372,234
NU-103880,3,359,214
NU-103880,4,408,243
NU-103880,5,447,213
NU-103880,6,290,229
NU-103880,7,461,257
NU-103880,8,212,111
NU-103880,9,182,117
NU-103880,10,364,235
NU-103880,11,391,179
NU-103880,12,537,254
NU-103880,13,511,237
NU-103880,14,456,218
NU-103880,15,327,269
NU-103880,16,217,201
NU-103050,1,323,195
NU-103050,2,377,277
NU-103050,3,362,230
NU-103050,4,387,222
NU-103050,5,334,221
NU-103050,6,394,261
NU-103050,7,224,202
NU-103050,8,278,154
NU-103050,9,136,92
NU-103050,10,390,174
NU-103050,11,340,168
NU-103050,12,376,195
NU-103050,13,358,277
NU-103050,14,391,252
NU-103050,15,266,148
NU-103050,16,402,209
NU-105105,1,328,273
NU-105105,2,399,187
NU-105105,3,220,115
NU-105105,4,384,215
NU-105105,5,196,125
NU-105105,6,227,166
NU-105105,7,252,167
NU-105105,8,125,65
NU-105105,9,132,74
NU-105105,10,316,193
NU-105105,11,317,180
NU-105105,12,327,187
NU-105105,13,284,211
NU-105105,14,221,148
NU-105105,15,382,223
NU-105105,16,157,111
NU-102873,1,235,200
NU-102873,2,292,211
NU-102873,3,314,234
NU-102873,4,246,154
NU-102873,5,251,163
NU-102873,6,545,323
NU-102873,7,219,101
NU-102873,8,320,211
NU-102873,9,87,61
NU-102873,10,295,192
NU-102873,11,227,184
NU-102873,12,357,253
NU-102873,13,277,170
NU-102873,14,366,178
NU-102873,15,276,221
NU-102873,16,207,130
NU-104724,1,358,216
NU-104724,2,268,218
NU-104724,3,329,208
NU-104724,4,375,211
NU-104724,5,270,198
NU-104724,6,377,182
NU-104724,7,404,245
NU-104724,8,158,209
NU-104724,9,144,83
NU-104724,10,305,157
NU-104724,11,180,148
NU-104724,12,275,212
NU-104724,13,261,188
NU-104724,14,279,190
NU-104724,15,180,157
NU-104724,16,327,190
NU-106689,1,294,181
NU-106689,2,332,157
NU-106689,3,144,103
NU-106689,4,187,153
NU-106689,5,143,133
NU-106689,6,163,106
NU-106689,7,155,82
NU-106689,8,213,118
NU-106689,9,92,60
NU-106689,10,248,191
NU-106689,11,352,183
NU-106689,12,186,100
NU-106689,13,188,110
NU-106689,14,180,128
NU-106689,15,253,157
NU-106689,16,149,103
NU-108191,1,341,246
NU-108191,2,492,253
NU-108191,3,502,233
NU-108191,4,383,251
NU-108191,5,314,207
NU-108191,6,498,234
NU-108191,7,416,266
NU-108191,8,506,330
NU-108191,9,134,92
NU-108191,10,408,340
NU-108191,11,425,271
NU-108191,12,501,268
NU-108191,13,369,253
NU-108191,14,311,230
NU-108191,15,420,243
NU-108191,16,461,255
NU-100631,1,143,106
NU-100631,2,287,189
NU-100631,3,277,168
NU-100631,4,326,160
NU-100631,5,130,158
NU-100631,6,273,189
NU-100631,7,416,210
NU-100631,8,292,217
NU-100631,9,178,93
NU-100631,10,201,168
NU-100631,11,179,134
NU-100631,12,156,128
NU-100631,13,409,222
NU-100631,14,289,173
NU-100631,15,347,221
NU-100631,16,204,181
NU-104766,1,518,289
NU-104766,2,527,309
NU-104766,3,675,324
NU-104766,4,506,303
NU-104766,5,732,414
NU-104766,6,359,318
NU-104766,7,605,289
NU-104766,8,491,350
NU-104766,9,185,133
NU-104766,10,300,241
NU-104766,11,498,274
NU-104766,12,552,299
NU-104766,13,319,277
NU-104766,14,505,303
NU-104766,15,475,324
NU-104766,16,329,321
NU-106986,1,553,288
NU-106986,2,523,349
NU-106986,3,627,355
NU-106986,4,480,289
NU-106986,5,589,310
NU-106986,6,163,261
NU-106986,7,508,360
NU-106986,8,600,359
NU-106986,9,286,133
NU-106986,10,497,351
NU-106986,11,616,355
NU-106986,12,405,289
NU-106986,13,437,367
NU-106986,14,418,255
NU-106986,15,505,344
NU-106986,16,456,370
NU-108997,1,334,244
NU-108997,2,699,310
NU-108997,3,432,303
NU-108997,4,329,233
NU-108997,5,485,293
NU-108997,6,583,354
NU-108997,7,439,274
NU-108997,8,282,212
NU-108997,9,235,101
NU-108997,10,508,301
NU-108997,11,326,236
NU-108997,12,394,280
NU-108997,13,416,268
NU-108997,14,461,264
NU-108997,15,436,244
NU-108997,16,454,339
NU-108888,1,499,322
NU-108888,2,539,341
NU-108888,3,253,251
NU-108888,4,554,334
NU-108888,5,460,333
NU-108888,6,602,317
NU-108888,7,438,345
NU-108888,8,634,321
NU-108888,9,239,141
NU-108888,10,517,287
NU-108888,11,511,322
NU-108888,12,674,360
NU-108888,13,604,342
NU-108888,14,534,333
NU-108888,15,409,259
NU-108888,16,622,370
NU-101511,1,300,182
NU-101511,2,309,229
NU-101511,3,282,183
NU-101511,4,454,205
NU-101511,5,149,97
NU-101511,6,180,192
NU-101511,7,347,309
NU-101511,8,382,224
NU-101511,9,169,82
NU-101511,10,234,137
NU-101511,11,182,132
NU-101511,12,356,243
NU-101511,13,320,259
NU-101511,14,345,198
NU-101511,15,373,200
NU-101511,16,235,276
NU-108020,1,322,172
NU-108020,2,236,131
NU-108020,3,412,263
NU-108020,4,285,194
NU-108020,5,263,182
NU-108020,6,281,185
NU-108020,7,342,211
NU-108020,8,210,233
NU-108020,9,192,108
NU-108020,10,181,139
NU-108020,11,203,271
NU-108020,12,325,201
NU-108020,13,167,112
NU-108020,14,215,137
NU-108020,15,364,212
NU-108020,16,373,210
NU-101903,1,668,359
NU-101903,2,556,365
NU-101903,3,674,355
NU-101903,4,456,308
NU-101903,5,472,313
NU-101903,6,544,377
NU-101903,7,349,314
NU-101903,8,644,403
NU-101903,9,186,142
NU-101903,10,573,347
NU-101903,11,701,363
NU-101903,12,505,338
NU-101903,13,726,367
NU-101903,14,614,313
NU-101903,15,497,405
NU-101903,16,948,396
NU-109838,1,182,125
NU-109838,2,386,237
NU-109838,3,371,255
NU-109838,4,336,172
NU-109838,5,293,189
NU-109838,6,202,146
NU-109838,7,227,206
NU-109838,8,280,183
NU-109838,9,97,71
NU-109838,10,228,183
NU-109838,11,216,142
NU-109838,12,302,223
NU-109838,13,126,67
NU-109838,14,172,102
NU-109838,15,173,135
NU-109838,16,321,215
NU-105580,1,299,145
NU-105580,2,143,119
NU-105580,3,263,173
NU-105580,4,299,154
NU-105580,5,221,129
NU-105580,6,319,184
NU-105580,7,281,174
NU-105580,8,347,231
NU-105580,9,133,97
NU-105580,10,225,135
NU-105580,11,272,178
NU-105580,12,351,184
NU-105580,13,168,119
NU-105580,14,433,213
NU-105580,15,242,157
NU-105580,16,297,195
NU-104352,1,359,197
NU-104352,2,340,185
NU-104352,3,378,194
NU-104352,4,382,236
NU-104352,5,384,241
NU-104352,6,270,175
NU-104352,7,438,202
NU-104352,8,426,282
NU-104352,9,215,97
NU-104352,10,400,235
NU-104352,11,283,217
NU-104352,12,443,226
NU-104352,13,338,161
NU-104352,14,515,270
NU-104352,15,392,267
NU-104352,16,417,201
NU-101317,1,346,169
NU-101317,2,300,201
NU-101317,3,226,229
NU-101317,4,235,162
NU-101317,5,210,138
NU-101317,6,450,229
NU-101317,7,199,121
NU-101317,8,186,140
NU-101317,9,112,64
NU-101317,10,402,223
NU-101317,11,290,179
NU-101317,12,260,186
NU-101317,13,232,169
NU-101317,14,479,192
NU-101317,15,295,209
NU-101317,16,171,146
NU-108560,1,161,119
NU-108560,2,182,106
NU-108560,3,108,82
NU-108560,4,269,170
NU-108560,5,321,196
NU-108560,6,253,119
NU-108560,7,188,98
NU-108560,8,290,165
NU-108560,9,87,71
NU-108560,10,243,153
NU-108560,11,151,92
NU-108560,12,212,129
NU-108560,13,244,152
NU-108560,14,224,123
NU-108560,15,64,35
NU-108560,16,146,119
NU-102024,1,218,120
NU-102024,2,252,125
NU-102024,3,253,163
NU-102024,4,142,77
NU-102024,5,179,105
NU-102024,6,208,131
NU-102024,7,215,134
NU-102024,8,264,175
NU-102024,9,97,51
NU-102024,10,207,139
NU-102024,11,181,115
NU-102024,12,110,65
NU-102024,13,228,185
NU-102024,14,406,203
NU-102024,15,195,105
NU-102024,16,174,109
NU-103803,1,256,202
NU-103803,2,282,156
NU-103803,3,246,134
NU-103803,4,297,157
NU-103803,5,211,138
NU-103803,6,270,174
NU-103803,7,88,65
NU-103803,8,240,132
NU-103803,9,42,39
NU-103803,10,294,174
NU-103803,11,329,219
NU-103803,12,267,159
NU-103803,13,156,106
NU-103803,14,334,160
NU-103803,15,155,109
NU-103803,16,142,151
NU-109442,1,383,288
NU-109442,2,517,277
NU-109442,3,341,245
NU-109442,4,397,266
NU-109442,5,292,255
NU-109442,6,334,297
NU-109442,7,312,242
NU-109442,8,436,219
NU-109442,9,279,117
NU-109442,10,396,219
NU-109442,11,362,184
NU-109442,12,478,264
NU-109442,13,396,240
NU-109442,14,507,269
NU-109442,15,440,263
NU-109442,16,464,332
NU-106213,1,80,46
NU-106213,2,154,90
NU-106213,3,118,89
NU-106213,4,140,99
NU-106213,5,104,59
NU-106213,6,93,46
NU-106213,7,121,65
NU-106213,8,129,119
NU-106213,9,42,27
NU-106213,10,147,82
NU-106213,11,31,18
NU-106213,12,77,70
NU-106213,13,61,40
NU-106213,14,125,65
NU-106213,15,200,130
NU-106213,16,112,67
NU-101004,1,269,264
NU-101004,2,477,243
NU-101004,3,361,227
NU-101004,4,322,243
NU-101004,5,487,261
NU-101004,6,389,277
NU-101004,7,307,231
NU-101004,8,484,288
NU-101004,9,182,116
NU-101004,10,346,252
NU-101004,11,347,254
NU-101004,12,348,208
NU-101004,13,296,235
NU-101004,14,398,241
NU-101004,15,421,239
NU-101004,16,466,258
NU-106265,1,253,226
NU-106265,2,319,221
NU-106265,3,577,295
NU-106265,4,278,179
NU-106265,5,558,266
NU-106265,6,386,229
NU-106265,7,193,228
NU-106265,8,560,321
NU-106265,9,151,128
NU-106265,10,495,285
NU-106265,11,392,285
NU-106265,12,449,221
NU-106265,13,298,259
NU-106265,14,442,286
NU-106265,15,268,185
NU-106265,16,435,234
NU-107710,1,106,79
NU-107710,2,152,66
NU-107710,3,149,79
NU-107710,4,199,138
NU-107710,5,110,57
NU-107710,6,232,155
NU-107710,7,156,119
NU-107710,8,169,122
NU-107710,9,104,72
NU-107710,10,220,137
NU-107710,11,57,34
NU-107710,12,196,114
NU-107710,13,196,115
NU-107710,14,275,142
NU-107710,15,160,137
NU-107710,16,239,157
NU-101624,1,431,220
NU-101624,2,476,225
NU-101624,3,381,215
NU-101624,4,531,257
NU-101624,5,350,247
NU-101624,6,333,229
NU-101624,7,445,260
NU-101624,8,351,211
NU-101624,9,150,98
NU-101624,10,472,261
NU-101624,11,328,227
NU-101624,12,319,183
NU-101624,13,559,250
NU-101624,14,255,161
NU-101624,15,241,208
NU-101624,16,404,246
NU-103072,1,325,245
NU-103072,2,486,253
NU-103072,3,487,278
NU-103072,4,287,287
NU-103072,5,265,193
NU-103072,6,498,241
NU-103072,7,339,189
NU-103072,8,317,211
NU-103072,9,191,123
NU-103072,10,348,228
NU-103072,11,358,267
NU-103072,12,258,177
NU-103072,13,263,193
NU-103072,14,361,197
NU-103072,15,444,230
NU-103072,16,407,251
NU-100899,1,449,298
NU-100899,2,514,289
NU-100899,3,287,151
NU-100899,4,320,256
NU-100899,5,450,274
NU-100899,6,311,274
NU-100899,7,330,220
NU-100899,8,376,236
NU-100899,9,239,133
NU-100899,10,415,248
NU-100899,11,341,259
NU-100899,12,358,262
NU-100899,13,337,210
NU-100899,14,284,227
NU-100899,15,350,297
NU-100899,16,501,263
NU-107960,1,302,184
NU-107960,2,292,229
NU-107960,3,336,252
NU-107960,4,279,163
NU-107960,5,225,156
NU-107960,6,382,218
NU-107960,7,251,152
NU-107960,8,306,201
NU-107960,9,65,28
NU-107960,10,426,244
NU-107960,11,186,214
NU-107960,12,268,239
NU-107960,13,308,183
NU-107960,14,224,159
NU-107960,15,401,211
NU-107960,16,155,153
NU-107651,1,375,177
NU-107651,2,322,180
NU-107651,3,419,260
NU-107651,4,348,239
NU-107651,5,185,162
NU-107651,6,290,213
NU-107651,7,216,183
NU-107651,8,397,212
NU-107651,9,177,124
NU-107651,10,374,220
NU-107651,11,378,231
NU-107651,12,577,272
NU-107651,13,373,193
NU-107651,14,311,197
NU-107651,15,231,153
NU-107651,16,309,192
NU-103551,1,312,231
NU-103551,2,467,279
NU-103551,3,450,249
NU-103551,4,445,274
NU-103551,5,435,217
NU-103551,6,455,314
NU-103551,7,413,267
NU-103551,8,318,233
NU-103551,9,118,83
NU-103551,10,413,217
NU-103551,11,501,288
NU-103551,12,409,235
NU-103551,13,389,223
NU-103551,14,266,232
NU-103551,15,399,257
NU-103551,16,568,320
NU-105923,1,321,232
NU-105923,2,323,138
NU-105923,3,312,179
NU-105923,4,203,121
NU-105923,5,208,116
NU-105923,6,293,179
NU-105923,7,422,228
NU-105923,8,297,149
NU-105923,9,112,63
NU-105923,10,272,148
NU-105923,11,343,249
NU-105923,12,189,119
NU-105923,13,211,119
NU-105923,14,324,212
NU-105923,15,187,177
NU-105923,16,292,215
NU-109390,1,229,139
NU-109390,2,227,201
NU-109390,3,302,164
NU-109390,4,246,172
NU-109390,5,261,208
NU-109390,6,338,202
NU-109390,7,307,157
NU-109390,8,323,189
NU-109390,9,101,96
NU-109390,10,215,142
NU-109390,11,181,105
NU-109390,12,349,174
NU-109390,13,382,210
NU-109390,14,244,178
NU-109390,15,307,202
NU-109390,16,305,199
NU-109631,1,150,105
NU-109631,2,267,190
NU-109631,3,346,186
NU-109631,4,190,117
NU-109631,5,287,166
NU-109631,6,211,172
NU-109631,7,160,159
NU-109631,8,233,126
NU-109631,9,67,46
NU-109631,10,406,209
NU-109631,11,299,163
NU-109631,12,330,191
NU-109631,13,222,168
NU-109631,14,251,149
NU-109631,15,177,113
NU-109631,16,188,151
NU-102791,1,388,248
NU-102791,2,297,178
NU-102791,3,307,200
NU-102791,4,180,188
NU-102791,5,378,273
NU-102791,6,403,262
NU-102791,7,219,132
NU-102791,8,285,192
NU-102791,9,207,105
NU-102791,10,325,185
NU-102791,11,258,138
NU-102791,12,288,250
NU-102791,13,303,181
NU-102791,14,321,165
NU-102791,15,198,149
NU-102791,16,483,260
NU-103338,1,314,191
NU-103338,2,207,185
NU-103338,3,518,240
NU-103338,4,273,185
NU-103338,5,499,264
NU-103338,6,459,226
NU-103338,7,294,221
NU-103338,8,278,207
NU-103338,9,160,111
NU-103338,10,269,208
NU-103338,11,337,262
NU-103338,12,445,251
NU-103338,13,226,144
NU-103338,14,263,262
NU-103338,15,353,197
NU-103338,16,539,282
NU-107301,1,472,272
NU-107301,2,297,247
NU-107301,3,432,316
NU-107301,4,470,234
NU-107301,5,289,167
NU-107301,6,539,297
NU-107301,7,349,247
NU-107301,8,331,241
NU-107301,9,222,136
NU-107301,10,591,293
NU-107301,11,732,345
NU-107301,12,417,288
NU-107301,13,402,288
NU-107301,14,548,301
NU-107301,15,507,251
NU-107301,16,290,237
NU-103618,1,373,366
NU-103618,2,584,342
NU-103618,3,567,330
NU-103618,4,470,381
NU-103618,5,632,357
NU-103618,6,614,372
NU-103618,7,474,265
NU-103618,8,549,339
NU-103618,9,186,127
NU-103618,10,516,311
NU-103618,11,585,309
NU-103618,12,539,324
NU-103618,13,486,308
NU-103618,14,348,370
NU-103618,15,495,328
NU-103618,16,337,314
NU-108813,1,175,128
NU-108813,2,284,188
NU-108813,3,314,215
NU-108813,4,274,163
NU-108813,5,398,209
NU-108813,6,306,175
NU-108813,7,308,166
NU-108813,8,262,146
NU-108813,9,92,63
NU-108813,10,269,119
NU-108813,11,218,163
NU-108813,12,358,188
NU-108813,13,232,156
NU-108813,14,175,180
NU-108813,15,310,188
NU-108813,16,52,36
NU-105683,1,406,252
NU-105683,2,489,276
NU-105683,3,431,233
NU-105683,4,309,183
NU-105683,5,317,182
NU-105683,6,498,211
NU-105683,7,248,204
NU-105683,8,352,198
NU-105683,9,141,106
NU-105683,10,413,214
NU-105683,11,350,228
NU-105683,12,336,240
NU-105683,13,397,209
NU-105683,14,340,188
NU-105683,15,587,300
NU-105683,16,241,210
NU-102605,1,196,246
NU-102605,2,539,356
NU-102605,3,342,230
NU-102605,4,233,214
NU-102605,5,480,333
NU-102605,6,374,291
NU-102605,7,297,219
NU-102605,8,347,213
NU-102605,9,243,114
NU-102605,10,475,331
NU-102605,11,361,204
NU-102605,12,292,234
NU-102605,13,605,266
NU-102605,14,345,279
NU-102605,15,380,258
NU-102605,16,587,311
NU-108925,1,338,186
NU-108925,2,152,104
NU-108925,3,350,242
NU-108925,4,375,229
NU-108925,5,265,152
NU-108925,6,248,128
NU-108925,7,320,174
NU-108925,8,233,136
NU-108925,9,112,66
NU-108925,10,212,158
NU-108925,11,342,231
NU-108925,12,264,143
NU-108925,13,285,180
NU-108925,14,311,188
NU-108925,15,395,234
NU-108925,16,315,184
NU-106692,1,296,223
NU-106692,2,474,259
NU-106692,3,409,236
NU-106692,4,452,254
NU-106692,5,451,263
NU-106692,6,430,222
NU-106692,7,208,186
NU-106692,8,302,201
NU-106692,9,105,70
NU-106692,10,444,205
NU-106692,11,368,234
NU-106692,12,151,104
NU-106692,13,387,218
NU-106692,14,314,181
NU-106692,15,307,217
NU-106692,16,329,182
NU-105629,1,539,258
NU-105629,2,400,251
NU-105629,3,319,217
NU-105629,4,277,199
NU-105629,5,385,211
NU-105629,6,323,192
NU-105629,7,304,201
NU-105629,8,234,171
NU-105629,9,78,54
NU-105629,10,346,267
NU-105629,11,305,240
NU-105629,12,620,289
NU-105629,13,222,140
NU-105629,14,490,244
NU-105629,15,294,180
NU-105629,16,319,211
NU-103156,1,302,189
NU-103156,2,402,265
NU-103156,3,319,178
NU-103156,4,249,186
NU-103156,5,377,198
NU-103156,6,377,238
NU-103156,7,192,118
NU-103156,8,366,251
NU-103156,9,187,92
NU-103156,10,344,180
NU-103156,11,265,175
NU-103156,12,285,170
NU-103156,13,453,230
NU-103156,14,288,178
NU-103156,15,262,198
NU-103156,16,408,218
NU-100986,1,442,221
NU-100986,2,558,267
NU-100986,3,340,221
NU-100986,4,243,133
NU-100986,5,397,249
NU-100986,6,349,213
NU-100986,7,352,185
NU-100986,8,484,202
NU-100986,9,172,108
NU-100986,10,366,256
NU-100986,11,299,195
NU-100986,12,209,149
NU-100986,13,366,236
NU-100986,14,309,188
NU-100986,15,468,246
NU-100986,16,306,209
NU-109403,1,513,274
NU-109403,2,558,274
NU-109403,3,612,317
NU-109403,4,684,309
NU-109403,5,685,366
NU-109403,6,470,319
NU-109403,7,413,300
NU-109403,8,406,284
NU-109403,9,351,167
NU-109403,10,320,226
NU-109403,11,550,266
NU-109403,12,277,290
NU-109403,13,346,312
NU-109403,14,517,327
NU-109403,15,535,285
NU-109403,16,414,354
NU-105739,1,188,115
NU-105739,2,115,120
NU-105739,3,166,166
NU-105739,4,208,143
NU-105739,5,502,257
NU-105739,6,202,146
NU-105739,7,340,171
NU-105739,8,176,171
NU-105739,9,86,76
NU-105739,10,381,173
NU-105739,11,363,251
NU-105739,12,217,161
NU-105739,13,241,156
NU-105739,14,413,205
NU-105739,15,325,209
NU-105739,16,296,170
NU-108334,1,221,154
NU-108334,2,525,259
NU-108334,3,335,203
NU-108334,4,361,197
NU-108334,5,191,108
NU-108334,6,191,117
NU-108334,7,268,124
NU-108334,8,298,155
NU-108334,9,94,50
NU-108334,10,79,63
NU-108334,11,128,73
NU-108334,12,195,109
NU-108334,13,151,134
NU-108334,14,304,158
NU-108334,15,194,105
NU-108334,16,148,115
NU-103905,1,436,285
NU-103905,2,790,310
NU-103905,3,468,306
NU-103905,4,369,317
NU-103905,5,412,268
NU-103905,6,441,311
NU-103905,7,396,286
NU-103905,8,332,265
NU-103905,9,166,141
NU-103905,10,362,250
NU-103905,11,415,239
NU-103905,12,561,354
NU-103905,13,448,288
NU-103905,14,315,210
NU-103905,15,278,289
NU-103905,16,525,321
NU-105144,1,250,204
NU-105144,2,245,152
NU-105144,3,332,171
NU-105144,4,216,117
NU-105144,5,189,93
NU-105144,6,429,219
NU-105144,7,274,183
NU-105144,8,242,140
NU-105144,9,132,77
NU-105144,10,147,132
NU-105144,11,273,173
NU-105144,12,312,194
NU-105144,13,381,182
NU-105144,14,316,205
NU-105144,15,277,186
NU-105144,16,208,112
NU-101928,1,179,151
NU-101928,2,167,110
NU-101928,3,255,140
NU-101928,4,244,174
NU-101928,5,194,143
NU-101928,6,256,170
NU-101928,7,435,205
NU-101928,8,337,184
NU-101928,9,169,80
NU-101928,10,365,183
NU-101928,11,263,207
NU-101928,12,263,155
NU-101928,13,195,124
NU-101928,14,174,103
NU-101928,15,317,179
NU-101928,16,255,144
NU-106813,1,496,293
NU-106813,2,583,371
NU-106813,3,507,281
NU-106813,4,378,249
NU-106813,5,418,244
NU-106813,6,387,270
NU-106813,7,395,268
NU-106813,8,503,249
NU-106813,9,217,133
NU-106813,10,416,281
NU-106813,11,425,268
NU-106813,12,470,270
NU-106813,13,490,274
NU-106813,14,261,237
NU-106813,15,392,295
NU-106813,16,463,280
NU-109315,1,307,191
NU-109315,2,344,181
NU-109315,3,442,225
NU-109315,4,371,218
NU-109315,5,191,156
NU-109315,6,483,271
NU-109315,7,343,227
NU-109315,8,415,218
NU-109315,9,115,68
NU-109315,10,362,200
NU-109315,11,123,145
NU-109315,12,355,208
NU-109315,13,454,212
NU-109315,14,432,239
NU-109315,15,305,206
NU-109315,16,352,199
NU-102921,1,146,76
NU-102921,2,192,155
NU-102921,3,287,208
NU-102921,4,317,176
NU-102921,5,221,121
NU-102921,6,154,83
NU-102921,7,379,216
NU-102921,8,168,108
NU-102921,9,121,76
NU-102921,10,171,136
NU-102921,11,343,174
NU-102921,12,315,204
NU-102921,13,152,93
NU-102921,14,282,142
NU-102921,15,184,161
NU-102921,16,322,203
NU-105568,1,395,227
NU-105568,2,224,122
NU-105568,3,305,176
NU-105568,4,311,145
NU-105568,5,415,205
NU-105568,6,266,176
NU-105568,7,284,190
NU-105568,8,393,195
NU-105568,9,162,92
NU-105568,10,398,243
NU-105568,11,279,149
NU-105568,12,245,187
NU-105568,13,334,206
NU-105568,14,318,215
NU-105568,15,203,141
NU-105568,16,260,155
NU-102296,1,462,328
NU-102296,2,455,366
NU-102296,3,538,311
NU-102296,4,732,358
NU-102296,5,352,278
NU-102296,6,699,377
NU-102296,7,502,303
NU-102296,8,582,326
NU-102296,9,122,151
NU-102296,10,246,217
NU-102296,11,755,392
NU-102296,12,448,336
NU-102296,13,636,341
NU-102296,14,445,263
NU-102296,15,520,361
NU-102296,16,646,359
NU-103341,1,176,79
NU-103341,2,188,93
NU-103341,3,168,81
NU-103341,4,106,57
NU-103341,5,121,87
NU-103341,6,212,129
NU-103341,7,184,130
NU-103341,8,41,29
NU-103341,9,69,42
NU-103341,10,130,82
NU-103341,11,250,178
NU-103341,12,95,89
NU-103341,13,252,184
NU-103341,14,94,63
NU-103341,15,147,100
NU-103341,16,117,78
NU-108692,1,569,321
NU-108692,2,298,278
NU-108692,3,394,248
NU-108692,4,501,235
NU-108692,5,375,263
NU-108692,6,415,250
NU-108692,7,407,218
NU-108692,8,476,232
NU-108692,9,126,90
NU-108692,10,364,250
NU-108692,11,385,233
NU-108692,12,433,266
NU-108692,13,491,301
NU-108692,14,550,281
NU-108692,15,426,225
NU-108692,16,504,369
NU-105355,1,133,82
NU-105355,2,264,134
NU-105355,3,158,89
NU-105355,4,105,58
NU-105355,5,217,148
NU-105355,6,310,140
NU-105355,7,184,146
NU-105355,8,297,163
NU-105355,9,66,50
NU-105355,10,150,81
NU-105355,11,144,84
NU-105355,12,341,162
NU-105355,13,169,96
NU-105355,14,128,77
NU-105355,15,213,121
NU-105355,16,50,54
NU-108269,1,350,227
NU-108269,2,271,247
NU-108269,3,495,208
NU-108269,4,523,240
NU-108269,5,413,282
NU-108269,6,299,207
NU-108269,7,310,203
NU-108269,8,412,260
NU-108269,9,130,100
NU-108269,10,428,237
NU-108269,11,307,209
NU-108269,12,316,241
NU-108269,13,457,269
NU-108269,14,337,250
NU-108269,15,238,214
NU-108269,16,400,222
NU-109348,1,217,249
NU-109348,2,349,292
NU-109348,3,471,295
NU-109348,4,469,308
NU-109348,5,315,248
NU-109348,6,559,300
NU-109348,7,441,294
NU-109348,8,440,255
NU-109348,9,112,83
NU-109348,10,602,337
NU-109348,11,437,220
NU-109348,12,275,188
NU-109348,13,376,259
NU-109348,14,278,195
NU-109348,15,306,208
NU-109348,16,595,279
NU-103812,1,229,212
NU-103812,2,482,218
NU-103812,3,452,215
NU-103812,4,367,186
NU-103812,5,300,160
NU-103812,6,253,173
NU-103812,7,351,206
NU-103812,8,273,178
NU-103812,9,112,64
NU-103812,10,311,192
NU-103812,11,282,257
NU-103812,12,449,235
NU-103812,13,416,241
NU-103812,14,373,256
NU-103812,15,366,285
NU-103812,16,341,225
NU-109617,1,349,193
NU-109617,2,258,233
NU-109617,3,444,252
NU-109617,4,289,153
NU-109617,5,328,193
NU-109617,6,346,207
NU-109617,7,388,189
NU-109617,8,320,204
NU-109617,9,100,80
NU-109617,10,446,226
NU-109617,11,266,186
NU-109617,12,343,219
NU-109617,13,232,144
NU-109617,14,306,242
NU-109617,15,341,191
NU-109617,16,383,213
NU-107886,1,710,325
NU-107886,2,450,238
NU-107886,3,400,212
NU-107886,4,450,267
NU-107886,5,664,322
NU-107886,6,498,273
NU-107886,7,452,267
NU-107886,8,497,271
NU-107886,9,271,126
NU-107886,10,601,262
NU-107886,11,474,261
NU-107886,12,725,324
NU-107886,13,464,289
NU-107886,14,543,284
NU-107886,15,308,316
NU-107886,16,534,318
NU-104831,1,324,371
NU-104831,2,658,387
NU-104831,3,332,328
NU-104831,4,567,336
NU-104831,5,532,308
NU-104831,6,634,247
NU-104831,7,506,300
NU-104831,8,622,345
NU-104831,9,239,136
NU-104831,10,438,329
NU-104831,11,577,375
NU-104831,12,620,379
NU-104831,13,537,320
NU-104831,14,484,298
NU-104831,15,532,328
NU-104831,16,647,354
NU-107161,1,33,22
NU-107161,2,102,65
NU-107161,3,216,135
NU-107161,4,242,142
NU-107161,5,64,35
NU-107161,6,186,114
NU-107161,7,234,149
NU-107161,8,103,62
NU-107161,9,50,36
NU-107161,10,118,108
NU-107161,11,100,63
NU-107161,12,270,184
NU-107161,13,93,57
NU-107161,14,99,64
NU-107161,15,154,92
NU-107161,16,22,15
NU-106110,1,61,41
NU-106110,2,166,98
NU-106110,3,185,93
NU-106110,4,70,48
NU-106110,5,244,123
NU-106110,6,0,0
NU-106110,7,22,13
NU-106110,8,187,142
NU-106110,9,24,15
NU-106110,10,267,142
NU-106110,11,97,47
NU-106110,12,65,39
NU-106110,13,87,79
NU-106110,14,77,42
NU-106110,15,112,59
NU-106110,16,127,109
NU-100691,1,400,225
NU-100691,2,273,306
NU-100691,3,333,219
NU-100691,4,360,240
NU-100691,5,414,177
NU-100691,6,292,234
NU-100691,7,361,242
NU-100691,8,332,211
NU-100691,9,169,100
NU-100691,10,418,277
NU-100691,11,335,235
NU-100691,12,320,251
NU-100691,13,353,288
NU-100691,14,462,260
NU-100691,15,242,167
NU-100691,16,393,247
NU-109831,1,243,238
NU-109831,2,516,288
NU-109831,3,371,302
NU-109831,4,360,232
NU-109831,5,431,259
NU-109831,6,606,284
NU-109831,7,501,275
NU-109831,8,404,290
NU-109831,9,165,128
NU-109831,10,310,272
NU-109831,11,714,330
NU-109831,12,671,312
NU-109831,13,643,339
NU-109831,14,634,295
NU-109831,15,357,301
NU-109831,16,342,245
NU-101490,1,385,218
NU-101490,2,420,250
NU-101490,3,373,194
NU-101490,4,278,183
NU-101490,5,333,174
NU-101490,6,438,218
NU-101490,7,162,151
NU-101490,8,293,207
NU-101490,9,72,55
NU-101490,10,390,238
NU-101490,11,388,224
NU-101490,12,260,222
NU-101490,13,413,220
NU-101490,14,390,276
NU-101490,15,281,186
NU-101490,16,280,159
NU-102734,1,403,254
NU-102734,2,381,205
NU-102734,3,187,120
NU-102734,4,387,198
NU-102734,5,289,240
NU-102734,6,392,231
NU-102734,7,441,190
NU-102734,8,420,248
NU-102734,9,137,81
NU-102734,10,242,212
NU-102734,11,485,222
NU-102734,12,484,239
NU-102734,13,159,187
NU-102734,14,374,248
NU-102734,15,271,171
NU-102734,16,247,157
NU-108051,1,172,120
NU-108051,2,366,250
NU-108051,3,261,192
NU-108051,4,297,219
NU-108051,5,269,179
NU-108051,6,274,190
NU-108051,7,489,210
NU-108051,8,289,175
NU-108051,9,75,78
NU-108051,10,441,208
NU-108051,11,290,188
NU-108051,12,255,168
NU-108051,13,311,199
NU-108051,14,363,207
NU-108051,15,244,147
NU-108051,16,272,213
NU-102146,1,209,112
NU-102146,2,202,155
NU-102146,3,339,182
NU-102146,4,362,178
NU-102146,5,290,214
NU-102146,6,286,157
NU-102146,7,293,167
NU-102146,8,314,162
NU-102146,9,77,42
NU-102146,10,271,173
NU-102146,11,168,159
NU-102146,12,198,180
NU-102146,13,185,150
NU-102146,14,255,145
NU-102146,15,220,199
NU-102146,16,163,230
NU-109980,1,478,234
NU-109980,2,493,309
NU-109980,3,456,284
NU-109980,4,263,217
NU-109980,5,435,219
NU-109980,6,529,321
NU-109980,7,330,293
NU-109980,8,386,227
NU-109980,9,174,116
NU-109980,10,379,221
NU-109980,11,361,265
NU-109980,12,410,253
NU-109980,13,364,258
NU-109980,14,272,162
NU-109980,15,345,237
NU-109980,16,466,296
NU-106691,1,318,208
NU-106691,2,171,173
NU-106691,3,357,231
NU-106691,4,200,210
NU-106691,5,411,196
NU-106691,6,552,318
NU-106691,7,315,250
NU-106691,8,344,241
NU-106691,9,144,121
NU-106691,10,253,146
NU-106691,11,379,230
NU-106691,12,385,244
NU-106691,13,304,210
NU-106691,14,265,247
NU-106691,15,503,313
NU-106691,16,233,196
NU-107349,1,407,330
NU-107349,2,541,296
NU-107349,3,439,270
NU-107349,4,632,328
NU-107349,5,351,286
NU-107349,6,375,275
NU-107349,7,404,332
NU-107349,8,480,320
NU-107349,9,208,119
NU-107349,10,579,322
NU-107349,11,626,309
NU-107349,12,442,303
NU-107349,13,591,291
NU-107349,14,629,343
NU-107349,15,446,279
NU-107349,16,701,325
NU-106856,1,347,224
NU-106856,2,293,180
NU-106856,3,331,195
NU-106856,4,363,245
NU-106856,5,513,228
NU-106856,6,189,113
NU-106856,7,248,129
NU-106856,8,317,179
NU-106856,9,126,71
NU-106856,10,292,140
NU-106856,11,219,154
NU-106856,12,330,195
NU-106856,13,457,246
NU-106856,14,189,117
NU-106856,15,399,228
NU-106856,16,202,136
NU-105577,1,427,219
NU-105577,2,236,198
NU-105577,3,353,265
NU-105577,4,347,216
NU-105577,5,418,233
NU-105577,6,185,129
NU-105577,7,492,242
NU-105577,8,231,172
NU-105577,9,131,112
NU-105577,10,299,230
NU-105577,11,371,197
NU-105577,12,390,277
NU-105577,13,427,212
NU-105577,14,326,205
NU-105577,15,279,161
NU-105577,16,494,295
NU-105551,1,475,300
NU-105551,2,558,355
NU-105551,3,702,405
NU-105551,4,600,372
NU-105551,5,539,383
NU-105551,6,533,419
NU-105551,7,415,241
NU-105551,8,456,329
NU-105551,9,273,173
NU-105551,10,526,349
NU-105551,11,465,317
NU-105551,12,635,325
NU-105551,13,608,370
NU-105551,14,745,392
NU-105551,15,526,349
NU-105551,16,569,329
NU-109367,1,331,188
NU-109367,2,141,96
NU-109367,3,271,170
NU-109367,4,261,202
NU-109367,5,423,204
NU-109367,6,264,158
NU-109367,7,213,137
NU-109367,8,447,245
NU-109367,9,110,62
NU-109367,10,227,174
NU-109367,11,196,138
NU-109367,12,303,187
NU-109367,13,281,148
NU-109367,14,342,222
NU-109367,15,312,147
NU-109367,16,255,152
NU-109566,1,525,320
NU-109566,2,422,228
NU-109566,3,416,378
NU-109566,4,454,277
NU-109566,5,599,353
NU-109566,6,415,284
NU-109566,7,369,274
NU-109566,8,432,325
NU-109566,9,296,151
NU-109566,10,434,339
NU-109566,11,508,296
NU-109566,12,399,288
NU-109566,13,554,344
NU-109566,14,500,328
NU-109566,15,734,333
NU-109566,16,291,308
NU-106165,1,449,210
NU-106165,2,335,175
NU-106165,3,123,103
NU-106165,4,161,169
NU-106165,5,175,160
NU-106165,6,315,244
NU-106165,7,195,149
NU-106165,8,317,189
NU-106165,9,84,60
NU-106165,10,311,240
NU-106165,11,290,212
NU-106165,12,485,209
NU-106165,13,171,166
NU-106165,14,260,208
NU-106165,15,305,192
NU-106165,16,157,95
NU-100938,1,147,114
NU-100938,2,81,43
NU-100938,3,160,87
NU-100938,4,206,110
NU-100938,5,75,45
NU-100938,6,167,103
NU-100938,7,122,58
NU-100938,8,128,81
NU-100938,9,43,29
NU-100938,10,179,97
NU-100938,11,173,148
NU-100938,12,55,34
NU-100938,13,111,78
NU-100938,14,200,110
NU-100938,15,140,105
NU-100938,16,212,112
NU-105611,1,597,377
NU-105611,2,604,315
NU-105611,3,686,405
NU-105611,4,589,375
NU-105611,5,409,293
NU-105611,6,526,349
NU-105611,7,778,339
NU-105611,8,484,317
NU-105611,9,231,144
NU-105611,10,605,330
NU-105611,11,657,446
NU-105611,12,435,307
NU-105611,13,559,361
NU-105611,14,506,370
NU-105611,15,521,342
NU-105611,16,496,319
NU-101519,1,320,194
NU-101519,2,266,188
NU-101519,3,204,113
NU-101519,4,381,212
NU-101519,5,302,199
NU-101519,6,268,153
NU-101519,7,353,195
NU-101519,8,269,165
NU-101519,9,197,85
NU-101519,10,388,214
NU-101519,11,224,200
NU-101519,12,349,212
NU-101519,13,515,261
NU-101519,14,293,160
NU-101519,15,350,204
NU-101519,16,173,128
NU-109271,1,720,365
NU-109271,2,491,317
NU-109271,3,543,329
NU-109271,4,654,361
NU-109271,5,333,346
NU-109271,6,421,328
NU-109271,7,649,358
NU-109271,8,485,336
NU-109271,9,251,154
NU-109271,10,575,332
NU-109271,11,874,401
NU-109271,12,548,303
NU-109271,13,428,303
NU-109271,14,495,269
NU-109271,15,421,282
NU-109271,16,557,342
NU-106015,1,570,314
NU-106015,2,572,306
NU-106015,3,489,327
NU-106015,4,535,310
NU-106015,5,609,324
NU-106015,6,422,245
NU-106015,7,479,301
NU-106015,8,572,316
NU-106015,9,231,126
NU-106015,10,419,363
NU-106015,11,539,292
NU-106015,12,582,346
NU-106015,13,485,323
NU-106015,14,518,267
NU-106015,15,607,293
NU-106015,16,504,290
NU-105549,1,547,283
NU-105549,2,181,211
NU-105549,3,463,242
NU-105549,4,290,214
NU-105549,5,374,248
NU-105549,6,349,239
NU-105549,7,466,233
NU-105549,8,445,282
NU-105549,9,136,63
NU-105549,10,170,213
NU-105549,11,299,186
NU-105549,12,302,279
NU-105549,13,320,185
NU-105549,14,363,200
NU-105549,15,543,233
NU-105549,16,405,270
NU-103761,1,482,275
NU-103761,2,405,288
NU-103761,3,579,339
NU-103761,4,528,293
NU-103761,5,546,258
NU-103761,6,562,278
NU-103761,7,546,277
NU-103761,8,574,335
NU-103761,9,192,124
NU-103761,10,357,336
NU-103761,11,500,305
NU-103761,12,591,297
NU-103761,13,549,293
NU-103761,14,570,360
NU-103761,15,453,314
NU-103761,16,487,331
NU-105591,1,409,203
NU-105591,2,246,169
NU-105591,3,276,168
NU-105591,4,251,169
NU-105591,5,311,201
NU-105591,6,369,219
NU-105591,7,233,165
NU-105591,8,364,241
NU-105591,9,165,77
NU-105591,10,268,215
NU-105591,11,400,262
NU-105591,12,520,245
NU-105591,13,424,260
NU-105591,14,435,240
NU-105591,15,384,217
NU-105591,16,237,150
NU-103408,1,486,354
NU-103408,2,453,255
NU-103408,3,447,245
NU-103408,4,457,291
NU-103408,5,407,269
NU-103408,6,323,290
NU-103408,7,370,361
NU-103408,8,328,227
NU-103408,9,108,112
NU-103408,10,479,248
NU-103408,11,359,263
NU-103408,12,507,326
NU-103408,13,412,240
NU-103408,14,486,301
NU-103408,15,478,282
NU-103408,16,558,303
NU-105442,1,287,199
NU-105442,2,400,230
NU-105442,3,423,238
NU-105442,4,415,224
NU-105442,5,248,201
NU-105442,6,472,240
NU-105442,7,170,160
NU-105442,8,569,285
NU-105442,9,162,100
NU-105442,10,316,198
NU-105442,11,415,227
NU-105442,12,393,183
NU-105442,13,364,244
NU-105442,14,383,221
NU-105442,15,307,218
NU-105442,16,397,202
NU-107618,1,433,282
NU-107618,2,478,292
NU-107618,3,376,248
NU-107618,4,531,280
NU-107618,5,424,260
NU-107618,6,324,337
NU-107618,7,555,307
NU-107618,8,387,242
NU-107618,9,150,124
NU-107618,10,555,329
NU-107618,11,290,294
NU-107618,12,358,225
NU-107618,13,502,326
NU-107618,14,501,407
NU-107618,15,440,283
NU-107618,16,446,226
NU-101873,1,356,207
NU-101873,2,209,114
NU-101873,3,264,132
NU-101873,4,361,187
NU-101873,5,264,158
NU-101873,6,388,228
NU-101873,7,386,189
NU-101873,8,175,162
NU-101873,9,97,58
NU-101873,10,291,196
NU-101873,11,189,187
NU-101873,12,466,237
NU-101873,13,309,183
NU-101873,14,239,141
NU-101873,15,216,158
NU-101873,16,251,141
NU-109868,1,150,132
NU-109868,2,271,128
NU-109868,3,244,158
NU-109868,4,23,20
NU-109868,5,115,74
NU-109868,6,193,83
NU-109868,7,224,157
NU-109868,8,118,80
NU-109868,9,132,89
NU-109868,10,413,219
NU-109868,11,153,125
NU-109868,12,173,136
NU-109868,13,310,158
NU-109868,14,241,136
NU-109868,15,197,129
NU-109868,16,84,59
NU-104576,1,210,145
NU-104576,2,282,176
NU-104576,3,258,190
NU-104576,4,476,214
NU-104576,5,246,150
NU-104576,6,247,166
NU-104576,7,317,178
NU-104576,8,303,186
NU-104576,9,90,51
NU-104576,10,254,177
NU-104576,11,180,133
NU-104576,12,245,168
NU-104576,13,246,176
NU-104576,14,249,118
NU-104576,15,230,151
NU-104576,16,323,225
NU-101456,1,230,175
NU-101456,2,403,260
NU-101456,3,339,213
NU-101456,4,270,167
NU-101456,5,293,235
NU-101456,6,415,236
NU-101456,7,374,270
NU-101456,8,520,296
NU-101456,9,141,86
NU-101456,10,264,219
NU-101456,11,190,119
NU-101456,12,241,189
NU-101456,13,290,235
NU-101456,14,446,300
NU-101456,15,201,221
NU-101456,16,482,243
NU-107548,1,253,206
NU-107548,2,424,276
NU-107548,3,345,215
NU-107548,4,249,150
NU-107548,5,297,194
NU-107548,6,468,273
NU-107548,7,243,149
NU-107548,8,361,222
NU-107548,9,162,97
NU-107548,10,404,289
NU-107548,11,305,154
NU-107548,12,248,185
NU-107548,13,436,294
NU-107548,14,375,230
NU-107548,15,268,243
NU-107548,16,443,254
NU-109899,1,491,287
NU-109899,2,256,182
NU-109899,3,592,296
NU-109899,4,292,215
NU-109899,5,398,231
NU-109899,6,496,248
NU-109899,7,441,259
NU-109899,8,458,257
NU-109899,9,201,87
NU-109899,10,296,159
NU-109899,11,507,257
NU-109899,12,722,328
NU-109899,13,409,283
NU-109899,14,288,225
NU-109899,15,437,265
NU-109899,16,314,218
NU-109500,1,400,268
NU-109500,2,435,256
NU-109500,3,361,218
NU-109500,4,508,282
NU-109500,5,423,244
NU-109500,6,328,244
NU-109500,7,518,254
NU-109500,8,361,241
NU-109500,9,144,114
NU-109500,10,461,239
NU-109500,11,275,229
NU-109500,12,231,250
NU-109500,13,427,281
NU-109500,14,512,212
NU-109500,15,387,295
NU-109500,16,434,250
NU-108816,1,79,44
NU-108816,2,119,114
NU-108816,3,0,0
NU-108816,4,143,83
NU-108816,5,0,0
NU-108816,6,304,208
NU-108816,7,134,87
NU-108816,8,109,65
NU-108816,9,44,21
NU-108816,10,218,116
NU-108816,11,270,127
NU-108816,12,192,114
NU-108816,13,46,32
NU-108816,14,252,96
NU-108816,15,301,183
NU-108816,16,96,86
NU-108751,1,389,252
NU-108751,2,364,209
NU-108751,3,316,176
NU-108751,4,347,246
NU-108751,5,249,207
NU-108751,6,360,179
NU-108751,7,338,157
NU-108751,8,218,159
NU-108751,9,106,82
NU-108751,10,297,253
NU-108751,11,229,152
NU-108751,12,206,140
NU-108751,13,128,206
NU-108751,14,336,196
NU-108751,15,424,239
NU-108751,16,264,203
NU-101026,1,173,129
NU-101026,2,67,39
NU-101026,3,185,137
NU-101026,4,134,112
NU-101026,5,310,144
NU-101026,6,159,90
NU-101026,7,151,97
NU-101026,8,320,238
NU-101026,9,95,51
NU-101026,10,280,113
NU-101026,11,65,47
NU-101026,12,260,149
NU-101026,13,203,97
NU-101026,14,213,130
NU-101026,15,289,154
NU-101026,16,217,125
NU-107124,1,370,220
NU-107124,2,430,280
NU-107124,3,664,272
NU-107124,4,390,285
NU-107124,5,279,226
NU-107124,6,438,272
NU-107124,7,477,302
NU-107124,8,541,297
NU-107124,9,160,87
NU-107124,10,526,291
NU-107124,11,380,296
NU-107124,12,452,311
NU-107124,13,455,277
NU-107124,14,413,233
NU-107124,15,313,304
NU-107124,16,561,337
NU-102589,1,367,224
NU-102589,2,491,227
NU-102589,3,412,272
NU-102589,4,450,278
NU-102589,5,255,183
NU-102589,6,371,220
NU-102589,7,361,244
NU-102589,8,220,151
NU-102589,9,149,89
NU-102589,10,461,247
NU-102589,11,409,230
NU-102589,12,239,181
NU-102589,13,476,260
NU-102589,14,423,221
NU-102589,15,597,284
NU-102589,16,405,240
NU-107639,1,356,218
NU-107639,2,401,225
NU-107639,3,452,213
NU-107639,4,420,242
NU-107639,5,246,180
NU-107639,6,483,262
NU-107639,7,318,232
NU-107639,8,376,252
NU-107639,9,200,99
NU-107639,10,664,286
NU-107639,11,401,232
NU-107639,12,243,201
NU-107639,13,465,278
NU-107639,14,244,191
NU-107639,15,436,206
NU-107639,16,364,304
NU-109482,1,584,279
NU-109482,2,464,248
NU-109482,3,337,193
NU-109482,4,332,235
NU-109482,5,456,274
NU-109482,6,294,211
NU-109482,7,310,203
NU-109482,8,434,297
NU-109482,9,142,97
NU-109482,10,241,198
NU-109482,11,412,267
NU-109482,12,350,221
NU-109482,13,242,182
NU-109482,14,346,228
NU-109482,15,322,275
NU-109482,16,314,190
NU-108915,1,290,193
NU-108915,2,298,188
NU-108915,3,385,210
NU-108915,4,422,205
NU-108915,5,360,230
NU-108915,6,310,183
NU-108915,7,184,178
NU-108915,8,422,231
NU-108915,9,170,90
NU-108915,10,317,206
NU-108915,11,278,194
NU-108915,12,254,185
NU-108915,13,418,253
NU-108915,14,224,197
NU-108915,15,514,286
NU-108915,16,245,205
NU-104212,1,271,204
NU-104212,2,509,233
NU-104212,3,352,184
NU-104212,4,415,231
NU-104212,5,403,185
NU-104212,6,648,281
NU-104212,7,80,80
NU-104212,8,354,224
NU-104212,9,131,68
NU-104212,10,314,176
NU-104212,11,290,164
NU-104212,12,344,223
NU-104212,13,253,162
NU-104212,14,194,186
NU-104212,15,228,164
NU-104212,16,293,197
NU-105875,1,329,194
NU-105875,2,255,149
NU-105875,3,375,224
NU-105875,4,440,208
NU-105875,5,313,211
NU-105875,6,145,136
NU-105875,7,206,139
NU-105875,8,232,170
NU-105875,9,122,79
NU-105875,10,128,88
NU-105875,11,341,210
NU-105875,12,337,179
NU-105875,13,356,217
NU-105875,14,250,193
NU-105875,15,173,129
NU-105875,16,257,169
NU-103498,1,346,217
NU-103498,2,221,194
NU-103498,3,314,217
NU-103498,4,215,116
NU-103498,5,320,248
NU-103498,6,459,238
NU-103498,7,310,163
NU-103498,8,356,248
NU-103498,9,211,108
NU-103498,10,242,204
NU-103498,11,306,180
NU-103498,12,219,220
NU-103498,13,192,137
NU-103498,14,302,190
NU-103498,15,284,181
NU-103498,16,448,233
NU-108771,1,254,117
NU-108771,2,307,174
NU-108771,3,269,145
NU-108771,4,241,175
NU-108771,5,351,187
NU-108771,6,211,138
NU-108771,7,236,135
NU-108771,8,178,99
NU-108771,9,84,42
NU-108771,10,216,139
NU-108771,11,316,201
NU-108771,12,137,148
NU-108771,13,279,178
NU-108771,14,171,168
NU-108771,15,236,137
NU-108771,16,248,132
NU-100128,1,398,246
NU-100128,2,557,322
NU-100128,3,640,320
NU-100128,4,353,237
NU-100128,5,372,268
NU-100128,6,530,318
NU-100128,7,401,251
NU-100128,8,499,258
NU-100128,9,153,110
NU-100128,10,392,231
NU-100128,11,536,326
NU-100128,12,503,276
NU-100128,13,351,240
NU-100128,14,392,248
NU-100128,15,397,272
NU-100128,16,386,261
NU-104764,1,40,23
NU-104764,2,41,20
NU-104764,3,166,99
NU-104764,4,87,63
NU-104764,5,204,145
NU-104764,6,195,103
NU-104764,7,356,158
NU-104764,8,181,89
NU-104764,9,87,63
NU-104764,10,130,88
NU-104764,11,320,163
NU-104764,12,137,89
NU-104764,13,172,126
NU-104764,14,361,210
NU-104764,15,66,42
NU-104764,16,86,55
NU-102357,1,442,243
NU-102357,2,274,204
NU-102357,3,486,214
NU-102357,4,227,193
NU-102357,5,346,215
NU-102357,6,386,300
NU-102357,7,395,267
NU-102357,8,318,207
NU-102357,9,147,97
NU-102357,10,185,168
NU-102357,11,234,173
NU-102357,12,260,150
NU-102357,13,340,186
NU-102357,14,433,194
NU-102357,15,334,201
NU-102357,16,261,133
NU-104440,1,499,314
NU-104440,2,421,174
NU-104440,3,386,252
NU-104440,4,405,255
NU-104440,5,407,242
NU-104440,6,299,237
NU-104440,7,383,228
NU-104440,8,602,319
NU-104440,9,225,116
NU-104440,10,429,281
NU-104440,11,585,277
NU-104440,12,474,282
NU-104440,13,240,203
NU-104440,14,359,293
NU-104440,15,514,291
NU-104440,16,433,288
NU-100630,1,269,148
NU-100630,2,255,160
NU-100630,3,321,173
NU-100630,4,303,157
NU-100630,5,289,145
NU-100630,6,356,204
NU-100630,7,289,211
NU-100630,8,210,167
NU-100630,9,184,93
NU-100630,10,344,244
NU-100630,11,435,249
NU-100630,12,291,208
NU-100630,13,430,248
NU-100630,14,414,213
NU-100630,15,87,100
NU-100630,16,358,201
NU-109694,1,461,278
NU-109694,2,473,287
NU-109694,3,448,313
NU-109694,4,423,264
NU-109694,5,738,294
NU-109694,6,324,288
NU-109694,7,227,256
NU-109694,8,580,292
NU-109694,9,207,103
NU-109694,10,517,303
NU-109694,11,500,281
NU-109694,12,520,263
NU-109694,13,285,335
NU-109694,14,457,232
NU-109694,15,628,294
NU-109694,16,390,282
NU-107667,1,351,228
NU-107667,2,348,211
NU-107667,3,220,149
NU-107667,4,335,194
NU-107667,5,292,164
NU-107667,6,363,193
NU-107667,7,306,204
NU-107667,8,306,209
NU-107667,9,121,65
NU-107667,10,181,198
NU-107667,11,376,172
NU-107667,12,455,269
NU-107667,13,207,145
NU-107667,14,453,226
NU-107667,15,184,127
NU-107667,16,391,221
NU-106740,1,325,282
NU-106740,2,323,248
NU-106740,3,302,179
NU-106740,4,439,221
NU-106740,5,266,165
NU-106740,6,505,255
NU-106740,7,329,263
NU-106740,8,362,280
NU-106740,9,188,90
NU-106740,10,326,286
NU-106740,11,286,219
NU-106740,12,318,225
NU-106740,13,439,254
NU-106740,14,330,237
NU-106740,15,364,251
NU-106740,16,309,175
NU-109736,1,404,218
NU-109736,2,373,243
NU-109736,3,279,175
NU-109736,4,411,261
NU-109736,5,360,239
NU-109736,6,425,267
NU-109736,7,445,252
NU-109736,8,241,173
NU-109736,9,172,98
NU-109736,10,329,207
NU-109736,11,327,269
NU-109736,12,438,204
NU-109736,13,297,166
NU-109736,14,309,185
NU-109736,15,148,188
NU-109736,16,195,214
NU-107149,1,418,225
NU-107149,2,279,338
NU-107149,3,310,231
NU-107149,4,614,308
NU-107149,5,600,276
NU-107149,6,507,351
NU-107149,7,351,252
NU-107149,8,331,225
NU-107149,9,117,105
NU-107149,10,304,266
NU-107149,11,559,298
NU-107149,12,481,272
NU-107149,13,532,262
NU-107149,14,506,264
NU-107149,15,402,263
NU-107149,16,438,219
NU-103110,1,419,181
NU-103110,2,218,163
NU-103110,3,230,184
NU-103110,4,200,147
NU-103110,5,302,173
NU-103110,6,179,101
NU-103110,7,246,181
NU-103110,8,273,191
NU-103110,9,55,44
NU-103110,10,339,191
NU-103110,11,178,127
NU-103110,12,305,166
NU-103110,13,333,183
NU-103110,14,215,105
NU-103110,15,332,220
NU-103110,16,138,124
NU-101900,1,494,273
NU-101900,2,418,222
NU-101900,3,496,272
NU-101900,4,470,259
NU-101900,5,368,197
NU-101900,6,560,275
NU-101900,7,188,174
NU-101900,8,392,229
NU-101900,9,160,102
NU-101900,10,344,236
NU-101900,11,383,263
NU-101900,12,400,237
NU-101900,13,452,253
NU-101900,14,375,239
NU-101900,15,283,190
NU-101900,16,312,196
NU-101901,1,518,250
NU-101901,2,448,270
NU-101901,3,467,219
NU-101901,4,292,248
NU-101901,5,286,226
NU-101901,6,505,267
NU-101901,7,401,200
NU-101901,8,582,273
NU-101901,9,132,119
NU-101901,10,326,179
NU-101901,11,336,229
NU-101901,12,397,257
NU-101901,13,749,343
NU-101901,14,438,237
NU-101901,15,414,217
NU-101901,16,326,285
NU-107279,1,367,220
NU-107279,2,380,248
NU-107279,3,435,293
NU-107279,4,324,216
NU-107279,5,373,291
NU-107279,6,532,282
NU-107279,7,382,235
NU-107279,8,538,323
NU-107279,9,161,107
NU-107279,10,372,231
NU-107279,11,294,270
NU-107279,12,396,269
NU-107279,13,346,185
NU-107279,14,424,261
NU-107279,15,428,242
NU-107279,16,401,245
NU-103469,1,331,146
NU-103469,2,276,191
NU-103469,3,286,215
NU-103469,4,402,262
NU-103469,5,381,281
NU-103469,6,380,245
NU-103469,7,445,247
NU-103469,8,273,231
NU-103469,9,189,115
NU-103469,10,389,253
NU-103469,11,376,216
NU-103469,12,309,210
NU-103469,13,368,199
NU-103469,14,228,192
NU-103469,15,324,224
NU-103469,16,469,268
NU-103144,1,207,126
NU-103144,2,331,222
NU-103144,3,226,125
NU-103144,4,269,155
NU-103144,5,273,177
NU-103144,6,343,186
NU-103144,7,315,160
NU-103144,8,185,133
NU-103144,9,93,68
NU-103144,10,204,137
NU-103144,11,301,197
NU-103144,12,207,154
NU-103144,13,279,160
NU-103144,14,278,142
NU-103144,15,312,196
NU-103144,16,390,180
NU-108599,1,271,187
NU-108599,2,142,70
NU-108599,3,123,71
NU-108599,4,23,13
NU-108599,5,122,82
NU-108599,6,102,58
NU-108599,7,167,121
NU-108599,8,232,115
NU-108599,9,61,37
NU-108599,10,0,0
NU-108599,11,62,47
NU-108599,12,128,86
NU-108599,13,168,108
NU-108599,14,112,55
NU-108599,15,123,61
NU-108599,16,0,0
NU-103586,1,115,185
NU-103586,2,252,170
NU-103586,3,160,110
NU-103586,4,271,173
NU-103586,5,387,240
NU-103586,6,393,212
NU-103586,7,181,129
NU-103586,8,205,138
NU-103586,9,124,70
NU-103586,10,246,185
NU-103586,11,169,121
NU-103586,12,337,176
NU-103586,13,206,142
NU-103586,14,250,212
NU-103586,15,179,105
NU-103586,16,238,157
NU-109228,1,385,243
NU-109228,2,286,171
NU-109228,3,603,297
NU-109228,4,349,250
NU-109228,5,238,209
NU-109228,6,384,337
NU-109228,7,420,275
NU-109228,8,391,202
NU-109228,9,224,120
NU-109228,10,220,211
NU-109228,11,351,184
NU-109228,12,421,258
NU-109228,13,475,293
NU-109228,14,301,226
NU-109228,15,427,253
NU-109228,16,213,262
NU-105216,1,287,192
NU-105216,2,307,211
NU-105216,3,336,164
NU-105216,4,378,197
NU-105216,5,110,110
NU-105216,6,307,200
NU-105216,7,192,114
NU-105216,8,128,79
NU-105216,9,121,105
NU-105216,10,321,222
NU-105216,11,298,200
NU-105216,12,282,194
NU-105216,13,222,183
NU-105216,14,364,214
NU-105216,15,377,180
NU-105216,16,269,198
NU-107148,1,266,175
NU-107148,2,411,213
NU-107148,3,273,168
NU-107148,4,310,221
NU-107148,5,351,209
NU-107148,6,405,271
NU-107148,7,321,260
NU-107148,8,241,174
NU-107148,9,182,92
NU-107148,10,480,262
NU-107148,11,286,238
NU-107148,12,456,266
NU-107148,13,387,282
NU-107148,14,266,242
NU-107148,15,450,270
NU-107148,16,319,224
NU-107893,1,404,221
NU-107893,2,280,213
NU-107893,3,412,220
NU-107893,4,339,206
NU-107893,5,278,146
NU-107893,6,411,235
NU-107893,7,284,207
NU-107893,8,149,151
NU-107893,9,163,97
NU-107893,10,445,236
NU-107893,11,346,187
NU-107893,12,325,250
NU-107893,13,244,164
NU-107893,14,307,180
NU-107893,15,331,227
NU-107893,16,252,135
NU-103655,1,322,217
NU-103655,2,176,132
NU-103655,3,259,201
NU-103655,4,382,238
NU-103655,5,253,175
NU-103655,6,193,150
NU-103655,7,248,136
NU-103655,8,205,114
NU-103655,9,129,79
NU-103655,10,129,112
NU-103655,11,224,170
NU-103655,12,270,183
NU-103655,13,234,171
NU-103655,14,166,132
NU-103655,15,406,213
NU-103655,16,401,205
NU-103275,1,285,163
NU-103275,2,342,169
NU-103275,3,414,245
NU-103275,4,301,220
NU-103275,5,600,325
NU-103275,6,339,201
NU-103275,7,279,171
NU-103275,8,294,147
NU-103275,9,88,81
NU-103275,10,375,243
NU-103275,11,410,230
NU-103275,12,337,264
NU-103275,13,288,189
NU-103275,14,263,136
NU-103275,15,308,210
NU-103275,16,196,178
NU-102836,1,454,254
NU-102836,2,361,246
NU-102836,3,446,261
NU-102836,4,417,254
NU-102836,5,462,225
NU-102836,6,393,253
NU-102836,7,568,301
NU-102836,8,376,293
NU-102836,9,203,105
NU-102836,10,436,211
NU-102836,11,427,262
NU-102836,12,398,233
NU-102836,13,281,223
NU-102836,14,436,241
NU-102836,15,318,287
NU-102836,16,657,327
NU-104133,1,174,92
NU-104133,2,313,173
NU-104133,3,66,41
NU-104133,4,102,90
NU-104133,5,116,94
NU-104133,6,185,107
NU-104133,7,150,69
NU-104133,8,59,43
NU-104133,9,49,32
NU-104133,10,0,0
NU-104133,11,45,29
NU-104133,12,64,50
NU-104133,13,72,56
NU-104133,14,149,90
NU-104133,15,85,55
NU-104133,16,175,114
NU-103273,1,397,266
NU-103273,2,440,257
NU-103273,3,435,260
NU-103273,4,288,209
NU-103273,5,244,315
NU-103273,6,293,243
NU-103273,7,463,282
NU-103273,8,322,229
NU-103273,9,189,102
NU-103273,10,527,301
NU-103273,11,279,243
NU-103273,12,359,269
NU-103273,13,274,289
NU-103273,14,443,328
NU-103273,15,421,229
NU-103273,16,553,265
NU-107692,1,563,266
NU-107692,2,507,366
NU-107692,3,543,297
NU-107692,4,339,234
NU-107692,5,534,289
NU-107692,6,480,291
NU-107692,7,529,302
NU-107692,8,297,221
NU-107692,9,158,104
NU-107692,10,451,234
NU-107692,11,514,269
NU-107692,12,429,247
NU-107692,13,563,327
NU-107692,14,473,305
NU-107692,15,390,244
NU-107692,16,477,260
NU-105541,1,296,219
NU-105541,2,403,232
NU-105541,3,369,216
NU-105541,4,313,185
NU-105541,5,313,225
NU-105541,6,291,187
NU-105541,7,370,216
NU-105541,8,362,249
NU-105541,9,105,83
NU-105541,10,215,143
NU-105541,11,206,143
NU-105541,12,245,250
NU-105541,13,396,216
NU-105541,14,237,188
NU-105541,15,573,282
NU-105541,16,301,249
NU-100212,1,55,29
NU-100212,2,159,86
NU-100212,3,46,32
NU-100212,4,0,0
NU-100212,5,161,101
NU-100212,6,175,120
NU-100212,7,86,39
NU-100212,8,92,67
NU-100212,9,37,27
NU-100212,10,111,68
NU-100212,11,102,54
NU-100212,12,133,103
NU-100212,13,109,62
NU-100212,14,76,59
NU-100212,15,66,43
NU-100212,16,55,52
NU-106229,1,240,131
NU-106229,2,254,155
NU-106229,3,239,174
NU-106229,4,192,119
NU-106229,5,225,158
NU-106229,6,309,209
NU-106229,7,272,162
NU-106229,8,300,151
NU-106229,9,107,58
NU-106229,10,407,232
NU-106229,11,286,163
NU-106229,12,249,167
NU-106229,13,298,204
NU-106229,14,225,150
NU-106229,15,164,143
NU-106229,16,203,122
NU-101479,1,400,204
NU-101479,2,400,273
NU-101479,3,511,260
NU-101479,4,404,340
NU-101479,5,474,274
NU-101479,6,349,211
NU-101479,7,243,224
NU-101479,8,438,242
NU-101479,9,153,105
NU-101479,10,229,174
NU-101479,11,208,237
NU-101479,12,382,275
NU-101479,13,538,253
NU-101479,14,448,296
NU-101479,15,353,236
NU-101479,16,334,182
NU-100049,1,575,341
NU-100049,2,631,349
NU-100049,3,383,263
NU-100049,4,720,396
NU-100049,5,760,342
NU-100049,6,579,383
NU-100049,7,397,235
NU-100049,8,438,355
NU-100049,9,234,158
NU-100049,10,766,379
NU-100049,11,419,296
NU-100049,12,669,374
NU-100049,13,573,335
NU-100049,14,648,297
NU-100049,15,431,234
NU-100049,16,642,382
NU-100474,1,543,297
NU-100474,2,443,301
NU-100474,3,540,294
NU-100474,4,484,297
NU-100474,5,563,362
NU-100474,6,372,312
NU-100474,7,402,265
NU-100474,8,517,295
NU-100474,9,219,139
NU-100474,10,311,363
NU-100474,11,442,304
NU-100474,12,444,218
NU-100474,13,494,312
NU-100474,14,602,307
NU-100474,15,574,310
NU-100474,16,635,335
NU-105333,1,337,215
NU-105333,2,330,206
NU-105333,3,371,210
NU-105333,4,426,253
NU-105333,5,391,211
NU-105333,6,258,148
NU-105333,7,623,295
NU-105333,8,307,190
NU-105333,9,151,86
NU-105333,10,347,224
NU-105333,11,280,181
NU-105333,12,280,196
NU-105333,13,340,217
NU-105333,14,237,188
NU-105333,15,200,233
NU-105333,16,416,234
NU-107058,1,245,166
NU-107058,2,334,248
NU-107058,3,514,315
NU-107058,4,327,215
NU-107058,5,497,236
NU-107058,6,450,310
NU-107058,7,509,273
NU-107058,8,456,238
NU-107058,9,284,125
NU-107058,10,502,300
NU-107058,11,213,225
NU-107058,12,454,263
NU-107058,13,539,331
NU-107058,14,519,294
NU-107058,15,428,271
NU-107058,16,330,203
NU-108147,1,705,300
NU-108147,2,746,398
NU-108147,3,600,379
NU-108147,4,633,282
NU-108147,5,725,392
NU-108147,6,484,334
NU-108147,7,653,337
NU-108147,8,409,237
NU-108147,9,125,133
NU-108147,10,472,314
NU-108147,11,591,295
NU-108147,12,592,388
NU-108147,13,660,285
NU-108147,14,414,330
NU-108147,15,332,272
NU-108147,16,454,317
NU-102331,1,601,356
NU-102331,2,577,290
NU-102331,3,459,302
NU-102331,4,523,329
NU-102331,5,377,382
NU-102331,6,657,344
NU-102331,7,630,381
NU-102331,8,646,356
NU-102331,9,240,138
NU-102331,10,346,283
NU-102331,11,557,334
NU-102331,12,592,388
NU-102331,13,505,344
NU-102331,14,258,260
NU-102331,15,1052,447
NU-102331,16,580,257
NU-103646,1,362,191
NU-103646,2,217,182
NU-103646,3,435,246
NU-103646,4,246,149
NU-103646,5,243,150
NU-103646,6,320,199
NU-103646,7,364,237
NU-103646,8,221,129
NU-103646,9,114,80
NU-103646,10,573,248
NU-103646,11,501,280
NU-103646,12,344,227
NU-103646,13,531,277
NU-103646,14,272,139
NU-103646,15,326,206
NU-103646,16,389,197
NU-108036,1,652,350
NU-108036,2,503,331
NU-108036,3,254,278
NU-108036,4,433,295
NU-108036,5,496,371
NU-108036,6,399,223
NU-108036,7,722,422
NU-108036,8,753,358
NU-108036,9,202,127
NU-108036,10,527,307
NU-108036,11,397,295
NU-108036,12,384,285
NU-108036,13,459,345
NU-108036,14,524,393
NU-108036,15,537,349
NU-108036,16,555,362
NU-102327,1,79,64
NU-102327,2,154,81
NU-102327,3,79,40
NU-102327,4,164,106
NU-102327,5,72,35
NU-102327,6,136,85
NU-102327,7,138,77
NU-102327,8,150,107
NU-102327,9,48,34
NU-102327,10,181,102
NU-102327,11,191,107
NU-102327,12,159,103
NU-102327,13,86,83
NU-102327,14,82,66
NU-102327,15,154,74
NU-102327,16,177,119
NU-105300,1,263,182
NU-105300,2,519,279
NU-105300,3,326,263
NU-105300,4,387,254
NU-105300,5,414,260
NU-105300,6,392,249
NU-105300,7,406,233
NU-105300,8,217,158
NU-105300,9,269,124
NU-105300,10,292,244
NU-105300,11,256,217
NU-105300,12,411,265
NU-105300,13,282,229
NU-105300,14,428,264
NU-105300,15,321,211
NU-105300,16,361,229
NU-103179,1,525,245
NU-103179,2,438,274
NU-103179,3,294,191
NU-103179,4,374,265
NU-103179,5,432,241
NU-103179,6,218,185
NU-103179,7,480,323
NU-103179,8,237,241
NU-103179,9,168,88
NU-103179,10,368,230
NU-103179,11,382,235
NU-103179,12,633,332
NU-103179,13,480,315
NU-103179,14,347,199
NU-103179,15,473,302
NU-103179,16,401,215
NU-102237,1,423,238
NU-102237,2,414,287
NU-102237,3,454,249
NU-102237,4,272,194
NU-102237,5,348,248
NU-102237,6,412,197
NU-102237,7,305,195
NU-102237,8,355,265
NU-102237,9,223,116
NU-102237,10,301,215
NU-102237,11,460,226
NU-102237,12,429,220
NU-102237,13,407,245
NU-102237,14,408,265
NU-102237,15,541,285
NU-102237,16,425,242
NU-101259,1,315,194
NU-101259,2,209,176
NU-101259,3,318,171
NU-101259,4,348,256
NU-101259,5,303,185
NU-101259,6,206,171
NU-101259,7,216,159
NU-101259,8,347,197
NU-101259,9,139,94
NU-101259,10,176,100
NU-101259,11,234,151
NU-101259,12,267,183
NU-101259,13,258,171
NU-101259,14,568,243
NU-101259,15,73,39
NU-101259,16,234,187
NU-100135,1,342,219
NU-100135,2,438,243
NU-100135,3,302,249
NU-100135,4,316,215
NU-100135,5,486,284
NU-100135,6,294,177
NU-100135,7,411,203
NU-100135,8,409,228
NU-100135,9,156,99
NU-100135,10,336,272
NU-100135,11,319,183
NU-100135,12,340,249
NU-100135,13,453,262
NU-100135,14,600,324
NU-100135,15,481,294
NU-100135,16,440,263
NU-103290,1,251,217
NU-103290,2,429,261
NU-103290,3,507,248
NU-103290,4,339,231
NU-103290,5,221,185
NU-103290,6,205,211
NU-103290,7,335,256
NU-103290,8,399,240
NU-103290,9,156,92
NU-103290,10,429,251
NU-103290,11,251,192
NU-103290,12,411,290
NU-103290,13,457,260
NU-103290,14,297,245
NU-103290,15,324,208
NU-103290,16,517,319
NU-102946,1,348,182
NU-102946,2,222,178
NU-102946,3,166,117
NU-102946,4,281,193
NU-102946,5,207,142
NU-102946,6,237,174
NU-102946,7,246,155
NU-102946,8,230,136
NU-102946,9,218,94
NU-102946,10,251,154
NU-102946,11,342,181
NU-102946,12,197,97
NU-102946,13,300,185
NU-102946,14,479,260
NU-102946,15,159,131
NU-102946,16,174,96
NU-101474,1,347,251
NU-101474,2,430,242
NU-101474,3,390,209
NU-101474,4,455,238
NU-101474,5,481,245
NU-101474,6,287,219
NU-101474,7,371,247
NU-101474,8,430,267
NU-101474,9,113,89
NU-101474,10,271,165
NU-101474,11,534,246
NU-101474,12,326,223
NU-101474,13,596,287
NU-101474,14,521,251
NU-101474,15,385,206
NU-101474,16,496,289
NU-100580,1,344,208
NU-100580,2,184,119
NU-100580,3,456,220
NU-100580,4,344,172
NU-100580,5,232,165
NU-100580,6,271,223
NU-100580,7,130,138
NU-100580,8,166,104
NU-100580,9,194,95
NU-100580,10,264,150
NU-100580,11,207,206
NU-100580,12,219,217
NU-100580,13,191,143
NU-100580,14,246,155
NU-100580,15,202,155
NU-100580,16,228,113
NU-100045,1,352,172
NU-100045,2,198,123
NU-100045,3,377,236
NU-100045,4,203,125
NU-100045,5,382,221
NU-100045,6,195,116
NU-100045,7,185,148
NU-100045,8,156,118
NU-100045,9,60,32
NU-100045,10,264,161
NU-100045,11,213,162
NU-100045,12,231,116
NU-100045,13,202,115
NU-100045,14,278,129
NU-100045,15,187,103
NU-100045,16,158,110
NU-102512,1,354,164
NU-102512,2,313,175
NU-102512,3,224,170
NU-102512,4,185,98
NU-102512,5,198,125
NU-102512,6,268,145
NU-102512,7,286,135
NU-102512,8,205,175
NU-102512,9,102,54
NU-102512,10,408,214
NU-102512,11,193,158
NU-102512,12,245,165
NU-102512,13,329,206
NU-102512,14,238,141
NU-102512,15,256,181
NU-102512,16,234,210
NU-106240,1,268,143
NU-106240,2,326,212
NU-106240,3,418,218
NU-106240,4,332,257
NU-106240,5,190,175
NU-106240,6,377,242
NU-106240,7,386,243
NU-106240,8,608,260
NU-106240,9,81,55
NU-106240,10,380,230
NU-106240,11,314,227
NU-106240,12,517,257
NU-106240,13,377,205
NU-106240,14,342,233
NU-106240,15,417,216
NU-106240,16,416,236
NU-101582,1,396,224
NU-101582,2,414,248
NU-101582,3,364,264
NU-101582,4,365,310
NU-101582,5,200,157
NU-101582,6,427,200
NU-101582,7,420,265
NU-101582,8,484,274
NU-101582,9,160,118
NU-101582,10,487,289
NU-101582,11,460,309
NU-101582,12,409,316
NU-101582,13,385,265
NU-101582,14,336,265
NU-101582,15,388,229
NU-101582,16,566,249
NU-101332,1,210,125
NU-101332,2,382,226
NU-101332,3,561,260
NU-101332,4,253,195
NU-101332,5,135,90
NU-101332,6,268,243
NU-101332,7,369,207
NU-101332,8,256,149
NU-101332,9,145,76
NU-101332,10,302,205
NU-101332,11,335,183
NU-101332,12,193,162
NU-101332,13,348,216
NU-101332,14,370,219
NU-101332,15,260,184
NU-101332,16,97,142
NU-100531,1,392,212
NU-100531,2,122,79
NU-100531,3,246,180
NU-100531,4,267,173
NU-100531,5,166,110
NU-100531,6,275,221
NU-100531,7,273,124
NU-100531,8,305,164
NU-100531,9,89,79
NU-100531,10,226,162
NU-100531,11,243,133
NU-100531,12,283,226
NU-100531,13,205,125
NU-100531,14,245,179
NU-100531,15,118,194
NU-100531,16,417,253
NU-107454,1,283,199
NU-107454,2,496,252
NU-107454,3,362,195
NU-107454,4,129,183
NU-107454,5,256,191
NU-107454,6,214,151
NU-107454,7,501,218
NU-107454,8,341,187
NU-107454,9,122,93
NU-107454,10,402,203
NU-107454,11,251,189
NU-107454,12,369,221
NU-107454,13,193,118
NU-107454,14,303,165
NU-107454,15,266,153
NU-107454,16,478,219
NU-105840,1,323,216
NU-105840,2,297,213
NU-105840,3,289,218
NU-105840,4,495,275
NU-105840,5,313,210
NU-105840,6,426,302
NU-105840,7,274,196
NU-105840,8,428,228
NU-105840,9,130,79
NU-105840,10,481,256
NU-105840,11,288,169
NU-105840,12,391,156
NU-105840,13,429,214
NU-105840,14,401,223
NU-105840,15,223,165
NU-105840,16,271,194
NU-103832,1,237,133
NU-103832,2,295,145
NU-103832,3,196,121
NU-103832,4,134,109
NU-103832,5,337,174
NU-103832,6,422,247
NU-103832,7,445,204
NU-103832,8,259,165
NU-103832,9,89,53
NU-103832,10,179,103
NU-103832,11,153,104
NU-103832,12,228,150
NU-103832,13,293,185
NU-103832,14,158,98
NU-103832,15,273,164
NU-103832,16,165,121
NU-104120,1,611,310
NU-104120,2,499,327
NU-104120,3,300,228
NU-104120,4,490,284
NU-104120,5,420,333
NU-104120,6,294,382
NU-104120,7,517,388
NU-104120,8,620,318
NU-104120,9,246,119
NU-104120,10,384,336
NU-104120,11,437,286
NU-104120,12,387,270
NU-104120,13,388,264
NU-104120,14,431,355
NU-104120,15,394,303
NU-104120,16,486,294
NU-105855,1,413,243
NU-105855,2,217,265
NU-105855,3,503,264
NU-105855,4,344,233
NU-105855,5,297,227
NU-105855,6,408,262
NU-105855,7,355,190
NU-105855,8,377,195
NU-105855,9,113,87
NU-105855,10,401,255
NU-105855,11,490,273
NU-105855,12,431,288
NU-105855,13,353,252
NU-105855,14,451,247
NU-105855,15,439,271
NU-105855,16,251,209
NU-101730,1,378,224
NU-101730,2,165,169
NU-101730,3,209,154
NU-101730,4,281,190
NU-101730,5,526,248
NU-101730,6,373,201
NU-101730,7,374,248
NU-101730,8,287,156
NU-101730,9,151,76
NU-101730,10,264,177
NU-101730,11,393,183
NU-101730,12,213,188
NU-101730,13,264,196
NU-101730,14,444,227
NU-101730,15,341,204
NU-101730,16,356,203
NU-109788,1,324,171
NU-109788,2,305,184
NU-109788,3,287,139
NU-109788,4,170,202
NU-109788,5,303,214
NU-109788,6,276,181
NU-109788,7,388,206
NU-109788,8,230,126
NU-109788,9,128,101
NU-109788,10,442,212
NU-109788,11,414,237
NU-109788,12,498,271
NU-109788,13,203,143
NU-109788,14,282,172
NU-109788,15,345,160
NU-109788,16,336,203
NU-105271,1,344,197
NU-105271,2,210,124
NU-105271,3,183,175
NU-105271,4,77,61
NU-105271,5,149,125
NU-105271,6,224,168
NU-105271,7,216,143
NU-105271,8,341,178
NU-105271,9,97,71
NU-105271,10,277,226
NU-105271,11,172,105
NU-105271,12,268,158
NU-105271,13,242,192
NU-105271,14,283,169
NU-105271,15,251,155
NU-105271,16,260,154
NU-109103,1,219,115
NU-109103,2,141,86
NU-109103,3,394,229
NU-109103,4,79,55
NU-109103,5,182,126
NU-109103,6,222,204
NU-109103,7,179,161
NU-109103,8,219,164
NU-109103,9,92,74
NU-109103,10,210,136
NU-109103,11,253,124
NU-109103,12,209,126
NU-109103,13,333,159
NU-109103,14,471,271
NU-109103,15,489,236
NU-109103,16,225,180
NU-103064,1,442,331
NU-103064,2,436,208
NU-103064,3,596,299
NU-103064,4,566,303
NU-103064,5,307,197
NU-103064,6,573,267
NU-103064,7,532,308
NU-103064,8,574,300
NU-103064,9,257,121
NU-103064,10,192,251
NU-103064,11,610,294
NU-103064,12,447,263
NU-103064,13,604,363
NU-103064,14,504,290
NU-103064,15,465,239
NU-103064,16,439,273
NU-100056,1,119,97
NU-100056,2,230,135
NU-100056,3,203,155
NU-100056,4,211,160
NU-100056,5,63,34
NU-100056,6,210,132
NU-100056,7,146,67
NU-100056,8,92,79
NU-100056,9,77,60
NU-100056,10,215,169
NU-100056,11,80,58
NU-100056,12,108,63
NU-100056,13,140,72
NU-100056,14,134,125
NU-100056,15,98,68
NU-100056,16,200,120
NU-100707,1,428,325
NU-100707,2,214,272
NU-100707,3,443,281
NU-100707,4,220,275
NU-100707,5,620,310
NU-100707,6,375,341
NU-100707,7,473,324
NU-100707,8,356,266
NU-100707,9,256,121
NU-100707,10,698,312
NU-100707,11,468,298
NU-100707,12,406,246
NU-100707,13,568,314
NU-100707,14,391,257
NU-100707,15,303,299
NU-100707,16,332,261
NU-105309,1,313,177
NU-105309,2,393,199
NU-105309,3,272,133
NU-105309,4,281,164
NU-105309,5,310,230
NU-105309,6,192,125
NU-105309,7,199,97
NU-105309,8,268,180
NU-105309,9,159,117
NU-105309,10,186,173
NU-105309,11,243,240
NU-105309,12,235,153
NU-105309,13,283,197
NU-105309,14,231,168
NU-105309,15,284,178
NU-105309,16,297,166
NU-107998,1,144,113
NU-107998,2,155,86
NU-107998,3,172,116
NU-107998,4,26,16
NU-107998,5,84,45
NU-107998,6,88,50
NU-107998,7,89,66
NU-107998,8,198,126
NU-107998,9,0,0
NU-107998,10,150,101
NU-107998,11,143,61
NU-107998,12,106,53
NU-107998,13,25,14
NU-107998,14,22,12
NU-107998,15,98,74
NU-107998,16,105,56
NU-106255,1,381,227
NU-106255,2,361,221
NU-106255,3,354,190
NU-106255,4,385,220
NU-106255,5,490,253
NU-106255,6,348,237
NU-106255,7,381,213
NU-106255,8,538,256
NU-106255,9,210,116
NU-106255,10,285,149
NU-106255,11,267,206
NU-106255,12,234,159
NU-106255,13,454,282
NU-106255,14,378,234
NU-106255,15,453,258
NU-106255,16,479,291
NU-106303,1,251,143
NU-106303,2,165,84
NU-106303,3,171,94
NU-106303,4,218,126
NU-106303,5,65,35
NU-106303,6,79,54
NU-106303,7,98,54
NU-106303,8,48,40
NU-106303,9,0,0
NU-106303,10,198,139
NU-106303,11,122,71
NU-106303,12,0,0
NU-106303,13,27,18
NU-106303,14,122,73
NU-106303,15,104,74
NU-106303,16,36,23
NU-108641,1,440,321
NU-108641,2,443,283
NU-108641,3,529,279
NU-108641,4,457,289
NU-108641,5,375,255
NU-108641,6,264,220
NU-108641,7,263,246
NU-108641,8,293,311
NU-108641,9,204,118
NU-108641,10,549,321
NU-108641,11,442,263
NU-108641,12,400,274
NU-108641,13,601,324
NU-108641,14,225,275
NU-108641,15,805,309
NU-108641,16,434,298
NU-108307,1,259,147
NU-108307,2,138,172
NU-108307,3,332,158
NU-108307,4,302,199
NU-108307,5,220,202
NU-108307,6,245,165
NU-108307,7,319,179
NU-108307,8,225,178
NU-108307,9,202,107
NU-108307,10,440,233
NU-108307,11,321,221
NU-108307,12,351,228
NU-108307,13,266,242
NU-108307,14,156,182
NU-108307,15,322,233
NU-108307,16,344,186
NU-103613,1,237,120
NU-103613,2,44,24
NU-103613,3,190,121
NU-103613,4,119,92
NU-103613,5,242,151
NU-103613,6,146,79
NU-103613,7,170,130
NU-103613,8,259,123
NU-103613,9,92,69
NU-103613,10,147,126
NU-103613,11,154,105
NU-103613,12,256,129
NU-103613,13,138,146
NU-103613,14,138,102
NU-103613,15,81,74
NU-103613,16,275,112
NU-108848,1,269,159
NU-108848,2,270,150
NU-108848,3,265,192
NU-108848,4,398,206
NU-108848,5,227,161
NU-108848,6,75,39
NU-108848,7,283,173
NU-108848,8,310,151
NU-108848,9,125,74
NU-108848,10,249,143
NU-108848,11,298,183
NU-108848,12,229,148
NU-108848,13,319,156
NU-108848,14,260,215
NU-108848,15,371,263
NU-108848,16,306,199
NU-106007,1,358,220
NU-106007,2,201,131
NU-106007,3,287,186
NU-106007,4,227,182
NU-106007,5,273,173
NU-106007,6,272,184
NU-106007,7,339,223
NU-106007,8,164,140
NU-106007,9,188,101
NU-106007,10,211,119
NU-106007,11,157,110
NU-106007,12,257,197
NU-106007,13,346,190
NU-106007,14,213,143
NU-106007,15,320,172
NU-106007,16,235,137
NU-106905,1,337,283
NU-106905,2,289,192
NU-106905,3,423,208
NU-106905,4,317,228
NU-106905,5,135,143
NU-106905,6,158,163
NU-106905,7,442,251
NU-106905,8,321,210
NU-106905,9,170,79
NU-106905,10,268,146
NU-106905,11,390,223
NU-106905,12,330,223
NU-106905,13,345,188
NU-106905,14,249,181
NU-106905,15,269,231
NU-106905,16,290,209
NU-108946,1,363,281
NU-108946,2,587,269
NU-108946,3,352,264
NU-108946,4,430,239
NU-108946,5,482,244
NU-108946,6,219,230
NU-108946,7,329,171
NU-108946,8,363,218
NU-108946,9,143,105
NU-108946,10,504,309
NU-108946,11,462,230
NU-108946,12,439,269
NU-108946,13,301,216
NU-108946,14,510,326
NU-108946,15,268,207
NU-108946,16,431,262
NU-104934,1,606,301
NU-104934,2,867,314
NU-104934,3,402,291
NU-104934,4,328,253
NU-104934,5,446,275
NU-104934,6,613,316
NU-104934,7,578,325
NU-104934,8,496,276
NU-104934,9,295,160
NU-104934,10,470,294
NU-104934,11,443,322
NU-104934,12,430,226
NU-104934,13,485,305
NU-104934,14,514,330
NU-104934,15,767,356
NU-104934,16,473,325
NU-102683,1,388,213
NU-102683,2,298,184
NU-102683,3,365,192
NU-102683,4,531,257
NU-102683,5,390,219
NU-102683,6,242,185
NU-102683,7,285,199
NU-102683,8,350,265
NU-102683,9,166,88
NU-102683,10,298,159
NU-102683,11,414,203
NU-102683,12,441,249
NU-102683,13,409,297
NU-102683,14,287,189
NU-102683,15,384,242
NU-102683,16,152,162
NU-108827,1,245,188
NU-108827,2,284,186
NU-108827,3,322,172
NU-108827,4,281,177
NU-108827,5,187,136
NU-108827,6,121,96
NU-108827,7,345,158
NU-108827,8,214,140
NU-108827,9,95,63
NU-108827,10,332,192
NU-108827,11,268,212
NU-108827,12,240,135
NU-108827,13,342,177
NU-108827,14,208,150
NU-108827,15,469,209
NU-108827,16,183,114
NU-105335,1,412,284
NU-105335,2,381,291
NU-105335,3,616,248
NU-105335,4,450,307
NU-105335,5,418,200
NU-105335,6,342,293
NU-105335,7,375,244
NU-105335,8,446,261
NU-105335,9,235,125
NU-105335,10,469,348
NU-105335,11,320,220
NU-105335,12,671,368
NU-105335,13,378,261
NU-105335,14,477,323
NU-105335,15,462,300
NU-105335,16,486,278
NU-108943,1,415,283
NU-108943,2,225,259
NU-108943,3,196,219
NU-108943,4,348,232
NU-108943,5,442,336
NU-108943,6,409,220
NU-108943,7,446,304
NU-108943,8,462,319
NU-108943,9,152,102
NU-108943,10,509,260
NU-108943,11,420,273
NU-108943,12,401,288
NU-108943,13,386,208
NU-108943,14,407,278
NU-108943,15,539,310
NU-108943,16,490,271
NU-103776,1,566,317
NU-103776,2,547,319
NU-103776,3,476,362
NU-103776,4,436,254
NU-103776,5,283,236
NU-103776,6,328,233
NU-103776,7,464,325
NU-103776,8,517,300
NU-103776,9,215,120
NU-103776,10,190,329
NU-103776,11,529,328
NU-103776,12,551,321
NU-103776,13,325,247
NU-103776,14,562,306
NU-103776,15,369,233
NU-103776,16,519,290
NU-104207,1,444,278
NU-104207,2,501,294
NU-104207,3,440,227
NU-104207,4,556,276
NU-104207,5,418,261
NU-104207,6,472,255
NU-104207,7,584,304
NU-104207,8,214,194
NU-104207,9,218,101
NU-104207,10,241,177
NU-104207,11,436,271
NU-104207,12,293,205
NU-104207,13,594,276
NU-104207,14,429,212
NU-104207,15,504,275
NU-104207,16,394,249
NU-106185,1,166,107
NU-106185,2,48,32
NU-106185,3,71,87
NU-106185,4,90,77
NU-106185,5,59,31
NU-106185,6,61,40
NU-106185,7,177,116
NU-106185,8,127,89
NU-106185,9,60,33
NU-106185,10,226,136
NU-106185,11,30,15
NU-106185,12,175,101
NU-106185,13,125,84
NU-106185,14,223,103
NU-106185,15,253,134
NU-106185,16,82,67
NU-109116,1,500,295
NU-109116,2,228,204
NU-109116,3,480,300
NU-109116,4,350,193
NU-109116,5,383,215
NU-109116,6,370,238
NU-109116,7,367,219
NU-109116,8,316,248
NU-109116,9,177,115
NU-109116,10,377,235
NU-109116,11,329,209
NU-109116,12,290,172
NU-109116,13,277,209
NU-109116,14,346,214
NU-109116,15,404,241
NU-109116,16,311,182
NU-104756,1,453,229
NU-104756,2,275,180
NU-104756,3,216,155
NU-104756,4,343,210
NU-104756,5,427,261
NU-104756,6,327,168
NU-104756,7,289,231
NU-104756,8,280,181
NU-104756,9,141,87
NU-104756,10,358,207
NU-104756,11,291,194
NU-104756,12,318,221
NU-104756,13,386,237
NU-104756,14,348,256
NU-104756,15,244,196
NU-104756,16,383,181
NU-101759,1,250,182
NU-101759,2,345,276
NU-101759,3,402,250
NU-101759,4,623,267
NU-101759,5,380,211
NU-101759,6,375,202
NU-101759,7,155,175
NU-101759,8,251,145
NU-101759,9,169,120
NU-101759,10,308,201
NU-101759,11,286,165
NU-101759,12,441,270
NU-101759,13,407,296
NU-101759,14,250,204
NU-101759,15,524,269
NU-101759,16,406,223
NU-107729,1,428,304
NU-107729,2,431,279
NU-107729,3,475,299
NU-107729,4,609,400
NU-107729,5,617,390
NU-107729,6,441,272
NU-107729,7,318,299
NU-107729,8,492,325
NU-107729,9,247,131
NU-107729,10,465,261
NU-107729,11,497,373
NU-107729,12,424,230
NU-107729,13,270,214
NU-107729,14,557,373
NU-107729,15,325,248
NU-107729,16,531,291
NU-108520,1,414,302
NU-108520,2,344,205
NU-108520,3,362,237
NU-108520,4,570,286
NU-108520,5,407,262
NU-108520,6,458,257
NU-108520,7,396,273
NU-108520,8,229,198
NU-108520,9,233,116
NU-108520,10,406,255
NU-108520,11,432,260
NU-108520,12,435,277
NU-108520,13,410,237
NU-108520,14,366,299
NU-108520,15,390,247
NU-108520,16,373,254
NU-104549,1,382,281
NU-104549,2,616,346
NU-104549,3,392,298
NU-104549,4,550,292
NU-104549,5,477,256
NU-104549,6,487,306
NU-104549,7,456,324
NU-104549,8,580,311
NU-104549,9,264,150
NU-104549,10,532,290
NU-104549,11,395,269
NU-104549,12,505,307
NU-104549,13,466,301
NU-104549,14,599,303
NU-104549,15,453,279
NU-104549,16,431,332
NU-103888,1,366,177
NU-103888,2,288,217
NU-103888,3,322,195
NU-103888,4,123,80
NU-103888,5,223,162
NU-103888,6,292,204
NU-103888,7,268,180
NU-103888,8,204,129
NU-103888,9,173,91
NU-103888,10,426,288
NU-103888,11,194,119
NU-103888,12,249,128
NU-103888,13,280,219
NU-103888,14,404,240
NU-103888,15,325,166
NU-103888,16,258,178
NU-104650,1,286,210
NU-104650,2,289,213
NU-104650,3,437,262
NU-104650,4,244,210
NU-104650,5,438,246
NU-104650,6,329,218
NU-104650,7,312,241
NU-104650,8,240,220
NU-104650,9,164,101
NU-104650,10,435,230
NU-104650,11,321,229
NU-104650,12,346,223
NU-104650,13,285,219
NU-104650,14,300,160
NU-104650,15,548,258
NU-104650,16,322,219
NU-105067,1,308,284
NU-105067,2,631,330
NU-105067,3,409,292
NU-105067,4,458,314
NU-105067,5,395,244
NU-105067,6,544,285
NU-105067,7,560,307
NU-105067,8,387,247
NU-105067,9,302,141
NU-105067,10,473,311
NU-105067,11,579,348
NU-105067,12,531,270
NU-105067,13,225,260
NU-105067,14,392,265
NU-105067,15,406,272
NU-105067,16,424,288
NU-108659,1,260,154
NU-108659,2,217,147
NU-108659,3,305,144
NU-108659,4,228,152
NU-108659,5,303,250
NU-108659,6,214,156
NU-108659,7,95,91
NU-108659,8,314,199
NU-108659,9,141,92
NU-108659,10,249,149
NU-108659,11,300,174
NU-108659,12,258,156
NU-108659,13,452,235
NU-108659,14,204,150
NU-108659,15,308,169
NU-108659,16,346,191
NU-106355,1,287,241
NU-106355,2,442,225
NU-106355,3,359,233
NU-106355,4,291,192
NU-106355,5,473,242
NU-106355,6,406,244
NU-106355,7,319,158
NU-106355,8,447,208
NU-106355,9,186,102
NU-106355,10,285,198
NU-106355,11,275,201
NU-106355,12,443,236
NU-106355,13,348,246
NU-106355,14,371,235
NU-106355,15,340,219
NU-106355,16,250,215
NU-103606,1,252,179
NU-103606,2,336,192
NU-103606,3,173,115
NU-103606,4,222,117
NU-103606,5,334,212
NU-103606,6,224,122
NU-103606,7,306,153
NU-103606,8,262,132
NU-103606,9,116,68
NU-103606,10,264,176
NU-103606,11,326,195
NU-103606,12,85,49
NU-103606,13,247,135
NU-103606,14,138,94
NU-103606,15,229,140
NU-103606,16,159,95
NU-106975,1,402,200
NU-106975,2,337,176
NU-106975,3,321,230
NU-106975,4,447,255
NU-106975,5,294,164
NU-106975,6,382,193
NU-106975,7,323,235
NU-106975,8,104,87
NU-106975,9,105,72
NU-106975,10,304,182
NU-106975,11,432,246
NU-106975,12,159,96
NU-106975,13,268,149
NU-106975,14,101,113
NU-106975,15,287,175
NU-106975,16,249,157
NU-102063,1,176,150
NU-102063,2,164,121
NU-102063,3,250,126
NU-102063,4,353,198
NU-102063,5,105,88
NU-102063,6,211,126
NU-102063,7,132,92
NU-102063,8,99,116
NU-102063,9,77,52
NU-102063,10,239,151
NU-102063,11,303,154
NU-102063,12,99,75
NU-102063,13,298,181
NU-102063,14,117,95
NU-102063,15,153,98
NU-102063,16,269,175
NU-101186,1,184,94
NU-101186,2,530,262
NU-101186,3,310,233
NU-101186,4,457,302
NU-101186,5,315,164
NU-101186,6,433,270
NU-101186,7,255,184
NU-101186,8,564,239
NU-101186,9,123,87
NU-101186,10,527,250
NU-101186,11,352,186
NU-101186,12,463,281
NU-101186,13,424,273
NU-101186,14,324,191
NU-101186,15,220,194
NU-101186,16,366,217
NU-108442,1,116,78
NU-108442,2,143,77
NU-108442,3,163,117
NU-108442,4,106,43
NU-108442,5,257,127
NU-108442,6,185,105
NU-108442,7,155,90
NU-108442,8,137,89
NU-108442,9,23,12
NU-108442,10,74,65
NU-108442,11,142,75
NU-108442,12,0,0
NU-108442,13,67,40
NU-108442,14,185,102
NU-108442,15,201,114
NU-108442,16,129,69
NU-109756,1,530,212
NU-109756,2,403,274
NU-109756,3,281,283
NU-109756,4,585,343
NU-109756,5,383,261
NU-109756,6,305,204
NU-109756,7,419,328
NU-109756,8,269,192
NU-109756,9,203,106
NU-109756,10,349,254
NU-109756,11,389,292
NU-109756,12,544,332
NU-109756,13,394,275
NU-109756,14,404,253
NU-109756,15,433,270
NU-109756,16,351,313
NU-101854,1,134,74
NU-101854,2,96,53
NU-101854,3,109,70
NU-101854,4,160,111
NU-101854,5,161,80
NU-101854,6,196,108
NU-101854,7,186,107
NU-101854,8,270,181
NU-101854,9,80,71
NU-101854,10,93,56
NU-101854,11,7,5
NU-101854,12,137,92
NU-101854,13,214,95
NU-101854,14,73,47
NU-101854,15,100,78
NU-101854,16,61,83
NU-105898,1,230,163
NU-105898,2,300,204
NU-105898,3,399,201
NU-105898,4,279,124
NU-105898,5,207,181
NU-105898,6,171,105
NU-105898,7,357,195
NU-105898,8,362,169
NU-105898,9,62,48
NU-105898,10,273,206
NU-105898,11,253,151
NU-105898,12,226,173
NU-105898,13,145,126
NU-105898,14,339,211
NU-105898,15,249,139
NU-105898,16,269,138
NU-102364,1,418,263
NU-102364,2,566,319
NU-102364,3,655,317
NU-102364,4,455,277
NU-102364,5,538,247
NU-102364,6,499,283
NU-102364,7,367,305
NU-102364,8,549,379
NU-102364,9,331,131
NU-102364,10,344,232
NU-102364,11,679,298
NU-102364,12,494,332
NU-102364,13,473,250
NU-102364,14,550,324
NU-102364,15,422,269
NU-102364,16,426,342
NU-104355,1,146,130
NU-104355,2,166,102
NU-104355,3,17,10
NU-104355,4,0,0
NU-104355,5,155,133
NU-104355,6,75,88
NU-104355,7,167,84
NU-104355,8,125,70
NU-104355,9,62,46
NU-104355,10,109,77
NU-104355,11,125,94
NU-104355,12,290,181
NU-104355,13,205,101
NU-104355,14,201,92
NU-104355,15,271,118
NU-104355,16,170,131
NU-105572,1,319,221
NU-105572,2,445,292
NU-105572,3,283,151
NU-105572,4,273,189
NU-105572,5,397,200
NU-105572,6,387,206
NU-105572,7,321,186
NU-105572,8,158,186
NU-105572,9,165,106
NU-105572,10,282,195
NU-105572,11,315,216
NU-105572,12,301,253
NU-105572,13,311,200
NU-105572,14,330,177
NU-105572,15,297,176
NU-105572,16,560,295
NU-103952,1,206,170
NU-103952,2,277,181
NU-103952,3,258,222
NU-103952,4,417,204
NU-103952,5,469,241
NU-103952,6,313,191
NU-103952,7,314,202
NU-103952,8,546,320
NU-103952,9,116,100
NU-103952,10,479,300
NU-103952,11,302,195
NU-103952,12,391,217
NU-103952,13,345,241
NU-103952,14,366,192
NU-103952,15,186,130
NU-103952,16,345,220
NU-103522,1,235,129
NU-103522,2,259,134
NU-103522,3,51,39
NU-103522,4,131,89
NU-103522,5,207,106
NU-103522,6,144,75
NU-103522,7,280,158
NU-103522,8,383,227
NU-103522,9,91,67
NU-103522,10,289,174
NU-103522,11,95,83
NU-103522,12,184,134
NU-103522,13,216,118
NU-103522,14,136,82
NU-103522,15,383,232
NU-103522,16,145,96
NU-108547,1,402,289
NU-108547,2,324,286
NU-108547,3,423,283
NU-108547,4,406,316
NU-108547,5,530,312
NU-108547,6,547,354
NU-108547,7,347,224
NU-108547,8,451,271
NU-108547,9,255,144
NU-108547,10,472,330
NU-108547,11,584,325
NU-108547,12,445,345
NU-108547,13,643,321
NU-108547,14,482,302
NU-108547,15,539,331
NU-108547,16,467,323
NU-105527,1,247,159
NU-105527,2,168,143
NU-105527,3,347,185
NU-105527,4,494,250
NU-105527,5,254,154
NU-105527,6,361,184
NU-105527,7,218,153
NU-105527,8,356,203
NU-105527,9,70,60
NU-105527,10,392,224
NU-105527,11,222,148
NU-105527,12,416,246
NU-105527,13,311,193
NU-105527,14,354,258
NU-105527,15,234,156
NU-105527,16,258,139
NU-108352,1,498,277
NU-108352,2,537,262
NU-108352,3,506,247
NU-108352,4,530,328
NU-108352,5,644,354
NU-108352,6,320,267
NU-108352,7,479,241
NU-108352,8,632,292
NU-108352,9,189,126
NU-108352,10,248,262
NU-108352,11,332,250
NU-108352,12,533,318
NU-108352,13,427,201
NU-108352,14,469,260
NU-108352,15,365,283
NU-108352,16,558,264
NU-102090,1,371,189
NU-102090,2,436,229
NU-102090,3,352,218
NU-102090,4,508,303
NU-102090,5,413,216
NU-102090,6,346,209
NU-102090,7,329,234
NU-102090,8,253,188
NU-102090,9,94,66
NU-102090,10,264,197
NU-102090,11,296,211
NU-102090,12,313,215
NU-102090,13,366,207
NU-102090,14,200,138
NU-102090,15,299,206
NU-102090,16,363,211
NU-106589,1,108,175
NU-106589,2,294,191
NU-106589,3,201,117
NU-106589,4,353,260
NU-106589,5,287,202
NU-106589,6,326,226
NU-106589,7,391,231
NU-106589,8,286,221
NU-106589,9,181,92
NU-106589,10,333,212
NU-106589,11,189,115
NU-106589,12,470,231
NU-106589,13,293,214
NU-106589,14,459,204
NU-106589,15,274,167
NU-106589,16,543,269
NU-109164,1,405,222
NU-109164,2,490,272
NU-109164,3,539,304
NU-109164,4,460,244
NU-109164,5,291,241
NU-109164,6,281,232
NU-109164,7,470,248
NU-109164,8,362,242
NU-109164,9,153,83
NU-109164,10,262,189
NU-109164,11,293,245
NU-109164,12,422,233
NU-109164,13,188,172
NU-109164,14,324,183
NU-109164,15,458,203
NU-109164,16,293,199
NU-105447,1,0,0
NU-105447,2,185,103
NU-105447,3,44,29
NU-105447,4,202,112
NU-105447,5,54,35
NU-105447,6,98,54
NU-105447,7,0,0
NU-105447,8,75,44
NU-105447,9,45,26
NU-105447,10,3,3
NU-105447,11,171,112
NU-105447,12,0,0
NU-105447,13,124,91
NU-105447,14,106,66
NU-105447,15,155,74
NU-105447,16,72,49
NU-101123,1,324,243
NU-101123,2,462,247
NU-101123,3,519,319
NU-101123,4,511,245
NU-101123,5,404,297
NU-101123,6,515,329
NU-101123,7,444,219
NU-101123,8,387,285
NU-101123,9,224,143
NU-101123,10,404,224
NU-101123,11,587,349
NU-101123,12,328,236
NU-101123,13,449,281
NU-101123,14,670,329
NU-101123,15,498,289
NU-101123,16,339,221
NU-106655,1,327,187
NU-106655,2,301,222
NU-106655,3,256,198
NU-106655,4,242,178
NU-106655,5,261,153
NU-106655,6,281,234
NU-106655,7,369,214
NU-106655,8,276,217
NU-106655,9,155,76
NU-106655,10,307,165
NU-106655,11,149,82
NU-106655,12,323,151
NU-106655,13,561,340
NU-106655,14,364,283
NU-106655,15,211,149
NU-106655,16,334,243
NU-107961,1,149,103
NU-107961,2,108,75
NU-107961,3,100,54
NU-107961,4,234,138
NU-107961,5,90,60
NU-107961,6,197,94
NU-107961,7,90,75
NU-107961,8,176,115
NU-107961,9,42,35
NU-107961,10,234,135
NU-107961,11,66,33
NU-107961,12,77,56
NU-107961,13,112,76
NU-107961,14,106,78
NU-107961,15,35,25
NU-107961,16,65,29
NU-106238,1,167,124
NU-106238,2,287,181
NU-106238,3,124,94
NU-106238,4,207,125
NU-106238,5,175,110
NU-106238,6,285,166
NU-106238,7,479,252
NU-106238,8,234,149
NU-106238,9,60,46
NU-106238,10,218,160
NU-106238,11,216,129
NU-106238,12,99,63
NU-106238,13,283,153
NU-106238,14,87,70
NU-106238,15,284,131
NU-106238,16,322,219
NU-102252,1,118,76
NU-102252,2,231,139
NU-102252,3,233,120
NU-102252,4,118,75
NU-102252,5,145,98
NU-102252,6,121,92
NU-102252,7,187,98
NU-102252,8,129,102
NU-102252,9,59,32
NU-102252,10,109,82
NU-102252,11,19,16
NU-102252,12,198,113
NU-102252,13,225,136
NU-102252,14,179,91
NU-102252,15,172,133
NU-102252,16,229,121
NU-108544,1,295,221
NU-108544,2,459,281
NU-108544,3,299,255
NU-108544,4,419,202
NU-108544,5,456,268
NU-108544,6,280,253
NU-108544,7,398,278
NU-108544,8,619,290
NU-108544,9,192,101
NU-108544,10,249,209
NU-108544,11,355,237
NU-108544,12,379,251
NU-108544,13,382,275
NU-108544,14,356,246
NU-108544,15,491,241
NU-108544,16,562,272
NU-101744,1,271,168
NU-101744,2,295,187
NU-101744,3,303,147
NU-101744,4,361,195
NU-101744,5,201,186
NU-101744,6,245,180
NU-101744,7,200,160
NU-101744,8,298,163
NU-101744,9,86,67
NU-101744,10,356,241
NU-101744,11,362,183
NU-101744,12,336,157
NU-101744,13,185,117
NU-101744,14,246,178
NU-101744,15,227,155
NU-101744,16,430,206
NU-106749,1,447,284
NU-106749,2,314,192
NU-106749,3,462,289
NU-106749,4,379,187
NU-106749,5,228,147
NU-106749,6,333,240
NU-106749,7,385,224
NU-106749,8,303,150
NU-106749,9,116,92
NU-106749,10,376,206
NU-106749,11,256,195
NU-106749,12,266,213
NU-106749,13,506,283
NU-106749,14,349,272
NU-106749,15,368,184
NU-106749,16,356,243
NU-101515,1,144,93
NU-101515,2,147,84
NU-101515,3,128,75
NU-101515,4,93,42
NU-101515,5,258,142
NU-101515,6,112,102
NU-101515,7,169,77
NU-101515,8,95,76
NU-101515,9,18,12
NU-101515,10,99,74
NU-101515,11,93,43
NU-101515,12,173,100
NU-101515,13,196,117
NU-101515,14,57,42
NU-101515,15,160,90
NU-101515,16,153,81
NU-102564,1,436,240
NU-102564,2,351,200
NU-102564,3,296,165
NU-102564,4,227,185
NU-102564,5,329,207
NU-102564,6,311,210
NU-102564,7,289,207
NU-102564,8,421,255
NU-102564,9,148,78
NU-102564,10,387,254
NU-102564,11,453,220
NU-102564,12,363,223
NU-102564,13,195,156
NU-102564,14,220,140
NU-102564,15,288,176
NU-102564,16,251,166
NU-100398,1,345,199
NU-100398,2,367,171
NU-100398,3,289,135
NU-100398,4,185,141
NU-100398,5,348,203
NU-100398,6,181,107
NU-100398,7,202,134
NU-100398,8,240,154
NU-100398,9,102,70
NU-100398,10,244,143
NU-100398,11,347,242
NU-100398,12,173,161
NU-100398,13,221,131
NU-100398,14,360,191
NU-100398,15,97,109
NU-100398,16,324,146
NU-104610,1,242,171
NU-104610,2,249,237
NU-104610,3,322,239
NU-104610,4,397,234
NU-104610,5,331,180
NU-104610,6,332,268
NU-104610,7,279,190
NU-104610,8,334,206
NU-104610,9,172,92
NU-104610,10,329,178
NU-104610,11,223,174
NU-104610,12,433,260
NU-104610,13,281,227
NU-104610,14,447,235
NU-104610,15,400,239
NU-104610,16,220,172
NU-109878,1,303,259
NU-109878,2,513,285
NU-109878,3,535,334
NU-109878,4,448,256
NU-109878,5,791,361
NU-109878,6,674,335
NU-109878,7,341,209
NU-109878,8,429,306
NU-109878,9,197,116
NU-109878,10,226,293
NU-109878,11,203,217
NU-109878,12,347,262
NU-109878,13,343,296
NU-109878,14,378,243
NU-109878,15,512,331
NU-109878,16,454,300
NU-107312,1,405,288
NU-107312,2,411,360
NU-107312,3,545,323
NU-107312,4,442,265
NU-107312,5,438,265
NU-107312,6,532,309
NU-107312,7,452,303
NU-107312,8,548,344
NU-107312,9,268,132
NU-107312,10,496,392
NU-107312,11,610,290
NU-107312,12,436,248
NU-107312,13,529,368
NU-107312,14,637,269
NU-107312,15,691,304
NU-107312,16,473,268
NU-108159,1,283,256
NU-108159,2,305,232
NU-108159,3,216,243
NU-108159,4,347,286
NU-108159,5,435,243
NU-108159,6,289,282
NU-108159,7,445,243
NU-108159,8,323,240
NU-108159,9,126,70
NU-108159,10,404,238
NU-108159,11,251,154
NU-108159,12,329,199
NU-108159,13,147,159
NU-108159,14,440,295
NU-108159,15,543,295
NU-108159,16,364,216
NU-106780,1,401,241
NU-106780,2,439,277
NU-106780,3,324,221
NU-106780,4,322,205
NU-106780,5,421,268
NU-106780,6,352,211
NU-106780,7,378,258
NU-106780,8,467,262
NU-106780,9,155,103
NU-106780,10,432,266
NU-106780,11,319,203
NU-106780,12,416,259
NU-106780,13,418,267
NU-106780,14,378,215
NU-106780,15,422,277
NU-106780,16,354,250
NU-107262,1,498,314
NU-107262,2,278,197
NU-107262,3,297,188
NU-107262,4,382,243
NU-107262,5,367,189
NU-107262,6,305,242
NU-107262,7,337,196
NU-107262,8,379,227
NU-107262,9,135,103
NU-107262,10,431,255
NU-107262,11,426,348
NU-107262,12,496,282
NU-107262,13,251,238
NU-107262,14,286,215
NU-107262,15,300,174
NU-107262,16,316,220
NU-108081,1,206,178
NU-108081,2,315,210
NU-108081,3,191,130
NU-108081,4,311,233
NU-108081,5,343,259
NU-108081,6,228,144
NU-108081,7,170,111
NU-108081,8,265,175
NU-108081,9,151,90
NU-108081,10,349,196
NU-108081,11,243,178
NU-108081,12,370,238
NU-108081,13,191,164
NU-108081,14,297,184
NU-108081,15,180,131
NU-108081,16,273,166
NU-109931,1,342,237
NU-109931,2,501,258
NU-109931,3,574,291
NU-109931,4,326,285
NU-109931,5,567,288
NU-109931,6,259,187
NU-109931,7,326,271
NU-109931,8,433,246
NU-109931,9,122,81
NU-109931,10,307,157
NU-109931,11,336,212
NU-109931,12,363,208
NU-109931,13,442,255
NU-109931,14,279,163
NU-109931,15,276,223
NU-109931,16,437,210
NU-100509,1,591,338
NU-100509,2,661,385
NU-100509,3,498,388
NU-100509,4,514,288
NU-100509,5,672,337
NU-100509,6,273,284
NU-100509,7,677,324
NU-100509,8,555,272
NU-100509,9,311,147
NU-100509,10,394,319
NU-100509,11,652,349
NU-100509,12,505,266
NU-100509,13,567,330
NU-100509,14,566,336
NU-100509,15,465,331
NU-100509,16,503,334
NU-108783,1,253,233
NU-108783,2,240,140
NU-108783,3,298,187
NU-108783,4,556,251
NU-108783,5,326,248
NU-108783,6,258,171
NU-108783,7,349,190
NU-108783,8,472,222
NU-108783,9,199,113
NU-108783,10,331,245
NU-108783,11,445,276
NU-108783,12,474,243
NU-108783,13,205,129
NU-108783,14,254,138
NU-108783,15,394,228
NU-108783,16,354,225
NU-108211,1,399,321
NU-108211,2,845,442
NU-108211,3,420,313
NU-108211,4,716,398
NU-108211,5,374,292
NU-108211,6,581,343
NU-108211,7,518,357
NU-108211,8,512,377
NU-108211,9,242,157
NU-108211,10,623,304
NU-108211,11,702,330
NU-108211,12,560,335
NU-108211,13,596,366
NU-108211,14,471,316
NU-108211,15,580,290
NU-108211,16,564,323
NU-109161,1,292,252
NU-109161,2,309,182
NU-109161,3,152,152
NU-109161,4,259,143
NU-109161,5,188,132
NU-109161,6,243,119
NU-109161,7,265,137
NU-109161,8,252,152
NU-109161,9,113,70
NU-109161,10,265,192
NU-109161,11,271,166
NU-109161,12,164,159
NU-109161,13,301,226
NU-109161,14,57,35
NU-109161,15,188,189
NU-109161,16,275,184
NU-103298,1,245,134
NU-103298,2,200,138
NU-103298,3,242,166
NU-103298,4,290,193
NU-103298,5,277,180
NU-103298,6,318,195
NU-103298,7,259,126
NU-103298,8,288,189
NU-103298,9,78,42
NU-103298,10,266,185
NU-103298,11,229,154
NU-103298,12,146,72
NU-103298,13,264,119
NU-103298,14,160,89
NU-103298,15,226,185
NU-103298,16,272,180
NU-104228,1,345,225
NU-104228,2,360,188
NU-104228,3,213,168
NU-104228,4,355,189
NU-104228,5,260,147
NU-104228,6,373,183
NU-104228,7,311,206
NU-104228,8,260,189
NU-104228,9,90,51
NU-104228,10,315,187
NU-104228,11,321,190
NU-104228,12,175,110
NU-104228,13,208,158
NU-104228,14,277,181
NU-104228,15,208,205
NU-104228,16,194,208
NU-103389,1,302,195
NU-103389,2,196,179
NU-103389,3,315,195
NU-103389,4,333,220
NU-103389,5,330,204
NU-103389,6,512,225
NU-103389,7,744,289
NU-103389,8,334,209
NU-103389,9,106,66
NU-103389,10,346,229
NU-103389,11,372,291
NU-103389,12,240,167
NU-103389,13,332,226
NU-103389,14,367,242
NU-103389,15,294,233
NU-103389,16,323,223
NU-105222,1,382,194
NU-105222,2,551,285
NU-105222,3,234,150
NU-105222,4,306,237
NU-105222,5,219,131
NU-105222,6,189,143
NU-105222,7,235,195
NU-105222,8,295,196
NU-105222,9,158,86
NU-105222,10,341,214
NU-105222,11,438,234
NU-105222,12,311,179
NU-105222,13,438,263
NU-105222,14,406,212
NU-105222,15,324,199
NU-105222,16,220,119
NU-100989,1,107,79
NU-100989,2,105,92
NU-100989,3,174,106
NU-100989,4,164,98
NU-100989,5,221,138
NU-100989,6,239,172
NU-100989,7,177,124
NU-100989,8,59,42
NU-100989,9,52,41
NU-100989,10,233,201
NU-100989,11,193,144
NU-100989,12,130,68
NU-100989,13,149,92
NU-100989,14,299,195
NU-100989,15,85,59
NU-100989,16,170,120
NU-106854,1,283,202
NU-106854,2,493,279
NU-106854,3,354,281
NU-106854,4,361,224
NU-106854,5,419,292
NU-106854,6,310,186
NU-106854,7,425,242
NU-106854,8,583,295
NU-106854,9,255,129
NU-106854,10,487,256
NU-106854,11,435,301
NU-106854,12,277,229
NU-106854,13,533,284
NU-106854,14,337,211
NU-106854,15,429,210
NU-106854,16,348,225
NU-102247,1,282,286
NU-102247,2,243,215
NU-102247,3,434,265
NU-102247,4,432,279
NU-102247,5,655,318
NU-102247,6,283,207
NU-102247,7,351,231
NU-102247,8,396,275
NU-102247,9,189,100
NU-102247,10,595,297
NU-102247,11,498,330
NU-102247,12,376,187
NU-102247,13,347,233
NU-102247,14,323,244
NU-102247,15,455,296
NU-102247,16,615,301
NU-102623,1,137,80
NU-102623,2,137,84
NU-102623,3,73,49
NU-102623,4,69,56
NU-102623,5,166,108
NU-102623,6,77,67
NU-102623,7,121,74
NU-102623,8,72,37
NU-102623,9,50,37
NU-102623,10,143,105
NU-102623,11,239,140
NU-102623,12,205,109
NU-102623,13,85,70
NU-102623,14,147,74
NU-102623,15,62,42
NU-102623,16,195,120
NU-101781,1,411,271
NU-101781,2,454,301
NU-101781,3,259,189
NU-101781,4,574,332
NU-101781,5,490,294
NU-101781,6,543,310
NU-101781,7,413,267
NU-101781,8,426,253
NU-101781,9,179,134
NU-101781,10,386,304
NU-101781,11,412,276
NU-101781,12,613,345
NU-101781,13,473,237
NU-101781,14,281,216
NU-101781,15,425,259
NU-101781,16,487,289
NU-108701,1,486,243
NU-108701,2,372,264
NU-108701,3,421,254
NU-108701,4,439,260
NU-108701,5,493,269
NU-108701,6,370,312
NU-108701,7,324,168
NU-108701,8,318,240
NU-108701,9,150,123
NU-108701,10,387,270
NU-108701,11,299,275
NU-108701,12,442,273
NU-108701,13,306,224
NU-108701,14,548,278
NU-108701,15,332,227
NU-108701,16,383,300
NU-108515,1,55,28
NU-108515,2,98,52
NU-108515,3,129,107
NU-108515,4,183,88
NU-108515,5,225,105
NU-108515,6,183,119
NU-108515,7,127,115
NU-108515,8,238,122
NU-108515,9,22,14
NU-108515,10,183,105
NU-108515,11,142,96
NU-108515,12,106,92
NU-108515,13,85,81
NU-108515,14,0,0
NU-108515,15,136,109
NU-108515,16,107,67
NU-103422,1,458,239
NU-103422,2,461,255
NU-103422,3,720,348
NU-103422,4,551,283
NU-103422,5,377,267
NU-103422,6,422,283
NU-103422,7,255,187
NU-103422,8,589,326
NU-103422,9,243,135
NU-103422,10,461,292
NU-103422,11,364,270
NU-103422,12,342,266
NU-103422,13,260,234
NU-103422,14,295,261
NU-103422,15,455,270
NU-103422,16,495,267
NU-106278,1,204,127
NU-106278,2,194,102
NU-106278,3,216,150
NU-106278,4,244,149
NU-106278,5,183,111
NU-106278,6,224,157
NU-106278,7,233,149
NU-106278,8,177,118
NU-106278,9,94,54
NU-106278,10,367,176
NU-106278,11,168,121
NU-106278,12,268,209
NU-106278,13,255,146
NU-106278,14,246,181
NU-106278,15,331,233
NU-106278,16,152,170
NU-100202,1,520,273
NU-100202,2,519,272
NU-100202,3,358,294
NU-100202,4,342,294
NU-100202,5,644,342
NU-100202,6,465,410
NU-100202,7,600,313
NU-100202,8,592,281
NU-100202,9,171,133
NU-100202,10,346,249
NU-100202,11,377,296
NU-100202,12,398,267
NU-100202,13,497,279
NU-100202,14,482,303
NU-100202,15,316,301
NU-100202,16,647,322
NU-103151,1,392,221
NU-103151,2,352,281
NU-103151,3,440,310
NU-103151,4,500,244
NU-103151,5,201,189
NU-103151,6,310,223
NU-103151,7,505,288
NU-103151,8,449,258
NU-103151,9,228,123
NU-103151,10,466,285
NU-103151,11,320,241
NU-103151,12,241,178
NU-103151,13,437,260
NU-103151,14,313,288
NU-103151,15,505,280
NU-103151,16,478,239
NU-102731,1,275,148
NU-102731,2,207,136
NU-102731,3,240,146
NU-102731,4,239,170
NU-102731,5,282,176
NU-102731,6,364,204
NU-102731,7,322,149
NU-102731,8,250,155
NU-102731,9,118,75
NU-102731,10,485,251
NU-102731,11,308,193
NU-102731,12,229,181
NU-102731,13,240,169
NU-102731,14,340,212
NU-102731,15,263,169
NU-102731,16,302,204
NU-108015,1,189,158
NU-108015,2,358,201
NU-108015,3,47,28
NU-108015,4,78,47
NU-108015,5,178,114
NU-108015,6,156,124
NU-108015,7,163,128
NU-108015,8,98,46
NU-108015,9,32,20
NU-108015,10,136,103
NU-108015,11,121,72
NU-108015,12,64,42
NU-108015,13,244,167
NU-108015,14,71,51
NU-108015,15,256,138
NU-108015,16,148,106
NU-100381,1,322,239
NU-100381,2,228,214
NU-100381,3,462,300
NU-100381,4,431,238
NU-100381,5,409,244
NU-100381,6,472,245
NU-100381,7,380,241
NU-100381,8,436,215
NU-100381,9,224,130
NU-100381,10,479,314
NU-100381,11,388,269
NU-100381,12,493,322
NU-100381,13,387,251
NU-100381,14,647,327
NU-100381,15,305,198
NU-100381,16,468,277
NU-108420,1,253,134
NU-108420,2,159,127
NU-108420,3,122,73
NU-108420,4,0,0
NU-108420,5,58,36
NU-108420,6,83,54
NU-108420,7,181,116
NU-108420,8,121,63
NU-108420,9,79,42
NU-108420,10,122,68
NU-108420,11,110,60
NU-108420,12,125,65
NU-108420,13,27,15
NU-108420,14,137,63
NU-108420,15,160,87
NU-108420,16,84,58
NU-103324,1,539,333
NU-103324,2,530,313
NU-103324,3,565,368
NU-103324,4,396,250
NU-103324,5,421,317
NU-103324,6,450,270
NU-103324,7,296,260
NU-103324,8,599,329
NU-103324,9,202,142
NU-103324,10,525,336
NU-103324,11,528,308
NU-103324,12,608,324
NU-103324,13,603,319
NU-103324,14,458,318
NU-103324,15,410,236
NU-103324,16,714,319
NU-103481,1,275,165
NU-103481,2,347,232
NU-103481,3,443,218
NU-103481,4,226,174
NU-103481,5,285,219
NU-103481,6,453,234
NU-103481,7,382,171
NU-103481,8,358,203
NU-103481,9,172,112
NU-103481,10,366,222
NU-103481,11,326,232
NU-103481,12,376,242
NU-103481,13,230,135
NU-103481,14,399,206
NU-103481,15,309,189
NU-103481,16,327,243
NU-100107,1,224,180
NU-100107,2,123,70
NU-100107,3,171,136
NU-100107,4,281,144
NU-100107,5,246,170
NU-100107,6,199,104
NU-100107,7,187,145
NU-100107,8,277,181
NU-100107,9,88,64
NU-100107,10,242,146
NU-100107,11,230,114
NU-100107,12,320,158
NU-100107,13,71,52
NU-100107,14,190,150
NU-100107,15,85,47
NU-100107,16,180,122
NU-109879,1,358,247
NU-109879,2,543,290
NU-109879,3,296,237
NU-109879,4,434,275
NU-109879,5,245,162
NU-109879,6,513,234
NU-109879,7,504,296
NU-109879,8,497,260
NU-109879,9,141,90
NU-109879,10,257,148
NU-109879,11,587,315
NU-109879,12,340,194
NU-109879,13,294,224
NU-109879,14,428,212
NU-109879,15,227,237
NU-109879,16,347,244
NU-105272,1,213,121
NU-105272,2,204,164
NU-105272,3,233,154
NU-105272,4,380,214
NU-105272,5,334,216
NU-105272,6,235,154
NU-105272,7,178,120
NU-105272,8,414,212
NU-105272,9,120,87
NU-105272,10,477,252
NU-105272,11,319,204
NU-105272,12,461,250
NU-105272,13,267,149
NU-105272,14,322,198
NU-105272,15,327,142
NU-105272,16,239,158
NU-101988,1,210,152
NU-101988,2,139,117
NU-101988,3,182,128
NU-101988,4,189,96
NU-101988,5,259,187
NU-101988,6,316,169
NU-101988,7,50,40
NU-101988,8,229,113
NU-101988,9,113,63
NU-101988,10,299,147
NU-101988,11,141,86
NU-101988,12,276,201
NU-101988,13,185,123
NU-101988,14,127,76
NU-101988,15,360,187
NU-101988,16,167,95
NU-109680,1,538,365
NU-109680,2,394,329
NU-109680,3,220,236
NU-109680,4,439,306
NU-109680,5,504,332
NU-109680,6,625,316
NU-109680,7,489,252
NU-109680,8,366,251
NU-109680,9,215,110
NU-109680,10,541,327
NU-109680,11,667,306
NU-109680,12,634,282
NU-109680,13,299,259
NU-109680,14,545,327
NU-109680,15,562,283
NU-109680,16,536,321
NU-109501,1,594,322
NU-109501,2,522,257
NU-109501,3,473,271
NU-109501,4,605,351
NU-109501,5,399,247
NU-109501,6,377,270
NU-109501,7,504,350
NU-109501,8,466,267
NU-109501,9,203,131
NU-109501,10,591,269
NU-109501,11,443,317
NU-109501,12,664,352
NU-109501,13,450,277
NU-109501,14,481,258
NU-109501,15,339,207
NU-109501,16,544,305
NU-103962,1,379,321
NU-103962,2,604,317
NU-103962,3,606,379
NU-103962,4,546,287
NU-103962,5,578,322
NU-103962,6,558,338
NU-103962,7,447,283
NU-103962,8,559,344
NU-103962,9,201,138
NU-103962,10,500,295
NU-103962,11,718,422
NU-103962,12,726,347
NU-103962,13,470,306
NU-103962,14,594,294
NU-103962,15,592,332
NU-103962,16,859,417
NU-105037,1,381,264
NU-105037,2,316,136
NU-105037,3,598,264
NU-105037,4,479,235
NU-105037,5,382,253
NU-105037,6,519,216
NU-105037,7,280,193
NU-105037,8,461,192
NU-105037,9,158,112
NU-105037,10,252,168
NU-105037,11,381,250
NU-105037,12,374,228
NU-105037,13,376,220
NU-105037,14,435,247
NU-105037,15,457,235
NU-105037,16,484,234
NU-107026,1,342,177
NU-107026,2,301,161
NU-107026,3,315,220
NU-107026,4,305,253
NU-107026,5,313,195
NU-107026,6,192,166
NU-107026,7,325,207
NU-107026,8,305,190
NU-107026,9,156,93
NU-107026,10,365,190
NU-107026,11,257,171
NU-107026,12,324,171
NU-107026,13,350,247
NU-107026,14,301,186
NU-107026,15,228,172
NU-107026,16,171,128
NU-103022,1,454,268
NU-103022,2,401,213
NU-103022,3,284,192
NU-103022,4,534,269
NU-103022,5,556,309
NU-103022,6,298,230
NU-103022,7,522,283
NU-103022,8,253,214
NU-103022,9,175,110
NU-103022,10,299,257
NU-103022,11,579,254
NU-103022,12,421,247
NU-103022,13,365,218
NU-103022,14,616,283
NU-103022,15,217,180
NU-103022,16,390,204
NU-101991,1,448,244
NU-101991,2,356,203
NU-101991,3,455,228
NU-101991,4,569,295
NU-101991,5,451,267
NU-101991,6,329,232
NU-101991,7,404,247
NU-101991,8,181,132
NU-101991,9,161,92
NU-101991,10,463,289
NU-101991,11,445,257
NU-101991,12,375,245
NU-101991,13,584,290
NU-101991,14,424,264
NU-101991,15,321,252
NU-101991,16,332,249
NU-103004,1,484,255
NU-103004,2,645,339
NU-103004,3,837,336
NU-103004,4,376,293
NU-103004,5,521,313
NU-103004,6,367,328
NU-103004,7,484,291
NU-103004,8,497,260
NU-103004,9,215,124
NU-103004,10,647,340
NU-103004,11,697,369
NU-103004,12,615,339
NU-103004,13,569,319
NU-103004,14,518,313
NU-103004,15,646,314
NU-103004,16,421,283
NU-108403,1,303,184
NU-108403,2,199,140
NU-108403,3,269,133
NU-108403,4,333,229
NU-108403,5,422,218
NU-108403,6,344,212
NU-108403,7,283,183
NU-108403,8,155,118
NU-108403,9,35,25
NU-108403,10,124,85
NU-108403,11,275,173
NU-108403,12,244,167
NU-108403,13,162,93
NU-108403,14,336,147
NU-108403,15,305,204
NU-108403,16,472,249
NU-102224,1,467,286
NU-102224,2,286,165
NU-102224,3,456,267
NU-102224,4,356,230
NU-102224,5,544,271
NU-102224,6,427,247
NU-102224,7,477,255
NU-102224,8,444,236
NU-102224,9,235,135
NU-102224,10,430,254
NU-102224,11,360,249
NU-102224,12,466,262
NU-102224,13,244,242
NU-102224,14,385,284
NU-102224,15,344,199
NU-102224,16,326,297
NU-101111,1,414,240
NU-101111,2,398,249
NU-101111,3,427,218
NU-101111,4,427,270
NU-101111,5,647,286
NU-101111,6,386,221
NU-101111,7,235,278
NU-101111,8,295,262
NU-101111,9,150,87
NU-101111,10,179,170
NU-101111,11,367,277
NU-101111,12,253,182
NU-101111,13,165,165
NU-101111,14,458,232
NU-101111,15,355,211
NU-101111,16,333,204
NU-104535,1,436,221
NU-104535,2,353,230
NU-104535,3,457,275
NU-104535,4,309,264
NU-104535,5,270,213
NU-104535,6,337,191
NU-104535,7,306,243
NU-104535,8,644,311
NU-104535,9,176,107
NU-104535,10,321,186
NU-104535,11,384,253
NU-104535,12,438,238
NU-104535,13,314,249
NU-104535,14,313,191
NU-104535,15,400,283
NU-104535,16,477,308
NU-102016,1,543,293
NU-102016,2,383,261
NU-102016,3,374,264
NU-102016,4,514,289
NU-102016,5,404,303
NU-102016,6,396,293
NU-102016,7,447,274
NU-102016,8,406,343
NU-102016,9,237,131
NU-102016,10,449,267
NU-102016,11,397,325
NU-102016,12,470,307
NU-102016,13,319,225
NU-102016,14,430,232
NU-102016,15,539,302
NU-102016,16,499,294
NU-108989,1,493,225
NU-108989,2,347,192
NU-108989,3,358,243
NU-108989,4,371,258
NU-108989,5,261,191
NU-108989,6,199,116
NU-108989,7,290,202
NU-108989,8,304,216
NU-108989,9,176,104
NU-108989,10,225,196
NU-108989,11,348,231
NU-108989,12,370,249
NU-108989,13,248,185
NU-108989,14,355,192
NU-108989,15,317,186
NU-108989,16,262,211
NU-104491,1,493,234
NU-104491,2,552,305
NU-104491,3,480,346
NU-104491,4,370,274
NU-104491,5,424,291
NU-104491,6,439,285
NU-104491,7,488,328
NU-104491,8,399,286
NU-104491,9,235,145
NU-104491,10,452,271
NU-104491,11,831,375
NU-104491,12,285,200
NU-104491,13,582,293
NU-104491,14,341,258
NU-104491,15,422,255
NU-104491,16,501,282
NU-105896,1,166,111
NU-105896,2,169,88
NU-105896,3,365,182
NU-105896,4,163,130
NU-105896,5,380,172
NU-105896,6,263,137
NU-105896,7,239,135
NU-105896,8,331,191
NU-105896,9,57,34
NU-105896,10,288,177
NU-105896,11,115,117
NU-105896,12,227,102
NU-105896,13,243,148
NU-105896,14,85,92
NU-105896,15,89,71
NU-105896,16,271,182
NU-104310,1,358,166
NU-104310,2,256,171
NU-104310,3,284,166
NU-104310,4,284,182
NU-104310,5,242,169
NU-104310,6,274,166
NU-104310,7,278,217
NU-104310,8,212,167
NU-104310,9,92,58
NU-104310,10,171,125
NU-104310,11,292,213
NU-104310,12,268,152
NU-104310,13,249,137
NU-104310,14,229,147
NU-104310,15,157,184
NU-104310,16,218,159
NU-105029,1,472,319
NU-105029,2,506,295
NU-105029,3,268,210
NU-105029,4,487,239
NU-105029,5,352,247
NU-105029,6,494,299
NU-105029,7,453,252
NU-105029,8,301,200
NU-105029,9,140,113
NU-105029,10,641,270
NU-105029,11,378,196
NU-105029,12,390,291
NU-105029,13,469,287
NU-105029,14,628,330
NU-105029,15,200,224
NU-105029,16,306,237
NU-108138,1,470,242
NU-108138,2,424,285
NU-108138,3,468,297
NU-108138,4,373,246
NU-108138,5,431,257
NU-108138,6,435,278
NU-108138,7,386,233
NU-108138,8,638,325
NU-108138,9,178,95
NU-108138,10,456,273
NU-108138,11,335,307
NU-108138,12,475,256
NU-108138,13,405,284
NU-108138,14,495,303
NU-108138,15,553,329
NU-108138,16,354,199
NU-100263,1,209,116
NU-100263,2,191,106
NU-100263,3,214,167
NU-100263,4,474,281
NU-100263,5,185,161
NU-100263,6,321,158
NU-100263,7,303,169
NU-100263,8,299,188
NU-100263,9,153,87
NU-100263,10,340,232
NU-100263,11,336,170
NU-100263,12,347,155
NU-100263,13,125,91
NU-100263,14,268,179
NU-100263,15,275,182
NU-100263,16,296,196
NU-105217,1,409,345
NU-105217,2,548,272
NU-105217,3,633,323
NU-105217,4,316,206
NU-105217,5,526,253
NU-105217,6,314,283
NU-105217,7,485,311
NU-105217,8,528,348
NU-105217,9,126,97
NU-105217,10,551,316
NU-105217,11,382,284
NU-105217,12,537,325
NU-105217,13,233,280
NU-105217,14,527,324
NU-105217,15,664,384
NU-105217,16,261,270
NU-100815,1,301,196
NU-100815,2,264,218
NU-100815,3,529,291
NU-100815,4,490,286
NU-100815,5,374,230
NU-100815,6,502,286
NU-100815,7,406,288
NU-100815,8,461,260
NU-100815,9,133,70
NU-100815,10,375,285
NU-100815,11,305,241
NU-100815,12,400,315
NU-100815,13,401,241
NU-100815,14,267,232
NU-100815,15,395,262
NU-100815,16,504,318
NU-100683,1,261,146
NU-100683,2,338,198
NU-100683,3,195,120
NU-100683,4,194,99
NU-100683,5,318,171
NU-100683,6,245,155
NU-100683,7,200,134
NU-100683,8,364,203
NU-100683,9,139,69
NU-100683,10,243,126
NU-100683,11,304,227
NU-100683,12,345,161
NU-100683,13,299,198
NU-100683,14,309,175
NU-100683,15,115,78
NU-100683,16,258,190
NU-102986,1,306,215
NU-102986,2,265,203
NU-102986,3,395,172
NU-102986,4,212,109
NU-102986,5,310,189
NU-102986,6,335,159
NU-102986,7,321,211
NU-102986,8,227,169
NU-102986,9,171,90
NU-102986,10,215,115
NU-102986,11,173,150
NU-102986,12,440,232
NU-102986,13,298,198
NU-102986,14,420,271
NU-102986,15,349,172
NU-102986,16,196,124
NU-106050,1,399,213
NU-106050,2,358,204
NU-106050,3,403,206
NU-106050,4,582,345
NU-106050,5,210,97
NU-106050,6,191,155
NU-106050,7,426,246
NU-106050,8,319,198
NU-106050,9,142,80
NU-106050,10,262,221
NU-106050,11,237,183
NU-106050,12,328,195
NU-106050,13,393,173
NU-106050,14,299,211
NU-106050,15,316,229
NU-106050,16,234,160
NU-100166,1,218,142
NU-100166,2,447,230
NU-100166,3,267,137
NU-100166,4,154,88
NU-100166,5,171,101
NU-100166,6,223,128
NU-100166,7,174,145
NU-100166,8,160,128
NU-100166,9,102,53
NU-100166,10,279,147
NU-100166,11,206,152
NU-100166,12,222,149
NU-100166,13,359,208
NU-100166,14,252,155
NU-100166,15,183,113
NU-100166,16,261,187
NU-106164,1,315,151
NU-106164,2,287,184
NU-106164,3,304,204
NU-106164,4,351,212
NU-106164,5,466,244
NU-106164,6,411,312
NU-106164,7,322,237
NU-106164,8,338,194
NU-106164,9,158,94
NU-106164,10,314,168
NU-106164,11,424,268
NU-106164,12,418,205
NU-106164,13,392,217
NU-106164,14,401,222
NU-106164,15,512,307
NU-106164,16,290,197
NU-104271,1,524,285
NU-104271,2,347,231
NU-104271,3,371,223
NU-104271,4,490,315
NU-104271,5,261,246
NU-104271,6,441,240
NU-104271,7,534,285
NU-104271,8,217,223
NU-104271,9,156,106
NU-104271,10,409,301
NU-104271,11,403,223
NU-104271,12,367,212
NU-104271,13,406,274
NU-104271,14,352,257
NU-104271,15,195,176
NU-104271,16,462,274
NU-103520,1,228,157
NU-103520,2,287,165
NU-103520,3,271,168
NU-103520,4,469,259
NU-103520,5,378,250
NU-103520,6,228,193
NU-103520,7,237,161
NU-103520,8,374,214
NU-103520,9,147,104
NU-103520,10,467,223
NU-103520,11,192,119
NU-103520,12,265,178
NU-103520,13,270,175
NU-103520,14,393,255
NU-103520,15,252,190
NU-103520,16,301,170
NU-101701,1,271,270
NU-101701,2,311,196
NU-101701,3,385,235
NU-101701,4,451,227
NU-101701,5,349,252
NU-101701,6,218,221
NU-101701,7,406,307
NU-101701,8,426,221
NU-101701,9,202,127
NU-101701,10,360,273
NU-101701,11,454,226
NU-101701,12,275,186
NU-101701,13,367,226
NU-101701,14,262,260
NU-101701,15,336,322
NU-101701,16,323,286
NU-103039,1,509,258
NU-103039,2,395,272
NU-103039,3,253,208
NU-103039,4,413,251
NU-103039,5,396,260
NU-103039,6,332,253
NU-103039,7,302,212
NU-103039,8,622,285
NU-103039,9,159,117
NU-103039,10,266,241
NU-103039,11,393,225
NU-103039,12,358,185
NU-103039,13,424,284
NU-103039,14,388,217
NU-103039,15,603,242
NU-103039,16,477,247
NU-106977,1,379,201
NU-106977,2,365,265
NU-106977,3,280,154
NU-106977,4,351,293
NU-106977,5,394,187
NU-106977,6,344,234
NU-106977,7,334,174
NU-106977,8,160,116
NU-106977,9,144,85
NU-106977,10,174,110
NU-106977,11,281,163
NU-106977,12,302,225
NU-106977,13,290,230
NU-106977,14,277,192
NU-106977,15,415,197
NU-106977,16,291,218
NU-105466,1,62,54
NU-105466,2,135,152
NU-105466,3,97,51
NU-105466,4,269,169
NU-105466,5,170,92
NU-105466,6,120,81
NU-105466,7,59,40
NU-105466,8,95,57
NU-105466,9,96,58
NU-105466,10,96,44
NU-105466,11,15,10
NU-105466,12,89,70
NU-105466,13,44,42
NU-105466,14,83,68
NU-105466,15,243,116
NU-105466,16,106,68
NU-100905,1,429,217
NU-100905,2,332,179
NU-100905,3,359,220
NU-100905,4,255,153
NU-100905,5,243,173
NU-100905,6,225,169
NU-100905,7,309,154
NU-100905,8,347,209
NU-100905,9,111,60
NU-100905,10,350,183
NU-100905,11,217,194
NU-100905,12,383,157
NU-100905,13,339,138
NU-100905,14,291,196
NU-100905,15,236,195
NU-100905,16,313,203
NU-100719,1,285,177
NU-100719,2,244,186
NU-100719,3,345,191
NU-100719,4,327,183
NU-100719,5,240,181
NU-100719,6,324,222
NU-100719,7,250,148
NU-100719,8,271,155
NU-100719,9,118,74
NU-100719,10,247,192
NU-100719,11,357,177
NU-100719,12,471,216
NU-100719,13,272,158
NU-100719,14,466,218
NU-100719,15,424,198
NU-100719,16,341,201
NU-106711,1,128,75
NU-106711,2,0,0
NU-106711,3,82,40
NU-106711,4,41,30
NU-106711,5,80,54
NU-106711,6,68,42
NU-106711,7,154,89
NU-106711,8,0,0
NU-106711,9,11,8
NU-106711,10,137,113
NU-106711,11,269,155
NU-106711,12,57,38
NU-106711,13,168,109
NU-106711,14,33,21
NU-106711,15,131,92
NU-106711,16,0,0
NU-108976,1,214,153
NU-108976,2,269,231
NU-108976,3,273,191
NU-108976,4,222,169
NU-108976,5,571,303
NU-108976,6,366,201
NU-108976,7,404,254
NU-108976,8,239,145
NU-108976,9,94,55
NU-108976,10,225,143
NU-108976,11,308,205
NU-108976,12,279,204
NU-108976,13,300,190
NU-108976,14,381,259
NU-108976,15,379,184
NU-108976,16,268,155
NU-105598,1,247,139
NU-105598,2,316,174
NU-105598,3,355,222
NU-105598,4,447,266
NU-105598,5,347,259
NU-105598,6,412,223
NU-105598,7,354,214
NU-105598,8,361,285
NU-105598,9,218,114
NU-105598,10,310,195
NU-105598,11,345,165
NU-105598,12,357,225
NU-105598,13,402,205
NU-105598,14,139,84
NU-105598,15,542,252
NU-105598,16,322,190
NU-106558,1,235,204
NU-106558,2,251,165
NU-106558,3,199,200
NU-106558,4,400,279
NU-106558,5,371,258
NU-106558,6,321,237
NU-106558,7,338,266
NU-106558,8,440,243
NU-106558,9,160,104
NU-106558,10,403,217
NU-106558,11,336,221
NU-106558,12,412,202
NU-106558,13,255,177
NU-106558,14,488,246
NU-106558,15,364,214
NU-106558,16,306,232
NU-109458,1,265,203
NU-109458,2,461,211
NU-109458,3,285,222
NU-109458,4,415,235
NU-109458,5,459,210
NU-109458,6,272,174
NU-109458,7,109,179
NU-109458,8,204,246
NU-109458,9,112,97
NU-109458,10,202,149
NU-109458,11,232,163
NU-109458,12,420,227
NU-109458,13,279,251
NU-109458,14,313,249
NU-109458,15,341,216
NU-109458,16,235,181
NU-102916,1,276,167
NU-102916,2,143,71
NU-102916,3,334,167
NU-102916,4,198,174
NU-102916,5,293,163
NU-102916,6,196,121
NU-102916,7,150,113
NU-102916,8,190,106
NU-102916,9,127,85
NU-102916,10,270,217
NU-102916,11,211,144
NU-102916,12,152,108
NU-102916,13,149,125
NU-102916,14,161,128
NU-102916,15,344,162
NU-102916,16,166,111
NU-108933,1,59,30
NU-108933,2,162,92
NU-108933,3,162,95
NU-108933,4,165,160
NU-108933,5,166,115
NU-108933,6,111,82
NU-108933,7,279,148
NU-108933,8,216,137
NU-108933,9,27,35
NU-108933,10,243,184
NU-108933,11,184,108
NU-108933,12,198,153
NU-108933,13,122,88
NU-108933,14,202,136
NU-108933,15,289,156
NU-108933,16,272,131
NU-109307,1,328,263
NU-109307,2,638,277
NU-109307,3,257,247
NU-109307,4,326,204
NU-109307,5,423,235
NU-109307,6,258,263
NU-109307,7,416,234
NU-109307,8,232,183
NU-109307,9,150,85
NU-109307,10,300,262
NU-109307,11,450,229
NU-109307,12,509,301
NU-109307,13,333,252
NU-109307,14,355,248
NU-109307,15,370,227
NU-109307,16,321,215
NU-108749,1,358,158
NU-108749,2,332,204
NU-108749,3,384,178
NU-108749,4,295,197
NU-108749,5,274,191
NU-108749,6,321,200
NU-108749,7,177,166
NU-108749,8,253,129
NU-108749,9,107,89
NU-108749,10,399,211
NU-108749,11,373,217
NU-108749,12,333,216
NU-108749,13,249,159
NU-108749,14,256,137
NU-108749,15,224,179
NU-108749,16,373,252
NU-104993,1,454,326
NU-104993,2,604,312
NU-104993,3,529,337
NU-104993,4,511,296
NU-104993,5,524,251
NU-104993,6,506,292
NU-104993,7,556,364
NU-104993,8,371,305
NU-104993,9,217,138
NU-104993,10,343,346
NU-104993,11,437,252
NU-104993,12,621,318
NU-104993,13,533,345
NU-104993,14,524,285
NU-104993,15,442,209
NU-104993,16,572,312
NU-107340,1,261,137
NU-107340,2,267,175
NU-107340,3,405,204
NU-107340,4,274,209
NU-107340,5,168,141
NU-107340,6,324,243
NU-107340,7,310,191
NU-107340,8,342,172
NU-107340,9,104,65
NU-107340,10,198,147
NU-107340,11,164,128
NU-107340,12,153,104
NU-107340,13,207,134
NU-107340,14,172,120
NU-107340,15,128,123
NU-107340,16,287,147
NU-107031,1,588,357
NU-107031,2,494,269
NU-107031,3,323,216
NU-107031,4,449,296
NU-107031,5,396,340
NU-107031,6,565,299
NU-107031,7,338,236
NU-107031,8,467,285
NU-107031,9,152,92
NU-107031,10,554,297
NU-107031,11,442,287
NU-107031,12,393,287
NU-107031,13,476,301
NU-107031,14,388,281
NU-107031,15,491,300
NU-107031,16,527,238
NU-104357,1,620,292
NU-104357,2,422,253
NU-104357,3,359,203
NU-104357,4,497,292
NU-104357,5,428,290
NU-104357,6,464,293
NU-104357,7,464,245
NU-104357,8,371,226
NU-104357,9,204,108
NU-104357,10,363,202
NU-104357,11,465,238
NU-104357,12,471,321
NU-104357,13,638,300
NU-104357,14,374,260
NU-104357,15,245,166
NU-104357,16,422,239
NU-102144,1,202,142
NU-102144,2,363,213
NU-102144,3,273,205
NU-102144,4,229,195
NU-102144,5,393,241
NU-102144,6,199,166
NU-102144,7,266,221
NU-102144,8,200,189
NU-102144,9,143,112
NU-102144,10,364,235
NU-102144,11,454,286
NU-102144,12,286,233
NU-102144,13,261,177
NU-102144,14,334,217
NU-102144,15,522,201
NU-102144,16,335,180
NU-102163,1,245,133
NU-102163,2,293,184
NU-102163,3,286,180
NU-102163,4,353,190
NU-102163,5,294,171
NU-102163,6,364,219
NU-102163,7,307,177
NU-102163,8,297,186
NU-102163,9,168,97
NU-102163,10,343,204
NU-102163,11,236,142
NU-102163,12,279,209
NU-102163,13,298,176
NU-102163,14,219,121
NU-102163,15,209,144
NU-102163,16,416,226
NU-100373,1,115,88
NU-100373,2,244,164
NU-100373,3,220,189
NU-100373,4,155,142
NU-100373,5,393,199
NU-100373,6,246,157
NU-100373,7,197,108
NU-100373,8,365,224
NU-100373,9,68,64
NU-100373,10,302,166
NU-100373,11,252,167
NU-100373,12,224,152
NU-100373,13,93,120
NU-100373,14,290,132
NU-100373,15,288,199
NU-100373,16,267,221
NU-106820,1,195,102
NU-106820,2,75,44
NU-106820,3,112,87
NU-106820,4,211,111
NU-106820,5,107,67
NU-106820,6,12,6
NU-106820,7,303,157
NU-106820,8,148,129
NU-106820,9,67,48
NU-106820,10,71,51
NU-106820,11,128,84
NU-106820,12,311,162
NU-106820,13,275,168
NU-106820,14,245,120
NU-106820,15,166,106
NU-106820,16,248,140
NU-106822,1,247,186
NU-106822,2,386,206
NU-106822,3,337,196
NU-106822,4,472,257
NU-106822,5,300,219
NU-106822,6,436,231
NU-106822,7,478,254
NU-106822,8,322,190
NU-106822,9,63,54
NU-106822,10,252,217
NU-106822,11,321,170
NU-106822,12,521,265
NU-106822,13,374,202
NU-106822,14,472,253
NU-106822,15,321,150
NU-106822,16,255,185
NU-107448,1,147,75
NU-107448,2,179,142
NU-107448,3,60,52
NU-107448,4,199,119
NU-107448,5,319,168
NU-107448,6,100,60
NU-107448,7,231,150
NU-107448,8,182,130
NU-107448,9,50,34
NU-107448,10,155,127
NU-107448,11,204,128
NU-107448,12,136,143
NU-107448,13,133,86
NU-107448,14,339,196
NU-107448,15,140,124
NU-107448,16,225,178
NU-108325,1,440,266
NU-108325,2,323,248
NU-108325,3,322,236
NU-108325,4,474,330
NU-108325,5,475,319
NU-108325,6,442,255
NU-108325,7,351,193
NU-108325,8,361,272
NU-108325,9,177,104
NU-108325,10,275,218
NU-108325,11,474,337
NU-108325,12,389,281
NU-108325,13,432,262
NU-108325,14,377,230
NU-108325,15,306,177
NU-108325,16,523,281
NU-108032,1,188,162
NU-108032,2,136,115
NU-108032,3,294,139
NU-108032,4,346,179
NU-108032,5,402,235
NU-108032,6,294,160
NU-108032,7,314,174
NU-108032,8,163,81
NU-108032,9,108,85
NU-108032,10,247,148
NU-108032,11,218,118
NU-108032,12,406,234
NU-108032,13,239,164
NU-108032,14,243,144
NU-108032,15,414,215
NU-108032,16,290,153
NU-103375,1,397,266
NU-103375,2,228,196
NU-103375,3,351,213
NU-103375,4,529,265
NU-103375,5,246,148
NU-103375,6,273,170
NU-103375,7,442,201
NU-103375,8,231,180
NU-103375,9,118,94
NU-103375,10,316,184
NU-103375,11,635,292
NU-103375,12,484,226
NU-103375,13,631,278
NU-103375,14,390,206
NU-103375,15,253,190
NU-103375,16,423,201
NU-108144,1,434,258
NU-108144,2,312,201
NU-108144,3,368,171
NU-108144,4,279,171
NU-108144,5,331,173
NU-108144,6,290,165
NU-108144,7,311,213
NU-108144,8,319,213
NU-108144,9,139,79
NU-108144,10,276,191
NU-108144,11,477,233
NU-108144,12,277,206
NU-108144,13,198,165
NU-108144,14,306,188
NU-108144,15,170,111
NU-108144,16,314,163
NU-104296,1,227,225
NU-104296,2,343,186
NU-104296,3,194,128
NU-104296,4,324,207
NU-104296,5,289,158
NU-104296,6,254,192
NU-104296,7,247,202
NU-104296,8,362,221
NU-104296,9,129,79
NU-104296,10,130,121
NU-104296,11,270,188
NU-104296,12,243,165
NU-104296,13,376,195
NU-104296,14,226,136
NU-104296,15,347,253
NU-104296,16,332,207
NU-102522,1,323,192
NU-102522,2,334,164
NU-102522,3,233,180
NU-102522,4,373,233
NU-102522,5,169,121
NU-102522,6,321,170
NU-102522,7,164,106
NU-102522,8,152,134
NU-102522,9,120,69
NU-102522,10,200,111
NU-102522,11,285,156
NU-102522,12,237,173
NU-102522,13,132,71
NU-102522,14,242,143
NU-102522,15,345,238
NU-102522,16,186,117
NU-106748,1,282,222
NU-106748,2,409,234
NU-106748,3,511,237
NU-106748,4,407,191
NU-106748,5,370,231
NU-106748,6,219,230
NU-106748,7,526,281
NU-106748,8,284,238
NU-106748,9,145,80
NU-106748,10,286,158
NU-106748,11,297,168
NU-106748,12,225,161
NU-106748,13,330,197
NU-106748,14,229,203
NU-106748,15,328,171
NU-106748,16,387,264
NU-102199,1,338,200
NU-102199,2,116,80
NU-102199,3,145,124
NU-102199,4,125,84
NU-102199,5,195,186
NU-102199,6,140,107
NU-102199,7,167,146
NU-102199,8,137,99
NU-102199,9,75,57
NU-102199,10,208,142
NU-102199,11,121,121
NU-102199,12,349,239
NU-102199,13,195,127
NU-102199,14,292,197
NU-102199,15,291,127
NU-102199,16,130,93
NU-107202,1,273,287
NU-107202,2,465,317
NU-107202,3,197,300
NU-107202,4,560,333
NU-107202,5,498,390
NU-107202,6,510,238
NU-107202,7,673,361
NU-107202,8,550,286
NU-107202,9,158,134
NU-107202,10,379,263
NU-107202,11,508,333
NU-107202,12,511,339
NU-107202,13,455,306
NU-107202,14,379,244
NU-107202,15,384,267
NU-107202,16,449,303
NU-107194,1,545,301
NU-107194,2,302,229
NU-107194,3,226,195
NU-107194,4,166,166
NU-107194,5,280,268
NU-107194,6,145,123
NU-107194,7,450,250
NU-107194,8,161,120
NU-107194,9,134,80
NU-107194,10,295,224
NU-107194,11,437,220
NU-107194,12,410,196
NU-107194,13,362,222
NU-107194,14,374,222
NU-107194,15,605,298
NU-107194,16,411,288
NU-104557,1,339,237
NU-104557,2,286,201
NU-104557,3,298,210
NU-104557,4,380,221
NU-104557,5,204,167
NU-104557,6,359,243
NU-104557,7,308,247
NU-104557,8,341,280
NU-104557,9,181,110
NU-104557,10,281,207
NU-104557,11,535,245
NU-104557,12,296,197
NU-104557,13,422,269
NU-104557,14,263,189
NU-104557,15,404,252
NU-104557,16,445,245
NU-109012,1,292,245
NU-109012,2,483,270
NU-109012,3,367,245
NU-109012,4,432,277
NU-109012,5,293,173
NU-109012,6,272,196
NU-109012,7,347,195
NU-109012,8,227,209
NU-109012,9,176,114
NU-109012,10,349,225
NU-109012,11,312,261
NU-109012,12,334,252
NU-109012,13,328,177
NU-109012,14,282,170
NU-109012,15,314,161
NU-109012,16,319,247
NU-100469,1,475,220
NU-100469,2,254,190
NU-100469,3,393,211
NU-100469,4,180,135
NU-100469,5,277,201
NU-100469,6,156,156
NU-100469,7,241,186
NU-100469,8,249,212
NU-100469,9,165,81
NU-100469,10,236,164
NU-100469,11,277,238
NU-100469,12,345,219
NU-100469,13,120,83
NU-100469,14,228,114
NU-100469,15,168,113
NU-100469,16,372,174
NU-109874,1,278,211
NU-109874,2,429,246
NU-109874,3,296,243
NU-109874,4,322,193
NU-109874,5,418,220
NU-109874,6,486,270
NU-109874,7,265,183
NU-109874,8,221,167
NU-109874,9,176,91
NU-109874,10,487,274
NU-109874,11,339,244
NU-109874,12,262,149
NU-109874,13,352,218
NU-109874,14,341,263
NU-109874,15,314,253
NU-109874,16,370,255
NU-104383,1,310,186
NU-104383,2,256,156
NU-104383,3,280,150
NU-104383,4,426,232
NU-104383,5,302,198
NU-104383,6,286,169
NU-104383,7,254,163
NU-104383,8,353,172
NU-104383,9,148,99
NU-104383,10,195,175
NU-104383,11,222,198
NU-104383,12,220,122
NU-104383,13,168,143
NU-104383,14,168,121
NU-104383,15,308,197
NU-104383,16,280,186
NU-104574,1,292,165
NU-104574,2,167,135
NU-104574,3,253,157
NU-104574,4,264,184
NU-104574,5,291,150
NU-104574,6,206,105
NU-104574,7,180,103
NU-104574,8,254,160
NU-104574,9,126,63
NU-104574,10,262,151
NU-104574,11,148,184
NU-104574,12,356,172
NU-104574,13,312,170
NU-104574,14,248,187
NU-104574,15,296,161
NU-104574,16,169,108
NU-100654,1,96,82
NU-100654,2,238,148
NU-100654,3,273,161
NU-100654,4,161,98
NU-100654,5,55,32
NU-100654,6,234,134
NU-100654,7,114,81
NU-100654,8,172,124
NU-100654,9,89,56
NU-100654,10,175,137
NU-100654,11,84,74
NU-100654,12,184,122
NU-100654,13,68,93
NU-100654,14,216,132
NU-100654,15,200,151
NU-100654,16,143,110
NU-101280,1,399,232
NU-101280,2,301,221
NU-101280,3,281,177
NU-101280,4,338,231
NU-101280,5,230,229
NU-101280,6,344,226
NU-101280,7,432,222
NU-101280,8,400,247
NU-101280,9,163,95
NU-101280,10,412,237
NU-101280,11,390,217
NU-101280,12,423,173
NU-101280,13,371,269
NU-101280,14,354,219
NU-101280,15,278,245
NU-101280,16,282,194
NU-103550,1,409,296
NU-103550,2,562,331
NU-103550,3,404,268
NU-103550,4,696,330
NU-103550,5,373,237
NU-103550,6,198,133
NU-103550,7,532,302
NU-103550,8,445,242
NU-103550,9,155,110
NU-103550,10,589,280
NU-103550,11,246,208
NU-103550,12,492,305
NU-103550,13,288,214
NU-103550,14,422,210
NU-103550,15,553,261
NU-103550,16,381,237
NU-106129,1,378,283
NU-106129,2,436,265
NU-106129,3,537,284
NU-106129,4,502,292
NU-106129,5,332,261
NU-106129,6,410,272
NU-106129,7,305,240
NU-106129,8,349,244
NU-106129,9,202,123
NU-106129,10,305,218
NU-106129,11,711,319
NU-106129,12,702,358
NU-106129,13,313,227
NU-106129,14,250,260
NU-106129,15,258,261
NU-106129,16,610,365
NU-101122,1,390,265
NU-101122,2,421,248
NU-101122,3,503,276
NU-101122,4,379,251
NU-101122,5,363,242
NU-101122,6,541,323
NU-101122,7,321,204
NU-101122,8,565,318
NU-101122,9,109,92
NU-101122,10,449,275
NU-101122,11,379,271
NU-101122,12,260,166
NU-101122,13,401,248
NU-101122,14,521,284
NU-101122,15,378,231
NU-101122,16,380,286
NU-106529,1,360,274
NU-106529,2,453,378
NU-106529,3,370,277
NU-106529,4,446,314
NU-106529,5,567,305
NU-106529,6,287,201
NU-106529,7,406,294
NU-106529,8,473,319
NU-106529,9,287,156
NU-106529,10,387,344
NU-106529,11,530,361
NU-106529,12,406,336
NU-106529,13,472,305
NU-106529,14,299,287
NU-106529,15,393,299
NU-106529,16,519,330
NU-107242,1,677,267
NU-107242,2,351,171
NU-107242,3,336,203
NU-107242,4,197,152
NU-107242,5,512,282
NU-107242,6,296,185
NU-107242,7,307,150
NU-107242,8,227,149
NU-107242,9,91,79
NU-107242,10,283,196
NU-107242,11,427,243
NU-107242,12,328,233
NU-107242,13,339,178
NU-107242,14,437,244
NU-107242,15,279,236
NU-107242,16,350,218
NU-106784,1,380,266
NU-106784,2,429,324
NU-106784,3,404,258
NU-106784,4,503,327
NU-106784,5,426,246
NU-106784,6,361,251
NU-106784,7,262,276
NU-106784,8,578,297
NU-106784,9,200,120
NU-106784,10,432,253
NU-106784,11,559,303
NU-106784,12,384,277
NU-106784,13,428,244
NU-106784,14,476,234
NU-106784,15,302,300
NU-106784,16,434,278
NU-108313,1,133,87
NU-108313,2,195,123
NU-108313,3,139,92
NU-108313,4,185,117
NU-108313,5,208,147
NU-108313,6,93,71
NU-108313,7,0,0
NU-108313,8,351,170
NU-108313,9,68,42
NU-108313,10,43,33
NU-108313,11,129,77
NU-108313,12,127,81
NU-108313,13,135,84
NU-108313,14,90,71
NU-108313,15,104,64
NU-108313,16,352,182
NU-107222,1,404,195
NU-107222,2,179,141
NU-107222,3,188,154
NU-107222,4,324,179
NU-107222,5,254,153
NU-107222,6,288,217
NU-107222,7,282,176
NU-107222,8,239,204
NU-107222,9,53,71
NU-107222,10,195,207
NU-107222,11,117,118
NU-107222,12,212,134
NU-107222,13,278,191
NU-107222,14,253,223
NU-107222,15,249,136
NU-107222,16,242,171
NU-108518,1,426,240
NU-108518,2,449,238
NU-108518,3,206,192
NU-108518,4,295,220
NU-108518,5,305,159
NU-108518,6,340,217
NU-108518,7,436,207
NU-108518,8,325,173
NU-108518,9,108,68
NU-108518,10,296,198
NU-108518,11,349,269
NU-108518,12,399,250
NU-108518,13,325,200
NU-108518,14,317,211
NU-108518,15,291,192
NU-108518,16,309,211
NU-109323,1,384,272
NU-109323,2,381,266
NU-109323,3,310,222
NU-109323,4,481,242
NU-109323,5,377,210
NU-109323,6,376,271
NU-109323,7,375,255
NU-109323,8,492,311
NU-109323,9,159,101
NU-109323,10,460,252
NU-109323,11,219,134
NU-109323,12,178,194
NU-109323,13,320,216
NU-109323,14,368,252
NU-109323,15,424,275
NU-109323,16,545,266
NU-102223,1,247,176
NU-102223,2,520,250
NU-102223,3,372,221
NU-102223,4,327,228
NU-102223,5,403,239
NU-102223,6,429,226
NU-102223,7,341,182
NU-102223,8,193,127
NU-102223,9,251,113
NU-102223,10,310,188
NU-102223,11,367,215
NU-102223,12,228,164
NU-102223,13,221,146
NU-102223,14,261,145
NU-102223,15,346,225
NU-102223,16,201,169
NU-108131,1,178,126
NU-108131,2,252,153
NU-108131,3,155,81
NU-108131,4,332,139
NU-108131,5,318,149
NU-108131,6,291,211
NU-108131,7,52,35
NU-108131,8,213,168
NU-108131,9,135,79
NU-108131,10,317,159
NU-108131,11,115,89
NU-108131,12,167,96
NU-108131,13,302,146
NU-108131,14,73,44
NU-108131,15,279,143
NU-108131,16,169,108
NU-103857,1,259,191
NU-103857,2,473,244
NU-103857,3,346,188
NU-103857,4,385,195
NU-103857,5,447,214
NU-103857,6,278,174
NU-103857,7,466,221
NU-103857,8,280,181
NU-103857,9,129,90
NU-103857,10,458,246
NU-103857,11,205,200
NU-103857,12,408,239
NU-103857,13,437,223
NU-103857,14,302,217
NU-103857,15,165,123
NU-103857,16,387,223
NU-108767,1,445,287
NU-108767,2,464,279
NU-108767,3,497,267
NU-108767,4,546,276
NU-108767,5,400,256
NU-108767,6,383,243
NU-108767,7,597,246
NU-108767,8,332,268
NU-108767,9,107,100
NU-108767,10,323,238
NU-108767,11,387,243
NU-108767,12,420,268
NU-108767,13,280,250
NU-108767,14,516,271
NU-108767,15,312,261
NU-108767,16,203,195
NU-106311,1,370,227
NU-106311,2,665,332
NU-106311,3,335,258
NU-106311,4,290,253
NU-106311,5,214,185
NU-106311,6,324,267
NU-106311,7,471,301
NU-106311,8,577,256
NU-106311,9,192,113
NU-106311,10,251,184
NU-106311,11,221,184
NU-106311,12,385,294
NU-106311,13,605,284
NU-106311,14,467,326
NU-106311,15,391,252
NU-106311,16,346,274
NU-104677,1,273,152
NU-104677,2,230,148
NU-104677,3,211,216
NU-104677,4,285,153
NU-104677,5,212,112
NU-104677,6,196,145
NU-104677,7,227,151
NU-104677,8,198,116
NU-104677,9,89,63
NU-104677,10,329,221
NU-104677,11,398,195
NU-104677,12,172,165
NU-104677,13,262,226
NU-104677,14,246,192
NU-104677,15,228,172
NU-104677,16,253,195
NU-109902,1,176,119
NU-109902,2,127,91
NU-109902,3,181,103
NU-109902,4,223,162
NU-109902,5,366,171
NU-109902,6,189,118
NU-109902,7,57,38
NU-109902,8,141,105
NU-109902,9,59,29
NU-109902,10,156,85
NU-109902,11,242,145
NU-109902,12,59,40
NU-109902,13,87,56
NU-109902,14,33,17
NU-109902,15,164,100
NU-109902,16,37,26
NU-103303,1,178,126
NU-103303,2,218,121
NU-103303,3,121,83
NU-103303,4,274,183
NU-103303,5,229,125
NU-103303,6,479,283
NU-103303,7,282,190
NU-103303,8,255,135
NU-103303,9,66,37
NU-103303,10,295,185
NU-103303,11,117,121
NU-103303,12,73,62
NU-103303,13,215,147
NU-103303,14,100,126
NU-103303,15,323,160
NU-103303,16,335,178
NU-100852,1,486,295
NU-100852,2,570,348
NU-100852,3,531,264
NU-100852,4,378,317
NU-100852,5,567,319
NU-100852,6,543,313
NU-100852,7,474,362
NU-100852,8,617,356
NU-100852,9,166,112
NU-100852,10,400,283
NU-100852,11,409,357
NU-100852,12,408,266
NU-100852,13,474,287
NU-100852,14,365,298
NU-100852,15,572,242
NU-100852,16,534,351
NU-102242,1,127,103
NU-102242,2,297,198
NU-102242,3,240,156
NU-102242,4,287,180
NU-102242,5,225,167
NU-102242,6,349,201
NU-102242,7,342,191
NU-102242,8,168,106
NU-102242,9,77,50
NU-102242,10,200,125
NU-102242,11,146,119
NU-102242,12,170,117
NU-102242,13,141,115
NU-102242,14,314,174
NU-102242,15,242,121
NU-102242,16,115,94
NU-105988,1,566,346
NU-105988,2,639,368
NU-105988,3,404,312
NU-105988,4,319,280
NU-105988,5,334,299
NU-105988,6,555,293
NU-105988,7,479,313
NU-105988,8,563,356
NU-105988,9,176,144
NU-105988,10,430,293
NU-105988,11,595,317
NU-105988,12,488,316
NU-105988,13,403,285
NU-105988,14,591,348
NU-105988,15,762,477
NU-105988,16,464,336
NU-109644,1,235,151
NU-109644,2,189,136
NU-109644,3,324,132
NU-109644,4,266,170
NU-109644,5,363,191
NU-109644,6,292,160
NU-109644,7,102,101
NU-109644,8,236,130
NU-109644,9,218,113
NU-109644,10,182,134
NU-109644,11,306,167
NU-109644,12,394,207
NU-109644,13,309,183
NU-109644,14,171,99
NU-109644,15,180,135
NU-109644,16,295,159
NU-109799,1,228,161
NU-109799,2,265,142
NU-109799,3,213,125
NU-109799,4,249,155
NU-109799,5,272,206
NU-109799,6,453,219
NU-109799,7,239,174
NU-109799,8,302,229
NU-109799,9,222,108
NU-109799,10,461,253
NU-109799,11,227,183
NU-109799,12,150,91
NU-109799,13,414,239
NU-109799,14,462,267
NU-109799,15,245,140
NU-109799,16,317,238
NU-104695,1,344,209
NU-104695,2,568,281
NU-104695,3,334,206
NU-104695,4,283,141
NU-104695,5,273,219
NU-104695,6,343,251
NU-104695,7,254,219
NU-104695,8,362,256
NU-104695,9,134,71
NU-104695,10,450,267
NU-104695,11,254,213
NU-104695,12,350,216
NU-104695,13,380,165
NU-104695,14,301,189
NU-104695,15,342,167
NU-104695,16,346,255
NU-106308,1,393,287
NU-106308,2,482,391
NU-106308,3,806,378
NU-106308,4,508,290
NU-106308,5,634,294
NU-106308,6,468,261
NU-106308,7,630,364
NU-106308,8,391,403
NU-106308,9,292,155
NU-106308,10,269,281
NU-106308,11,606,362
NU-106308,12,706,416
NU-106308,13,984,391
NU-106308,14,679,378
NU-106308,15,547,365
NU-106308,16,358,359
NU-100182,1,297,217
NU-100182,2,378,244
NU-100182,3,509,277
NU-100182,4,467,290
NU-100182,5,401,235
NU-100182,6,363,234
NU-100182,7,426,293
NU-100182,8,506,273
NU-100182,9,147,105
NU-100182,10,300,167
NU-100182,11,217,236
NU-100182,12,470,219
NU-100182,13,446,246
NU-100182,14,234,227
NU-100182,15,414,261
NU-100182,16,404,313
NU-106814,1,800,393
NU-106814,2,619,359
NU-106814,3,384,297
NU-106814,4,580,316
NU-106814,5,735,405
NU-106814,6,479,314
NU-106814,7,655,347
NU-106814,8,631,342
NU-106814,9,265,154
NU-106814,10,594,398
NU-106814,11,553,290
NU-106814,12,412,283
NU-106814,13,503,318
NU-106814,14,489,320
NU-106814,15,701,377
NU-106814,16,570,293
NU-107923,1,556,300
NU-107923,2,332,190
NU-107923,3,304,198
NU-107923,4,389,207
NU-107923,5,406,249
NU-107923,6,335,226
NU-107923,7,327,205
NU-107923,8,249,230
NU-107923,9,89,63
NU-107923,10,330,225
NU-107923,11,319,249
NU-107923,12,375,239
NU-107923,13,192,195
NU-107923,14,290,164
NU-107923,15,523,258
NU-107923,16,153,130
NU-103998,1,224,173
NU-103998,2,406,233
NU-103998,3,396,209
NU-103998,4,416,222
NU-103998,5,269,192
NU-103998,6,349,154
NU-103998,7,192,152
NU-103998,8,212,142
NU-103998,9,100,62
NU-103998,10,258,134
NU-103998,11,296,152
NU-103998,12,309,199
NU-103998,13,266,221
NU-103998,14,385,213
NU-103998,15,333,207
NU-103998,16,295,203
NU-101346,1,253,191
NU-101346,2,332,224
NU-101346,3,290,146
NU-101346,4,423,254
NU-101346,5,446,199
NU-101346,6,381,228
NU-101346,7,371,244
NU-101346,8,382,232
NU-101346,9,130,96
NU-101346,10,283,175
NU-101346,11,346,216
NU-101346,12,337,235
NU-101346,13,454,278
NU-101346,14,246,157
NU-101346,15,264,158
NU-101346,16,472,252
NU-106473,1,660,372
NU-106473,2,626,368
NU-106473,3,486,291
NU-106473,4,495,352
NU-106473,5,614,312
NU-106473,6,920,385
NU-106473,7,520,358
NU-106473,8,640,354
NU-106473,9,197,168
NU-106473,10,779,418
NU-106473,11,702,367
NU-106473,12,428,344
NU-106473,13,670,365
NU-106473,14,822,361
NU-106473,15,379,228
NU-106473,16,556,377
NU-109872,1,418,182
NU-109872,2,256,187
NU-109872,3,276,172
NU-109872,4,417,225
NU-109872,5,185,115
NU-109872,6,363,212
NU-109872,7,304,173
NU-109872,8,229,154
NU-109872,9,134,79
NU-109872,10,357,199
NU-109872,11,416,221
NU-109872,12,302,212
NU-109872,13,198,198
NU-109872,14,260,133
NU-109872,15,298,142
NU-109872,16,367,213
NU-105076,1,544,306
NU-105076,2,199,203
NU-105076,3,372,228
NU-105076,4,250,184
NU-105076,5,216,161
NU-105076,6,170,156
NU-105076,7,393,251
NU-105076,8,331,172
NU-105076,9,87,59
NU-105076,10,441,253
NU-105076,11,325,199
NU-105076,12,369,206
NU-105076,13,351,260
NU-105076,14,391,205
NU-105076,15,171,192
NU-105076,16,311,207
NU-102074,1,249,237
NU-102074,2,455,252
NU-102074,3,379,255
NU-102074,4,519,277
NU-102074,5,401,257
NU-102074,6,419,268
NU-102074,7,335,219
NU-102074,8,415,307
NU-102074,9,185,116
NU-102074,10,485,232
NU-102074,11,266,252
NU-102074,12,346,250
NU-102074,13,336,247
NU-102074,14,272,234
NU-102074,15,373,216
NU-102074,16,486,267
NU-105694,1,385,239
NU-105694,2,120,123
NU-105694,3,288,176
NU-105694,4,238,174
NU-105694,5,177,184
NU-105694,6,249,152
NU-105694,7,248,203
NU-105694,8,213,185
NU-105694,9,76,68
NU-105694,10,334,190
NU-105694,11,243,169
NU-105694,12,188,129
NU-105694,13,338,168
NU-105694,14,153,77
NU-105694,15,161,112
NU-105694,16,242,192
NU-109159,1,283,165
NU-109159,2,280,260
NU-109159,3,512,296
NU-109159,4,436,240
NU-109159,5,352,210
NU-109159,6,444,215
NU-109159,7,572,297
NU-109159,8,489,269
NU-109159,9,131,105
NU-109159,10,513,264
NU-109159,11,375,204
NU-109159,12,413,331
NU-109159,13,496,289
NU-109159,14,386,254
NU-109159,15,283,223
NU-109159,16,548,308
NU-104298,1,73,64
NU-104298,2,205,108
NU-104298,3,31,20
NU-104298,4,209,83
NU-104298,5,166,140
NU-104298,6,111,65
NU-104298,7,135,74
NU-104298,8,59,46
NU-104298,9,38,24
NU-104298,10,190,148
NU-104298,11,104,72
NU-104298,12,74,68
NU-104298,13,291,164
NU-104298,14,208,100
NU-104298,15,98,63
NU-104298,16,209,122
NU-105332,1,211,136
NU-105332,2,160,100
NU-105332,3,239,138
NU-105332,4,231,114
NU-105332,5,271,150
NU-105332,6,102,102
NU-105332,7,98,59
NU-105332,8,86,52
NU-105332,9,67,46
NU-105332,10,123,130
NU-105332,11,154,91
NU-105332,12,261,157
NU-105332,13,165,90
NU-105332,14,146,76
NU-105332,15,292,171
NU-105332,16,216,112
NU-101986,1,220,158
NU-101986,2,172,94
NU-101986,3,240,180
NU-101986,4,185,108
NU-101986,5,195,136
NU-101986,6,104,72
NU-101986,7,278,163
NU-101986,8,162,126
NU-101986,9,72,43
NU-101986,10,176,113
NU-101986,11,93,67
NU-101986,12,108,59
NU-101986,13,176,131
NU-101986,14,188,155
NU-101986,15,194,114
NU-101986,16,340,191
NU-105284,1,173,95
NU-105284,2,55,43
NU-105284,3,388,188
NU-105284,4,129,108
NU-105284,5,259,177
NU-105284,6,127,109
NU-105284,7,372,191
NU-105284,8,146,84
NU-105284,9,110,78
NU-105284,10,229,157
NU-105284,11,251,140
NU-105284,12,148,86
NU-105284,13,125,77
NU-105284,14,330,148
NU-105284,15,269,131
NU-105284,16,150,101
NU-105705,1,295,185
NU-105705,2,363,152
NU-105705,3,162,119
NU-105705,4,287,209
NU-105705,5,311,226
NU-105705,6,365,238
NU-105705,7,187,145
NU-105705,8,170,118
NU-105705,9,172,101
NU-105705,10,479,224
NU-105705,11,389,215
NU-105705,12,158,125
NU-105705,13,319,166
NU-105705,14,196,177
NU-105705,15,311,237
NU-105705,16,173,100
NU-107255,1,167,102
NU-107255,2,425,243
NU-107255,3,403,247
NU-107255,4,200,194
NU-107255,5,372,255
NU-107255,6,340,187
NU-107255,7,280,149
NU-107255,8,283,228
NU-107255,9,196,107
NU-107255,10,369,257
NU-107255,11,481,230
NU-107255,12,226,135
NU-107255,13,420,235
NU-107255,14,247,164
NU-107255,15,331,285
NU-107255,16,384,184
NU-105795,1,584,348
NU-105795,2,398,249
NU-105795,3,383,305
NU-105795,4,564,336
NU-105795,5,396,252
NU-105795,6,503,323
NU-105795,7,441,310
NU-105795,8,350,262
NU-105795,9,145,121
NU-105795,10,392,324
NU-105795,11,673,309
NU-105795,12,445,332
NU-105795,13,566,313
NU-105795,14,690,374
NU-105795,15,477,306
NU-105795,16,512,301
NU-109751,1,323,199
NU-109751,2,181,97
NU-109751,3,304,193
NU-109751,4,275,224
NU-109751,5,426,236
NU-109751,6,227,142
NU-109751,7,238,131
NU-109751,8,221,150
NU-109751,9,75,53
NU-109751,10,447,201
NU-109751,11,250,146
NU-109751,12,204,122
NU-109751,13,128,95
NU-109751,14,247,187
NU-109751,15,189,148
NU-109751,16,226,168
NU-106057,1,544,305
NU-106057,2,362,263
NU-106057,3,626,281
NU-106057,4,379,279
NU-106057,5,327,260
NU-106057,6,577,285
NU-106057,7,352,260
NU-106057,8,516,277
NU-106057,9,202,126
NU-106057,10,498,309
NU-106057,11,277,286
NU-106057,12,464,258
NU-106057,13,336,213
NU-106057,14,536,346
NU-106057,15,369,238
NU-106057,16,460,303
NU-109514,1,447,248
NU-109514,2,398,184
NU-109514,3,337,220
NU-109514,4,274,170
NU-109514,5,320,205
NU-109514,6,435,245
NU-109514,7,283,176
NU-109514,8,473,221
NU-109514,9,180,89
NU-109514,10,269,164
NU-109514,11,376,259
NU-109514,12,240,149
NU-109514,13,158,121
NU-109514,14,204,118
NU-109514,15,223,164
NU-109514,16,420,210
NU-109434,1,526,350
NU-109434,2,730,380
NU-109434,3,548,384
NU-109434,4,493,326
NU-109434,5,769,393
NU-109434,6,387,262
NU-109434,7,690,395
NU-109434,8,518,333
NU-109434,9,228,110
NU-109434,10,363,271
NU-109434,11,503,354
NU-109434,12,674,380
NU-109434,13,642,371
NU-109434,14,402,319
NU-109434,15,598,394
NU-109434,16,421,300
NU-108693,1,195,122
NU-108693,2,175,104
NU-108693,3,314,235
NU-108693,4,70,52
NU-108693,5,252,177
NU-108693,6,341,202
NU-108693,7,219,164
NU-108693,8,319,154
NU-108693,9,133,80
NU-108693,10,378,219
NU-108693,11,446,192
NU-108693,12,328,178
NU-108693,13,214,121
NU-108693,14,284,177
NU-108693,15,424,204
NU-108693,16,142,121
NU-102385,1,683,393
NU-102385,2,741,342
NU-102385,3,736,396
NU-102385,4,505,344
NU-102385,5,482,304
NU-102385,6,371,265
NU-102385,7,530,355
NU-102385,8,557,272
NU-102385,9,309,160
NU-102385,10,425,309
NU-102385,11,662,340
NU-102385,12,527,313
NU-102385,13,640,301
NU-102385,14,504,355
NU-102385,15,234,258
NU-102385,16,656,317
NU-101826,1,492,240
NU-101826,2,641,297
NU-101826,3,404,271
NU-101826,4,461,253
NU-101826,5,464,266
NU-101826,6,436,256
NU-101826,7,314,298
NU-101826,8,469,270
NU-101826,9,258,119
NU-101826,10,492,237
NU-101826,11,237,197
NU-101826,12,372,287
NU-101826,13,312,176
NU-101826,14,372,198
NU-101826,15,335,227
NU-101826,16,369,224
NU-105893,1,351,231
NU-105893,2,364,253
NU-105893,3,475,245
NU-105893,4,376,196
NU-105893,5,238,230
NU-105893,6,174,147
NU-105893,7,423,199
NU-105893,8,447,262
NU-105893,9,172,84
NU-105893,10,203,255
NU-105893,11,483,263
NU-105893,12,579,246
NU-105893,13,343,243
NU-105893,14,319,238
NU-105893,15,363,264
NU-105893,16,364,222
NU-101713,1,363,178
NU-101713,2,529,261
NU-101713,3,333,266
NU-101713,4,347,234
NU-101713,5,384,236
NU-101713,6,301,218
NU-101713,7,433,299
NU-101713,8,362,228
NU-101713,9,232,121
NU-101713,10,327,180
NU-101713,11,562,260
NU-101713,12,320,171
NU-101713,13,392,248
NU-101713,14,553,278
NU-101713,15,326,197
NU-101713,16,488,278
NU-100426,1,379,216
NU-100426,2,502,301
NU-100426,3,388,232
NU-100426,4,436,203
NU-100426,5,442,221
NU-100426,6,519,315
NU-100426,7,416,277
NU-100426,8,452,261
NU-100426,9,249,114
NU-100426,10,417,286
NU-100426,11,621,296
NU-100426,12,468,240
NU-100426,13,351,284
NU-100426,14,420,314
NU-100426,15,578,259
NU-100426,16,386,215
NU-101580,1,104,45
NU-101580,2,72,40
NU-101580,3,54,42
NU-101580,4,0,0
NU-101580,5,43,33
NU-101580,6,108,71
NU-101580,7,180,97
NU-101580,8,2,2
NU-101580,9,21,21
NU-101580,10,8,5
NU-101580,11,82,55
NU-101580,12,141,93
NU-101580,13,123,74
NU-101580,14,92,63
NU-101580,15,165,93
NU-101580,16,23,16
NU-100367,1,445,232
NU-100367,2,366,243
NU-100367,3,451,298
NU-100367,4,617,296
NU-100367,5,447,271
NU-100367,6,291,213
NU-100367,7,210,148
NU-100367,8,555,287
NU-100367,9,188,94
NU-100367,10,238,221
NU-100367,11,293,212
NU-100367,12,439,289
NU-100367,13,399,195
NU-100367,14,299,208
NU-100367,15,386,315
NU-100367,16,402,276
NU-107830,1,500,327
NU-107830,2,779,439
NU-107830,3,470,342
NU-107830,4,480,384
NU-107830,5,672,381
NU-107830,6,628,339
NU-107830,7,450,256
NU-107830,8,559,313
NU-107830,9,226,152
NU-107830,10,671,361
NU-107830,11,544,290
NU-107830,12,456,258
NU-107830,13,648,386
NU-107830,14,424,283
NU-107830,15,511,287
NU-107830,16,511,335
NU-102297,1,286,258
NU-102297,2,256,208
NU-102297,3,408,276
NU-102297,4,383,240
NU-102297,5,246,255
NU-102297,6,384,256
NU-102297,7,313,218
NU-102297,8,606,313
NU-102297,9,210,130
NU-102297,10,333,190
NU-102297,11,386,278
NU-102297,12,304,183
NU-102297,13,350,215
NU-102297,14,373,221
NU-102297,15,408,278
NU-102297,16,347,248
NU-105131,1,253,129
NU-105131,2,395,236
NU-105131,3,295,172
NU-105131,4,348,183
NU-105131,5,266,172
NU-105131,6,339,172
NU-105131,7,141,96
NU-105131,8,372,218
NU-105131,9,155,80
NU-105131,10,118,119
NU-105131,11,352,227
NU-105131,12,206,122
NU-105131,13,261,170
NU-105131,14,317,178
NU-105131,15,321,231
NU-105131,16,234,194
NU-106882,1,406,275
NU-106882,2,417,216
NU-106882,3,467,261
NU-106882,4,421,253
NU-106882,5,389,223
NU-106882,6,341,262
NU-106882,7,414,293
NU-106882,8,221,245
NU-106882,9,120,68
NU-106882,10,410,265
NU-106882,11,520,266
NU-106882,12,201,211
NU-106882,13,462,239
NU-106882,14,432,282
NU-106882,15,495,285
NU-106882,16,356,250
NU-103069,1,267,172
NU-103069,2,179,135
NU-103069,3,483,231
NU-103069,4,358,234
NU-103069,5,246,164
NU-103069,6,216,146
NU-103069,7,196,136
NU-103069,8,319,200
NU-103069,9,72,71
NU-103069,10,280,134
NU-103069,11,141,106
NU-103069,12,222,115
NU-103069,13,225,141
NU-103069,14,223,129
NU-103069,15,366,196
NU-103069,16,364,226
NU-101747,1,283,173
NU-101747,2,501,231
NU-101747,3,274,166
NU-101747,4,362,220
NU-101747,5,335,237
NU-101747,6,326,188
NU-101747,7,312,226
NU-101747,8,388,190
NU-101747,9,170,93
NU-101747,10,460,218
NU-101747,11,419,237
NU-101747,12,195,198
NU-101747,13,333,247
NU-101747,14,283,237
NU-101747,15,302,209
NU-101747,16,203,153
NU-103694,1,716,338
NU-103694,2,474,343
NU-103694,3,381,282
NU-103694,4,381,281
NU-103694,5,594,350
NU-103694,6,618,310
NU-103694,7,469,295
NU-103694,8,422,353
NU-103694,9,150,112
NU-103694,10,515,303
NU-103694,11,425,321
NU-103694,12,533,311
NU-103694,13,649,387
NU-103694,14,136,280
NU-103694,15,629,312
NU-103694,16,526,343
NU-108243,1,405,173
NU-108243,2,472,250
NU-108243,3,322,204
NU-108243,4,372,289
NU-108243,5,455,242
NU-108243,6,300,169
NU-108243,7,323,195
NU-108243,8,264,152
NU-108243,9,89,66
NU-108243,10,401,208
NU-108243,11,457,221
NU-108243,12,265,167
NU-108243,13,404,214
NU-108243,14,314,168
NU-108243,15,233,150
NU-108243,16,252,162
NU-102345,1,368,161
NU-102345,2,161,121
NU-102345,3,381,271
NU-102345,4,207,137
NU-102345,5,224,144
NU-102345,6,412,261
NU-102345,7,160,146
NU-102345,8,276,143
NU-102345,9,130,90
NU-102345,10,359,198
NU-102345,11,214,153
NU-102345,12,468,238
NU-102345,13,307,173
NU-102345,14,188,121
NU-102345,15,203,164
NU-102345,16,314,174
NU-106232,1,217,166
NU-106232,2,187,157
NU-106232,3,297,154
NU-106232,4,306,185
NU-106232,5,345,167
NU-106232,6,318,226
NU-106232,7,305,186
NU-106232,8,290,155
NU-106232,9,130,74
NU-106232,10,339,200
NU-106232,11,410,192
NU-106232,12,358,203
NU-106232,13,188,136
NU-106232,14,310,171
NU-106232,15,185,114
NU-106232,16,131,138
NU-104955,1,365,281
NU-104955,2,219,150
NU-104955,3,381,221
NU-104955,4,448,253
NU-104955,5,344,207
NU-104955,6,245,209
NU-104955,7,384,252
NU-104955,8,326,218
NU-104955,9,257,113
NU-104955,10,496,265
NU-104955,11,283,261
NU-104955,12,428,256
NU-104955,13,542,288
NU-104955,14,575,262
NU-104955,15,314,210
NU-104955,16,267,198
NU-101667,1,222,168
NU-101667,2,172,123
NU-101667,3,238,131
NU-101667,4,176,169
NU-101667,5,227,130
NU-101667,6,268,154
NU-101667,7,207,109
NU-101667,8,319,207
NU-101667,9,63,32
NU-101667,10,247,172
NU-101667,11,251,161
NU-101667,12,22,13
NU-101667,13,223,121
NU-101667,14,249,139
NU-101667,15,166,146
NU-101667,16,217,117
NU-106901,1,353,207
NU-106901,2,245,136
NU-106901,3,144,91
NU-106901,4,144,86
NU-106901,5,268,168
NU-106901,6,391,207
NU-106901,7,340,169
NU-106901,8,454,218
NU-106901,9,103,67
NU-106901,10,210,111
NU-106901,11,139,85
NU-106901,12,300,179
NU-106901,13,247,141
NU-106901,14,168,135
NU-106901,15,308,161
NU-106901,16,150,102
NU-100210,1,114,68
NU-100210,2,183,100
NU-100210,3,304,124
NU-100210,4,30,28
NU-100210,5,172,105
NU-100210,6,175,119
NU-100210,7,4,3
NU-100210,8,74,67
NU-100210,9,59,42
NU-100210,10,132,89
NU-100210,11,66,47
NU-100210,12,94,72
NU-100210,13,47,42
NU-100210,14,146,86
NU-100210,15,95,53
NU-100210,16,118,126
NU-101763,1,75,76
NU-101763,2,26,19
NU-101763,3,96,59
NU-101763,4,112,80
NU-101763,5,170,125
NU-101763,6,252,154
NU-101763,7,163,105
NU-101763,8,191,100
NU-101763,9,47,27
NU-101763,10,132,76
NU-101763,11,188,130
NU-101763,12,118,60
NU-101763,13,79,69
NU-101763,14,262,145
NU-101763,15,153,81
NU-101763,16,222,117
NU-102373,1,297,182
NU-102373,2,220,198
NU-102373,3,219,105
NU-102373,4,277,183
NU-102373,5,370,186
NU-102373,6,240,178
NU-102373,7,375,184
NU-102373,8,318,232
NU-102373,9,110,82
NU-102373,10,340,194
NU-102373,11,295,167
NU-102373,12,216,139
NU-102373,13,307,178
NU-102373,14,221,217
NU-102373,15,266,180
NU-102373,16,265,156
NU-101529,1,435,260
NU-101529,2,369,238
NU-101529,3,549,280
NU-101529,4,541,329
NU-101529,5,463,317
NU-101529,6,561,272
NU-101529,7,633,340
NU-101529,8,534,296
NU-101529,9,243,161
NU-101529,10,426,225
NU-101529,11,507,292
NU-101529,12,380,193
NU-101529,13,401,238
NU-101529,14,491,349
NU-101529,15,560,291
NU-101529,16,445,321
NU-107685,1,252,149
NU-107685,2,463,245
NU-107685,3,227,221
NU-107685,4,246,168
NU-107685,5,247,195
NU-107685,6,234,160
NU-107685,7,235,156
NU-107685,8,161,176
NU-107685,9,109,63
NU-107685,10,179,110
NU-107685,11,227,211
NU-107685,12,249,202
NU-107685,13,205,158
NU-107685,14,338,169
NU-107685,15,277,175
NU-107685,16,270,198
NU-103827,1,216,144
NU-103827,2,231,191
NU-103827,3,526,266
NU-103827,4,213,142
NU-103827,5,236,167
NU-103827,6,302,202
NU-103827,7,243,164
NU-103827,8,258,151
NU-103827,9,53,66
NU-103827,10,367,216
NU-103827,11,372,213
NU-103827,12,297,201
NU-103827,13,246,151
NU-103827,14,285,197
NU-103827,15,312,199
NU-103827,16,350,210
NU-104365,1,465,223
NU-104365,2,326,241
NU-104365,3,384,282
NU-104365,4,375,278
NU-104365,5,486,267
NU-104365,6,314,218
NU-104365,7,394,278
NU-104365,8,556,303
NU-104365,9,122,81
NU-104365,10,396,277
NU-104365,11,322,211
NU-104365,12,316,270
NU-104365,13,437,201
NU-104365,14,428,230
NU-104365,15,527,261
NU-104365,16,424,244
NU-106029,1,520,333
NU-106029,2,479,281
NU-106029,3,352,303
NU-106029,4,644,339
NU-106029,5,554,317
NU-106029,6,395,306
NU-106029,7,372,204
NU-106029,8,586,280
NU-106029,9,215,118
NU-106029,10,316,242
NU-106029,11,238,217
NU-106029,12,576,308
NU-106029,13,588,283
NU-106029,14,519,225
NU-106029,15,433,351
NU-106029,16,437,282
NU-102949,1,201,113
NU-102949,2,174,112
NU-102949,3,393,177
NU-102949,4,281,206
NU-102949,5,342,201
NU-102949,6,220,149
NU-102949,7,320,208
NU-102949,8,160,82
NU-102949,9,100,67
NU-102949,10,320,214
NU-102949,11,212,147
NU-102949,12,294,183
NU-102949,13,190,166
NU-102949,14,202,158
NU-102949,15,281,151
NU-102949,16,188,96
NU-101478,1,534,349
NU-101478,2,406,277
NU-101478,3,503,242
NU-101478,4,643,335
NU-101478,5,346,294
NU-101478,6,342,226
NU-101478,7,604,357
NU-101478,8,667,337
NU-101478,9,165,114
NU-101478,10,491,258
NU-101478,11,683,340
NU-101478,12,453,300
NU-101478,13,523,286
NU-101478,14,464,281
NU-101478,15,438,362
NU-101478,16,278,262
NU-103170,1,463,369
NU-103170,2,512,307
NU-103170,3,423,238
NU-103170,4,453,285
NU-103170,5,743,374
NU-103170,6,410,274
NU-103170,7,436,323
NU-103170,8,429,296
NU-103170,9,286,145
NU-103170,10,720,343
NU-103170,11,399,257
NU-103170,12,448,274
NU-103170,13,561,329
NU-103170,14,285,293
NU-103170,15,474,264
NU-103170,16,497,277
NU-107832,1,365,183
NU-107832,2,119,113
NU-107832,3,251,170
NU-107832,4,372,191
NU-107832,5,266,161
NU-107832,6,349,204
NU-107832,7,152,106
NU-107832,8,252,168
NU-107832,9,92,81
NU-107832,10,208,140
NU-107832,11,197,156
NU-107832,12,456,223
NU-107832,13,211,126
NU-107832,14,273,186
NU-107832,15,346,175
NU-107832,16,233,132
NU-109465,1,294,194
NU-109465,2,336,208
NU-109465,3,400,239
NU-109465,4,377,256
NU-109465,5,247,170
NU-109465,6,155,239
NU-109465,7,156,154
NU-109465,8,332,151
NU-109465,9,47,31
NU-109465,10,293,159
NU-109465,11,254,185
NU-109465,12,316,189
NU-109465,13,192,166
NU-109465,14,247,213
NU-109465,15,199,203
NU-109465,16,380,206
NU-107540,1,74,37
NU-107540,2,205,107
NU-107540,3,114,85
NU-107540,4,162,101
NU-107540,5,58,33
NU-107540,6,100,49
NU-107540,7,109,81
NU-107540,8,0,0
NU-107540,9,33,30
NU-107540,10,61,42
NU-107540,11,85,55
NU-107540,12,33,22
NU-107540,13,97,64
NU-107540,14,0,0
NU-107540,15,154,115
NU-107540,16,98,96
NU-107337,1,116,92
NU-107337,2,174,101
NU-107337,3,108,69
NU-107337,4,157,76
NU-107337,5,8,6
NU-107337,6,128,67
NU-107337,7,243,125
NU-107337,8,179,145
NU-107337,9,0,0
NU-107337,10,234,169
NU-107337,11,86,64
NU-107337,12,185,120
NU-107337,13,104,57
NU-107337,14,137,77
NU-107337,15,38,28
NU-107337,16,210,121
NU-107993,1,368,248
NU-107993,2,301,217
NU-107993,3,333,263
NU-107993,4,525,260
NU-107993,5,402,277
NU-107993,6,379,189
NU-107993,7,402,241
NU-107993,8,372,252
NU-107993,9,115,94
NU-107993,10,391,209
NU-107993,11,356,234
NU-107993,12,261,207
NU-107993,13,313,217
NU-107993,14,408,237
NU-107993,15,335,177
NU-107993,16,359,238
NU-106031,1,289,210
NU-106031,2,312,216
NU-106031,3,522,235
NU-106031,4,289,158
NU-106031,5,281,198
NU-106031,6,221,210
NU-106031,7,402,194
NU-106031,8,621,259
NU-106031,9,142,78
NU-106031,10,351,271
NU-106031,11,576,278
NU-106031,12,480,235
NU-106031,13,358,283
NU-106031,14,450,283
NU-106031,15,367,203
NU-106031,16,464,249
NU-100586,1,254,147
NU-100586,2,219,158
NU-100586,3,232,176
NU-100586,4,438,220
NU-100586,5,295,137
NU-100586,6,257,203
NU-100586,7,238,121
NU-100586,8,296,214
NU-100586,9,127,79
NU-100586,10,296,171
NU-100586,11,318,233
NU-100586,12,342,245
NU-100586,13,296,205
NU-100586,14,242,204
NU-100586,15,220,198
NU-100586,16,275,155
NU-109844,1,241,244
NU-109844,2,416,206
NU-109844,3,593,334
NU-109844,4,401,288
NU-109844,5,412,247
NU-109844,6,304,221
NU-109844,7,426,249
NU-109844,8,459,279
NU-109844,9,137,100
NU-109844,10,358,228
NU-109844,11,366,282
NU-109844,12,620,271
NU-109844,13,222,272
NU-109844,14,434,249
NU-109844,15,334,276
NU-109844,16,471,266
NU-103676,1,375,273
NU-103676,2,481,328
NU-103676,3,351,299
NU-103676,4,374,282
NU-103676,5,430,281
NU-103676,6,657,337
NU-103676,7,379,258
NU-103676,8,426,331
NU-103676,9,186,97
NU-103676,10,476,303
NU-103676,11,513,399
NU-103676,12,424,268
NU-103676,13,357,206
NU-103676,14,505,334
NU-103676,15,369,290
NU-103676,16,528,303
NU-104508,1,306,193
NU-104508,2,308,233
NU-104508,3,437,240
NU-104508,4,392,212
NU-104508,5,275,205
NU-104508,6,441,259
NU-104508,7,341,217
NU-104508,8,243,274
NU-104508,9,118,120
NU-104508,10,358,204
NU-104508,11,270,188
NU-104508,12,310,186
NU-104508,13,213,223
NU-104508,14,380,310
NU-104508,15,248,231
NU-104508,16,410,206
NU-100664,1,551,242
NU-100664,2,222,160
NU-100664,3,382,193
NU-100664,4,489,304
NU-100664,5,395,271
NU-100664,6,409,216
NU-100664,7,398,257
NU-100664,8,260,146
NU-100664,9,151,91
NU-100664,10,363,201
NU-100664,11,461,277
NU-100664,12,330,172
NU-100664,13,407,271
NU-100664,14,336,193
NU-100664,15,355,250
NU-100664,16,320,266
NU-101020,1,448,257
NU-101020,2,465,263
NU-101020,3,339,312
NU-101020,4,524,298
NU-101020,5,487,266
NU-101020,6,395,238
NU-101020,7,421,253
NU-101020,8,486,282
NU-101020,9,136,86
NU-101020,10,497,268
NU-101020,11,290,333
NU-101020,12,514,328
NU-101020,13,482,290
NU-101020,14,519,271
NU-101020,15,408,302
NU-101020,16,678,358
NU-101916,1,594,375
NU-101916,2,726,354
NU-101916,3,417,320
NU-101916,4,293,226
NU-101916,5,399,379
NU-101916,6,552,371
NU-101916,7,556,319
NU-101916,8,233,233
NU-101916,9,315,153
NU-101916,10,498,339
NU-101916,11,487,328
NU-101916,12,494,345
NU-101916,13,608,365
NU-101916,14,548,331
NU-101916,15,746,315
NU-101916,16,512,303
NU-107341,1,363,196
NU-107341,2,376,242
NU-107341,3,199,203
NU-107341,4,217,179
NU-107341,5,385,251
NU-107341,6,439,227
NU-107341,7,197,135
NU-107341,8,255,139
NU-107341,9,219,104
NU-107341,10,269,211
NU-107341,11,368,233
NU-107341,12,243,160
NU-107341,13,351,228
NU-107341,14,505,225
NU-107341,15,347,195
NU-107341,16,272,227
NU-103256,1,290,204
NU-103256,2,375,226
NU-103256,3,343,211
NU-103256,4,318,213
NU-103256,5,171,122
NU-103256,6,266,206
NU-103256,7,393,218
NU-103256,8,385,250
NU-103256,9,121,83
NU-103256,10,327,172
NU-103256,11,391,221
NU-103256,12,205,242
NU-103256,13,259,152
NU-103256,14,446,241
NU-103256,15,344,197
NU-103256,16,270,167
NU-109142,1,437,282
NU-109142,2,492,271
NU-109142,3,465,311
NU-109142,4,381,295
NU-109142,5,397,260
NU-109142,6,470,293
NU-109142,7,485,262
NU-109142,8,431,269
NU-109142,9,232,126
NU-109142,10,296,179
NU-109142,11,474,240
NU-109142,12,408,254
NU-109142,13,511,298
NU-109142,14,529,290
NU-109142,15,412,234
NU-109142,16,341,206
NU-107602,1,537,293
NU-107602,2,966,380
NU-107602,3,537,268
NU-107602,4,536,349
NU-107602,5,569,318
NU-107602,6,436,269
NU-107602,7,490,288
NU-107602,8,451,270
NU-107602,9,194,123
NU-107602,10,253,265
NU-107602,11,418,254
NU-107602,12,541,339
NU-107602,13,447,290
NU-107602,14,459,296
NU-107602,15,547,295
NU-107602,16,471,307
NU-106835,1,274,193
NU-106835,2,308,180
NU-106835,3,204,133
NU-106835,4,163,113
NU-106835,5,247,138
NU-106835,6,306,192
NU-106835,7,218,133
NU-106835,8,452,233
NU-106835,9,121,64
NU-106835,10,118,134
NU-106835,11,236,118
NU-106835,12,330,202
NU-106835,13,203,145
NU-106835,14,298,151
NU-106835,15,287,129
NU-106835,16,218,141
NU-106605,1,401,264
NU-106605,2,475,309
NU-106605,3,358,228
NU-106605,4,450,249
NU-106605,5,536,241
NU-106605,6,413,212
NU-106605,7,348,237
NU-106605,8,387,290
NU-106605,9,100,91
NU-106605,10,464,305
NU-106605,11,328,186
NU-106605,12,295,211
NU-106605,13,419,269
NU-106605,14,313,230
NU-106605,15,435,248
NU-106605,16,349,215
NU-100470,1,439,264
NU-100470,2,410,254
NU-100470,3,437,240
NU-100470,4,327,230
NU-100470,5,291,244
NU-100470,6,220,192
NU-100470,7,238,189
NU-100470,8,439,235
NU-100470,9,221,131
NU-100470,10,377,235
NU-100470,11,332,231
NU-100470,12,498,263
NU-100470,13,254,191
NU-100470,14,511,280
NU-100470,15,303,216
NU-100470,16,537,285
NU-109801,1,476,310
NU-109801,2,460,326
NU-109801,3,583,344
NU-109801,4,527,296
NU-109801,5,415,241
NU-109801,6,414,276
NU-109801,7,461,291
NU-109801,8,608,303
NU-109801,9,156,149
NU-109801,10,302,226
NU-109801,11,512,334
NU-109801,12,556,298
NU-109801,13,480,330
NU-109801,14,384,224
NU-109801,15,526,337
NU-109801,16,450,324
NU-109610,1,136,125
NU-109610,2,75,51
NU-109610,3,120,73
NU-109610,4,196,143
NU-109610,5,105,52
NU-109610,6,87,44
NU-109610,7,124,94
NU-109610,8,215,142
NU-109610,9,41,36
NU-109610,10,35,40
NU-109610,11,55,31
NU-109610,12,176,95
NU-109610,13,153,102
NU-109610,14,66,41
NU-109610,15,69,76
NU-109610,16,62,48
NU-104006,1,136,75
NU-104006,2,213,159
NU-104006,3,217,124
NU-104006,4,105,110
NU-104006,5,256,138
NU-104006,6,219,138
NU-104006,7,222,111
NU-104006,8,248,152
NU-104006,9,68,39
NU-104006,10,122,89
NU-104006,11,291,146
NU-104006,12,126,97
NU-104006,13,126,64
NU-104006,14,130,81
NU-104006,15,233,136
NU-104006,16,387,239
NU-108497,1,394,312
NU-108497,2,423,246
NU-108497,3,303,183
NU-108497,4,313,247
NU-108497,5,491,265
NU-108497,6,332,216
NU-108497,7,459,248
NU-108497,8,357,274
NU-108497,9,147,83
NU-108497,10,465,252
NU-108497,11,291,184
NU-108497,12,368,217
NU-108497,13,312,223
NU-108497,14,379,248
NU-108497,15,332,229
NU-108497,16,505,253
NU-108993,1,61,44
NU-108993,2,120,83
NU-108993,3,112,77
NU-108993,4,8,5
NU-108993,5,251,153
NU-108993,6,163,81
NU-108993,7,180,135
NU-108993,8,183,91
NU-108993,9,54,28
NU-108993,10,235,94
NU-108993,11,103,67
NU-108993,12,108,62
NU-108993,13,0,0
NU-108993,14,60,39
NU-108993,15,0,0
NU-108993,16,47,49
NU-101104,1,452,289
NU-101104,2,315,229
NU-101104,3,470,295
NU-101104,4,255,198
NU-101104,5,431,259
NU-101104,6,329,279
NU-101104,7,458,269
NU-101104,8,389,249
NU-101104,9,162,101
NU-101104,10,391,267
NU-101104,11,420,299
NU-101104,12,418,247
NU-101104,13,404,248
NU-101104,14,421,252
NU-101104,15,542,305
NU-101104,16,432,309
NU-108530,1,345,251
NU-108530,2,283,145
NU-108530,3,638,323
NU-108530,4,255,269
NU-108530,5,408,256
NU-108530,6,375,206
NU-108530,7,388,228
NU-108530,8,495,266
NU-108530,9,176,98
NU-108530,10,361,218
NU-108530,11,611,313
NU-108530,12,295,183
NU-108530,13,357,266
NU-108530,14,489,312
NU-108530,15,364,271
NU-108530,16,469,245
NU-101791,1,353,209
NU-101791,2,225,148
NU-101791,3,259,177
NU-101791,4,135,129
NU-101791,5,198,150
NU-101791,6,170,100
NU-101791,7,220,116
NU-101791,8,147,97
NU-101791,9,66,49
NU-101791,10,209,125
NU-101791,11,327,167
NU-101791,12,354,169
NU-101791,13,155,95
NU-101791,14,299,150
NU-101791,15,213,159
NU-101791,16,298,165
NU-103664,1,158,208
NU-103664,2,482,269
NU-103664,3,337,209
NU-103664,4,316,194
NU-103664,5,232,148
NU-103664,6,500,255
NU-103664,7,426,254
NU-103664,8,440,233
NU-103664,9,186,86
NU-103664,10,300,171
NU-103664,11,366,245
NU-103664,12,303,224
NU-103664,13,384,199
NU-103664,14,354,166
NU-103664,15,390,172
NU-103664,16,479,265
NU-109133,1,443,309
NU-109133,2,568,330
NU-109133,3,533,327
NU-109133,4,724,384
NU-109133,5,497,341
NU-109133,6,642,394
NU-109133,7,592,395
NU-109133,8,442,321
NU-109133,9,287,146
NU-109133,10,463,321
NU-109133,11,576,341
NU-109133,12,490,335
NU-109133,13,563,354
NU-109133,14,540,308
NU-109133,15,661,355
NU-109133,16,734,355
NU-103356,1,375,198
NU-103356,2,186,129
NU-103356,3,178,143
NU-103356,4,169,182
NU-103356,5,274,139
NU-103356,6,379,163
NU-103356,7,192,137
NU-103356,8,246,146
NU-103356,9,63,55
NU-103356,10,161,106
NU-103356,11,379,172
NU-103356,12,275,172
NU-103356,13,416,252
NU-103356,14,368,193
NU-103356,15,179,183
NU-103356,16,279,176
NU-106425,1,314,165
NU-106425,2,264,153
NU-106425,3,246,137
NU-106425,4,389,243
NU-106425,5,180,123
NU-106425,6,224,128
NU-106425,7,219,126
NU-106425,8,288,177
NU-106425,9,161,82
NU-106425,10,300,206
NU-106425,11,178,120
NU-106425,12,159,136
NU-106425,13,282,142
NU-106425,14,201,126
NU-106425,15,226,215
NU-106425,16,227,173
NU-101735,1,450,301
NU-101735,2,391,277
NU-101735,3,181,202
NU-101735,4,299,258
NU-101735,5,402,265
NU-101735,6,469,255
NU-101735,7,557,315
NU-101735,8,633,266
NU-101735,9,190,114
NU-101735,10,468,306
NU-101735,11,471,243
NU-101735,12,456,235
NU-101735,13,219,214
NU-101735,14,335,237
NU-101735,15,596,271
NU-101735,16,318,207
NU-101946,1,289,149
NU-101946,2,168,96
NU-101946,3,227,161
NU-101946,4,214,140
NU-101946,5,253,141
NU-101946,6,176,99
NU-101946,7,99,69
NU-101946,8,246,165
NU-101946,9,29,24
NU-101946,10,295,161
NU-101946,11,366,180
NU-101946,12,168,105
NU-101946,13,125,104
NU-101946,14,149,114
NU-101946,15,199,157
NU-101946,16,219,114
NU-107133,1,359,263
NU-107133,2,374,206
NU-107133,3,190,139
NU-107133,4,164,124
NU-107133,5,325,157
NU-107133,6,126,94
NU-107133,7,194,124
NU-107133,8,312,182
NU-107133,9,56,43
NU-107133,10,151,176
NU-107133,11,120,64
NU-107133,12,238,140
NU-107133,13,186,113
NU-107133,14,249,173
NU-107133,15,188,137
NU-107133,16,267,171
NU-106795,1,123,93
NU-106795,2,65,55
NU-106795,3,69,44
NU-106795,4,114,70
NU-106795,5,0,0
NU-106795,6,172,102
NU-106795,7,194,148
NU-106795,8,144,98
NU-106795,9,79,53
NU-106795,10,61,35
NU-106795,11,0,0
NU-106795,12,141,73
NU-106795,13,106,81
NU-106795,14,105,56
NU-106795,15,344,177
NU-106795,16,108,68
NU-100159,1,207,136
NU-100159,2,152,96
NU-100159,3,188,111
NU-100159,4,235,137
NU-100159,5,272,173
NU-100159,6,237,173
NU-100159,7,193,123
NU-100159,8,338,217
NU-100159,9,86,45
NU-100159,10,264,157
NU-100159,11,222,155
NU-100159,12,291,179
NU-100159,13,268,153
NU-100159,14,217,121
NU-100159,15,199,130
NU-100159,16,300,217
NU-107778,1,463,222
NU-107778,2,307,183
NU-107778,3,312,207
NU-107778,4,598,292
NU-107778,5,362,228
NU-107778,6,418,269
NU-107778,7,428,197
NU-107778,8,351,196
NU-107778,9,139,101
NU-107778,10,433,264
NU-107778,11,412,206
NU-107778,12,238,217
NU-107778,13,265,217
NU-107778,14,291,177
NU-107778,15,177,127
NU-107778,16,432,221
NU-103786,1,368,211
NU-103786,2,398,212
NU-103786,3,378,185
NU-103786,4,296,221
NU-103786,5,259,154
NU-103786,6,192,133
NU-103786,7,429,217
NU-103786,8,272,198
NU-103786,9,127,84
NU-103786,10,255,136
NU-103786,11,393,248
NU-103786,12,399,233
NU-103786,13,415,233
NU-103786,14,264,232
NU-103786,15,356,185
NU-103786,16,456,314
NU-101630,1,192,115
NU-101630,2,193,128
NU-101630,3,100,87
NU-101630,4,213,115
NU-101630,5,107,84
NU-101630,6,237,160
NU-101630,7,15,14
NU-101630,8,261,139
NU-101630,9,84,44
NU-101630,10,177,115
NU-101630,11,181,152
NU-101630,12,222,129
NU-101630,13,243,143
NU-101630,14,112,146
NU-101630,15,88,65
NU-101630,16,138,117
NU-104389,1,312,205
NU-104389,2,364,182
NU-104389,3,339,217
NU-104389,4,371,205
NU-104389,5,423,249
NU-104389,6,180,120
NU-104389,7,378,201
NU-104389,8,295,168
NU-104389,9,171,106
NU-104389,10,310,213
NU-104389,11,351,195
NU-104389,12,348,193
NU-104389,13,196,140
NU-104389,14,349,205
NU-104389,15,305,201
NU-104389,16,350,251
NU-101222,1,584,288
NU-101222,2,332,201
NU-101222,3,412,240
NU-101222,4,213,169
NU-101222,5,453,233
NU-101222,6,399,270
NU-101222,7,267,198
NU-101222,8,305,229
NU-101222,9,124,89
NU-101222,10,265,197
NU-101222,11,366,218
NU-101222,12,228,205
NU-101222,13,376,223
NU-101222,14,269,186
NU-101222,15,462,237
NU-101222,16,467,241
NU-100007,1,216,120
NU-100007,2,74,49
NU-100007,3,156,105
NU-100007,4,278,126
NU-100007,5,201,168
NU-100007,6,171,153
NU-100007,7,262,167
NU-100007,8,367,196
NU-100007,9,82,54
NU-100007,10,249,141
NU-100007,11,325,161
NU-100007,12,185,124
NU-100007,13,163,91
NU-100007,14,155,105
NU-100007,15,167,126
NU-100007,16,309,182
NU-103713,1,121,70
NU-103713,2,215,135
NU-103713,3,206,112
NU-103713,4,229,119
NU-103713,5,149,100
NU-103713,6,98,75
NU-103713,7,231,128
NU-103713,8,0,0
NU-103713,9,77,46
NU-103713,10,52,41
NU-103713,11,235,141
NU-103713,12,268,134
NU-103713,13,169,96
NU-103713,14,265,148
NU-103713,15,236,138
NU-103713,16,120,81
NU-108221,1,423,259
NU-108221,2,386,205
NU-108221,3,401,264
NU-108221,4,355,198
NU-108221,5,381,263
NU-108221,6,271,236
NU-108221,7,272,184
NU-108221,8,381,204
NU-108221,9,134,104
NU-108221,10,379,235
NU-108221,11,219,172
NU-108221,12,564,285
NU-108221,13,455,266
NU-108221,14,560,321
NU-108221,15,319,265
NU-108221,16,361,240
NU-107507,1,73,37
NU-107507,2,41,25
NU-107507,3,191,89
NU-107507,4,111,105
NU-107507,5,123,62
NU-107507,6,21,12
NU-107507,7,161,112
NU-107507,8,274,113
NU-107507,9,8,9
NU-107507,10,35,26
NU-107507,11,98,81
NU-107507,12,183,122
NU-107507,13,87,54
NU-107507,14,243,104
NU-107507,15,144,123
NU-107507,16,121,65
NU-107627,1,260,205
NU-107627,2,314,168
NU-107627,3,384,213
NU-107627,4,273,201
NU-107627,5,192,143
NU-107627,6,265,175
NU-107627,7,288,159
NU-107627,8,255,174
NU-107627,9,109,95
NU-107627,10,243,167
NU-107627,11,109,88
NU-107627,12,244,188
NU-107627,13,301,217
NU-107627,14,351,240
NU-107627,15,277,226
NU-107627,16,238,185
NU-101226,1,275,208
NU-101226,2,387,207
NU-101226,3,261,177
NU-101226,4,263,254
NU-101226,5,244,141
NU-101226,6,472,186
NU-101226,7,329,198
NU-101226,8,282,173
NU-101226,9,186,105
NU-101226,10,562,272
NU-101226,11,447,226
NU-101226,12,273,184
NU-101226,13,284,189
NU-101226,14,190,170
NU-101226,15,358,203
NU-101226,16,226,209
NU-102037,1,421,301
NU-102037,2,538,375
NU-102037,3,418,259
NU-102037,4,414,317
NU-102037,5,343,244
NU-102037,6,365,271
NU-102037,7,533,228
NU-102037,8,357,327
NU-102037,9,246,135
NU-102037,10,556,332
NU-102037,11,332,232
NU-102037,12,294,246
NU-102037,13,341,239
NU-102037,14,236,249
NU-102037,15,651,284
NU-102037,16,535,303
NU-101469,1,159,112
NU-101469,2,214,155
NU-101469,3,232,164
NU-101469,4,281,173
NU-101469,5,241,145
NU-101469,6,270,176
NU-101469,7,158,131
NU-101469,8,202,151
NU-101469,9,67,50
NU-101469,10,234,141
NU-101469,11,174,134
NU-101469,12,210,179
NU-101469,13,144,132
NU-101469,14,140,105
NU-101469,15,348,222
NU-101469,16,124,96
NU-109436,1,447,215
NU-109436,2,264,218
NU-109436,3,370,289
NU-109436,4,362,219
NU-109436,5,288,184
NU-109436,6,275,247
NU-109436,7,428,187
NU-109436,8,322,175
NU-109436,9,91,61
NU-109436,10,338,205
NU-109436,11,128,111
NU-109436,12,328,198
NU-109436,13,190,152
NU-109436,14,252,196
NU-109436,15,321,159
NU-109436,16,325,205
NU-105268,1,333,318
NU-105268,2,386,291
NU-105268,3,284,298
NU-105268,4,595,271
NU-105268,5,330,241
NU-105268,6,808,404
NU-105268,7,335,242
NU-105268,8,395,331
NU-105268,9,178,115
NU-105268,10,501,315
NU-105268,11,370,321
NU-105268,12,412,275
NU-105268,13,527,340
NU-105268,14,631,304
NU-105268,15,468,290
NU-105268,16,498,282
NU-101674,1,342,256
NU-101674,2,466,284
NU-101674,3,540,297
NU-101674,4,524,312
NU-101674,5,378,229
NU-101674,6,373,234
NU-101674,7,373,243
NU-101674,8,502,323
NU-101674,9,199,131
NU-101674,10,410,313
NU-101674,11,407,257
NU-101674,12,577,349
NU-101674,13,409,241
NU-101674,14,317,304
NU-101674,15,509,254
NU-101674,16,394,212
NU-102938,1,303,220
NU-102938,2,324,175
NU-102938,3,202,151
NU-102938,4,294,208
NU-102938,5,290,188
NU-102938,6,436,205
NU-102938,7,341,210
NU-102938,8,407,214
NU-102938,9,130,87
NU-102938,10,365,226
NU-102938,11,298,186
NU-102938,12,279,203
NU-102938,13,525,227
NU-102938,14,251,211
NU-102938,15,249,189
NU-102938,16,227,149
NU-109914,1,389,247
NU-109914,2,409,224
NU-109914,3,240,212
NU-109914,4,629,295
NU-109914,5,471,249
NU-109914,6,360,247
NU-109914,7,331,197
NU-109914,8,342,251
NU-109914,9,193,118
NU-109914,10,640,329
NU-109914,11,516,313
NU-109914,12,336,290
NU-109914,13,506,250
NU-109914,14,458,326
NU-109914,15,419,335
NU-109914,16,465,274
NU-108836,1,212,230
NU-108836,2,308,173
NU-108836,3,326,195
NU-108836,4,167,121
NU-108836,5,233,136
NU-108836,6,305,192
NU-108836,7,346,177
NU-108836,8,279,152
NU-108836,9,30,45
NU-108836,10,144,99
NU-108836,11,419,202
NU-108836,12,317,180
NU-108836,13,421,272
NU-108836,14,372,225
NU-108836,15,231,172
NU-108836,16,394,217
NU-100338,1,363,208
NU-100338,2,359,212
NU-100338,3,294,213
NU-100338,4,321,168
NU-100338,5,504,279
NU-100338,6,381,306
NU-100338,7,406,238
NU-100338,8,358,243
NU-100338,9,155,92
NU-100338,10,325,228
NU-100338,11,388,238
NU-100338,12,164,179
NU-100338,13,498,257
NU-100338,14,118,72
NU-100338,15,354,294
NU-100338,16,357,248
NU-105924,1,383,280
NU-105924,2,480,244
NU-105924,3,543,302
NU-105924,4,191,146
NU-105924,5,337,237
NU-105924,6,357,219
NU-105924,7,292,223
NU-105924,8,420,210
NU-105924,9,163,87
NU-105924,10,460,306
NU-105924,11,380,212
NU-105924,12,315,225
NU-105924,13,328,280
NU-105924,14,243,156
NU-105924,15,493,304
NU-105924,16,384,235
NU-102518,1,543,274
NU-102518,2,245,261
NU-102518,3,453,264
NU-102518,4,439,254
NU-102518,5,415,233
NU-102518,6,527,254
NU-102518,7,368,239
NU-102518,8,764,375
NU-102518,9,187,97
NU-102518,10,360,250
NU-102518,11,325,190
NU-102518,12,392,237
NU-102518,13,389,220
NU-102518,14,394,243
NU-102518,15,444,229
NU-102518,16,346,236
NU-102982,1,389,216
NU-102982,2,321,248
NU-102982,3,332,284
NU-102982,4,356,210
NU-102982,5,337,209
NU-102982,6,282,170
NU-102982,7,481,237
NU-102982,8,299,201
NU-102982,9,198,134
NU-102982,10,379,207
NU-102982,11,529,279
NU-102982,12,225,180
NU-102982,13,160,91
NU-102982,14,458,225
NU-102982,15,324,173
NU-102982,16,377,263
NU-104973,1,459,226
NU-104973,2,273,175
NU-104973,3,495,242
NU-104973,4,395,251
NU-104973,5,551,303
NU-104973,6,351,234
NU-104973,7,355,182
NU-104973,8,292,165
NU-104973,9,160,78
NU-104973,10,321,191
NU-104973,11,198,152
NU-104973,12,308,302
NU-104973,13,334,190
NU-104973,14,418,232
NU-104973,15,338,268
NU-104973,16,559,238
NU-102307,1,372,217
NU-102307,2,352,176
NU-102307,3,359,190
NU-102307,4,348,192
NU-102307,5,283,167
NU-102307,6,414,223
NU-102307,7,261,177
NU-102307,8,210,157
NU-102307,9,169,86
NU-102307,10,355,200
NU-102307,11,312,181
NU-102307,12,301,157
NU-102307,13,242,145
NU-102307,14,338,210
NU-102307,15,426,240
NU-102307,16,294,175
NU-109443,1,433,293
NU-109443,2,412,239
NU-109443,3,486,323
NU-109443,4,416,254
NU-109443,5,279,246
NU-109443,6,393,255
NU-109443,7,422,278
NU-109443,8,485,289
NU-109443,9,163,99
NU-109443,10,475,272
NU-109443,11,458,277
NU-109443,12,268,258
NU-109443,13,313,306
NU-109443,14,500,313
NU-109443,15,453,263
NU-109443,16,465,288
NU-109318,1,246,150
NU-109318,2,90,85
NU-109318,3,349,201
NU-109318,4,270,180
NU-109318,5,216,136
NU-109318,6,307,155
NU-109318,7,162,141
NU-109318,8,140,99
NU-109318,9,167,97
NU-109318,10,266,160
NU-109318,11,287,170
NU-109318,12,288,120
NU-109318,13,275,128
NU-109318,14,209,120
NU-109318,15,375,236
NU-109318,16,217,128
NU-100911,1,428,308
NU-100911,2,552,323
NU-100911,3,406,333
NU-100911,4,380,258
NU-100911,5,463,321
NU-100911,6,460,305
NU-100911,7,445,256
NU-100911,8,440,315
NU-100911,9,287,156
NU-100911,10,243,293
NU-100911,11,491,272
NU-100911,12,417,267
NU-100911,13,847,365
NU-100911,14,729,321
NU-100911,15,567,358
NU-100911,16,624,355
NU-106962,1,486,277
NU-106962,2,374,223
NU-106962,3,228,196
NU-106962,4,338,244
NU-106962,5,228,225
NU-106962,6,256,209
NU-106962,7,508,306
NU-106962,8,337,224
NU-106962,9,141,108
NU-106962,10,432,251
NU-106962,11,383,207
NU-106962,12,502,301
NU-106962,13,385,276
NU-106962,14,405,233
NU-106962,15,595,285
NU-106962,16,425,228
NU-103377,1,211,205
NU-103377,2,474,292
NU-103377,3,385,236
NU-103377,4,229,176
NU-103377,5,307,210
NU-103377,6,371,242
NU-103377,7,483,246
NU-103377,8,380,242
NU-103377,9,161,105
NU-103377,10,306,157
NU-103377,11,499,245
NU-103377,12,422,255
NU-103377,13,352,184
NU-103377,14,451,273
NU-103377,15,224,265
NU-103377,16,388,181
NU-106734,1,361,214
NU-106734,2,399,239
NU-106734,3,478,277
NU-106734,4,377,238
NU-106734,5,318,224
NU-106734,6,351,216
NU-106734,7,448,271
NU-106734,8,377,264
NU-106734,9,141,81
NU-106734,10,480,227
NU-106734,11,154,104
NU-106734,12,480,205
NU-106734,13,189,147
NU-106734,14,477,282
NU-106734,15,348,211
NU-106734,16,369,261
NU-106997,1,315,200
NU-106997,2,451,279
NU-106997,3,228,147
NU-106997,4,354,213
NU-106997,5,193,126
NU-106997,6,274,197
NU-106997,7,322,203
NU-106997,8,262,213
NU-106997,9,109,71
NU-106997,10,250,164
NU-106997,11,163,105
NU-106997,12,284,161
NU-106997,13,464,255
NU-106997,14,344,183
NU-106997,15,244,196
NU-106997,16,286,163
NU-102410,1,130,70
NU-102410,2,181,114
NU-102410,3,298,138
NU-102410,4,58,28
NU-102410,5,105,60
NU-102410,6,8,6
NU-102410,7,145,93
NU-102410,8,219,123
NU-102410,9,18,13
NU-102410,10,198,98
NU-102410,11,100,49
NU-102410,12,103,95
NU-102410,13,145,92
NU-102410,14,256,120
NU-102410,15,68,73
NU-102410,16,63,51
NU-105548,1,346,249
NU-105548,2,226,174
NU-105548,3,299,232
NU-105548,4,423,299
NU-105548,5,312,201
NU-105548,6,363,232
NU-105548,7,363,227
NU-105548,8,237,236
NU-105548,9,121,65
NU-105548,10,131,133
NU-105548,11,280,184
NU-105548,12,464,258
NU-105548,13,421,213
NU-105548,14,300,189
NU-105548,15,340,227
NU-105548,16,303,284
NU-105019,1,320,187
NU-105019,2,477,298
NU-105019,3,342,157
NU-105019,4,384,253
NU-105019,5,440,301
NU-105019,6,353,240
NU-105019,7,404,245
NU-105019,8,403,283
NU-105019,9,131,117
NU-105019,10,574,357
NU-105019,11,290,231
NU-105019,12,459,293
NU-105019,13,308,249
NU-105019,14,362,284
NU-105019,15,283,194
NU-105019,16,586,308
NU-102674,1,198,135
NU-102674,2,265,183
NU-102674,3,403,241
NU-102674,4,290,151
NU-102674,5,224,149
NU-102674,6,393,246
NU-102674,7,413,216
NU-102674,8,104,99
NU-102674,9,126,67
NU-102674,10,218,156
NU-102674,11,152,135
NU-102674,12,251,160
NU-102674,13,449,194
NU-102674,14,343,238
NU-102674,15,320,207
NU-102674,16,144,100
NU-101705,1,155,105
NU-101705,2,76,59
NU-101705,3,155,93
NU-101705,4,94,55
NU-101705,5,181,156
NU-101705,6,214,139
NU-101705,7,84,39
NU-101705,8,245,147
NU-101705,9,74,46
NU-101705,10,207,137
NU-101705,11,199,117
NU-101705,12,236,165
NU-101705,13,147,114
NU-101705,14,206,174
NU-101705,15,147,121
NU-101705,16,246,154
NU-105798,1,425,243
NU-105798,2,345,272
NU-105798,3,308,232
NU-105798,4,376,196
NU-105798,5,293,255
NU-105798,6,303,194
NU-105798,7,464,259
NU-105798,8,278,260
NU-105798,9,125,88
NU-105798,10,324,184
NU-105798,11,358,236
NU-105798,12,463,264
NU-105798,13,274,268
NU-105798,14,483,338
NU-105798,15,313,196
NU-105798,16,297,201
NU-106054,1,382,212
NU-106054,2,362,219
NU-106054,3,314,175
NU-106054,4,394,201
NU-106054,5,303,258
NU-106054,6,265,187
NU-106054,7,226,167
NU-106054,8,157,101
NU-106054,9,115,72
NU-106054,10,365,186
NU-106054,11,310,178
NU-106054,12,207,115
NU-106054,13,553,290
NU-106054,14,263,175
NU-106054,15,299,167
NU-106054,16,230,213
NU-103984,1,249,235
NU-103984,2,255,174
NU-103984,3,359,261
NU-103984,4,302,154
NU-103984,5,224,161
NU-103984,6,172,217
NU-103984,7,288,162
NU-103984,8,198,204
NU-103984,9,97,70
NU-103984,10,436,225
NU-103984,11,265,181
NU-103984,12,340,186
NU-103984,13,326,165
NU-103984,14,237,198
NU-103984,15,298,191
NU-103984,16,240,200
NU-108683,1,425,311
NU-108683,2,339,216
NU-108683,3,528,288
NU-108683,4,531,269
NU-108683,5,541,261
NU-108683,6,216,170
NU-108683,7,563,311
NU-108683,8,385,223
NU-108683,9,110,52
NU-108683,10,289,254
NU-108683,11,318,221
NU-108683,12,285,262
NU-108683,13,241,234
NU-108683,14,540,267
NU-108683,15,311,260
NU-108683,16,277,170
NU-109765,1,382,303
NU-109765,2,416,231
NU-109765,3,258,199
NU-109765,4,293,170
NU-109765,5,420,247
NU-109765,6,285,195
NU-109765,7,389,208
NU-109765,8,368,174
NU-109765,9,174,96
NU-109765,10,476,259
NU-109765,11,426,236
NU-109765,12,474,223
NU-109765,13,475,313
NU-109765,14,393,211
NU-109765,15,378,219
NU-109765,16,302,183
NU-100315,1,367,243
NU-100315,2,165,175
NU-100315,3,165,143
NU-100315,4,142,114
NU-100315,5,297,153
NU-100315,6,197,131
NU-100315,7,238,177
NU-100315,8,161,115
NU-100315,9,139,68
NU-100315,10,266,161
NU-100315,11,188,175
NU-100315,12,312,142
NU-100315,13,256,174
NU-100315,14,220,102
NU-100315,15,289,193
NU-100315,16,323,165
NU-108646,1,170,87
NU-108646,2,264,183
NU-108646,3,244,198
NU-108646,4,401,256
NU-108646,5,321,221
NU-108646,6,330,238
NU-108646,7,236,192
NU-108646,8,338,228
NU-108646,9,230,97
NU-108646,10,315,196
NU-108646,11,227,110
NU-108646,12,243,144
NU-108646,13,208,180
NU-108646,14,192,133
NU-108646,15,315,239
NU-108646,16,437,249
NU-100951,1,315,257
NU-100951,2,360,235
NU-100951,3,225,151
NU-100951,4,465,243
NU-100951,5,339,212
NU-100951,6,309,197
NU-100951,7,321,226
NU-100951,8,394,228
NU-100951,9,187,96
NU-100951,10,417,230
NU-100951,11,240,158
NU-100951,12,204,147
NU-100951,13,287,172
NU-100951,14,356,203
NU-100951,15,216,136
NU-100951,16,261,162
NU-103042,1,381,258
NU-103042,2,522,353
NU-103042,3,401,246
NU-103042,4,438,349
NU-103042,5,495,312
NU-103042,6,527,275
NU-103042,7,346,310
NU-103042,8,525,332
NU-103042,9,257,118
NU-103042,10,592,371
NU-103042,11,608,305
NU-103042,12,528,297
NU-103042,13,451,308
NU-103042,14,442,280
NU-103042,15,505,401
NU-103042,16,525,317
NU-100022,1,387,229
NU-100022,2,524,273
NU-100022,3,367,217
NU-100022,4,239,185
NU-100022,5,450,302
NU-100022,6,403,219
NU-100022,7,495,245
NU-100022,8,327,175
NU-100022,9,144,95
NU-100022,10,419,283
NU-100022,11,167,156
NU-100022,12,371,262
NU-100022,13,324,258
NU-100022,14,315,171
NU-100022,15,362,272
NU-100022,16,358,167
NU-105290,1,556,279
NU-105290,2,377,252
NU-105290,3,657,306
NU-105290,4,458,305
NU-105290,5,592,314
NU-105290,6,651,275
NU-105290,7,710,333
NU-105290,8,542,316
NU-105290,9,173,134
NU-105290,10,442,255
NU-105290,11,246,239
NU-105290,12,440,283
NU-105290,13,560,370
NU-105290,14,503,260
NU-105290,15,446,262
NU-105290,16,552,260
NU-107801,1,325,171
NU-107801,2,320,134
NU-107801,3,149,96
NU-107801,4,304,160
NU-107801,5,236,137
NU-107801,6,405,233
NU-107801,7,88,61
NU-107801,8,189,129
NU-107801,9,73,39
NU-107801,10,168,82
NU-107801,11,148,116
NU-107801,12,105,90
NU-107801,13,185,126
NU-107801,14,274,136
NU-107801,15,230,154
NU-107801,16,111,75
NU-106087,1,324,245
NU-106087,2,316,273
NU-106087,3,332,252
NU-106087,4,393,224
NU-106087,5,416,257
NU-106087,6,420,266
NU-106087,7,603,304
NU-106087,8,359,230
NU-106087,9,211,128
NU-106087,10,393,194
NU-106087,11,348,214
NU-106087,12,387,283
NU-106087,13,435,239
NU-106087,14,423,275
NU-106087,15,348,167
NU-106087,16,343,255
NU-105289,1,117,70
NU-105289,2,137,85
NU-105289,3,153,100
NU-105289,4,147,87
NU-105289,5,316,167
NU-105289,6,206,123
NU-105289,7,102,75
NU-105289,8,272,137
NU-105289,9,151,67
NU-105289,10,148,81
NU-105289,11,157,105
NU-105289,12,123,69
NU-105289,13,168,166
NU-105289,14,154,86
NU-105289,15,134,108
NU-105289,16,173,110
NU-108213,1,206,113
NU-108213,2,214,163
NU-108213,3,177,106
NU-108213,4,218,134
NU-108213,5,235,123
NU-108213,6,192,119
NU-108213,7,118,81
NU-108213,8,207,150
NU-108213,9,61,34
NU-108213,10,131,95
NU-108213,11,167,100
NU-108213,12,259,140
NU-108213,13,306,193
NU-108213,14,358,241
NU-108213,15,232,148
NU-108213,16,251,137
NU-108803,1,542,278
NU-108803,2,334,216
NU-108803,3,467,235
NU-108803,4,432,253
NU-108803,5,231,187
NU-108803,6,468,288
NU-108803,7,367,234
NU-108803,8,422,214
NU-108803,9,182,110
NU-108803,10,517,294
NU-108803,11,534,264
NU-108803,12,465,269
NU-108803,13,497,277
NU-108803,14,389,274
NU-108803,15,344,239
NU-108803,16,467,257
NU-109767,1,368,201
NU-109767,2,362,218
NU-109767,3,387,250
NU-109767,4,545,314
NU-109767,5,256,247
NU-109767,6,293,176
NU-109767,7,235,231
NU-109767,8,354,230
NU-109767,9,187,91
NU-109767,10,338,197
NU-109767,11,467,249
NU-109767,12,443,266
NU-109767,13,464,303
NU-109767,14,447,254
NU-109767,15,466,238
NU-109767,16,339,216
NU-104261,1,409,254
NU-104261,2,271,223
NU-104261,3,303,244
NU-104261,4,530,228
NU-104261,5,640,365
NU-104261,6,457,296
NU-104261,7,460,280
NU-104261,8,420,292
NU-104261,9,112,83
NU-104261,10,540,319
NU-104261,11,318,184
NU-104261,12,531,308
NU-104261,13,517,346
NU-104261,14,407,253
NU-104261,15,736,308
NU-104261,16,242,191
NU-105811,1,570,324
NU-105811,2,523,313
NU-105811,3,475,334
NU-105811,4,577,276
NU-105811,5,545,261
NU-105811,6,560,316
NU-105811,7,692,371
NU-105811,8,341,254
NU-105811,9,133,152
NU-105811,10,290,242
NU-105811,11,511,284
NU-105811,12,572,305
NU-105811,13,536,317
NU-105811,14,503,268
NU-105811,15,598,378
NU-105811,16,348,268
NU-105556,1,217,123
NU-105556,2,337,233
NU-105556,3,378,208
NU-105556,4,273,204
NU-105556,5,291,184
NU-105556,6,362,218
NU-105556,7,368,202
NU-105556,8,342,181
NU-105556,9,137,93
NU-105556,10,374,251
NU-105556,11,243,161
NU-105556,12,365,273
NU-105556,13,181,163
NU-105556,14,310,189
NU-105556,15,312,188
NU-105556,16,382,206
NU-101487,1,9,4
NU-101487,2,124,101
NU-101487,3,35,40
NU-101487,4,120,62
NU-101487,5,133,77
NU-101487,6,94,65
NU-101487,7,330,162
NU-101487,8,192,110
NU-101487,9,84,38
NU-101487,10,180,108
NU-101487,11,272,128
NU-101487,12,73,46
NU-101487,13,160,137
NU-101487,14,87,54
NU-101487,15,174,80
NU-101487,16,299,181
NU-104069,1,739,373
NU-104069,2,516,319
NU-104069,3,631,339
NU-104069,4,555,366
NU-104069,5,620,356
NU-104069,6,435,300
NU-104069,7,293,216
NU-104069,8,482,283
NU-104069,9,203,131
NU-104069,10,580,344
NU-104069,11,762,369
NU-104069,12,429,317
NU-104069,13,533,343
NU-104069,14,642,345
NU-104069,15,593,340
NU-104069,16,451,324
NU-104004,1,366,301
NU-104004,2,202,208
NU-104004,3,129,261
NU-104004,4,421,245
NU-104004,5,493,246
NU-104004,6,485,307
NU-104004,7,521,295
NU-104004,8,533,328
NU-104004,9,216,121
NU-104004,10,704,317
NU-104004,11,589,306
NU-104004,12,466,279
NU-104004,13,258,206
NU-104004,14,358,214
NU-104004,15,470,255
NU-104004,16,378,286
NU-107446,1,192,226
NU-107446,2,271,250
NU-107446,3,237,139
NU-107446,4,409,222
NU-107446,5,332,176
NU-107446,6,305,193
NU-107446,7,177,157
NU-107446,8,344,188
NU-107446,9,123,71
NU-107446,10,193,126
NU-107446,11,143,190
NU-107446,12,249,131
NU-107446,13,313,195
NU-107446,14,407,220
NU-107446,15,257,156
NU-107446,16,230,253
NU-106649,1,322,158
NU-106649,2,495,255
NU-106649,3,307,171
NU-106649,4,152,99
NU-106649,5,263,161
NU-106649,6,142,99
NU-106649,7,201,159
NU-106649,8,313,184
NU-106649,9,51,43
NU-106649,10,294,190
NU-106649,11,297,195
NU-106649,12,334,190
NU-106649,13,247,174
NU-106649,14,254,186
NU-106649,15,294,185
NU-106649,16,187,144
NU-103574,1,279,219
NU-103574,2,390,216
NU-103574,3,458,260
NU-103574,4,215,98
NU-103574,5,314,185
NU-103574,6,359,239
NU-103574,7,339,214
NU-103574,8,394,296
NU-103574,9,189,101
NU-103574,10,315,174
NU-103574,11,288,158
NU-103574,12,182,154
NU-103574,13,363,176
NU-103574,14,188,136
NU-103574,15,404,260
NU-103574,16,399,256
NU-102610,1,492,203
NU-102610,2,326,156
NU-102610,3,303,216
NU-102610,4,313,163
NU-102610,5,260,195
NU-102610,6,323,227
NU-102610,7,260,206
NU-102610,8,300,168
NU-102610,9,84,53
NU-102610,10,300,184
NU-102610,11,205,144
NU-102610,12,362,207
NU-102610,13,128,130
NU-102610,14,336,222
NU-102610,15,147,173
NU-102610,16,444,194
NU-100397,1,337,237
NU-100397,2,228,202
NU-100397,3,279,229
NU-100397,4,432,276
NU-100397,5,399,270
NU-100397,6,453,230
NU-100397,7,306,228
NU-100397,8,663,294
NU-100397,9,150,99
NU-100397,10,317,180
NU-100397,11,231,143
NU-100397,12,366,269
NU-100397,13,322,219
NU-100397,14,356,172
NU-100397,15,277,238
NU-100397,16,458,246
NU-108896,1,364,288
NU-108896,2,453,199
NU-108896,3,523,271
NU-108896,4,395,282
NU-108896,5,507,297
NU-108896,6,614,308
NU-108896,7,512,358
NU-108896,8,480,275
NU-108896,9,151,96
NU-108896,10,467,259
NU-108896,11,650,347
NU-108896,12,324,221
NU-108896,13,479,313
NU-108896,14,423,247
NU-108896,15,450,244
NU-108896,16,405,198
NU-102963,1,350,256
NU-102963,2,285,159
NU-102963,3,311,149
NU-102963,4,146,127
NU-102963,5,208,140
NU-102963,6,463,236
NU-102963,7,291,175
NU-102963,8,362,244
NU-102963,9,98,66
NU-102963,10,336,155
NU-102963,11,356,238
NU-102963,12,211,132
NU-102963,13,455,241
NU-102963,14,486,210
NU-102963,15,420,231
NU-102963,16,218,181
NU-103054,1,402,233
NU-103054,2,280,209
NU-103054,3,268,186
NU-103054,4,335,227
NU-103054,5,326,226
NU-103054,6,382,189
NU-103054,7,224,155
NU-103054,8,295,167
NU-103054,9,126,111
NU-103054,10,345,185
NU-103054,11,295,176
NU-103054,12,307,214
NU-103054,13,431,230
NU-103054,14,313,202
NU-103054,15,287,203
NU-103054,16,380,239
NU-101623,1,382,293
NU-101623,2,575,301
NU-101623,3,688,321
NU-101623,4,437,315
NU-101623,5,424,321
NU-101623,6,607,314
NU-101623,7,432,332
NU-101623,8,474,336
NU-101623,9,169,140
NU-101623,10,638,295
NU-101623,11,468,317
NU-101623,12,456,295
NU-101623,13,388,294
NU-101623,14,419,311
NU-101623,15,636,318
NU-101623,16,534,333
NU-107139,1,411,225
NU-107139,2,381,255
NU-107139,3,352,185
NU-107139,4,295,187
NU-107139,5,476,280
NU-107139,6,331,213
NU-107139,7,335,169
NU-107139,8,246,175
NU-107139,9,113,68
NU-107139,10,406,219
NU-107139,11,385,199
NU-107139,12,213,141
NU-107139,13,287,220
NU-107139,14,456,210
NU-107139,15,255,190
NU-107139,16,327,195
NU-105235,1,391,181
NU-105235,2,342,256
NU-105235,3,335,165
NU-105235,4,331,233
NU-105235,5,450,276
NU-105235,6,334,206
NU-105235,7,354,200
NU-105235,8,479,255
NU-105235,9,122,96
NU-105235,10,365,243
NU-105235,11,288,168
NU-105235,12,483,248
NU-105235,13,386,235
NU-105235,14,294,191
NU-105235,15,461,268
NU-105235,16,396,184
NU-106464,1,315,188
NU-106464,2,269,204
NU-106464,3,283,174
NU-106464,4,459,253
NU-106464,5,401,247
NU-106464,6,306,260
NU-106464,7,384,282
NU-106464,8,399,226
NU-106464,9,217,120
NU-106464,10,327,203
NU-106464,11,389,216
NU-106464,12,333,274
NU-106464,13,350,229
NU-106464,14,416,269
NU-106464,15,319,257
NU-106464,16,347,168
NU-105319,1,309,194
NU-105319,2,219,118
NU-105319,3,127,120
NU-105319,4,353,166
NU-105319,5,264,126
NU-105319,6,159,142
NU-105319,7,247,129
NU-105319,8,208,166
NU-105319,9,90,45
NU-105319,10,168,96
NU-105319,11,499,222
NU-105319,12,194,153
NU-105319,13,173,120
NU-105319,14,300,193
NU-105319,15,203,111
NU-105319,16,410,196
NU-101591,1,476,367
NU-101591,2,624,304
NU-101591,3,515,336
NU-101591,4,469,319
NU-101591,5,284,237
NU-101591,6,339,185
NU-101591,7,554,322
NU-101591,8,397,304
NU-101591,9,237,151
NU-101591,10,328,292
NU-101591,11,577,325
NU-101591,12,419,337
NU-101591,13,502,344
NU-101591,14,633,333
NU-101591,15,463,277
NU-101591,16,859,391
NU-106631,1,228,155
NU-106631,2,227,140
NU-106631,3,95,81
NU-106631,4,180,90
NU-106631,5,88,90
NU-106631,6,206,127
NU-106631,7,330,255
NU-106631,8,169,94
NU-106631,9,147,71
NU-106631,10,223,144
NU-106631,11,182,102
NU-106631,12,305,179
NU-106631,13,161,131
NU-106631,14,205,125
NU-106631,15,112,84
NU-106631,16,235,139
NU-107690,1,224,109
NU-107690,2,120,73
NU-107690,3,245,156
NU-107690,4,195,117
NU-107690,5,220,136
NU-107690,6,164,141
NU-107690,7,153,116
NU-107690,8,496,222
NU-107690,9,107,58
NU-107690,10,134,96
NU-107690,11,165,106
NU-107690,12,64,36
NU-107690,13,119,103
NU-107690,14,292,208
NU-107690,15,229,121
NU-107690,16,410,207
NU-103026,1,100,71
NU-103026,2,270,145
NU-103026,3,286,155
NU-103026,4,160,91
NU-103026,5,230,160
NU-103026,6,178,139
NU-103026,7,147,111
NU-103026,8,222,125
NU-103026,9,45,32
NU-103026,10,227,159
NU-103026,11,120,83
NU-103026,12,160,116
NU-103026,13,114,63
NU-103026,14,115,100
NU-103026,15,61,45
NU-103026,16,184,113
NU-104373,1,27,27
NU-104373,2,122,92
NU-104373,3,105,118
NU-104373,4,141,81
NU-104373,5,65,46
NU-104373,6,57,39
NU-104373,7,308,144
NU-104373,8,162,151
NU-104373,9,43,27
NU-104373,10,153,85
NU-104373,11,81,49
NU-104373,12,82,47
NU-104373,13,137,74
NU-104373,14,103,62
NU-104373,15,135,64
NU-104373,16,227,114
NU-101710,1,102,81
NU-101710,2,358,175
NU-101710,3,149,88
NU-101710,4,190,116
NU-101710,5,246,166
NU-101710,6,189,101
NU-101710,7,156,118
NU-101710,8,231,145
NU-101710,9,60,34
NU-101710,10,137,92
NU-101710,11,158,108
NU-101710,12,128,85
NU-101710,13,197,112
NU-101710,14,195,109
NU-101710,15,217,162
NU-101710,16,132,88
NU-108095,1,439,314
NU-108095,2,331,312
NU-108095,3,726,288
NU-108095,4,469,276
NU-108095,5,455,372
NU-108095,6,485,318
NU-108095,7,391,272
NU-108095,8,587,345
NU-108095,9,232,170
NU-108095,10,702,336
NU-108095,11,452,355
NU-108095,12,373,258
NU-108095,13,625,332
NU-108095,14,363,292
NU-108095,15,261,268
NU-108095,16,463,325
NU-102227,1,510,242
NU-102227,2,216,214
NU-102227,3,367,309
NU-102227,4,339,221
NU-102227,5,292,240
NU-102227,6,215,116
NU-102227,7,550,261
NU-102227,8,424,232
NU-102227,9,215,103
NU-102227,10,460,261
NU-102227,11,578,258
NU-102227,12,299,189
NU-102227,13,587,269
NU-102227,14,327,287
NU-102227,15,409,272
NU-102227,16,509,315
NU-103919,1,364,238
NU-103919,2,384,221
NU-103919,3,284,170
NU-103919,4,211,137
NU-103919,5,354,176
NU-103919,6,170,142
NU-103919,7,136,131
NU-103919,8,266,168
NU-103919,9,99,70
NU-103919,10,275,170
NU-103919,11,187,113
NU-103919,12,191,136
NU-103919,13,234,148
NU-103919,14,281,175
NU-103919,15,188,232
NU-103919,16,290,216
NU-101996,1,282,223
NU-101996,2,250,201
NU-101996,3,573,267
NU-101996,4,235,153
NU-101996,5,367,284
NU-101996,6,531,284
NU-101996,7,471,304
NU-101996,8,299,225
NU-101996,9,185,107
NU-101996,10,229,170
NU-101996,11,408,279
NU-101996,12,455,269
NU-101996,13,398,249
NU-101996,14,424,290
NU-101996,15,594,281
NU-101996,16,388,250
NU-109354,1,389,267
NU-109354,2,446,286
NU-109354,3,362,273
NU-109354,4,442,290
NU-109354,5,594,273
NU-109354,6,660,320
NU-109354,7,378,297
NU-109354,8,452,345
NU-109354,9,331,145
NU-109354,10,446,303
NU-109354,11,559,326
NU-109354,12,536,291
NU-109354,13,341,279
NU-109354,14,597,331
NU-109354,15,413,244
NU-109354,16,384,308
NU-106623,1,452,248
NU-106623,2,448,211
NU-106623,3,389,225
NU-106623,4,363,200
NU-106623,5,511,267
NU-106623,6,207,229
NU-106623,7,198,133
NU-106623,8,305,209
NU-106623,9,150,78
NU-106623,10,317,163
NU-106623,11,313,164
NU-106623,12,394,220
NU-106623,13,335,208
NU-106623,14,338,186
NU-106623,15,243,210
NU-106623,16,318,219
NU-104072,1,33,24
NU-104072,2,145,132
NU-104072,3,86,38
NU-104072,4,49,49
NU-104072,5,81,95
NU-104072,6,127,82
NU-104072,7,70,60
NU-104072,8,28,20
NU-104072,9,48,32
NU-104072,10,0,0
NU-104072,11,99,74
NU-104072,12,111,52
NU-104072,13,215,139
NU-104072,14,162,90
NU-104072,15,142,75
NU-104072,16,23,18
NU-108184,1,217,140
NU-108184,2,329,166
NU-108184,3,198,109
NU-108184,4,248,154
NU-108184,5,262,142
NU-108184,6,222,162
NU-108184,7,207,173
NU-108184,8,310,161
NU-108184,9,118,72
NU-108184,10,208,129
NU-108184,11,265,141
NU-108184,12,241,176
NU-108184,13,284,157
NU-108184,14,112,93
NU-108184,15,294,172
NU-108184,16,225,147
NU-106493,1,487,295
NU-106493,2,357,263
NU-106493,3,232,168
NU-106493,4,417,215
NU-106493,5,442,288
NU-106493,6,518,296
NU-106493,7,433,257
NU-106493,8,436,289
NU-106493,9,130,120
NU-106493,10,301,175
NU-106493,11,335,229
NU-106493,12,385,253
NU-106493,13,357,239
NU-106493,14,494,290
NU-106493,15,371,227
NU-106493,16,355,198
NU-101480,1,216,174
NU-101480,2,428,256
NU-101480,3,389,250
NU-101480,4,393,220
NU-101480,5,462,247
NU-101480,6,266,200
NU-101480,7,338,197
NU-101480,8,564,283
NU-101480,9,140,92
NU-101480,10,256,171
NU-101480,11,355,275
NU-101480,12,555,274
NU-101480,13,355,227
NU-101480,14,349,193
NU-101480,15,309,266
NU-101480,16,407,212
NU-102365,1,357,261
NU-102365,2,527,330
NU-102365,3,359,238
NU-102365,4,654,326
NU-102365,5,613,339
NU-102365,6,321,228
NU-102365,7,517,305
NU-102365,8,619,309
NU-102365,9,149,89
NU-102365,10,436,216
NU-102365,11,545,304
NU-102365,12,445,265
NU-102365,13,455,285
NU-102365,14,315,267
NU-102365,15,553,275
NU-102365,16,537,333
NU-100482,1,363,315
NU-100482,2,660,351
NU-100482,3,145,260
NU-100482,4,473,318
NU-100482,5,487,330
NU-100482,6,462,237
NU-100482,7,402,368
NU-100482,8,680,362
NU-100482,9,224,141
NU-100482,10,650,305
NU-100482,11,582,366
NU-100482,12,657,380
NU-100482,13,527,336
NU-100482,14,516,356
NU-100482,15,555,377
NU-100482,16,464,277
NU-102580,1,401,307
NU-102580,2,519,304
NU-102580,3,598,314
NU-102580,4,306,266
NU-102580,5,350,232
NU-102580,6,391,208
NU-102580,7,312,266
NU-102580,8,469,228
NU-102580,9,216,129
NU-102580,10,438,312
NU-102580,11,424,271
NU-102580,12,298,248
NU-102580,13,529,282
NU-102580,14,424,301
NU-102580,15,568,320
NU-102580,16,370,212
NU-104358,1,410,250
NU-104358,2,351,210
NU-104358,3,318,225
NU-104358,4,381,299
NU-104358,5,284,204
NU-104358,6,508,292
NU-104358,7,258,194
NU-104358,8,251,195
NU-104358,9,162,86
NU-104358,10,425,219
NU-104358,11,440,248
NU-104358,12,484,255
NU-104358,13,601,298
NU-104358,14,488,274
NU-104358,15,347,234
NU-104358,16,405,191
NU-104972,1,208,220
NU-104972,2,295,227
NU-104972,3,188,169
NU-104972,4,243,165
NU-104972,5,418,228
NU-104972,6,362,187
NU-104972,7,384,226
NU-104972,8,480,234
NU-104972,9,118,63
NU-104972,10,456,278
NU-104972,11,353,213
NU-104972,12,291,147
NU-104972,13,405,214
NU-104972,14,371,194
NU-104972,15,281,186
NU-104972,16,307,199
NU-102268,1,306,173
NU-102268,2,273,190
NU-102268,3,374,234
NU-102268,4,471,267
NU-102268,5,339,244
NU-102268,6,496,307
NU-102268,7,358,283
NU-102268,8,244,180
NU-102268,9,148,105
NU-102268,10,431,221
NU-102268,11,535,215
NU-102268,12,450,328
NU-102268,13,470,349
NU-102268,14,480,261
NU-102268,15,552,298
NU-102268,16,402,242
NU-107217,1,235,127
NU-107217,2,121,81
NU-107217,3,134,81
NU-107217,4,174,92
NU-107217,5,15,12
NU-107217,6,131,61
NU-107217,7,81,63
NU-107217,8,190,99
NU-107217,9,61,42
NU-107217,10,163,122
NU-107217,11,112,86
NU-107217,12,95,80
NU-107217,13,224,149
NU-107217,14,89,58
NU-107217,15,147,131
NU-107217,16,174,95
NU-103374,1,647,374
NU-103374,2,553,320
NU-103374,3,755,337
NU-103374,4,474,318
NU-103374,5,522,308
NU-103374,6,531,292
NU-103374,7,275,250
NU-103374,8,402,289
NU-103374,9,86,87
NU-103374,10,334,239
NU-103374,11,463,267
NU-103374,12,570,318
NU-103374,13,224,246
NU-103374,14,435,277
NU-103374,15,341,223
NU-103374,16,453,243
NU-105520,1,480,245
NU-105520,2,376,203
NU-105520,3,316,198
NU-105520,4,201,132
NU-105520,5,198,126
NU-105520,6,308,190
NU-105520,7,231,147
NU-105520,8,384,208
NU-105520,9,71,57
NU-105520,10,212,173
NU-105520,11,248,122
NU-105520,12,275,183
NU-105520,13,434,278
NU-105520,14,200,165
NU-105520,15,322,183
NU-105520,16,335,200
NU-102156,1,111,55
NU-102156,2,36,22
NU-102156,3,148,94
NU-102156,4,150,127
NU-102156,5,219,115
NU-102156,6,140,91
NU-102156,7,134,113
NU-102156,8,133,85
NU-102156,9,21,12
NU-102156,10,114,66
NU-102156,11,138,94
NU-102156,12,104,134
NU-102156,13,107,65
NU-102156,14,128,73
NU-102156,15,223,154
NU-102156,16,213,127
NU-105206,1,171,86
NU-105206,2,154,118
NU-105206,3,97,73
NU-105206,4,0,0
NU-105206,5,149,90
NU-105206,6,139,70
NU-105206,7,16,10
NU-105206,8,180,94
NU-105206,9,47,21
NU-105206,10,25,15
NU-105206,11,229,125
NU-105206,12,76,49
NU-105206,13,167,106
NU-105206,14,82,48
NU-105206,15,186,109
NU-105206,16,29,31
NU-101618,1,514,279
NU-101618,2,409,185
NU-101618,3,446,255
NU-101618,4,331,256
NU-101618,5,123,161
NU-101618,6,330,234
NU-101618,7,547,269
NU-101618,8,402,232
NU-101618,9,181,95
NU-101618,10,436,245
NU-101618,11,439,256
NU-101618,12,438,203
NU-101618,13,355,214
NU-101618,14,364,235
NU-101618,15,388,174
NU-101618,16,319,226
NU-103940,1,533,332
NU-103940,2,544,368
NU-103940,3,569,314
NU-103940,4,498,277
NU-103940,5,567,341
NU-103940,6,826,383
NU-103940,7,440,281
NU-103940,8,532,312
NU-103940,9,207,136
NU-103940,10,594,328
NU-103940,11,456,286
NU-103940,12,754,323
NU-103940,13,527,308
NU-103940,14,490,287
NU-103940,15,634,331
NU-103940,16,628,345
NU-106983,1,236,144
NU-106983,2,145,95
NU-106983,3,274,165
NU-106983,4,217,149
NU-106983,5,359,203
NU-106983,6,240,151
NU-106983,7,192,154
NU-106983,8,298,179
NU-106983,9,79,68
NU-106983,10,358,170
NU-106983,11,347,194
NU-106983,12,341,188
NU-106983,13,422,177
NU-106983,14,440,218
NU-106983,15,263,186
NU-106983,16,247,162
NU-103533,1,542,365
NU-103533,2,645,381
NU-103533,3,456,353
NU-103533,4,544,267
NU-103533,5,438,263
NU-103533,6,357,296
NU-103533,7,452,259
NU-103533,8,465,341
NU-103533,9,320,147
NU-103533,10,584,326
NU-103533,11,426,304
NU-103533,12,644,326
NU-103533,13,492,368
NU-103533,14,436,299
NU-103533,15,469,348
NU-103533,16,410,266
NU-103683,1,362,224
NU-103683,2,492,279
NU-103683,3,311,251
NU-103683,4,246,157
NU-103683,5,434,315
NU-103683,6,419,231
NU-103683,7,479,281
NU-103683,8,432,234
NU-103683,9,128,106
NU-103683,10,396,276
NU-103683,11,331,218
NU-103683,12,437,316
NU-103683,13,337,183
NU-103683,14,383,259
NU-103683,15,289,257
NU-103683,16,343,216
NU-102261,1,466,263
NU-102261,2,355,242
NU-102261,3,326,251
NU-102261,4,318,163
NU-102261,5,314,188
NU-102261,6,474,277
NU-102261,7,493,269
NU-102261,8,357,211
NU-102261,9,135,113
NU-102261,10,536,299
NU-102261,11,410,278
NU-102261,12,509,350
NU-102261,13,273,181
NU-102261,14,608,300
NU-102261,15,350,197
NU-102261,16,335,224
NU-100790,1,149,84
NU-100790,2,203,95
NU-100790,3,119,62
NU-100790,4,232,96
NU-100790,5,320,160
NU-100790,6,79,49
NU-100790,7,257,142
NU-100790,8,200,103
NU-100790,9,107,56
NU-100790,10,54,35
NU-100790,11,76,56
NU-100790,12,222,124
NU-100790,13,116,57
NU-100790,14,131,89
NU-100790,15,215,113
NU-100790,16,189,97
NU-101537,1,130,66
NU-101537,2,345,185
NU-101537,3,185,118
NU-101537,4,165,121
NU-101537,5,146,81
NU-101537,6,104,60
NU-101537,7,289,127
NU-101537,8,226,148
NU-101537,9,66,49
NU-101537,10,242,179
NU-101537,11,187,119
NU-101537,12,189,129
NU-101537,13,218,140
NU-101537,14,275,189
NU-101537,15,271,182
NU-101537,16,267,121
NU-105473,1,633,274
NU-105473,2,431,260
NU-105473,3,419,241
NU-105473,4,239,137
NU-105473,5,166,128
NU-105473,6,499,259
NU-105473,7,282,187
NU-105473,8,308,200
NU-105473,9,102,77
NU-105473,10,298,211
NU-105473,11,291,189
NU-105473,12,430,245
NU-105473,13,166,121
NU-105473,14,409,275
NU-105473,15,230,282
NU-105473,16,254,140
NU-100077,1,214,219
NU-100077,2,477,219
NU-100077,3,196,130
NU-100077,4,135,178
NU-100077,5,291,162
NU-100077,6,248,143
NU-100077,7,184,141
NU-100077,8,142,81
NU-100077,9,117,62
NU-100077,10,245,131
NU-100077,11,155,108
NU-100077,12,298,151
NU-100077,13,356,185
NU-100077,14,153,94
NU-100077,15,200,146
NU-100077,16,244,144
NU-100190,1,184,124
NU-100190,2,157,107
NU-100190,3,178,195
NU-100190,4,231,125
NU-100190,5,280,140
NU-100190,6,327,170
NU-100190,7,70,51
NU-100190,8,274,207
NU-100190,9,119,68
NU-100190,10,261,141
NU-100190,11,213,211
NU-100190,12,229,169
NU-100190,13,160,118
NU-100190,14,165,106
NU-100190,15,222,140
NU-100190,16,190,165
NU-107178,1,168,95
NU-107178,2,236,149
NU-107178,3,134,121
NU-107178,4,213,160
NU-107178,5,130,115
NU-107178,6,260,157
NU-107178,7,104,57
NU-107178,8,246,143
NU-107178,9,83,47
NU-107178,10,335,172
NU-107178,11,97,56
NU-107178,12,210,171
NU-107178,13,225,143
NU-107178,14,27,15
NU-107178,15,218,152
NU-107178,16,231,119
NU-104738,1,190,115
NU-104738,2,171,156
NU-104738,3,230,134
NU-104738,4,263,198
NU-104738,5,252,180
NU-104738,6,270,152
NU-104738,7,190,118
NU-104738,8,391,231
NU-104738,9,112,75
NU-104738,10,139,161
NU-104738,11,197,122
NU-104738,12,109,99
NU-104738,13,241,141
NU-104738,14,204,114
NU-104738,15,263,188
NU-104738,16,302,213
NU-104883,1,344,254
NU-104883,2,415,252
NU-104883,3,448,297
NU-104883,4,351,222
NU-104883,5,459,209
NU-104883,6,472,242
NU-104883,7,221,172
NU-104883,8,596,365
NU-104883,9,107,67
NU-104883,10,548,259
NU-104883,11,347,291
NU-104883,12,340,267
NU-104883,13,371,277
NU-104883,14,375,290
NU-104883,15,408,258
NU-104883,16,451,301
NU-109206,1,193,165
NU-109206,2,302,201
NU-109206,3,359,218
NU-109206,4,243,195
NU-109206,5,226,130
NU-109206,6,314,230
NU-109206,7,204,135
NU-109206,8,398,221
NU-109206,9,152,94
NU-109206,10,511,249
NU-109206,11,362,211
NU-109206,12,273,198
NU-109206,13,271,188
NU-109206,14,383,204
NU-109206,15,417,224
NU-109206,16,261,205
NU-107162,1,219,136
NU-107162,2,246,127
NU-107162,3,225,181
NU-107162,4,289,196
NU-107162,5,298,198
NU-107162,6,366,200
NU-107162,7,188,106
NU-107162,8,235,131
NU-107162,9,148,97
NU-107162,10,274,154
NU-107162,11,309,172
NU-107162,12,206,104
NU-107162,13,211,144
NU-107162,14,295,161
NU-107162,15,194,125
NU-107162,16,83,74
NU-100913,1,439,226
NU-100913,2,491,285
NU-100913,3,376,229
NU-100913,4,215,182
NU-100913,5,489,253
NU-100913,6,421,275
NU-100913,7,387,179
NU-100913,8,602,319
NU-100913,9,248,119
NU-100913,10,587,298
NU-100913,11,335,227
NU-100913,12,372,253
NU-100913,13,421,259
NU-100913,14,528,278
NU-100913,15,477,337
NU-100913,16,398,260
NU-104524,1,181,106
NU-104524,2,183,122
NU-104524,3,232,171
NU-104524,4,329,226
NU-104524,5,241,153
NU-104524,6,324,199
NU-104524,7,271,148
NU-104524,8,214,123
NU-104524,9,182,103
NU-104524,10,251,117
NU-104524,11,221,214
NU-104524,12,409,213
NU-104524,13,172,130
NU-104524,14,166,109
NU-104524,15,100,81
NU-104524,16,244,144
NU-108039,1,249,187
NU-108039,2,198,124
NU-108039,3,238,173
NU-108039,4,338,177
NU-108039,5,293,166
NU-108039,6,182,108
NU-108039,7,382,173
NU-108039,8,350,166
NU-108039,9,130,100
NU-108039,10,210,165
NU-108039,11,324,226
NU-108039,12,217,143
NU-108039,13,360,212
NU-108039,14,238,151
NU-108039,15,148,72
NU-108039,16,229,139
NU-105414,1,580,349
NU-105414,2,382,312
NU-105414,3,530,337
NU-105414,4,566,288
NU-105414,5,423,294
NU-105414,6,466,294
NU-105414,7,404,337
NU-105414,8,470,297
NU-105414,9,166,113
NU-105414,10,497,271
NU-105414,11,638,396
NU-105414,12,779,378
NU-105414,13,249,254
NU-105414,14,435,372
NU-105414,15,540,317
NU-105414,16,419,292
NU-101356,1,278,205
NU-101356,2,317,176
NU-101356,3,125,80
NU-101356,4,409,239
NU-101356,5,277,188
NU-101356,6,312,149
NU-101356,7,227,169
NU-101356,8,284,163
NU-101356,9,128,75
NU-101356,10,279,182
NU-101356,11,268,138
NU-101356,12,437,240
NU-101356,13,165,131
NU-101356,14,228,148
NU-101356,15,297,209
NU-101356,16,345,217
NU-105791,1,108,54
NU-105791,2,194,120
NU-105791,3,15,10
NU-105791,4,48,35
NU-105791,5,142,77
NU-105791,6,101,51
NU-105791,7,163,91
NU-105791,8,181,106
NU-105791,9,19,11
NU-105791,10,160,88
NU-105791,11,214,111
NU-105791,12,98,62
NU-105791,13,69,37
NU-105791,14,93,84
NU-105791,15,83,42
NU-105791,16,67,69
NU-103089,1,526,239
NU-103089,2,414,276
NU-103089,3,353,208
NU-103089,4,522,284
NU-103089,5,273,293
NU-103089,6,240,175
NU-103089,7,484,274
NU-103089,8,256,137
NU-103089,9,184,113
NU-103089,10,413,267
NU-103089,11,543,278
NU-103089,12,389,204
NU-103089,13,423,217
NU-103089,14,366,209
NU-103089,15,436,248
NU-103089,16,397,230
NU-103777,1,530,268
NU-103777,2,308,163
NU-103777,3,323,239
NU-103777,4,313,236
NU-103777,5,382,202
NU-103777,6,207,143
NU-103777,7,285,198
NU-103777,8,477,218
NU-103777,9,105,74
NU-103777,10,510,293
NU-103777,11,248,191
NU-103777,12,237,197
NU-103777,13,160,188
NU-103777,14,292,201
NU-103777,15,403,268
NU-103777,16,217,149
NU-105616,1,396,222
NU-105616,2,204,212
NU-105616,3,202,147
NU-105616,4,280,183
NU-105616,5,256,170
NU-105616,6,289,165
NU-105616,7,329,176
NU-105616,8,260,176
NU-105616,9,181,92
NU-105616,10,348,212
NU-105616,11,339,198
NU-105616,12,186,133
NU-105616,13,201,167
NU-105616,14,279,171
NU-105616,15,184,136
NU-105616,16,261,157
NU-104473,1,421,372
NU-104473,2,513,308
NU-104473,3,308,205
NU-104473,4,274,316
NU-104473,5,426,292
NU-104473,6,794,328
NU-104473,7,534,361
NU-104473,8,369,279
NU-104473,9,174,105
NU-104473,10,370,307
NU-104473,11,408,302
NU-104473,12,576,316
NU-104473,13,427,288
NU-104473,14,438,343
NU-104473,15,382,272
NU-104473,16,393,322
NU-105967,1,250,151
NU-105967,2,279,128
NU-105967,3,277,176
NU-105967,4,534,275
NU-105967,5,251,139
NU-105967,6,335,207
NU-105967,7,186,150
NU-105967,8,325,205
NU-105967,9,116,68
NU-105967,10,341,170
NU-105967,11,327,191
NU-105967,12,352,167
NU-105967,13,352,228
NU-105967,14,218,139
NU-105967,15,174,146
NU-105967,16,296,173
NU-104105,1,146,99
NU-104105,2,286,160
NU-104105,3,358,169
NU-104105,4,234,124
NU-104105,5,142,73
NU-104105,6,110,82
NU-104105,7,174,92
NU-104105,8,232,114
NU-104105,9,53,29
NU-104105,10,130,61
NU-104105,11,138,133
NU-104105,12,201,126
NU-104105,13,178,94
NU-104105,14,135,95
NU-104105,15,152,104
NU-104105,16,273,134
NU-101994,1,323,178
NU-101994,2,355,255
NU-101994,3,317,246
NU-101994,4,339,218
NU-101994,5,416,210
NU-101994,6,370,237
NU-101994,7,435,264
NU-101994,8,290,203
NU-101994,9,188,121
NU-101994,10,572,289
NU-101994,11,317,195
NU-101994,12,505,298
NU-101994,13,412,253
NU-101994,14,443,287
NU-101994,15,406,253
NU-101994,16,357,180
NU-107774,1,351,241
NU-107774,2,537,364
NU-107774,3,543,322
NU-107774,4,448,346
NU-107774,5,494,310
NU-107774,6,509,314
NU-107774,7,352,285
NU-107774,8,629,320
NU-107774,9,246,151
NU-107774,10,612,348
NU-107774,11,893,407
NU-107774,12,655,306
NU-107774,13,480,284
NU-107774,14,543,362
NU-107774,15,413,314
NU-107774,16,701,373
NU-106277,1,245,234
NU-106277,2,319,191
NU-106277,3,312,203
NU-106277,4,447,215
NU-106277,5,209,174
NU-106277,6,294,179
NU-106277,7,378,188
NU-106277,8,313,197
NU-106277,9,98,76
NU-106277,10,361,184
NU-106277,11,286,198
NU-106277,12,192,176
NU-106277,13,195,99
NU-106277,14,166,144
NU-106277,15,355,185
NU-106277,16,379,214
NU-109863,1,185,119
NU-109863,2,42,33
NU-109863,3,82,55
NU-109863,4,202,133
NU-109863,5,241,129
NU-109863,6,268,149
NU-109863,7,223,112
NU-109863,8,121,80
NU-109863,9,84,48
NU-109863,10,0,0
NU-109863,11,156,107
NU-109863,12,83,77
NU-109863,13,192,130
NU-109863,14,200,112
NU-109863,15,208,143
NU-109863,16,225,149
NU-104795,1,336,236
NU-104795,2,435,239
NU-104795,3,358,228
NU-104795,4,341,258
NU-104795,5,440,230
NU-104795,6,378,276
NU-104795,7,329,233
NU-104795,8,477,220
NU-104795,9,115,113
NU-104795,10,387,223
NU-104795,11,514,263
NU-104795,12,476,260
NU-104795,13,405,196
NU-104795,14,630,284
NU-104795,15,357,205
NU-104795,16,519,323
NU-100466,1,245,178
NU-100466,2,527,255
NU-100466,3,280,252
NU-100466,4,309,204
NU-100466,5,311,168
NU-100466,6,398,250
NU-100466,7,298,223
NU-100466,8,362,225
NU-100466,9,165,129
NU-100466,10,327,230
NU-100466,11,293,228
NU-100466,12,329,172
NU-100466,13,165,205
NU-100466,14,389,223
NU-100466,15,291,174
NU-100466,16,494,296
NU-108077,1,223,110
NU-108077,2,132,69
NU-108077,3,114,82
NU-108077,4,242,143
NU-108077,5,97,87
NU-108077,6,208,133
NU-108077,7,97,72
NU-108077,8,134,76
NU-108077,9,32,24
NU-108077,10,109,56
NU-108077,11,164,101
NU-108077,12,242,132
NU-108077,13,191,99
NU-108077,14,37,20
NU-108077,15,201,125
NU-108077,16,163,131
NU-108427,1,326,200
NU-108427,2,432,275
NU-108427,3,348,221
NU-108427,4,142,239
NU-108427,5,275,195
NU-108427,6,431,251
NU-108427,7,312,212
NU-108427,8,267,269
NU-108427,9,168,86
NU-108427,10,311,256
NU-108427,11,525,300
NU-108427,12,348,256
NU-108427,13,308,235
NU-108427,14,154,160
NU-108427,15,320,238
NU-108427,16,317,194
NU-106583,1,187,120
NU-106583,2,269,158
NU-106583,3,177,97
NU-106583,4,244,162
NU-106583,5,187,95
NU-106583,6,348,192
NU-106583,7,347,165
NU-106583,8,258,202
NU-106583,9,61,40
NU-106583,10,442,207
NU-106583,11,229,183
NU-106583,12,284,149
NU-106583,13,202,122
NU-106583,14,339,232
NU-106583,15,337,211
NU-106583,16,245,212
NU-105833,1,387,289
NU-105833,2,316,200
NU-105833,3,535,282
NU-105833,4,432,296
NU-105833,5,223,212
NU-105833,6,267,180
NU-105833,7,540,296
NU-105833,8,353,300
NU-105833,9,157,76
NU-105833,10,492,260
NU-105833,11,530,240
NU-105833,12,300,192
NU-105833,13,471,290
NU-105833,14,431,333
NU-105833,15,259,303
NU-105833,16,377,222
NU-101022,1,508,266
NU-101022,2,450,244
NU-101022,3,525,275
NU-101022,4,589,329
NU-101022,5,205,275
NU-101022,6,461,257
NU-101022,7,340,255
NU-101022,8,283,231
NU-101022,9,149,116
NU-101022,10,416,220
NU-101022,11,561,325
NU-101022,12,373,298
NU-101022,13,468,273
NU-101022,14,485,269
NU-101022,15,223,218
NU-101022,16,365,254
NU-105796,1,163,129
NU-105796,2,420,246
NU-105796,3,171,163
NU-105796,4,297,234
NU-105796,5,303,173
NU-105796,6,406,232
NU-105796,7,315,211
NU-105796,8,411,230
NU-105796,9,94,71
NU-105796,10,284,154
NU-105796,11,359,268
NU-105796,12,291,186
NU-105796,13,349,235
NU-105796,14,376,220
NU-105796,15,332,174
NU-105796,16,329,202
NU-108928,1,377,281
NU-108928,2,336,171
NU-108928,3,379,228
NU-108928,4,309,235
NU-108928,5,188,209
NU-108928,6,295,227
NU-108928,7,631,283
NU-108928,8,307,176
NU-108928,9,180,90
NU-108928,10,447,241
NU-108928,11,489,281
NU-108928,12,318,219
NU-108928,13,322,179
NU-108928,14,257,221
NU-108928,15,473,245
NU-108928,16,400,257
NU-100518,1,175,194
NU-100518,2,359,234
NU-100518,3,254,151
NU-100518,4,353,213
NU-100518,5,352,206
NU-100518,6,428,215
NU-100518,7,401,301
NU-100518,8,412,240
NU-100518,9,138,102
NU-100518,10,238,152
NU-100518,11,440,238
NU-100518,12,285,199
NU-100518,13,345,222
NU-100518,14,246,156
NU-100518,15,438,229
NU-100518,16,247,173
NU-104231,1,466,366
NU-104231,2,650,419
NU-104231,3,478,326
NU-104231,4,438,261
NU-104231,5,446,348
NU-104231,6,559,446
NU-104231,7,438,341
NU-104231,8,504,335
NU-104231,9,213,158
NU-104231,10,533,325
NU-104231,11,896,406
NU-104231,12,512,267
NU-104231,13,547,390
NU-104231,14,594,367
NU-104231,15,631,376
NU-104231,16,527,386
NU-103727,1,292,223
NU-103727,2,281,233
NU-103727,3,425,271
NU-103727,4,291,237
NU-103727,5,343,207
NU-103727,6,409,231
NU-103727,7,353,277
NU-103727,8,356,223
NU-103727,9,115,107
NU-103727,10,414,256
NU-103727,11,466,227
NU-103727,12,262,225
NU-103727,13,438,271
NU-103727,14,480,272
NU-103727,15,390,226
NU-103727,16,469,316
NU-106194,1,202,107
NU-106194,2,206,142
NU-106194,3,187,101
NU-106194,4,301,178
NU-106194,5,213,124
NU-106194,6,223,146
NU-106194,7,228,146
NU-106194,8,200,108
NU-106194,9,156,93
NU-106194,10,257,191
NU-106194,11,256,169
NU-106194,12,302,200
NU-106194,13,289,168
NU-106194,14,296,177
NU-106194,15,288,159
NU-106194,16,267,178
NU-104384,1,486,267
NU-104384,2,398,284
NU-104384,3,468,327
NU-104384,4,445,303
NU-104384,5,399,246
NU-104384,6,436,245
NU-104384,7,535,268
NU-104384,8,392,263
NU-104384,9,250,124
NU-104384,10,404,231
NU-104384,11,541,331
NU-104384,12,419,238
NU-104384,13,537,288
NU-104384,14,424,293
NU-104384,15,460,332
NU-104384,16,617,297
NU-104044,1,222,170
NU-104044,2,207,113
NU-104044,3,202,151
NU-104044,4,142,115
NU-104044,5,143,99
NU-104044,6,159,86
NU-104044,7,283,145
NU-104044,8,173,136
NU-104044,9,108,66
NU-104044,10,270,127
NU-104044,11,266,153
NU-104044,12,269,184
NU-104044,13,166,100
NU-104044,14,186,139
NU-104044,15,235,162
NU-104044,16,272,185
NU-100345,1,67,49
NU-100345,2,165,98
NU-100345,3,55,39
NU-100345,4,279,173
NU-100345,5,227,141
NU-100345,6,85,72
NU-100345,7,92,70
NU-100345,8,169,95
NU-100345,9,11,8
NU-100345,10,2,1
NU-100345,11,121,84
NU-100345,12,167,119
NU-100345,13,128,85
NU-100345,14,140,81
NU-100345,15,79,55
NU-100345,16,64,47
NU-103997,1,404,226
NU-103997,2,325,215
NU-103997,3,302,217
NU-103997,4,325,258
NU-103997,5,359,273
NU-103997,6,450,279
NU-103997,7,346,233
NU-103997,8,302,188
NU-103997,9,232,135
NU-103997,10,483,343
NU-103997,11,570,289
NU-103997,12,294,184
NU-103997,13,589,311
NU-103997,14,237,159
NU-103997,15,408,257
NU-103997,16,377,246
NU-102656,1,464,258
NU-102656,2,309,248
NU-102656,3,398,292
NU-102656,4,265,194
NU-102656,5,398,283
NU-102656,6,410,236
NU-102656,7,253,207
NU-102656,8,314,247
NU-102656,9,168,137
NU-102656,10,383,270
NU-102656,11,239,282
NU-102656,12,473,267
NU-102656,13,355,182
NU-102656,14,419,285
NU-102656,15,295,212
NU-102656,16,328,300
NU-106532,1,414,262
NU-106532,2,500,307
NU-106532,3,416,281
NU-106532,4,401,241
NU-106532,5,473,266
NU-106532,6,335,192
NU-106532,7,468,293
NU-106532,8,624,329
NU-106532,9,236,126
NU-106532,10,490,310
NU-106532,11,388,259
NU-106532,12,862,333
NU-106532,13,375,216
NU-106532,14,480,272
NU-106532,15,463,255
NU-106532,16,492,255
NU-100950,1,502,280
NU-100950,2,321,221
NU-100950,3,294,197
NU-100950,4,323,215
NU-100950,5,533,234
NU-100950,6,405,263
NU-100950,7,368,210
NU-100950,8,525,259
NU-100950,9,174,116
NU-100950,10,490,237
NU-100950,11,253,191
NU-100950,12,270,172
NU-100950,13,502,282
NU-100950,14,304,180
NU-100950,15,245,190
NU-100950,16,372,245
NU-106319,1,337,204
NU-106319,2,262,138
NU-106319,3,260,204
NU-106319,4,287,262
NU-106319,5,311,195
NU-106319,6,258,195
NU-106319,7,393,235
NU-106319,8,457,279
NU-106319,9,215,116
NU-106319,10,279,192
NU-106319,11,324,207
NU-106319,12,321,279
NU-106319,13,307,290
NU-106319,14,446,266
NU-106319,15,450,263
NU-106319,16,453,237
NU-105921,1,382,365
NU-105921,2,658,303
NU-105921,3,579,372
NU-105921,4,632,377
NU-105921,5,590,386
NU-105921,6,438,339
NU-105921,7,618,387
NU-105921,8,444,324
NU-105921,9,173,176
NU-105921,10,564,313
NU-105921,11,616,353
NU-105921,12,417,335
NU-105921,13,594,322
NU-105921,14,398,356
NU-105921,15,633,310
NU-105921,16,329,226
NU-107847,1,153,97
NU-107847,2,184,114
NU-107847,3,199,146
NU-107847,4,249,132
NU-107847,5,116,68
NU-107847,6,231,168
NU-107847,7,263,124
NU-107847,8,117,88
NU-107847,9,72,64
NU-107847,10,185,103
NU-107847,11,101,48
NU-107847,12,78,41
NU-107847,13,90,64
NU-107847,14,217,137
NU-107847,15,103,69
NU-107847,16,107,57
NU-108523,1,310,176
NU-108523,2,170,158
NU-108523,3,523,280
NU-108523,4,263,195
NU-108523,5,405,225
NU-108523,6,499,252
NU-108523,7,377,274
NU-108523,8,305,200
NU-108523,9,140,93
NU-108523,10,331,284
NU-108523,11,337,280
NU-108523,12,309,243
NU-108523,13,222,214
NU-108523,14,469,251
NU-108523,15,369,202
NU-108523,16,320,240
NU-104877,1,227,155
NU-104877,2,506,207
NU-104877,3,387,198
NU-104877,4,436,270
NU-104877,5,297,215
NU-104877,6,262,133
NU-104877,7,352,193
NU-104877,8,456,239
NU-104877,9,219,110
NU-104877,10,359,180
NU-104877,11,308,202
NU-104877,12,325,208
NU-104877,13,340,154
NU-104877,14,238,164
NU-104877,15,369,172
NU-104877,16,211,162
NU-103702,1,612,316
NU-103702,2,691,328
NU-103702,3,358,290
NU-103702,4,379,269
NU-103702,5,559,295
NU-103702,6,481,329
NU-103702,7,497,339
NU-103702,8,441,247
NU-103702,9,370,158
NU-103702,10,575,316
NU-103702,11,612,338
NU-103702,12,604,313
NU-103702,13,514,301
NU-103702,14,314,237
NU-103702,15,586,315
NU-103702,16,438,293
NU-102832,1,195,120
NU-102832,2,133,87
NU-102832,3,336,197
NU-102832,4,181,136
NU-102832,5,209,120
NU-102832,6,211,146
NU-102832,7,83,56
NU-102832,8,217,142
NU-102832,9,136,78
NU-102832,10,176,133
NU-102832,11,130,145
NU-102832,12,195,156
NU-102832,13,139,92
NU-102832,14,187,117
NU-102832,15,159,94
NU-102832,16,256,155
NU-100750,1,405,236
NU-100750,2,204,147
NU-100750,3,324,199
NU-100750,4,286,179
NU-100750,5,425,231
NU-100750,6,498,248
NU-100750,7,224,177
NU-100750,8,243,186
NU-100750,9,148,90
NU-100750,10,324,246
NU-100750,11,117,112
NU-100750,12,421,258
NU-100750,13,285,148
NU-100750,14,308,272
NU-100750,15,381,176
NU-100750,16,443,227
NU-109499,1,436,233
NU-109499,2,508,253
NU-109499,3,488,251
NU-109499,4,325,217
NU-109499,5,422,214
NU-109499,6,386,235
NU-109499,7,304,229
NU-109499,8,442,283
NU-109499,9,174,114
NU-109499,10,344,227
NU-109499,11,293,211
NU-109499,12,281,170
NU-109499,13,410,283
NU-109499,14,449,294
NU-109499,15,367,224
NU-109499,16,460,203
NU-102239,1,62,65
NU-102239,2,250,150
NU-102239,3,264,153
NU-102239,4,230,132
NU-102239,5,325,169
NU-102239,6,110,62
NU-102239,7,258,167
NU-102239,8,194,168
NU-102239,9,126,62
NU-102239,10,214,134
NU-102239,11,172,129
NU-102239,12,394,214
NU-102239,13,235,147
NU-102239,14,132,96
NU-102239,15,239,140
NU-102239,16,183,133
NU-101322,1,479,259
NU-101322,2,512,280
NU-101322,3,358,224
NU-101322,4,312,265
NU-101322,5,490,254
NU-101322,6,322,234
NU-101322,7,400,207
NU-101322,8,556,259
NU-101322,9,115,62
NU-101322,10,466,251
NU-101322,11,394,253
NU-101322,12,409,219
NU-101322,13,446,281
NU-101322,14,490,247
NU-101322,15,395,272
NU-101322,16,288,183
NU-108237,1,509,257
NU-108237,2,265,197
NU-108237,3,393,221
NU-108237,4,500,288
NU-108237,5,351,232
NU-108237,6,302,219
NU-108237,7,303,195
NU-108237,8,342,253
NU-108237,9,156,89
NU-108237,10,390,225
NU-108237,11,499,337
NU-108237,12,296,174
NU-108237,13,237,170
NU-108237,14,379,205
NU-108237,15,420,231
NU-108237,16,490,239
NU-108271,1,327,300
NU-108271,2,534,286
NU-108271,3,526,267
NU-108271,4,603,275
NU-108271,5,559,298
NU-108271,6,352,248
NU-108271,7,559,291
NU-108271,8,416,269
NU-108271,9,152,113
NU-108271,10,397,325
NU-108271,11,254,197
NU-108271,12,425,184
NU-108271,13,520,237
NU-108271,14,398,245
NU-108271,15,386,245
NU-108271,16,464,303
NU-100436,1,480,288
NU-100436,2,499,228
NU-100436,3,505,246
NU-100436,4,373,190
NU-100436,5,420,202
NU-100436,6,516,285
NU-100436,7,456,225
NU-100436,8,292,218
NU-100436,9,133,87
NU-100436,10,369,223
NU-100436,11,315,218
NU-100436,12,304,216
NU-100436,13,410,316
NU-100436,14,342,215
NU-100436,15,279,211
NU-100436,16,293,251
NU-107322,1,393,220
NU-107322,2,280,197
NU-107322,3,365,224
NU-107322,4,169,237
NU-107322,5,565,292
NU-107322,6,335,299
NU-107322,7,444,273
NU-107322,8,430,276
NU-107322,9,213,119
NU-107322,10,471,240
NU-107322,11,389,245
NU-107322,12,465,258
NU-107322,13,596,299
NU-107322,14,484,244
NU-107322,15,289,236
NU-107322,16,520,261
NU-105287,1,367,199
NU-105287,2,289,177
NU-105287,3,244,206
NU-105287,4,177,220
NU-105287,5,245,223
NU-105287,6,409,222
NU-105287,7,308,186
NU-105287,8,389,179
NU-105287,9,89,68
NU-105287,10,219,101
NU-105287,11,215,121
NU-105287,12,365,228
NU-105287,13,245,185
NU-105287,14,211,158
NU-105287,15,263,165
NU-105287,16,279,164
NU-101652,1,363,208
NU-101652,2,289,187
NU-101652,3,281,166
NU-101652,4,364,221
NU-101652,5,312,210
NU-101652,6,276,189
NU-101652,7,261,167
NU-101652,8,178,122
NU-101652,9,120,99
NU-101652,10,332,229
NU-101652,11,298,158
NU-101652,12,330,182
NU-101652,13,281,216
NU-101652,14,354,191
NU-101652,15,233,219
NU-101652,16,192,157
NU-105365,1,475,253
NU-105365,2,390,290
NU-105365,3,435,220
NU-105365,4,239,178
NU-105365,5,230,201
NU-105365,6,474,267
NU-105365,7,469,243
NU-105365,8,419,282
NU-105365,9,163,84
NU-105365,10,524,263
NU-105365,11,460,209
NU-105365,12,462,284
NU-105365,13,440,257
NU-105365,14,291,207
NU-105365,15,467,205
NU-105365,16,248,176
NU-102455,1,254,159
NU-102455,2,83,80
NU-102455,3,282,143
NU-102455,4,217,138
NU-102455,5,175,113
NU-102455,6,127,83
NU-102455,7,180,110
NU-102455,8,192,153
NU-102455,9,87,61
NU-102455,10,313,151
NU-102455,11,183,104
NU-102455,12,236,132
NU-102455,13,88,57
NU-102455,14,178,124
NU-102455,15,312,171
NU-102455,16,41,27
NU-105635,1,176,125
NU-105635,2,174,122
NU-105635,3,211,151
NU-105635,4,237,134
NU-105635,5,225,201
NU-105635,6,353,204
NU-105635,7,181,120
NU-105635,8,235,134
NU-105635,9,79,42
NU-105635,10,179,126
NU-105635,11,204,96
NU-105635,12,307,140
NU-105635,13,183,123
NU-105635,14,264,156
NU-105635,15,221,155
NU-105635,16,184,116
NU-106572,1,554,232
NU-106572,2,424,246
NU-106572,3,349,266
NU-106572,4,444,281
NU-106572,5,653,318
NU-106572,6,314,255
NU-106572,7,254,219
NU-106572,8,518,310
NU-106572,9,92,98
NU-106572,10,379,270
NU-106572,11,255,274
NU-106572,12,300,216
NU-106572,13,360,248
NU-106572,14,284,242
NU-106572,15,485,283
NU-106572,16,236,200
NU-109989,1,419,214
NU-109989,2,181,218
NU-109989,3,571,282
NU-109989,4,352,199
NU-109989,5,129,116
NU-109989,6,449,215
NU-109989,7,306,216
NU-109989,8,382,171
NU-109989,9,142,77
NU-109989,10,336,193
NU-109989,11,237,174
NU-109989,12,387,199
NU-109989,13,209,158
NU-109989,14,343,192
NU-109989,15,344,212
NU-109989,16,327,215
NU-103590,1,549,308
NU-103590,2,310,273
NU-103590,3,278,200
NU-103590,4,445,282
NU-103590,5,358,278
NU-103590,6,255,204
NU-103590,7,337,210
NU-103590,8,346,283
NU-103590,9,254,138
NU-103590,10,635,324
NU-103590,11,383,308
NU-103590,12,577,267
NU-103590,13,442,322
NU-103590,14,316,233
NU-103590,15,453,259
NU-103590,16,489,243
NU-100025,1,165,127
NU-100025,2,404,245
NU-100025,3,267,152
NU-100025,4,424,238
NU-100025,5,234,204
NU-100025,6,310,233
NU-100025,7,239,228
NU-100025,8,393,235
NU-100025,9,116,73
NU-100025,10,236,179
NU-100025,11,357,232
NU-100025,12,287,185
NU-100025,13,344,217
NU-100025,14,475,272
NU-100025,15,256,225
NU-100025,16,504,258
NU-100970,1,384,200
NU-100970,2,493,283
NU-100970,3,221,203
NU-100970,4,299,147
NU-100970,5,293,226
NU-100970,6,429,214
NU-100970,7,476,234
NU-100970,8,375,202
NU-100970,9,132,74
NU-100970,10,209,168
NU-100970,11,375,261
NU-100970,12,259,207
NU-100970,13,330,166
NU-100970,14,99,128
NU-100970,15,383,205
NU-100970,16,173,185
NU-100028,1,463,290
NU-100028,2,545,335
NU-100028,3,436,315
NU-100028,4,618,328
NU-100028,5,453,319
NU-100028,6,379,290
NU-100028,7,473,325
NU-100028,8,501,326
NU-100028,9,171,113
NU-100028,10,370,273
NU-100028,11,625,279
NU-100028,12,658,325
NU-100028,13,535,298
NU-100028,14,390,316
NU-100028,15,600,300
NU-100028,16,540,286
NU-107453,1,92,53
NU-107453,2,206,196
NU-107453,3,256,131
NU-107453,4,216,137
NU-107453,5,187,118
NU-107453,6,85,53
NU-107453,7,216,108
NU-107453,8,174,114
NU-107453,9,74,45
NU-107453,10,195,136
NU-107453,11,266,129
NU-107453,12,227,163
NU-107453,13,236,187
NU-107453,14,197,131
NU-107453,15,191,145
NU-107453,16,203,150
NU-105660,1,180,125
NU-105660,2,281,151
NU-105660,3,202,149
NU-105660,4,304,204
NU-105660,5,188,107
NU-105660,6,298,148
NU-105660,7,174,152
NU-105660,8,155,106
NU-105660,9,81,45
NU-105660,10,196,115
NU-105660,11,287,155
NU-105660,12,366,214
NU-105660,13,270,160
NU-105660,14,344,164
NU-105660,15,250,140
NU-105660,16,184,121
NU-109163,1,128,78
NU-109163,2,300,136
NU-109163,3,123,91
NU-109163,4,149,138
NU-109163,5,229,136
NU-109163,6,159,128
NU-109163,7,347,174
NU-109163,8,133,138
NU-109163,9,87,59
NU-109163,10,204,128
NU-109163,11,148,101
NU-109163,12,238,160
NU-109163,13,252,137
NU-109163,14,277,162
NU-109163,15,279,125
NU-109163,16,95,109
NU-102821,1,571,295
NU-102821,2,582,287
NU-102821,3,529,313
NU-102821,4,480,338
NU-102821,5,325,281
NU-102821,6,435,265
NU-102821,7,252,313
NU-102821,8,438,314
NU-102821,9,331,139
NU-102821,10,367,257
NU-102821,11,360,265
NU-102821,12,716,376
NU-102821,13,492,329
NU-102821,14,406,205
NU-102821,15,404,327
NU-102821,16,442,241
NU-106508,1,295,196
NU-106508,2,381,227
NU-106508,3,319,193
NU-106508,4,274,173
NU-106508,5,278,197
NU-106508,6,488,228
NU-106508,7,457,234
NU-106508,8,464,257
NU-106508,9,158,94
NU-106508,10,406,213
NU-106508,11,364,258
NU-106508,12,237,174
NU-106508,13,398,204
NU-106508,14,145,105
NU-106508,15,274,192
NU-106508,16,331,213
NU-100148,1,47,46
NU-100148,2,138,81
NU-100148,3,108,101
NU-100148,4,43,26
NU-100148,5,154,90
NU-100148,6,205,126
NU-100148,7,55,27
NU-100148,8,64,31
NU-100148,9,44,27
NU-100148,10,232,135
NU-100148,11,91,56
NU-100148,12,40,28
NU-100148,13,52,40
NU-100148,14,62,36
NU-100148,15,248,184
NU-100148,16,88,57
NU-100291,1,339,256
NU-100291,2,473,240
NU-100291,3,436,280
NU-100291,4,603,269
NU-100291,5,371,293
NU-100291,6,299,253
NU-100291,7,438,288
NU-100291,8,383,224
NU-100291,9,121,98
NU-100291,10,262,162
NU-100291,11,346,197
NU-100291,12,413,295
NU-100291,13,204,144
NU-100291,14,340,212
NU-100291,15,356,236
NU-100291,16,273,191
NU-105762,1,47,31
NU-105762,2,187,143
NU-105762,3,158,156
NU-105762,4,210,155
NU-105762,5,180,131
NU-105762,6,310,148
NU-105762,7,266,168
NU-105762,8,366,159
NU-105762,9,55,47
NU-105762,10,297,146
NU-105762,11,400,198
NU-105762,12,268,162
NU-105762,13,196,173
NU-105762,14,116,80
NU-105762,15,257,157
NU-105762,16,202,123
NU-105853,1,450,315
NU-105853,2,567,258
NU-105853,3,410,288
NU-105853,4,606,356
NU-105853,5,400,265
NU-105853,6,583,335
NU-105853,7,572,318
NU-105853,8,556,291
NU-105853,9,225,122
NU-105853,10,467,330
NU-105853,11,624,361
NU-105853,12,525,326
NU-105853,13,434,249
NU-105853,14,679,321
NU-105853,15,484,294
NU-105853,16,484,263
NU-108103,1,215,140
NU-108103,2,103,75
NU-108103,3,321,192
NU-108103,4,194,134
NU-108103,5,376,192
NU-108103,6,131,96
NU-108103,7,234,130
NU-108103,8,397,175
NU-108103,9,97,51
NU-108103,10,140,102
NU-108103,11,262,167
NU-108103,12,302,148
NU-108103,13,186,140
NU-108103,14,126,92
NU-108103,15,323,180
NU-108103,16,249,146
NU-105518,1,272,132
NU-105518,2,383,255
NU-105518,3,130,113
NU-105518,4,327,214
NU-105518,5,227,148
NU-105518,6,384,151
NU-105518,7,174,150
NU-105518,8,228,194
NU-105518,9,106,62
NU-105518,10,216,175
NU-105518,11,268,202
NU-105518,12,323,184
NU-105518,13,347,197
NU-105518,14,274,165
NU-105518,15,197,162
NU-105518,16,312,169
NU-104243,1,467,333
NU-104243,2,412,268
NU-104243,3,547,336
NU-104243,4,660,311
NU-104243,5,433,251
NU-104243,6,415,337
NU-104243,7,600,353
NU-104243,8,577,262
NU-104243,9,121,97
NU-104243,10,536,324
NU-104243,11,795,314
NU-104243,12,564,302
NU-104243,13,422,260
NU-104243,14,549,294
NU-104243,15,431,285
NU-104243,16,429,271
NU-102650,1,503,299
NU-102650,2,357,271
NU-102650,3,412,266
NU-102650,4,529,351
NU-102650,5,505,296
NU-102650,6,267,204
NU-102650,7,534,336
NU-102650,8,584,231
NU-102650,9,195,123
NU-102650,10,564,284
NU-102650,11,466,309
NU-102650,12,489,291
NU-102650,13,332,297
NU-102650,14,468,325
NU-102650,15,561,278
NU-102650,16,516,330
NU-105273,1,530,285
NU-105273,2,171,162
NU-105273,3,331,221
NU-105273,4,298,166
NU-105273,5,353,212
NU-105273,6,567,261
NU-105273,7,384,227
NU-105273,8,427,223
NU-105273,9,100,76
NU-105273,10,376,258
NU-105273,11,574,329
NU-105273,12,440,284
NU-105273,13,401,243
NU-105273,14,288,203
NU-105273,15,241,229
NU-105273,16,388,229
NU-100659,1,583,284
NU-100659,2,558,303
NU-100659,3,382,199
NU-100659,4,321,243
NU-100659,5,321,213
NU-100659,6,309,252
NU-100659,7,299,297
NU-100659,8,516,297
NU-100659,9,117,96
NU-100659,10,507,306
NU-100659,11,450,230
NU-100659,12,459,267
NU-100659,13,400,283
NU-100659,14,398,279
NU-100659,15,479,302
NU-100659,16,458,278
NU-101610,1,461,216
NU-101610,2,221,238
NU-101610,3,462,246
NU-101610,4,292,192
NU-101610,5,359,201
NU-101610,6,336,181
NU-101610,7,234,203
NU-101610,8,404,218
NU-101610,9,94,70
NU-101610,10,469,235
NU-101610,11,264,215
NU-101610,12,345,237
NU-101610,13,273,196
NU-101610,14,346,230
NU-101610,15,198,159
NU-101610,16,228,161
NU-101175,1,663,467
NU-101175,2,275,360
NU-101175,3,297,335
NU-101175,4,620,336
NU-101175,5,528,314
NU-101175,6,637,319
NU-101175,7,572,302
NU-101175,8,552,315
NU-101175,9,213,121
NU-101175,10,612,350
NU-101175,11,784,377
NU-101175,12,736,366
NU-101175,13,577,426
NU-101175,14,557,344
NU-101175,15,559,391
NU-101175,16,493,264
NU-108840,1,259,210
NU-108840,2,413,208
NU-108840,3,370,224
NU-108840,4,434,210
NU-108840,5,460,268
NU-108840,6,376,210
NU-108840,7,291,196
NU-108840,8,411,200
NU-108840,9,193,97
NU-108840,10,333,208
NU-108840,11,247,153
NU-108840,12,242,167
NU-108840,13,316,149
NU-108840,14,278,141
NU-108840,15,310,172
NU-108840,16,275,158
NU-101787,1,244,215
NU-101787,2,413,195
NU-101787,3,344,159
NU-101787,4,445,215
NU-101787,5,283,273
NU-101787,6,273,192
NU-101787,7,298,247
NU-101787,8,326,223
NU-101787,9,163,83
NU-101787,10,241,185
NU-101787,11,217,219
NU-101787,12,340,230
NU-101787,13,475,292
NU-101787,14,440,232
NU-101787,15,357,192
NU-101787,16,547,281
NU-104641,1,369,245
NU-104641,2,312,198
NU-104641,3,449,283
NU-104641,4,648,267
NU-104641,5,238,151
NU-104641,6,311,176
NU-104641,7,234,146
NU-104641,8,499,339
NU-104641,9,131,89
NU-104641,10,489,327
NU-104641,11,326,184
NU-104641,12,325,190
NU-104641,13,268,160
NU-104641,14,261,225
NU-104641,15,388,234
NU-104641,16,487,218
NU-101041,1,384,253
NU-101041,2,483,284
NU-101041,3,456,307
NU-101041,4,454,228
NU-101041,5,342,198
NU-101041,6,275,220
NU-101041,7,257,214
NU-101041,8,335,218
NU-101041,9,185,102
NU-101041,10,467,267
NU-101041,11,355,276
NU-101041,12,443,254
NU-101041,13,329,182
NU-101041,14,302,188
NU-101041,15,504,275
NU-101041,16,352,217
NU-100433,1,406,253
NU-100433,2,407,295
NU-100433,3,622,331
NU-100433,4,306,172
NU-100433,5,213,267
NU-100433,6,314,253
NU-100433,7,509,308
NU-100433,8,347,271
NU-100433,9,257,121
NU-100433,10,269,215
NU-100433,11,332,207
NU-100433,12,275,237
NU-100433,13,605,299
NU-100433,14,380,239
NU-100433,15,320,200
NU-100433,16,419,277
NU-109446,1,307,177
NU-109446,2,299,156
NU-109446,3,344,212
NU-109446,4,346,195
NU-109446,5,239,154
NU-109446,6,292,176
NU-109446,7,239,185
NU-109446,8,381,194
NU-109446,9,129,84
NU-109446,10,367,226
NU-109446,11,328,204
NU-109446,12,242,138
NU-109446,13,237,163
NU-109446,14,219,145
NU-109446,15,250,211
NU-109446,16,262,151
NU-100922,1,313,212
NU-100922,2,318,221
NU-100922,3,385,309
NU-100922,4,404,279
NU-100922,5,408,227
NU-100922,6,535,313
NU-100922,7,481,255
NU-100922,8,480,288
NU-100922,9,113,105
NU-100922,10,325,245
NU-100922,11,422,284
NU-100922,12,360,236
NU-100922,13,324,196
NU-100922,14,320,208
NU-100922,15,262,165
NU-100922,16,265,318
NU-103204,1,159,95
NU-103204,2,176,98
NU-103204,3,136,91
NU-103204,4,106,71
NU-103204,5,175,95
NU-103204,6,160,73
NU-103204,7,212,113
NU-103204,8,129,75
NU-103204,9,58,36
NU-103204,10,157,101
NU-103204,11,219,113
NU-103204,12,51,32
NU-103204,13,115,70
NU-103204,14,103,68
NU-103204,15,23,15
NU-103204,16,9,7
NU-100404,1,303,221
NU-100404,2,448,229
NU-100404,3,277,154
NU-100404,4,335,208
NU-100404,5,342,170
NU-100404,6,261,175
NU-100404,7,375,187
NU-100404,8,347,209
NU-100404,9,156,92
NU-100404,10,407,213
NU-100404,11,258,187
NU-100404,12,478,248
NU-100404,13,230,178
NU-100404,14,344,205
NU-100404,15,412,221
NU-100404,16,369,202
NU-109687,1,421,175
NU-109687,2,297,192
NU-109687,3,283,141
NU-109687,4,353,190
NU-109687,5,255,208
NU-109687,6,217,151
NU-109687,7,350,213
NU-109687,8,283,194
NU-109687,9,95,57
NU-109687,10,226,157
NU-109687,11,293,155
NU-109687,12,275,187
NU-109687,13,128,130
NU-109687,14,302,195
NU-109687,15,256,177
NU-109687,16,379,179
NU-106412,1,342,258
NU-106412,2,287,185
NU-106412,3,283,177
NU-106412,4,404,249
NU-106412,5,499,221
NU-106412,6,279,142
NU-106412,7,238,164
NU-106412,8,164,154
NU-106412,9,126,61
NU-106412,10,298,228
NU-106412,11,135,181
NU-106412,12,431,231
NU-106412,13,294,156
NU-106412,14,359,216
NU-106412,15,214,177
NU-106412,16,433,255
NU-107999,1,318,230
NU-107999,2,224,171
NU-107999,3,421,260
NU-107999,4,204,112
NU-107999,5,393,178
NU-107999,6,342,218
NU-107999,7,187,159
NU-107999,8,314,195
NU-107999,9,170,102
NU-107999,10,360,218
NU-107999,11,320,261
NU-107999,12,249,139
NU-107999,13,434,286
NU-107999,14,286,165
NU-107999,15,328,233
NU-107999,16,311,182
NU-102877,1,684,310
NU-102877,2,399,372
NU-102877,3,578,392
NU-102877,4,429,360
NU-102877,5,614,382
NU-102877,6,535,311
NU-102877,7,534,409
NU-102877,8,607,319
NU-102877,9,266,150
NU-102877,10,524,277
NU-102877,11,658,355
NU-102877,12,654,402
NU-102877,13,519,332
NU-102877,14,476,335
NU-102877,15,506,378
NU-102877,16,569,301
NU-102530,1,447,267
NU-102530,2,664,370
NU-102530,3,633,337
NU-102530,4,932,402
NU-102530,5,472,309
NU-102530,6,589,353
NU-102530,7,500,352
NU-102530,8,599,329
NU-102530,9,312,141
NU-102530,10,295,261
NU-102530,11,509,302
NU-102530,12,505,357
NU-102530,13,451,331
NU-102530,14,582,370
NU-102530,15,576,419
NU-102530,16,389,340
NU-103995,1,389,265
NU-103995,2,338,225
NU-103995,3,474,255
NU-103995,4,403,255
NU-103995,5,321,269
NU-103995,6,375,258
NU-103995,7,536,298
NU-103995,8,484,276
NU-103995,9,314,140
NU-103995,10,381,270
NU-103995,11,492,245
NU-103995,12,421,240
NU-103995,13,585,350
NU-103995,14,588,316
NU-103995,15,533,309
NU-103995,16,343,264
NU-101425,1,268,290
NU-101425,2,417,240
NU-101425,3,253,217
NU-101425,4,393,216
NU-101425,5,342,246
NU-101425,6,276,230
NU-101425,7,373,219
NU-101425,8,458,229
NU-101425,9,223,115
NU-101425,10,543,277
NU-101425,11,299,232
NU-101425,12,247,206
NU-101425,13,587,237
NU-101425,14,378,192
NU-101425,15,468,286
NU-101425,16,264,199
NU-109395,1,261,186
NU-109395,2,328,215
NU-109395,3,557,226
NU-109395,4,396,243
NU-109395,5,257,177
NU-109395,6,466,285
NU-109395,7,357,210
NU-109395,8,384,238
NU-109395,9,170,109
NU-109395,10,498,259
NU-109395,11,474,269
NU-109395,12,306,205
NU-109395,13,353,253
NU-109395,14,325,231
NU-109395,15,244,168
NU-109395,16,319,179
NU-107391,1,459,284
NU-107391,2,367,211
NU-107391,3,317,234
NU-107391,4,410,223
NU-107391,5,353,178
NU-107391,6,511,252
NU-107391,7,534,270
NU-107391,8,279,178
NU-107391,9,118,108
NU-107391,10,373,231
NU-107391,11,325,193
NU-107391,12,503,237
NU-107391,13,664,310
NU-107391,14,254,211
NU-107391,15,390,210
NU-107391,16,338,181
NU-105168,1,456,286
NU-105168,2,560,313
NU-105168,3,547,334
NU-105168,4,433,280
NU-105168,5,500,326
NU-105168,6,492,347
NU-105168,7,439,302
NU-105168,8,526,347
NU-105168,9,192,142
NU-105168,10,525,275
NU-105168,11,604,368
NU-105168,12,691,385
NU-105168,13,429,317
NU-105168,14,516,331
NU-105168,15,440,267
NU-105168,16,424,345
NU-100931,1,524,287
NU-100931,2,404,248
NU-100931,3,449,309
NU-100931,4,530,273
NU-100931,5,540,331
NU-100931,6,360,314
NU-100931,7,591,337
NU-100931,8,453,313
NU-100931,9,181,120
NU-100931,10,256,265
NU-100931,11,461,266
NU-100931,12,479,264
NU-100931,13,380,293
NU-100931,14,498,270
NU-100931,15,404,280
NU-100931,16,497,309
NU-104157,1,241,130
NU-104157,2,215,117
NU-104157,3,190,93
NU-104157,4,248,163
NU-104157,5,164,117
NU-104157,6,139,80
NU-104157,7,130,97
NU-104157,8,91,68
NU-104157,9,57,45
NU-104157,10,225,146
NU-104157,11,142,73
NU-104157,12,131,93
NU-104157,13,250,126
NU-104157,14,231,130
NU-104157,15,149,80
NU-104157,16,283,158
NU-107504,1,647,338
NU-107504,2,262,235
NU-107504,3,552,312
NU-107504,4,225,228
NU-107504,5,296,214
NU-107504,6,304,283
NU-107504,7,361,263
NU-107504,8,469,248
NU-107504,9,204,112
NU-107504,10,314,202
NU-107504,11,435,237
NU-107504,12,433,273
NU-107504,13,406,261
NU-107504,14,548,282
NU-107504,15,346,266
NU-107504,16,376,225
NU-108311,1,231,222
NU-108311,2,244,190
NU-108311,3,450,247
NU-108311,4,155,116
NU-108311,5,315,193
NU-108311,6,333,203
NU-108311,7,331,202
NU-108311,8,413,196
NU-108311,9,147,87
NU-108311,10,336,233
NU-108311,11,358,202
NU-108311,12,408,246
NU-108311,13,282,201
NU-108311,14,310,212
NU-108311,15,180,152
NU-108311,16,386,204
NU-103576,1,224,155
NU-103576,2,236,195
NU-103576,3,207,133
NU-103576,4,353,182
NU-103576,5,255,151
NU-103576,6,359,212
NU-103576,7,278,195
NU-103576,8,388,222
NU-103576,9,99,61
NU-103576,10,209,234
NU-103576,11,511,246
NU-103576,12,313,151
NU-103576,13,265,155
NU-103576,14,242,246
NU-103576,15,226,212
NU-103576,16,281,228
NU-109205,1,405,249
NU-109205,2,492,305
NU-109205,3,331,225
NU-109205,4,402,323
NU-109205,5,368,219
NU-109205,6,488,287
NU-109205,7,320,269
NU-109205,8,611,373
NU-109205,9,176,119
NU-109205,10,478,361
NU-109205,11,424,313
NU-109205,12,713,332
NU-109205,13,346,267
NU-109205,14,516,291
NU-109205,15,598,356
NU-109205,16,482,272
NU-106171,1,380,257
NU-106171,2,323,202
NU-106171,3,309,216
NU-106171,4,444,225
NU-106171,5,331,224
NU-106171,6,426,213
NU-106171,7,283,186
NU-106171,8,351,197
NU-106171,9,135,74
NU-106171,10,321,254
NU-106171,11,256,216
NU-106171,12,257,173
NU-106171,13,186,135
NU-106171,14,290,203
NU-106171,15,279,185
NU-106171,16,360,208
NU-107471,1,270,145
NU-107471,2,335,169
NU-107471,3,401,215
NU-107471,4,245,149
NU-107471,5,295,178
NU-107471,6,261,168
NU-107471,7,159,139
NU-107471,8,247,169
NU-107471,9,107,85
NU-107471,10,249,199
NU-107471,11,299,153
NU-107471,12,197,117
NU-107471,13,378,225
NU-107471,14,261,169
NU-107471,15,266,144
NU-107471,16,432,209
NU-103976,1,407,294
NU-103976,2,434,276
NU-103976,3,527,278
NU-103976,4,395,233
NU-103976,5,439,273
NU-103976,6,386,250
NU-103976,7,307,219
NU-103976,8,577,281
NU-103976,9,125,115
NU-103976,10,518,261
NU-103976,11,552,301
NU-103976,12,427,266
NU-103976,13,337,272
NU-103976,14,437,346
NU-103976,15,354,271
NU-103976,16,583,295
NU-109630,1,463,310
NU-109630,2,428,298
NU-109630,3,445,284
NU-109630,4,447,236
NU-109630,5,529,241
NU-109630,6,371,218
NU-109630,7,444,251
NU-109630,8,390,209
NU-109630,9,167,95
NU-109630,10,407,244
NU-109630,11,342,250
NU-109630,12,295,197
NU-109630,13,391,219
NU-109630,14,411,261
NU-109630,15,442,244
NU-109630,16,343,209
NU-103150,1,229,189
NU-103150,2,438,222
NU-103150,3,337,220
NU-103150,4,393,222
NU-103150,5,277,202
NU-103150,6,314,220
NU-103150,7,391,224
NU-103150,8,321,179
NU-103150,9,84,70
NU-103150,10,401,235
NU-103150,11,361,263
NU-103150,12,224,169
NU-103150,13,324,193
NU-103150,14,367,212
NU-103150,15,371,223
NU-103150,16,395,196
NU-109564,1,342,237
NU-109564,2,262,199
NU-109564,3,605,302
NU-109564,4,385,283
NU-109564,5,434,261
NU-109564,6,389,227
NU-109564,7,278,239
NU-109564,8,278,183
NU-109564,9,121,100
NU-109564,10,382,258
NU-109564,11,431,212
NU-109564,12,315,291
NU-109564,13,267,185
NU-109564,14,318,225
NU-109564,15,369,263
NU-109564,16,260,187
NU-102438,1,391,196
NU-102438,2,249,150
NU-102438,3,350,235
NU-102438,4,206,124
NU-102438,5,330,200
NU-102438,6,212,150
NU-102438,7,239,185
NU-102438,8,294,206
NU-102438,9,110,70
NU-102438,10,170,167
NU-102438,11,95,108
NU-102438,12,323,202
NU-102438,13,313,176
NU-102438,14,264,210
NU-102438,15,405,197
NU-102438,16,537,216
NU-106413,1,488,263
NU-106413,2,330,195
NU-106413,3,406,233
NU-106413,4,435,215
NU-106413,5,305,239
NU-106413,6,328,205
NU-106413,7,238,187
NU-106413,8,332,163
NU-106413,9,127,110
NU-106413,10,293,205
NU-106413,11,317,194
NU-106413,12,428,276
NU-106413,13,361,242
NU-106413,14,384,188
NU-106413,15,407,252
NU-106413,16,356,248
NU-107519,1,366,267
NU-107519,2,499,286
NU-107519,3,317,279
NU-107519,4,447,232
NU-107519,5,369,235
NU-107519,6,283,174
NU-107519,7,398,266
NU-107519,8,288,302
NU-107519,9,147,136
NU-107519,10,205,186
NU-107519,11,258,225
NU-107519,12,418,269
NU-107519,13,542,294
NU-107519,14,243,235
NU-107519,15,686,301
NU-107519,16,359,239
NU-107206,1,445,265
NU-107206,2,283,201
NU-107206,3,369,272
NU-107206,4,327,167
NU-107206,5,345,239
NU-107206,6,517,268
NU-107206,7,306,210
NU-107206,8,413,271
NU-107206,9,188,97
NU-107206,10,333,220
NU-107206,11,320,227
NU-107206,12,697,288
NU-107206,13,386,287
NU-107206,14,360,287
NU-107206,15,351,220
NU-107206,16,319,236
NU-104558,1,221,118
NU-104558,2,196,118
NU-104558,3,193,114
NU-104558,4,266,181
NU-104558,5,186,111
NU-104558,6,256,152
NU-104558,7,242,166
NU-104558,8,383,162
NU-104558,9,73,60
NU-104558,10,188,131
NU-104558,11,186,139
NU-104558,12,285,197
NU-104558,13,127,97
NU-104558,14,307,138
NU-104558,15,140,77
NU-104558,16,130,104
NU-101899,1,269,238
NU-101899,2,342,251
NU-101899,3,374,224
NU-101899,4,326,223
NU-101899,5,175,210
NU-101899,6,493,296
NU-101899,7,300,225
NU-101899,8,420,251
NU-101899,9,105,89
NU-101899,10,205,148
NU-101899,11,215,157
NU-101899,12,268,243
NU-101899,13,262,223
NU-101899,14,434,247
NU-101899,15,282,218
NU-101899,16,317,205
NU-107862,1,331,141
NU-107862,2,281,202
NU-107862,3,297,150
NU-107862,4,218,130
NU-107862,5,347,216
NU-107862,6,261,160
NU-107862,7,258,145
NU-107862,8,199,141
NU-107862,9,58,45
NU-107862,10,305,189
NU-107862,11,266,142
NU-107862,12,273,173
NU-107862,13,266,143
NU-107862,14,275,181
NU-107862,15,226,137
NU-107862,16,99,101
NU-108130,1,276,161
NU-108130,2,469,308
NU-108130,3,513,279
NU-108130,4,302,228
NU-108130,5,433,253
NU-108130,6,217,230
NU-108130,7,378,212
NU-108130,8,349,190
NU-108130,9,261,123
NU-108130,10,505,259
NU-108130,11,262,161
NU-108130,12,365,193
NU-108130,13,392,238
NU-108130,14,398,222
NU-108130,15,275,191
NU-108130,16,269,179
NU-100299,1,204,114
NU-100299,2,163,98
NU-100299,3,64,34
NU-100299,4,14,9
NU-100299,5,73,65
NU-100299,6,66,39
NU-100299,7,128,80
NU-100299,8,98,66
NU-100299,9,50,51
NU-100299,10,10,8
NU-100299,11,9,6
NU-100299,12,94,71
NU-100299,13,137,113
NU-100299,14,43,30
NU-100299,15,121,55
NU-100299,16,147,91
NU-101911,1,134,91
NU-101911,2,157,124
NU-101911,3,65,38
NU-101911,4,78,67
NU-101911,5,203,105
NU-101911,6,250,130
NU-101911,7,149,76
NU-101911,8,175,159
NU-101911,9,58,32
NU-101911,10,120,89
NU-101911,11,131,114
NU-101911,12,171,120
NU-101911,13,109,84
NU-101911,14,96,81
NU-101911,15,205,106
NU-101911,16,206,137
NU-105340,1,347,162
NU-105340,2,76,45
NU-105340,3,261,167
NU-105340,4,222,129
NU-105340,5,191,154
NU-105340,6,182,110
NU-105340,7,99,64
NU-105340,8,224,154
NU-105340,9,53,41
NU-105340,10,410,186
NU-105340,11,128,126
NU-105340,12,125,96
NU-105340,13,254,121
NU-105340,14,147,76
NU-105340,15,77,69
NU-105340,16,210,151
NU-105080,1,430,233
NU-105080,2,346,226
NU-105080,3,365,261
NU-105080,4,355,211
NU-105080,5,350,266
NU-105080,6,295,160
NU-105080,7,206,147
NU-105080,8,322,183
NU-105080,9,157,90
NU-105080,10,365,193
NU-105080,11,517,336
NU-105080,12,345,275
NU-105080,13,264,219
NU-105080,14,326,222
NU-105080,15,383,183
NU-105080,16,496,247
NU-104466,1,292,236
NU-104466,2,156,206
NU-104466,3,338,202
NU-104466,4,219,171
NU-104466,5,219,146
NU-104466,6,382,259
NU-104466,7,247,157
NU-104466,8,306,200
NU-104466,9,105,75
NU-104466,10,171,124
NU-104466,11,278,237
NU-104466,12,259,142
NU-104466,13,337,171
NU-104466,14,412,198
NU-104466,15,332,163
NU-104466,16,317,185
NU-105261,1,19,12
NU-105261,2,215,143
NU-105261,3,152,93
NU-105261,4,281,149
NU-105261,5,237,248
NU-105261,6,173,97
NU-105261,7,182,139
NU-105261,8,85,50
NU-105261,9,52,32
NU-105261,10,136,135
NU-105261,11,215,129
NU-105261,12,225,160
NU-105261,13,183,122
NU-105261,14,87,44
NU-105261,15,188,139
NU-105261,16,176,119
NU-107052,1,250,190
NU-107052,2,250,196
NU-107052,3,471,226
NU-107052,4,294,190
NU-107052,5,225,151
NU-107052,6,251,204
NU-107052,7,349,239
NU-107052,8,260,173
NU-107052,9,93,85
NU-107052,10,292,205
NU-107052,11,328,207
NU-107052,12,155,101
NU-107052,13,423,286
NU-107052,14,387,182
NU-107052,15,197,172
NU-107052,16,344,206
NU-100685,1,320,185
NU-100685,2,363,208
NU-100685,3,320,209
NU-100685,4,357,232
NU-100685,5,359,230
NU-100685,6,283,192
NU-100685,7,552,260
NU-100685,8,392,217
NU-100685,9,139,85
NU-100685,10,397,218
NU-100685,11,400,222
NU-100685,12,303,202
NU-100685,13,455,270
NU-100685,14,351,238
NU-100685,15,322,240
NU-100685,16,294,237
NU-101223,1,330,219
NU-101223,2,292,209
NU-101223,3,430,256
NU-101223,4,244,141
NU-101223,5,493,269
NU-101223,6,362,212
NU-101223,7,442,266
NU-101223,8,260,211
NU-101223,9,177,109
NU-101223,10,281,193
NU-101223,11,263,153
NU-101223,12,330,256
NU-101223,13,327,190
NU-101223,14,437,309
NU-101223,15,259,210
NU-101223,16,280,182
NU-106567,1,373,227
NU-106567,2,622,321
NU-106567,3,419,291
NU-106567,4,284,176
NU-106567,5,385,247
NU-106567,6,428,265
NU-106567,7,512,260
NU-106567,8,322,201
NU-106567,9,144,114
NU-106567,10,489,285
NU-106567,11,412,252
NU-106567,12,322,186
NU-106567,13,262,208
NU-106567,14,366,246
NU-106567,15,319,198
NU-106567,16,260,242
NU-107734,1,398,204
NU-107734,2,371,236
NU-107734,3,440,262
NU-107734,4,328,234
NU-107734,5,165,108
NU-107734,6,354,208
NU-107734,7,369,224
NU-107734,8,248,221
NU-107734,9,166,101
NU-107734,10,160,103
NU-107734,11,368,252
NU-107734,12,297,164
NU-107734,13,288,174
NU-107734,14,310,177
NU-107734,15,280,229
NU-107734,16,277,220
NU-103835,1,268,183
NU-103835,2,342,280
NU-103835,3,420,276
NU-103835,4,183,165
NU-103835,5,454,229
NU-103835,6,444,284
NU-103835,7,455,257
NU-103835,8,473,202
NU-103835,9,125,73
NU-103835,10,291,191
NU-103835,11,404,223
NU-103835,12,229,194
NU-103835,13,306,209
NU-103835,14,529,254
NU-103835,15,384,207
NU-103835,16,206,147
NU-105025,1,491,275
NU-105025,2,524,267
NU-105025,3,485,251
NU-105025,4,246,192
NU-105025,5,396,255
NU-105025,6,360,234
NU-105025,7,329,225
NU-105025,8,537,265
NU-105025,9,244,135
NU-105025,10,464,224
NU-105025,11,379,183
NU-105025,12,392,216
NU-105025,13,537,292
NU-105025,14,378,206
NU-105025,15,318,226
NU-105025,16,359,239
NU-101080,1,189,101
NU-101080,2,157,86
NU-101080,3,149,81
NU-101080,4,106,85
NU-101080,5,188,111
NU-101080,6,112,68
NU-101080,7,204,124
NU-101080,8,186,105
NU-101080,9,20,16
NU-101080,10,124,104
NU-101080,11,109,69
NU-101080,12,192,117
NU-101080,13,130,79
NU-101080,14,33,21
NU-101080,15,205,107
NU-101080,16,0,0
NU-100603,1,366,206
NU-100603,2,245,124
NU-100603,3,329,194
NU-100603,4,314,223
NU-100603,5,243,200
NU-100603,6,307,239
NU-100603,7,350,248
NU-100603,8,254,224
NU-100603,9,137,90
NU-100603,10,362,189
NU-100603,11,280,266
NU-100603,12,412,199
NU-100603,13,276,166
NU-100603,14,370,182
NU-100603,15,233,212
NU-100603,16,573,293
NU-103137,1,292,155
NU-103137,2,455,233
NU-103137,3,256,211
NU-103137,4,307,175
NU-103137,5,332,155
NU-103137,6,345,181
NU-103137,7,273,255
NU-103137,8,457,258
NU-103137,9,155,79
NU-103137,10,290,170
NU-103137,11,348,240
NU-103137,12,305,241
NU-103137,13,357,258
NU-103137,14,405,238
NU-103137,15,289,202
NU-103137,16,440,208
NU-108505,1,174,127
NU-108505,2,163,118
NU-108505,3,229,135
NU-108505,4,12,7
NU-108505,5,182,109
NU-108505,6,322,198
NU-108505,7,35,22
NU-108505,8,224,114
NU-108505,9,44,26
NU-108505,10,148,86
NU-108505,11,108,58
NU-108505,12,171,104
NU-108505,13,139,84
NU-108505,14,238,167
NU-108505,15,191,124
NU-108505,16,156,96
NU-101450,1,450,223
NU-101450,2,279,203
NU-101450,3,545,250
NU-101450,4,164,155
NU-101450,5,369,181
NU-101450,6,359,224
NU-101450,7,381,252
NU-101450,8,188,211
NU-101450,9,162,76
NU-101450,10,285,202
NU-101450,11,315,188
NU-101450,12,475,237
NU-101450,13,242,230
NU-101450,14,631,263
NU-101450,15,471,227
NU-101450,16,207,185
NU-106379,1,313,231
NU-106379,2,357,229
NU-106379,3,269,130
NU-106379,4,480,271
NU-106379,5,382,259
NU-106379,6,365,228
NU-106379,7,490,295
NU-106379,8,313,181
NU-106379,9,152,87
NU-106379,10,347,195
NU-106379,11,469,234
NU-106379,12,257,220
NU-106379,13,311,175
NU-106379,14,345,224
NU-106379,15,272,180
NU-106379,16,368,204
NU-104935,1,114,63
NU-104935,2,149,67
NU-104935,3,117,56
NU-104935,4,113,81
NU-104935,5,21,13
NU-104935,6,83,79
NU-104935,7,195,155
NU-104935,8,96,86
NU-104935,9,31,19
NU-104935,10,14,9
NU-104935,11,95,57
NU-104935,12,159,142
NU-104935,13,167,105
NU-104935,14,0,0
NU-104935,15,61,54
NU-104935,16,42,37
NU-103113,1,462,244
NU-103113,2,359,250
NU-103113,3,422,286
NU-103113,4,395,236
NU-103113,5,366,200
NU-103113,6,593,306
NU-103113,7,332,264
NU-103113,8,501,283
NU-103113,9,129,99
NU-103113,10,408,238
NU-103113,11,390,262
NU-103113,12,270,239
NU-103113,13,406,270
NU-103113,14,434,266
NU-103113,15,404,268
NU-103113,16,407,238
NU-100613,1,192,149
NU-100613,2,310,166
NU-100613,3,294,146
NU-100613,4,148,120
NU-100613,5,421,234
NU-100613,6,288,157
NU-100613,7,373,208
NU-100613,8,288,126
NU-100613,9,112,52
NU-100613,10,411,227
NU-100613,11,242,122
NU-100613,12,234,152
NU-100613,13,347,180
NU-100613,14,267,201
NU-100613,15,228,186
NU-100613,16,355,229
NU-108725,1,293,156
NU-108725,2,344,187
NU-108725,3,201,180
NU-108725,4,346,229
NU-108725,5,255,193
NU-108725,6,311,265
NU-108725,7,391,200
NU-108725,8,328,197
NU-108725,9,159,88
NU-108725,10,281,194
NU-108725,11,172,150
NU-108725,12,290,175
NU-108725,13,353,218
NU-108725,14,352,232
NU-108725,15,174,119
NU-108725,16,386,199
NU-108718,1,97,70
NU-108718,2,72,58
NU-108718,3,47,38
NU-108718,4,234,144
NU-108718,5,112,78
NU-108718,6,176,105
NU-108718,7,0,0
NU-108718,8,47,39
NU-108718,9,88,56
NU-108718,10,72,42
NU-108718,11,24,17
NU-108718,12,47,26
NU-108718,13,162,105
NU-108718,14,59,35
NU-108718,15,60,44
NU-108718,16,83,49
NU-101507,1,452,244
NU-101507,2,164,144
NU-101507,3,375,215
NU-101507,4,388,253
NU-101507,5,309,200
NU-101507,6,375,264
NU-101507,7,306,232
NU-101507,8,349,212
NU-101507,9,155,86
NU-101507,10,405,269
NU-101507,11,334,310
NU-101507,12,535,288
NU-101507,13,363,241
NU-101507,14,394,242
NU-101507,15,343,268
NU-101507,16,460,277
NU-108331,1,234,153
NU-108331,2,184,184
NU-108331,3,243,160
NU-108331,4,298,238
NU-108331,5,340,184
NU-108331,6,311,236
NU-108331,7,316,181
NU-108331,8,220,137
NU-108331,9,111,89
NU-108331,10,203,133
NU-108331,11,302,171
NU-108331,12,258,162
NU-108331,13,319,169
NU-108331,14,265,190
NU-108331,15,247,198
NU-108331,16,206,143
NU-103898,1,363,288
NU-103898,2,385,294
NU-103898,3,543,282
NU-103898,4,475,278
NU-103898,5,467,295
NU-103898,6,576,290
NU-103898,7,347,240
NU-103898,8,489,309
NU-103898,9,280,118
NU-103898,10,388,324
NU-103898,11,327,258
NU-103898,12,329,275
NU-103898,13,353,203
NU-103898,14,429,281
NU-103898,15,498,332
NU-103898,16,525,353
NU-109363,1,470,246
NU-109363,2,651,299
NU-109363,3,554,308
NU-109363,4,319,195
NU-109363,5,410,266
NU-109363,6,284,243
NU-109363,7,470,223
NU-109363,8,284,227
NU-109363,9,209,109
NU-109363,10,386,241
NU-109363,11,501,330
NU-109363,12,712,301
NU-109363,13,465,273
NU-109363,14,547,261
NU-109363,15,491,274
NU-109363,16,447,262
NU-106500,1,282,137
NU-106500,2,30,24
NU-106500,3,122,91
NU-106500,4,137,82
NU-106500,5,268,162
NU-106500,6,366,211
NU-106500,7,258,146
NU-106500,8,149,118
NU-106500,9,106,66
NU-106500,10,436,190
NU-106500,11,359,221
NU-106500,12,182,159
NU-106500,13,333,173
NU-106500,14,359,166
NU-106500,15,139,175
NU-106500,16,54,38
NU-105110,1,358,194
NU-105110,2,152,84
NU-105110,3,186,140
NU-105110,4,198,125
NU-105110,5,181,112
NU-105110,6,315,173
NU-105110,7,210,131
NU-105110,8,177,94
NU-105110,9,98,60
NU-105110,10,201,116
NU-105110,11,309,154
NU-105110,12,271,164
NU-105110,13,339,193
NU-105110,14,284,190
NU-105110,15,252,182
NU-105110,16,160,110
NU-102801,1,134,91
NU-102801,2,323,197
NU-102801,3,161,112
NU-102801,4,182,144
NU-102801,5,121,93
NU-102801,6,120,103
NU-102801,7,272,173
NU-102801,8,109,86
NU-102801,9,56,56
NU-102801,10,146,104
NU-102801,11,255,155
NU-102801,12,121,97
NU-102801,13,283,175
NU-102801,14,210,164
NU-102801,15,215,152
NU-102801,16,126,66
NU-104449,1,456,270
NU-104449,2,300,209
NU-104449,3,239,149
NU-104449,4,300,160
NU-104449,5,297,175
NU-104449,6,297,241
NU-104449,7,197,168
NU-104449,8,256,170
NU-104449,9,97,63
NU-104449,10,374,225
NU-104449,11,182,126
NU-104449,12,340,251
NU-104449,13,213,108
NU-104449,14,351,175
NU-104449,15,344,213
NU-104449,16,338,181
NU-106152,1,491,258
NU-106152,2,434,223
NU-106152,3,238,152
NU-106152,4,339,181
NU-106152,5,294,183
NU-106152,6,220,169
NU-106152,7,333,157
NU-106152,8,313,191
NU-106152,9,149,98
NU-106152,10,374,302
NU-106152,11,320,199
NU-106152,12,295,285
NU-106152,13,384,219
NU-106152,14,296,234
NU-106152,15,309,207
NU-106152,16,294,181
NU-107320,1,170,138
NU-107320,2,559,273
NU-107320,3,503,277
NU-107320,4,340,195
NU-107320,5,417,228
NU-107320,6,312,200
NU-107320,7,289,221
NU-107320,8,470,250
NU-107320,9,188,92
NU-107320,10,159,144
NU-107320,11,412,216
NU-107320,12,493,306
NU-107320,13,310,240
NU-107320,14,277,218
NU-107320,15,447,236
NU-107320,16,430,238
NU-103842,1,190,135
NU-103842,2,211,183
NU-103842,3,207,146
NU-103842,4,419,240
NU-103842,5,455,221
NU-103842,6,322,188
NU-103842,7,270,159
NU-103842,8,163,139
NU-103842,9,151,89
NU-103842,10,413,227
NU-103842,11,311,158
NU-103842,12,333,163
NU-103842,13,265,162
NU-103842,14,286,199
NU-103842,15,408,224
NU-103842,16,368,174
NU-107308,1,289,169
NU-107308,2,537,285
NU-107308,3,375,286
NU-107308,4,205,139
NU-107308,5,339,207
NU-107308,6,310,214
NU-107308,7,134,104
NU-107308,8,356,207
NU-107308,9,198,92
NU-107308,10,266,234
NU-107308,11,445,232
NU-107308,12,405,241
NU-107308,13,268,141
NU-107308,14,212,140
NU-107308,15,353,191
NU-107308,16,331,211
NU-101672,1,131,71
NU-101672,2,229,144
NU-101672,3,312,230
NU-101672,4,288,134
NU-101672,5,74,57
NU-101672,6,267,153
NU-101672,7,156,80
NU-101672,8,263,189
NU-101672,9,56,50
NU-101672,10,185,118
NU-101672,11,329,165
NU-101672,12,55,39
NU-101672,13,324,165
NU-101672,14,210,184
NU-101672,15,93,84
NU-101672,16,156,89
NU-107361,1,632,291
NU-107361,2,409,281
NU-107361,3,296,187
NU-107361,4,401,240
NU-107361,5,499,285
NU-107361,6,421,221
NU-107361,7,569,292
NU-107361,8,359,250
NU-107361,9,181,123
NU-107361,10,598,330
NU-107361,11,489,229
NU-107361,12,398,241
NU-107361,13,476,300
NU-107361,14,354,217
NU-107361,15,579,340
NU-107361,16,380,274
NU-106794,1,412,230
NU-106794,2,481,217
NU-106794,3,357,230
NU-106794,4,305,230
NU-106794,5,299,200
NU-106794,6,384,212
NU-106794,7,370,231
NU-106794,8,354,269
NU-106794,9,138,78
NU-106794,10,469,247
NU-106794,11,414,256
NU-106794,12,326,201
NU-106794,13,439,241
NU-106794,14,477,246
NU-106794,15,394,276
NU-106794,16,291,184
NU-106246,1,322,256
NU-106246,2,436,269
NU-106246,3,378,185
NU-106246,4,222,215
NU-106246,5,467,258
NU-106246,6,350,248
NU-106246,7,523,237
NU-106246,8,448,249
NU-106246,9,135,85
NU-106246,10,324,237
NU-106246,11,275,283
NU-106246,12,267,210
NU-106246,13,494,301
NU-106246,14,386,194
NU-106246,15,469,266
NU-106246,16,423,223
NU-109132,1,703,369
NU-109132,2,444,234
NU-109132,3,208,211
NU-109132,4,424,312
NU-109132,5,400,318
NU-109132,6,438,312
NU-109132,7,465,270
NU-109132,8,220,249
NU-109132,9,145,89
NU-109132,10,338,291
NU-109132,11,856,401
NU-109132,12,415,280
NU-109132,13,290,275
NU-109132,14,361,240
NU-109132,15,433,256
NU-109132,16,546,318
NU-103554,1,465,285
NU-103554,2,603,342
NU-103554,3,476,292
NU-103554,4,584,319
NU-103554,5,397,333
NU-103554,6,502,291
NU-103554,7,676,324
NU-103554,8,645,335
NU-103554,9,224,148
NU-103554,10,609,371
NU-103554,11,503,299
NU-103554,12,506,271
NU-103554,13,547,263
NU-103554,14,393,348
NU-103554,15,417,316
NU-103554,16,313,248
NU-104152,1,339,201
NU-104152,2,385,201
NU-104152,3,223,135
NU-104152,4,214,147
NU-104152,5,195,117
NU-104152,6,291,173
NU-104152,7,340,208
NU-104152,8,151,123
NU-104152,9,53,29
NU-104152,10,331,189
NU-104152,11,293,195
NU-104152,12,200,114
NU-104152,13,219,159
NU-104152,14,208,137
NU-104152,15,482,275
NU-104152,16,417,181
NU-101279,1,586,309
NU-101279,2,814,355
NU-101279,3,790,316
NU-101279,4,459,281
NU-101279,5,538,341
NU-101279,6,354,294
NU-101279,7,543,268
NU-101279,8,444,296
NU-101279,9,165,122
NU-101279,10,433,238
NU-101279,11,167,292
NU-101279,12,406,255
NU-101279,13,606,329
NU-101279,14,552,338
NU-101279,15,616,384
NU-101279,16,530,322
NU-103587,1,180,127
NU-103587,2,36,29
NU-103587,3,146,80
NU-103587,4,115,72
NU-103587,5,212,106
NU-103587,6,0,0
NU-103587,7,106,70
NU-103587,8,259,158
NU-103587,9,26,21
NU-103587,10,167,88
NU-103587,11,153,95
NU-103587,12,274,152
NU-103587,13,2,2
NU-103587,14,110,80
NU-103587,15,154,105
NU-103587,16,110,89
NU-103656,1,339,285
NU-103656,2,391,295
NU-103656,3,578,344
NU-103656,4,466,283
NU-103656,5,394,248
NU-103656,6,290,318
NU-103656,7,436,307
NU-103656,8,439,327
NU-103656,9,142,123
NU-103656,10,473,278
NU-103656,11,359,223
NU-103656,12,379,231
NU-103656,13,451,290
NU-103656,14,567,249
NU-103656,15,455,229
NU-103656,16,411,314
NU-101768,1,250,159
NU-101768,2,44,41
NU-101768,3,142,122
NU-101768,4,302,233
NU-101768,5,250,178
NU-101768,6,153,154
NU-101768,7,179,137
NU-101768,8,68,55
NU-101768,9,54,33
NU-101768,10,363,204
NU-101768,11,125,95
NU-101768,12,177,116
NU-101768,13,106,87
NU-101768,14,311,144
NU-101768,15,70,47
NU-101768,16,193,124
NU-104924,1,736,341
NU-104924,2,493,289
NU-104924,3,489,332
NU-104924,4,344,231
NU-104924,5,653,354
NU-104924,6,547,289
NU-104924,7,445,301
NU-104924,8,468,278
NU-104924,9,240,149
NU-104924,10,399,261
NU-104924,11,366,271
NU-104924,12,458,328
NU-104924,13,302,233
NU-104924,14,292,243
NU-104924,15,596,340
NU-104924,16,420,330
NU-101925,1,470,238
NU-101925,2,338,213
NU-101925,3,290,163
NU-101925,4,390,218
NU-101925,5,397,260
NU-101925,6,518,272
NU-101925,7,275,162
NU-101925,8,553,289
NU-101925,9,132,94
NU-101925,10,340,166
NU-101925,11,235,119
NU-101925,12,408,252
NU-101925,13,232,157
NU-101925,14,431,246
NU-101925,15,254,209
NU-101925,16,435,211
NU-105179,1,291,205
NU-105179,2,397,208
NU-105179,3,255,162
NU-105179,4,348,196
NU-105179,5,263,176
NU-105179,6,313,193
NU-105179,7,421,264
NU-105179,8,333,244
NU-105179,9,186,99
NU-105179,10,377,200
NU-105179,11,244,138
NU-105179,12,327,161
NU-105179,13,406,211
NU-105179,14,250,175
NU-105179,15,389,258
NU-105179,16,360,212
NU-102782,1,90,105
NU-102782,2,65,35
NU-102782,3,142,94
NU-102782,4,162,82
NU-102782,5,208,118
NU-102782,6,52,36
NU-102782,7,83,53
NU-102782,8,139,107
NU-102782,9,70,43
NU-102782,10,97,95
NU-102782,11,101,54
NU-102782,12,47,27
NU-102782,13,0,0
NU-102782,14,240,141
NU-102782,15,205,142
NU-102782,16,118,68
NU-101141,1,351,209
NU-101141,2,366,215
NU-101141,3,348,234
NU-101141,4,365,226
NU-101141,5,309,185
NU-101141,6,478,219
NU-101141,7,405,216
NU-101141,8,543,284
NU-101141,9,208,106
NU-101141,10,332,193
NU-101141,11,417,212
NU-101141,12,287,191
NU-101141,13,235,150
NU-101141,14,222,169
NU-101141,15,409,222
NU-101141,16,306,196
NU-101679,1,350,267
NU-101679,2,306,240
NU-101679,3,505,287
NU-101679,4,535,290
NU-101679,5,610,329
NU-101679,6,532,305
NU-101679,7,291,213
NU-101679,8,388,300
NU-101679,9,200,119
NU-101679,10,458,248
NU-101679,11,439,244
NU-101679,12,470,227
NU-101679,13,362,287
NU-101679,14,459,217
NU-101679,15,390,265
NU-101679,16,374,334
NU-104811,1,444,266
NU-104811,2,378,255
NU-104811,3,280,276
NU-104811,4,170,187
NU-104811,5,318,181
NU-104811,6,287,140
NU-104811,7,297,184
NU-104811,8,294,193
NU-104811,9,118,67
NU-104811,10,207,119
NU-104811,11,313,205
NU-104811,12,157,100
NU-104811,13,338,220
NU-104811,14,441,225
NU-104811,15,256,195
NU-104811,16,471,256
NU-109849,1,423,262
NU-109849,2,502,266
NU-109849,3,229,212
NU-109849,4,453,273
NU-109849,5,426,250
NU-109849,6,446,217
NU-109849,7,306,220
NU-109849,8,440,233
NU-109849,9,147,115
NU-109849,10,202,179
NU-109849,11,303,224
NU-109849,12,378,272
NU-109849,13,261,196
NU-109849,14,368,276
NU-109849,15,375,302
NU-109849,16,423,225
NU-104124,1,249,119
NU-104124,2,246,141
NU-104124,3,298,177
NU-104124,4,380,258
NU-104124,5,466,231
NU-104124,6,372,229
NU-104124,7,260,198
NU-104124,8,353,220
NU-104124,9,104,81
NU-104124,10,278,219
NU-104124,11,430,279
NU-104124,12,275,200
NU-104124,13,307,198
NU-104124,14,461,287
NU-104124,15,170,120
NU-104124,16,314,168
NU-105644,1,622,349
NU-105644,2,533,313
NU-105644,3,564,289
NU-105644,4,486,285
NU-105644,5,591,293
NU-105644,6,559,376
NU-105644,7,512,255
NU-105644,8,426,192
NU-105644,9,188,129
NU-105644,10,488,289
NU-105644,11,446,232
NU-105644,12,300,194
NU-105644,13,308,215
NU-105644,14,174,240
NU-105644,15,422,308
NU-105644,16,423,357
NU-107907,1,469,220
NU-107907,2,331,225
NU-107907,3,161,120
NU-107907,4,245,150
NU-107907,5,154,93
NU-107907,6,221,172
NU-107907,7,231,159
NU-107907,8,210,113
NU-107907,9,86,71
NU-107907,10,279,154
NU-107907,11,322,196
NU-107907,12,156,83
NU-107907,13,250,158
NU-107907,14,384,169
NU-107907,15,315,233
NU-107907,16,410,183
NU-106659,1,246,164
NU-106659,2,286,157
NU-106659,3,162,132
NU-106659,4,232,158
NU-106659,5,152,95
NU-106659,6,231,168
NU-106659,7,225,140
NU-106659,8,267,151
NU-106659,9,156,70
NU-106659,10,206,183
NU-106659,11,296,177
NU-106659,12,173,122
NU-106659,13,234,152
NU-106659,14,531,249
NU-106659,15,199,130
NU-106659,16,296,191
NU-107711,1,154,109
NU-107711,2,137,103
NU-107711,3,223,119
NU-107711,4,155,111
NU-107711,5,211,129
NU-107711,6,211,129
NU-107711,7,218,103
NU-107711,8,220,175
NU-107711,9,100,56
NU-107711,10,166,113
NU-107711,11,134,165
NU-107711,12,141,93
NU-107711,13,139,132
NU-107711,14,388,199
NU-107711,15,142,66
NU-107711,16,187,113
NU-102477,1,457,254
NU-102477,2,372,249
NU-102477,3,299,202
NU-102477,4,494,259
NU-102477,5,356,271
NU-102477,6,437,246
NU-102477,7,580,310
NU-102477,8,462,339
NU-102477,9,214,103
NU-102477,10,455,310
NU-102477,11,297,246
NU-102477,12,443,252
NU-102477,13,262,198
NU-102477,14,425,296
NU-102477,15,362,216
NU-102477,16,361,303
NU-103159,1,420,221
NU-103159,2,296,213
NU-103159,3,234,179
NU-103159,4,229,159
NU-103159,5,307,231
NU-103159,6,235,208
NU-103159,7,286,199
NU-103159,8,553,247
NU-103159,9,121,79
NU-103159,10,403,243
NU-103159,11,311,177
NU-103159,12,407,240
NU-103159,13,323,163
NU-103159,14,284,195
NU-103159,15,300,189
NU-103159,16,332,256
NU-104887,1,446,254
NU-104887,2,355,193
NU-104887,3,328,233
NU-104887,4,333,171
NU-104887,5,383,230
NU-104887,6,475,245
NU-104887,7,440,228
NU-104887,8,318,209
NU-104887,9,175,101
NU-104887,10,460,230
NU-104887,11,389,317
NU-104887,12,315,232
NU-104887,13,352,259
NU-104887,14,573,267
NU-104887,15,219,131
NU-104887,16,199,143
NU-100591,1,563,323
NU-100591,2,296,301
NU-100591,3,655,416
NU-100591,4,694,336
NU-100591,5,550,313
NU-100591,6,422,337
NU-100591,7,525,345
NU-100591,8,463,280
NU-100591,9,236,142
NU-100591,10,652,323
NU-100591,11,622,326
NU-100591,12,413,338
NU-100591,13,402,306
NU-100591,14,446,281
NU-100591,15,427,281
NU-100591,16,558,309
NU-101952,1,348,205
NU-101952,2,411,208
NU-101952,3,409,215
NU-101952,4,208,194
NU-101952,5,383,197
NU-101952,6,500,237
NU-101952,7,286,182
NU-101952,8,317,242
NU-101952,9,118,98
NU-101952,10,188,163
NU-101952,11,199,131
NU-101952,12,354,201
NU-101952,13,171,196
NU-101952,14,396,178
NU-101952,15,404,199
NU-101952,16,138,152
NU-102596,1,232,120
NU-102596,2,123,67
NU-102596,3,223,180
NU-102596,4,236,127
NU-102596,5,431,211
NU-102596,6,349,237
NU-102596,7,290,198
NU-102596,8,290,159
NU-102596,9,80,42
NU-102596,10,375,166
NU-102596,11,173,122
NU-102596,12,381,183
NU-102596,13,121,99
NU-102596,14,265,149
NU-102596,15,307,182
NU-102596,16,237,167
NU-106625,1,365,248
NU-106625,2,326,251
NU-106625,3,469,209
NU-106625,4,385,204
NU-106625,5,536,250
NU-106625,6,494,324
NU-106625,7,210,278
NU-106625,8,284,203
NU-106625,9,125,105
NU-106625,10,233,144
NU-106625,11,222,127
NU-106625,12,503,231
NU-106625,13,302,214
NU-106625,14,289,208
NU-106625,15,304,165
NU-106625,16,270,209
NU-100808,1,408,264
NU-100808,2,550,297
NU-100808,3,578,304
NU-100808,4,318,222
NU-100808,5,466,306
NU-100808,6,488,246
NU-100808,7,390,269
NU-100808,8,337,264
NU-100808,9,132,90
NU-100808,10,622,258
NU-100808,11,452,298
NU-100808,12,393,301
NU-100808,13,514,313
NU-100808,14,522,298
NU-100808,15,472,243
NU-100808,16,281,239
NU-105717,1,282,193
NU-105717,2,141,155
NU-105717,3,427,241
NU-105717,4,350,222
NU-105717,5,420,251
NU-105717,6,451,233
NU-105717,7,278,209
NU-105717,8,431,288
NU-105717,9,99,82
NU-105717,10,483,268
NU-105717,11,364,249
NU-105717,12,315,221
NU-105717,13,310,219
NU-105717,14,269,185
NU-105717,15,304,212
NU-105717,16,410,243
NU-100120,1,301,183
NU-100120,2,318,276
NU-100120,3,296,235
NU-100120,4,261,187
NU-100120,5,369,234
NU-100120,6,389,261
NU-100120,7,279,226
NU-100120,8,417,285
NU-100120,9,197,109
NU-100120,10,176,239
NU-100120,11,413,279
NU-100120,12,382,245
NU-100120,13,237,259
NU-100120,14,375,201
NU-100120,15,305,273
NU-100120,16,321,205
NU-107900,1,211,175
NU-107900,2,203,128
NU-107900,3,148,143
NU-107900,4,279,146
NU-107900,5,157,78
NU-107900,6,267,138
NU-107900,7,162,89
NU-107900,8,248,166
NU-107900,9,74,47
NU-107900,10,244,163
NU-107900,11,208,155
NU-107900,12,178,106
NU-107900,13,176,114
NU-107900,14,264,170
NU-107900,15,293,185
NU-107900,16,107,73
NU-108800,1,448,291
NU-108800,2,419,274
NU-108800,3,532,297
NU-108800,4,645,341
NU-108800,5,532,325
NU-108800,6,375,308
NU-108800,7,497,343
NU-108800,8,268,244
NU-108800,9,214,117
NU-108800,10,450,279
NU-108800,11,427,333
NU-108800,12,268,316
NU-108800,13,307,293
NU-108800,14,456,292
NU-108800,15,466,265
NU-108800,16,536,347
NU-101390,1,308,177
NU-101390,2,284,144
NU-101390,3,316,186
NU-101390,4,193,158
NU-101390,5,271,191
NU-101390,6,351,204
NU-101390,7,226,152
NU-101390,8,182,219
NU-101390,9,156,88
NU-101390,10,260,187
NU-101390,11,311,239
NU-101390,12,213,163
NU-101390,13,319,202
NU-101390,14,356,173
NU-101390,15,236,167
NU-101390,16,271,150
NU-106600,1,491,252
NU-106600,2,465,308
NU-106600,3,564,269
NU-106600,4,349,242
NU-106600,5,369,226
NU-106600,6,476,218
NU-106600,7,400,281
NU-106600,8,421,297
NU-106600,9,297,143
NU-106600,10,613,290
NU-106600,11,395,297
NU-106600,12,287,178
NU-106600,13,351,268
NU-106600,14,537,332
NU-106600,15,460,301
NU-106600,16,504,277
NU-101500,1,358,206
NU-101500,2,292,227
NU-101500,3,557,317
NU-101500,4,505,333
NU-101500,5,142,161
NU-101500,6,476,268
NU-101500,7,465,219
NU-101500,8,585,268
NU-101500,9,157,105
NU-101500,10,289,172
NU-101500,11,431,233
NU-101500,12,205,169
NU-101500,13,430,255
NU-101500,14,483,255
NU-101500,15,444,249
NU-101500,16,278,191
NU-107115,1,163,102
NU-107115,2,283,145
NU-107115,3,339,198
NU-107115,4,168,85
NU-107115,5,381,188
NU-107115,6,224,189
NU-107115,7,211,179
NU-107115,8,133,108
NU-107115,9,98,66
NU-107115,10,234,147
NU-107115,11,215,138
NU-107115,12,167,107
NU-107115,13,186,136
NU-107115,14,382,218
NU-107115,15,236,147
NU-107115,16,316,232
NU-102077,1,106,57
NU-102077,2,290,223
NU-102077,3,188,164
NU-102077,4,418,211
NU-102077,5,229,170
NU-102077,6,157,134
NU-102077,7,159,99
NU-102077,8,342,162
NU-102077,9,164,77
NU-102077,10,227,123
NU-102077,11,163,151
NU-102077,12,250,143
NU-102077,13,392,204
NU-102077,14,427,228
NU-102077,15,250,159
NU-102077,16,374,173
NU-104513,1,149,142
NU-104513,2,233,156
NU-104513,3,111,93
NU-104513,4,196,130
NU-104513,5,238,186
NU-104513,6,123,87
NU-104513,7,195,109
NU-104513,8,188,147
NU-104513,9,80,48
NU-104513,10,336,161
NU-104513,11,235,140
NU-104513,12,100,56
NU-104513,13,163,120
NU-104513,14,46,30
NU-104513,15,220,142
NU-104513,16,164,113
NU-105916,1,443,252
NU-105916,2,294,315
NU-105916,3,553,346
NU-105916,4,553,302
NU-105916,5,627,358
NU-105916,6,562,319
NU-105916,7,304,213
NU-105916,8,358,232
NU-105916,9,166,136
NU-105916,10,427,218
NU-105916,11,637,303
NU-105916,12,653,342
NU-105916,13,500,324
NU-105916,14,555,278
NU-105916,15,459,275
NU-105916,16,679,347
NU-101055,1,669,359
NU-101055,2,819,417
NU-101055,3,557,328
NU-101055,4,397,357
NU-101055,5,354,279
NU-101055,6,542,341
NU-101055,7,296,317
NU-101055,8,407,297
NU-101055,9,195,142
NU-101055,10,424,286
NU-101055,11,480,339
NU-101055,12,619,353
NU-101055,13,703,368
NU-101055,14,465,252
NU-101055,15,423,302
NU-101055,16,471,267
NU-107106,1,195,131
NU-107106,2,445,246
NU-107106,3,193,136
NU-107106,4,300,193
NU-107106,5,236,112
NU-107106,6,208,161
NU-107106,7,273,201
NU-107106,8,224,181
NU-107106,9,58,43
NU-107106,10,353,179
NU-107106,11,324,210
NU-107106,12,435,189
NU-107106,13,200,112
NU-107106,14,288,190
NU-107106,15,362,216
NU-107106,16,187,181
NU-100927,1,480,290
NU-100927,2,485,288
NU-100927,3,461,311
NU-100927,4,440,344
NU-100927,5,472,318
NU-100927,6,476,309
NU-100927,7,484,312
NU-100927,8,537,344
NU-100927,9,177,115
NU-100927,10,440,254
NU-100927,11,382,312
NU-100927,12,683,335
NU-100927,13,601,342
NU-100927,14,499,255
NU-100927,15,416,315
NU-100927,16,718,372
NU-105735,1,560,352
NU-105735,2,421,307
NU-105735,3,619,384
NU-105735,4,550,387
NU-105735,5,391,335
NU-105735,6,449,322
NU-105735,7,690,359
NU-105735,8,553,341
NU-105735,9,205,132
NU-105735,10,456,278
NU-105735,11,469,336
NU-105735,12,589,351
NU-105735,13,362,381
NU-105735,14,481,329
NU-105735,15,507,358
NU-105735,16,641,336
NU-102633,1,434,233
NU-102633,2,413,266
NU-102633,3,323,227
NU-102633,4,357,276
NU-102633,5,398,240
NU-102633,6,293,219
NU-102633,7,343,200
NU-102633,8,329,205
NU-102633,9,160,98
NU-102633,10,328,242
NU-102633,11,306,187
NU-102633,12,348,228
NU-102633,13,308,216
NU-102633,14,457,253
NU-102633,15,350,167
NU-102633,16,237,185
NU-102104,1,321,218
NU-102104,2,221,169
NU-102104,3,403,232
NU-102104,4,320,195
NU-102104,5,366,218
NU-102104,6,287,226
NU-102104,7,388,243
NU-102104,8,338,196
NU-102104,9,196,105
NU-102104,10,259,167
NU-102104,11,258,177
NU-102104,12,247,123
NU-102104,13,198,169
NU-102104,14,474,235
NU-102104,15,392,266
NU-102104,16,193,203
NU-105475,1,222,100
NU-105475,2,101,62
NU-105475,3,313,172
NU-105475,4,141,97
NU-105475,5,182,136
NU-105475,6,186,121
NU-105475,7,304,173
NU-105475,8,165,106
NU-105475,9,11,7
NU-105475,10,263,168
NU-105475,11,367,169
NU-105475,12,203,135
NU-105475,13,250,166
NU-105475,14,402,163
NU-105475,15,147,84
NU-105475,16,217,124
NU-101288,1,518,285
NU-101288,2,420,284
NU-101288,3,353,250
NU-101288,4,329,219
NU-101288,5,357,247
NU-101288,6,245,192
NU-101288,7,198,165
NU-101288,8,381,228
NU-101288,9,128,114
NU-101288,10,429,241
NU-101288,11,391,182
NU-101288,12,313,200
NU-101288,13,323,253
NU-101288,14,324,207
NU-101288,15,515,262
NU-101288,16,362,242
NU-109778,1,517,319
NU-109778,2,457,270
NU-109778,3,688,327
NU-109778,4,382,272
NU-109778,5,246,254
NU-109778,6,388,306
NU-109778,7,375,314
NU-109778,8,628,312
NU-109778,9,128,105
NU-109778,10,517,345
NU-109778,11,602,354
NU-109778,12,460,313
NU-109778,13,731,304
NU-109778,14,405,342
NU-109778,15,483,314
NU-109778,16,497,317
NU-106475,1,360,184
NU-106475,2,285,177
NU-106475,3,276,195
NU-106475,4,400,212
NU-106475,5,289,169
NU-106475,6,471,241
NU-106475,7,250,171
NU-106475,8,401,236
NU-106475,9,199,114
NU-106475,10,307,162
NU-106475,11,305,189
NU-106475,12,295,171
NU-106475,13,436,216
NU-106475,14,277,195
NU-106475,15,265,166
NU-106475,16,278,200
NU-105997,1,69,68
NU-105997,2,163,88
NU-105997,3,168,81
NU-105997,4,63,60
NU-105997,5,0,0
NU-105997,6,98,62
NU-105997,7,125,81
NU-105997,8,169,90
NU-105997,9,33,18
NU-105997,10,224,108
NU-105997,11,177,115
NU-105997,12,130,77
NU-105997,13,132,93
NU-105997,14,169,96
NU-105997,15,57,49
NU-105997,16,195,143
NU-108538,1,289,137
NU-108538,2,293,193
NU-108538,3,327,194
NU-108538,4,206,129
NU-108538,5,343,177
NU-108538,6,176,145
NU-108538,7,269,164
NU-108538,8,326,225
NU-108538,9,96,58
NU-108538,10,247,218
NU-108538,11,265,130
NU-108538,12,103,113
NU-108538,13,242,189
NU-108538,14,202,170
NU-108538,15,200,118
NU-108538,16,225,176
NU-109640,1,485,267
NU-109640,2,332,184
NU-109640,3,444,251
NU-109640,4,415,279
NU-109640,5,386,263
NU-109640,6,339,223
NU-109640,7,291,209
NU-109640,8,310,192
NU-109640,9,204,108
NU-109640,10,398,240
NU-109640,11,367,270
NU-109640,12,298,226
NU-109640,13,334,251
NU-109640,14,231,183
NU-109640,15,437,266
NU-109640,16,561,264
NU-103624,1,559,268
NU-103624,2,415,270
NU-103624,3,567,285
NU-103624,4,235,200
NU-103624,5,455,296
NU-103624,6,300,225
NU-103624,7,415,202
NU-103624,8,347,242
NU-103624,9,110,86
NU-103624,10,494,304
NU-103624,11,383,240
NU-103624,12,529,314
NU-103624,13,405,273
NU-103624,14,359,245
NU-103624,15,331,239
NU-103624,16,291,218
NU-100478,1,429,229
NU-100478,2,345,160
NU-100478,3,387,212
NU-100478,4,231,172
NU-100478,5,145,117
NU-100478,6,271,165
NU-100478,7,344,148
NU-100478,8,355,169
NU-100478,9,152,96
NU-100478,10,424,193
NU-100478,11,177,126
NU-100478,12,282,172
NU-100478,13,312,188
NU-100478,14,447,262
NU-100478,15,283,226
NU-100478,16,408,226
NU-105254,1,516,264
NU-105254,2,418,326
NU-105254,3,507,330
NU-105254,4,492,326
NU-105254,5,632,325
NU-105254,6,564,270
NU-105254,7,654,336
NU-105254,8,340,270
NU-105254,9,191,118
NU-105254,10,483,326
NU-105254,11,548,361
NU-105254,12,533,255
NU-105254,13,762,386
NU-105254,14,522,293
NU-105254,15,600,334
NU-105254,16,550,324
NU-103120,1,397,216
NU-103120,2,344,182
NU-103120,3,280,198
NU-103120,4,410,191
NU-103120,5,267,226
NU-103120,6,255,162
NU-103120,7,578,303
NU-103120,8,488,264
NU-103120,9,105,86
NU-103120,10,282,199
NU-103120,11,588,294
NU-103120,12,370,232
NU-103120,13,326,203
NU-103120,14,472,233
NU-103120,15,443,271
NU-103120,16,290,236
NU-108293,1,559,315
NU-108293,2,199,210
NU-108293,3,376,244
NU-108293,4,339,266
NU-108293,5,289,182
NU-108293,6,282,239
NU-108293,7,198,153
NU-108293,8,295,219
NU-108293,9,94,92
NU-108293,10,357,238
NU-108293,11,480,261
NU-108293,12,268,183
NU-108293,13,228,201
NU-108293,14,307,205
NU-108293,15,317,209
NU-108293,16,580,309
NU-108037,1,223,176
NU-108037,2,264,157
NU-108037,3,234,152
NU-108037,4,344,196
NU-108037,5,589,251
NU-108037,6,191,148
NU-108037,7,304,204
NU-108037,8,284,176
NU-108037,9,88,70
NU-108037,10,333,215
NU-108037,11,247,157
NU-108037,12,157,110
NU-108037,13,109,66
NU-108037,14,249,141
NU-108037,15,273,137
NU-108037,16,319,243
NU-109196,1,370,193
NU-109196,2,457,241
NU-109196,3,368,197
NU-109196,4,283,192
NU-109196,5,337,206
NU-109196,6,206,189
NU-109196,7,370,265
NU-109196,8,295,216
NU-109196,9,116,89
NU-109196,10,243,177
NU-109196,11,296,227
NU-109196,12,206,159
NU-109196,13,322,211
NU-109196,14,240,155
NU-109196,15,525,264
NU-109196,16,336,246
NU-103459,1,243,171
NU-103459,2,278,207
NU-103459,3,110,147
NU-103459,4,284,177
NU-103459,5,154,119
NU-103459,6,508,229
NU-103459,7,528,221
NU-103459,8,240,147
NU-103459,9,99,89
NU-103459,10,129,124
NU-103459,11,283,175
NU-103459,12,159,151
NU-103459,13,410,178
NU-103459,14,303,197
NU-103459,15,207,132
NU-103459,16,293,185
NU-100767,1,370,209
NU-100767,2,176,135
NU-100767,3,286,155
NU-100767,4,271,193
NU-100767,5,295,163
NU-100767,6,224,157
NU-100767,7,255,169
NU-100767,8,275,197
NU-100767,9,136,85
NU-100767,10,336,192
NU-100767,11,340,173
NU-100767,12,187,178
NU-100767,13,296,214
NU-100767,14,380,200
NU-100767,15,194,136
NU-100767,16,241,163
NU-102073,1,366,197
NU-102073,2,428,219
NU-102073,3,319,202
NU-102073,4,257,161
NU-102073,5,306,218
NU-102073,6,408,199
NU-102073,7,539,271
NU-102073,8,206,128
NU-102073,9,94,53
NU-102073,10,366,250
NU-102073,11,218,175
NU-102073,12,387,261
NU-102073,13,287,183
NU-102073,14,306,203
NU-102073,15,226,170
NU-102073,16,283,188
NU-107638,1,280,188
NU-107638,2,170,131
NU-107638,3,275,128
NU-107638,4,331,152
NU-107638,5,277,192
NU-107638,6,81,117
NU-107638,7,262,205
NU-107638,8,303,153
NU-107638,9,129,69
NU-107638,10,249,149
NU-107638,11,649,289
NU-107638,12,338,232
NU-107638,13,265,196
NU-107638,14,314,161
NU-107638,15,223,149
NU-107638,16,185,136
NU-103977,1,446,266
NU-103977,2,342,194
NU-103977,3,428,257
NU-103977,4,377,280
NU-103977,5,358,289
NU-103977,6,513,265
NU-103977,7,580,311
NU-103977,8,423,297
NU-103977,9,236,108
NU-103977,10,258,219
NU-103977,11,384,272
NU-103977,12,458,308
NU-103977,13,560,281
NU-103977,14,367,248
NU-103977,15,400,255
NU-103977,16,446,264
NU-108244,1,462,244
NU-108244,2,457,230
NU-108244,3,273,190
NU-108244,4,362,253
NU-108244,5,632,319
NU-108244,6,422,303
NU-108244,7,280,218
NU-108244,8,429,306
NU-108244,9,184,120
NU-108244,10,325,280
NU-108244,11,212,149
NU-108244,12,305,220
NU-108244,13,379,208
NU-108244,14,424,208
NU-108244,15,294,217
NU-108244,16,614,298
NU-107536,1,329,195
NU-107536,2,327,202
NU-107536,3,288,184
NU-107536,4,488,258
NU-107536,5,319,192
NU-107536,6,415,282
NU-107536,7,437,250
NU-107536,8,410,227
NU-107536,9,155,117
NU-107536,10,204,276
NU-107536,11,273,204
NU-107536,12,447,297
NU-107536,13,479,268
NU-107536,14,496,240
NU-107536,15,444,231
NU-107536,16,250,208
NU-105094,1,487,273
NU-105094,2,232,195
NU-105094,3,242,169
NU-105094,4,429,243
NU-105094,5,389,202
NU-105094,6,355,207
NU-105094,7,268,216
NU-105094,8,242,160
NU-105094,9,123,87
NU-105094,10,401,231
NU-105094,11,266,165
NU-105094,12,230,169
NU-105094,13,354,234
NU-105094,14,408,215
NU-105094,15,330,202
NU-105094,16,373,166
NU-105150,1,224,103
NU-105150,2,257,161
NU-105150,3,262,219
NU-105150,4,453,291
NU-105150,5,210,199
NU-105150,6,487,304
NU-105150,7,505,293
NU-105150,8,441,291
NU-105150,9,177,100
NU-105150,10,211,154
NU-105150,11,414,213
NU-105150,12,286,193
NU-105150,13,277,214
NU-105150,14,365,243
NU-105150,15,282,179
NU-105150,16,230,157
NU-102147,1,263,194
NU-102147,2,295,184
NU-102147,3,284,212
NU-102147,4,154,90
NU-102147,5,332,221
NU-102147,6,197,133
NU-102147,7,342,206
NU-102147,8,519,236
NU-102147,9,139,86
NU-102147,10,245,164
NU-102147,11,427,227
NU-102147,12,433,213
NU-102147,13,289,201
NU-102147,14,360,195
NU-102147,15,163,141
NU-102147,16,323,204
NU-103820,1,204,116
NU-103820,2,161,160
NU-103820,3,160,118
NU-103820,4,288,182
NU-103820,5,257,157
NU-103820,6,152,115
NU-103820,7,150,70
NU-103820,8,195,163
NU-103820,9,136,73
NU-103820,10,140,123
NU-103820,11,146,89
NU-103820,12,126,55
NU-103820,13,204,129
NU-103820,14,188,123
NU-103820,15,166,99
NU-103820,16,144,106
NU-105936,1,284,203
NU-105936,2,206,145
NU-105936,3,319,180
NU-105936,4,437,174
NU-105936,5,445,248
NU-105936,6,674,355
NU-105936,7,147,94
NU-105936,8,381,213
NU-105936,9,169,96
NU-105936,10,381,260
NU-105936,11,570,296
NU-105936,12,379,235
NU-105936,13,426,238
NU-105936,14,195,163
NU-105936,15,296,179
NU-105936,16,492,252
NU-106391,1,338,211
NU-106391,2,302,177
NU-106391,3,243,200
NU-106391,4,300,227
NU-106391,5,309,228
NU-106391,6,578,321
NU-106391,7,486,251
NU-106391,8,331,242
NU-106391,9,205,114
NU-106391,10,540,316
NU-106391,11,239,126
NU-106391,12,340,279
NU-106391,13,591,293
NU-106391,14,328,193
NU-106391,15,335,290
NU-106391,16,392,218
NU-107433,1,461,276
NU-107433,2,357,198
NU-107433,3,410,239
NU-107433,4,464,232
NU-107433,5,326,298
NU-107433,6,298,160
NU-107433,7,334,232
NU-107433,8,264,204
NU-107433,9,163,92
NU-107433,10,341,237
NU-107433,11,407,220
NU-107433,12,141,170
NU-107433,13,293,172
NU-107433,14,388,232
NU-107433,15,447,268
NU-107433,16,474,265
NU-103278,1,128,93
NU-103278,2,169,106
NU-103278,3,336,151
NU-103278,4,227,145
NU-103278,5,227,124
NU-103278,6,259,166
NU-103278,7,308,217
NU-103278,8,254,123
NU-103278,9,32,15
NU-103278,10,195,104
NU-103278,11,56,30
NU-103278,12,217,125
NU-103278,13,170,101
NU-103278,14,187,98
NU-103278,15,234,158
NU-103278,16,105,57
NU-104638,1,424,249
NU-104638,2,446,245
NU-104638,3,259,161
NU-104638,4,266,147
NU-104638,5,233,167
NU-104638,6,294,266
NU-104638,7,347,226
NU-104638,8,518,259
NU-104638,9,120,68
NU-104638,10,367,191
NU-104638,11,370,186
NU-104638,12,355,223
NU-104638,13,487,270
NU-104638,14,441,252
NU-104638,15,218,171
NU-104638,16,384,263
NU-100244,1,477,303
NU-100244,2,376,257
NU-100244,3,448,313
NU-100244,4,422,241
NU-100244,5,591,363
NU-100244,6,455,232
NU-100244,7,402,188
NU-100244,8,444,192
NU-100244,9,181,132
NU-100244,10,595,321
NU-100244,11,452,263
NU-100244,12,337,277
NU-100244,13,473,325
NU-100244,14,676,317
NU-100244,15,491,327
NU-100244,16,493,301
NU-102556,1,343,258
NU-102556,2,585,329
NU-102556,3,518,326
NU-102556,4,538,260
NU-102556,5,459,336
NU-102556,6,486,246
NU-102556,7,358,237
NU-102556,8,362,257
NU-102556,9,140,98
NU-102556,10,416,313
NU-102556,11,318,237
NU-102556,12,480,310
NU-102556,13,314,228
NU-102556,14,169,165
NU-102556,15,440,238
NU-102556,16,204,218
NU-106619,1,386,171
NU-106619,2,274,176
NU-106619,3,237,154
NU-106619,4,423,250
NU-106619,5,329,227
NU-106619,6,144,168
NU-106619,7,239,160
NU-106619,8,380,221
NU-106619,9,147,94
NU-106619,10,207,155
NU-106619,11,249,171
NU-106619,12,324,197
NU-106619,13,502,234
NU-106619,14,303,198
NU-106619,15,390,227
NU-106619,16,300,165
NU-104885,1,475,299
NU-104885,2,528,299
NU-104885,3,241,295
NU-104885,4,281,248
NU-104885,5,380,220
NU-104885,6,538,252
NU-104885,7,611,345
NU-104885,8,852,328
NU-104885,9,233,137
NU-104885,10,510,280
NU-104885,11,486,358
NU-104885,12,547,323
NU-104885,13,289,261
NU-104885,14,479,302
NU-104885,15,516,282
NU-104885,16,326,234
NU-105341,1,489,258
NU-105341,2,444,249
NU-105341,3,363,204
NU-105341,4,255,170
NU-105341,5,562,296
NU-105341,6,503,293
NU-105341,7,507,226
NU-105341,8,284,181
NU-105341,9,149,89
NU-105341,10,252,157
NU-105341,11,353,190
NU-105341,12,299,229
NU-105341,13,376,195
NU-105341,14,403,242
NU-105341,15,301,211
NU-105341,16,455,258
NU-101013,1,691,380
NU-101013,2,372,296
NU-101013,3,345,344
NU-101013,4,465,280
NU-101013,5,443,339
NU-101013,6,322,241
NU-101013,7,533,310
NU-101013,8,405,268
NU-101013,9,150,108
NU-101013,10,475,283
NU-101013,11,556,309
NU-101013,12,427,302
NU-101013,13,466,262
NU-101013,14,419,231
NU-101013,15,542,257
NU-101013,16,644,314
NU-108339,1,287,169
NU-108339,2,151,103
NU-108339,3,139,106
NU-108339,4,165,91
NU-108339,5,134,123
NU-108339,6,275,140
NU-108339,7,35,23
NU-108339,8,29,16
NU-108339,9,63,47
NU-108339,10,111,75
NU-108339,11,45,28
NU-108339,12,139,91
NU-108339,13,48,30
NU-108339,14,184,113
NU-108339,15,198,99
NU-108339,16,71,48
NU-102588,1,50,46
NU-102588,2,295,150
NU-102588,3,271,126
NU-102588,4,283,126
NU-102588,5,120,84
NU-102588,6,153,88
NU-102588,7,151,84
NU-102588,8,264,152
NU-102588,9,61,30
NU-102588,10,148,71
NU-102588,11,210,145
NU-102588,12,153,112
NU-102588,13,137,75
NU-102588,14,131,79
NU-102588,15,152,100
NU-102588,16,189,138
NU-105892,1,212,176
NU-105892,2,219,124
NU-105892,3,208,121
NU-105892,4,207,161
NU-105892,5,216,145
NU-105892,6,156,101
NU-105892,7,308,197
NU-105892,8,233,161
NU-105892,9,103,55
NU-105892,10,179,115
NU-105892,11,220,185
NU-105892,12,257,186
NU-105892,13,148,97
NU-105892,14,188,98
NU-105892,15,216,110
NU-105892,16,172,89
NU-104397,1,407,251
NU-104397,2,294,193
NU-104397,3,477,235
NU-104397,4,342,228
NU-104397,5,302,161
NU-104397,6,276,185
NU-104397,7,275,183
NU-104397,8,308,215
NU-104397,9,154,84
NU-104397,10,249,198
NU-104397,11,343,219
NU-104397,12,326,213
NU-104397,13,302,173
NU-104397,14,355,212
NU-104397,15,322,193
NU-104397,16,321,226
NU-100956,1,259,166
NU-100956,2,255,175
NU-100956,3,361,187
NU-100956,4,333,211
NU-100956,5,268,198
NU-100956,6,297,196
NU-100956,7,234,180
NU-100956,8,258,159
NU-100956,9,95,54
NU-100956,10,237,156
NU-100956,11,216,140
NU-100956,12,217,143
NU-100956,13,225,156
NU-100956,14,331,203
NU-100956,15,354,186
NU-100956,16,211,168
NU-105523,1,231,147
NU-105523,2,120,91
NU-105523,3,186,103
NU-105523,4,231,138
NU-105523,5,174,93
NU-105523,6,155,98
NU-105523,7,112,79
NU-105523,8,93,43
NU-105523,9,90,54
NU-105523,10,182,101
NU-105523,11,252,112
NU-105523,12,320,179
NU-105523,13,181,122
NU-105523,14,200,129
NU-105523,15,61,39
NU-105523,16,137,95
NU-108451,1,313,188
NU-108451,2,291,170
NU-108451,3,94,108
NU-108451,4,200,121
NU-108451,5,244,160
NU-108451,6,197,129
NU-108451,7,288,153
NU-108451,8,207,195
NU-108451,9,182,90
NU-108451,10,336,168
NU-108451,11,271,176
NU-108451,12,162,98
NU-108451,13,291,167
NU-108451,14,221,125
NU-108451,15,257,146
NU-108451,16,238,154
NU-107741,1,344,182
NU-107741,2,369,251
NU-107741,3,266,280
NU-107741,4,349,244
NU-107741,5,323,221
NU-107741,6,248,225
NU-107741,7,400,280
NU-107741,8,454,291
NU-107741,9,159,94
NU-107741,10,479,252
NU-107741,11,186,171
NU-107741,12,363,214
NU-107741,13,350,239
NU-107741,14,406,212
NU-107741,15,378,266
NU-107741,16,287,223
NU-103390,1,344,213
NU-103390,2,447,273
NU-103390,3,407,183
NU-103390,4,434,219
NU-103390,5,338,222
NU-103390,6,301,195
NU-103390,7,169,211
NU-103390,8,321,175
NU-103390,9,134,86
NU-103390,10,318,258
NU-103390,11,205,165
NU-103390,12,471,221
NU-103390,13,351,232
NU-103390,14,311,206
NU-103390,15,276,213
NU-103390,16,388,266
NU-106805,1,184,134
NU-106805,2,309,210
NU-106805,3,202,133
NU-106805,4,100,53
NU-106805,5,218,124
NU-106805,6,256,154
NU-106805,7,245,129
NU-106805,8,207,131
NU-106805,9,66,45
NU-106805,10,191,97
NU-106805,11,337,175
NU-106805,12,166,118
NU-106805,13,205,126
NU-106805,14,168,124
NU-106805,15,225,103
NU-106805,16,238,135
NU-107490,1,46,36
NU-107490,2,82,46
NU-107490,3,70,36
NU-107490,4,184,128
NU-107490,5,124,80
NU-107490,6,145,87
NU-107490,7,120,75
NU-107490,8,69,49
NU-107490,9,25,15
NU-107490,10,126,84
NU-107490,11,259,147
NU-107490,12,146,82
NU-107490,13,136,94
NU-107490,14,104,81
NU-107490,15,147,86
NU-107490,16,250,142
NU-100483,1,229,128
NU-100483,2,247,136
NU-100483,3,345,167
NU-100483,4,229,128
NU-100483,5,263,179
NU-100483,6,211,131
NU-100483,7,401,213
NU-100483,8,210,112
NU-100483,9,142,88
NU-100483,10,171,151
NU-100483,11,296,175
NU-100483,12,239,221
NU-100483,13,116,142
NU-100483,14,97,69
NU-100483,15,213,124
NU-100483,16,262,170
NU-109891,1,360,241
NU-109891,2,301,196
NU-109891,3,473,308
NU-109891,4,448,227
NU-109891,5,246,213
NU-109891,6,295,220
NU-109891,7,541,260
NU-109891,8,454,261
NU-109891,9,158,101
NU-109891,10,357,240
NU-109891,11,346,194
NU-109891,12,291,252
NU-109891,13,335,230
NU-109891,14,330,251
NU-109891,15,397,253
NU-109891,16,313,179
NU-105973,1,404,289
NU-105973,2,324,183
NU-105973,3,409,239
NU-105973,4,280,245
NU-105973,5,329,241
NU-105973,6,559,321
NU-105973,7,509,274
NU-105973,8,424,284
NU-105973,9,121,91
NU-105973,10,437,323
NU-105973,11,361,246
NU-105973,12,249,199
NU-105973,13,332,209
NU-105973,14,524,294
NU-105973,15,545,257
NU-105973,16,490,260
NU-105594,1,145,101
NU-105594,2,25,15
NU-105594,3,75,57
NU-105594,4,167,91
NU-105594,5,170,90
NU-105594,6,108,79
NU-105594,7,140,85
NU-105594,8,198,136
NU-105594,9,102,56
NU-105594,10,103,67
NU-105594,11,208,122
NU-105594,12,126,103
NU-105594,13,207,118
NU-105594,14,79,61
NU-105594,15,236,127
NU-105594,16,75,74
NU-105407,1,231,164
NU-105407,2,373,213
NU-105407,3,453,246
NU-105407,4,353,228
NU-105407,5,318,210
NU-105407,6,324,240
NU-105407,7,236,183
NU-105407,8,441,249
NU-105407,9,131,67
NU-105407,10,288,203
NU-105407,11,419,225
NU-105407,12,296,181
NU-105407,13,412,230
NU-105407,14,370,169
NU-105407,15,282,187
NU-105407,16,338,202
NU-106342,1,428,254
NU-106342,2,219,155
NU-106342,3,371,217
NU-106342,4,245,133
NU-106342,5,520,280
NU-106342,6,217,217
NU-106342,7,282,182
NU-106342,8,170,152
NU-106342,9,85,58
NU-106342,10,264,158
NU-106342,11,143,129
NU-106342,12,488,242
NU-106342,13,310,170
NU-106342,14,140,102
NU-106342,15,469,268
NU-106342,16,354,191
NU-106273,1,441,290
NU-106273,2,425,303
NU-106273,3,110,247
NU-106273,4,389,231
NU-106273,5,514,268
NU-106273,6,496,298
NU-106273,7,474,280
NU-106273,8,292,228
NU-106273,9,188,97
NU-106273,10,452,279
NU-106273,11,342,251
NU-106273,12,474,294
NU-106273,13,569,320
NU-106273,14,312,226
NU-106273,15,529,298
NU-106273,16,617,322
NU-108965,1,302,155
NU-108965,2,174,127
NU-108965,3,443,189
NU-108965,4,428,232
NU-108965,5,316,161
NU-108965,6,152,101
NU-108965,7,353,211
NU-108965,8,168,142
NU-108965,9,97,79
NU-108965,10,255,161
NU-108965,11,119,76
NU-108965,12,285,142
NU-108965,13,229,111
NU-108965,14,145,141
NU-108965,15,184,123
NU-108965,16,194,144
NU-108410,1,456,272
NU-108410,2,459,268
NU-108410,3,395,258
NU-108410,4,278,183
NU-108410,5,278,302
NU-108410,6,471,259
NU-108410,7,285,224
NU-108410,8,590,305
NU-108410,9,168,108
NU-108410,10,371,266
NU-108410,11,272,194
NU-108410,12,428,261
NU-108410,13,305,185
NU-108410,14,289,166
NU-108410,15,530,314
NU-108410,16,369,259
NU-105330,1,407,225
NU-105330,2,349,226
NU-105330,3,511,275
NU-105330,4,463,290
NU-105330,5,350,236
NU-105330,6,367,292
NU-105330,7,485,241
NU-105330,8,415,292
NU-105330,9,131,103
NU-105330,10,309,190
NU-105330,11,471,259
NU-105330,12,464,303
NU-105330,13,560,268
NU-105330,14,369,260
NU-105330,15,291,250
NU-105330,16,432,273
NU-108262,1,339,200
NU-108262,2,394,260
NU-108262,3,505,290
NU-108262,4,513,333
NU-108262,5,658,331
NU-108262,6,454,240
NU-108262,7,273,219
NU-108262,8,323,268
NU-108262,9,192,107
NU-108262,10,400,248
NU-108262,11,817,350
NU-108262,12,511,277
NU-108262,13,494,330
NU-108262,14,474,262
NU-108262,15,648,267
NU-108262,16,384,225
NU-103421,1,324,306
NU-103421,2,495,256
NU-103421,3,568,271
NU-103421,4,393,210
NU-103421,5,360,222
NU-103421,6,199,176
NU-103421,7,350,210
NU-103421,8,272,212
NU-103421,9,129,96
NU-103421,10,297,209
NU-103421,11,475,242
NU-103421,12,522,291
NU-103421,13,477,317
NU-103421,14,408,239
NU-103421,15,480,256
NU-103421,16,435,260
NU-101541,1,402,234
NU-101541,2,222,192
NU-101541,3,252,172
NU-101541,4,207,170
NU-101541,5,336,186
NU-101541,6,536,265
NU-101541,7,236,176
NU-101541,8,386,216
NU-101541,9,94,65
NU-101541,10,284,130
NU-101541,11,74,57
NU-101541,12,240,182
NU-101541,13,254,179
NU-101541,14,218,145
NU-101541,15,215,203
NU-101541,16,237,139
NU-109258,1,144,163
NU-109258,2,379,242
NU-109258,3,573,353
NU-109258,4,390,231
NU-109258,5,343,238
NU-109258,6,395,247
NU-109258,7,357,227
NU-109258,8,258,164
NU-109258,9,96,73
NU-109258,10,316,280
NU-109258,11,455,247
NU-109258,12,383,210
NU-109258,13,269,165
NU-109258,14,478,257
NU-109258,15,307,190
NU-109258,16,418,234
NU-103086,1,243,183
NU-103086,2,288,229
NU-103086,3,199,188
NU-103086,4,569,245
NU-103086,5,211,174
NU-103086,6,361,233
NU-103086,7,382,204
NU-103086,8,318,215
NU-103086,9,189,116
NU-103086,10,289,196
NU-103086,11,198,181
NU-103086,12,368,267
NU-103086,13,213,137
NU-103086,14,236,252
NU-103086,15,368,211
NU-103086,16,332,248
NU-107513,1,419,211
NU-107513,2,156,100
NU-107513,3,286,155
NU-107513,4,277,180
NU-107513,5,175,98
NU-107513,6,107,117
NU-107513,7,218,152
NU-107513,8,281,190
NU-107513,9,120,88
NU-107513,10,336,190
NU-107513,11,342,192
NU-107513,12,270,183
NU-107513,13,338,184
NU-107513,14,254,189
NU-107513,15,185,134
NU-107513,16,301,204
NU-106132,1,763,341
NU-106132,2,441,301
NU-106132,3,396,201
NU-106132,4,265,183
NU-106132,5,383,202
NU-106132,6,371,305
NU-106132,7,423,227
NU-106132,8,458,221
NU-106132,9,87,71
NU-106132,10,395,226
NU-106132,11,580,311
NU-106132,12,286,206
NU-106132,13,604,299
NU-106132,14,359,283
NU-106132,15,438,263
NU-106132,16,342,230
NU-107843,1,512,295
NU-107843,2,348,293
NU-107843,3,468,251
NU-107843,4,477,344
NU-107843,5,620,339
NU-107843,6,514,312
NU-107843,7,400,235
NU-107843,8,393,271
NU-107843,9,182,116
NU-107843,10,512,334
NU-107843,11,424,311
NU-107843,12,673,361
NU-107843,13,575,297
NU-107843,14,443,263
NU-107843,15,417,308
NU-107843,16,508,244
NU-109676,1,450,230
NU-109676,2,489,263
NU-109676,3,384,244
NU-109676,4,315,298
NU-109676,5,174,125
NU-109676,6,277,202
NU-109676,7,517,214
NU-109676,8,530,274
NU-109676,9,94,60
NU-109676,10,289,268
NU-109676,11,393,265
NU-109676,12,274,173
NU-109676,13,406,234
NU-109676,14,469,238
NU-109676,15,210,176
NU-109676,16,322,211
NU-107042,1,383,224
NU-107042,2,401,230
NU-107042,3,327,198
NU-107042,4,234,147
NU-107042,5,238,177
NU-107042,6,409,218
NU-107042,7,218,126
NU-107042,8,269,217
NU-107042,9,131,73
NU-107042,10,244,187
NU-107042,11,174,129
NU-107042,12,237,135
NU-107042,13,210,159
NU-107042,14,205,123
NU-107042,15,342,183
NU-107042,16,282,163
NU-101596,1,514,317
NU-101596,2,358,281
NU-101596,3,468,283
NU-101596,4,461,245
NU-101596,5,209,173
NU-101596,6,313,268
NU-101596,7,281,248
NU-101596,8,292,190
NU-101596,9,145,75
NU-101596,10,319,224
NU-101596,11,437,220
NU-101596,12,261,194
NU-101596,13,269,193
NU-101596,14,443,189
NU-101596,15,505,239
NU-101596,16,337,291
NU-106653,1,140,124
NU-106653,2,476,213
NU-106653,3,236,181
NU-106653,4,293,188
NU-106653,5,320,188
NU-106653,6,420,258
NU-106653,7,371,211
NU-106653,8,252,195
NU-106653,9,168,86
NU-106653,10,269,176
NU-106653,11,246,155
NU-106653,12,299,218
NU-106653,13,180,180
NU-106653,14,340,198
NU-106653,15,242,212
NU-106653,16,317,185
NU-102079,1,396,260
NU-102079,2,600,315
NU-102079,3,581,325
NU-102079,4,532,321
NU-102079,5,518,279
NU-102079,6,361,231
NU-102079,7,316,262
NU-102079,8,533,280
NU-102079,9,216,152
NU-102079,10,391,269
NU-102079,11,468,308
NU-102079,12,421,320
NU-102079,13,443,300
NU-102079,14,348,302
NU-102079,15,836,365
NU-102079,16,611,311
NU-105645,1,470,281
NU-105645,2,421,284
NU-105645,3,468,316
NU-105645,4,447,339
NU-105645,5,349,210
NU-105645,6,532,301
NU-105645,7,273,259
NU-105645,8,343,248
NU-105645,9,190,126
NU-105645,10,399,242
NU-105645,11,476,261
NU-105645,12,327,286
NU-105645,13,271,209
NU-105645,14,453,279
NU-105645,15,604,280
NU-105645,16,621,322
NU-105134,1,140,125
NU-105134,2,268,157
NU-105134,3,206,146
NU-105134,4,414,239
NU-105134,5,146,121
NU-105134,6,186,148
NU-105134,7,242,143
NU-105134,8,324,175
NU-105134,9,109,55
NU-105134,10,176,122
NU-105134,11,313,183
NU-105134,12,273,155
NU-105134,13,182,102
NU-105134,14,261,193
NU-105134,15,162,112
NU-105134,16,233,96
NU-107108,1,323,229
NU-107108,2,361,270
NU-107108,3,357,233
NU-107108,4,279,226
NU-107108,5,509,280
NU-107108,6,341,217
NU-107108,7,356,190
NU-107108,8,518,317
NU-107108,9,108,101
NU-107108,10,340,208
NU-107108,11,412,218
NU-107108,12,383,222
NU-107108,13,237,239
NU-107108,14,397,169
NU-107108,15,444,255
NU-107108,16,355,195
NU-108143,1,191,122
NU-108143,2,224,193
NU-108143,3,210,199
NU-108143,4,238,139
NU-108143,5,332,211
NU-108143,6,312,198
NU-108143,7,257,144
NU-108143,8,148,108
NU-108143,9,136,71
NU-108143,10,200,185
NU-108143,11,444,240
NU-108143,12,228,178
NU-108143,13,299,137
NU-108143,14,237,165
NU-108143,15,137,92
NU-108143,16,240,182
NU-100061,1,393,207
NU-100061,2,350,208
NU-100061,3,377,256
NU-100061,4,307,196
NU-100061,5,303,257
NU-100061,6,177,88
NU-100061,7,321,185
NU-100061,8,371,235
NU-100061,9,159,101
NU-100061,10,380,203
NU-100061,11,199,176
NU-100061,12,189,134
NU-100061,13,504,221
NU-100061,14,176,180
NU-100061,15,413,198
NU-100061,16,410,248
NU-108818,1,363,329
NU-108818,2,371,228
NU-108818,3,444,258
NU-108818,4,284,224
NU-108818,5,401,261
NU-108818,6,296,229
NU-108818,7,264,160
NU-108818,8,393,219
NU-108818,9,143,99
NU-108818,10,444,245
NU-108818,11,208,176
NU-108818,12,420,211
NU-108818,13,450,284
NU-108818,14,242,283
NU-108818,15,301,239
NU-108818,16,372,250
NU-103336,1,378,193
NU-103336,2,212,192
NU-103336,3,310,179
NU-103336,4,348,185
NU-103336,5,337,180
NU-103336,6,219,108
NU-103336,7,197,129
NU-103336,8,141,104
NU-103336,9,98,58
NU-103336,10,345,221
NU-103336,11,137,143
NU-103336,12,302,205
NU-103336,13,268,183
NU-103336,14,222,156
NU-103336,15,283,156
NU-103336,16,440,249
NU-107505,1,352,244
NU-107505,2,338,220
NU-107505,3,384,209
NU-107505,4,313,181
NU-107505,5,334,241
NU-107505,6,371,200
NU-107505,7,383,205
NU-107505,8,462,226
NU-107505,9,122,107
NU-107505,10,275,189
NU-107505,11,246,145
NU-107505,12,427,222
NU-107505,13,380,224
NU-107505,14,416,238
NU-107505,15,237,180
NU-107505,16,309,219
NU-105188,1,275,149
NU-105188,2,363,185
NU-105188,3,525,258
NU-105188,4,307,204
NU-105188,5,413,189
NU-105188,6,301,150
NU-105188,7,229,134
NU-105188,8,371,208
NU-105188,9,178,88
NU-105188,10,302,215
NU-105188,11,474,248
NU-105188,12,351,211
NU-105188,13,231,144
NU-105188,14,400,193
NU-105188,15,373,198
NU-105188,16,317,202
NU-103101,1,202,102
NU-103101,2,169,84
NU-103101,3,231,111
NU-103101,4,129,84
NU-103101,5,217,132
NU-103101,6,183,98
NU-103101,7,212,150
NU-103101,8,193,136
NU-103101,9,103,64
NU-103101,10,267,160
NU-103101,11,247,139
NU-103101,12,212,131
NU-103101,13,190,118
NU-103101,14,315,174
NU-103101,15,262,174
NU-103101,16,81,85
NU-108487,1,420,225
NU-108487,2,530,321
NU-108487,3,399,258
NU-108487,4,513,281
NU-108487,5,674,285
NU-108487,6,772,309
NU-108487,7,389,293
NU-108487,8,307,273
NU-108487,9,247,139
NU-108487,10,682,363
NU-108487,11,466,250
NU-108487,12,491,257
NU-108487,13,509,301
NU-108487,14,404,308
NU-108487,15,675,347
NU-108487,16,401,261
NU-102829,1,184,158
NU-102829,2,265,134
NU-102829,3,371,212
NU-102829,4,347,156
NU-102829,5,183,113
NU-102829,6,156,84
NU-102829,7,381,217
NU-102829,8,369,177
NU-102829,9,92,61
NU-102829,10,201,165
NU-102829,11,201,116
NU-102829,12,341,208
NU-102829,13,131,129
NU-102829,14,155,89
NU-102829,15,228,134
NU-102829,16,278,192
NU-102424,1,367,234
NU-102424,2,172,194
NU-102424,3,401,245
NU-102424,4,408,221
NU-102424,5,444,239
NU-102424,6,372,265
NU-102424,7,272,217
NU-102424,8,463,309
NU-102424,9,145,103
NU-102424,10,401,224
NU-102424,11,411,253
NU-102424,12,451,228
NU-102424,13,320,199
NU-102424,14,220,149
NU-102424,15,352,268
NU-102424,16,269,179
NU-101030,1,158,111
NU-101030,2,250,177
NU-101030,3,221,185
NU-101030,4,154,122
NU-101030,5,123,118
NU-101030,6,152,147
NU-101030,7,166,120
NU-101030,8,305,181
NU-101030,9,252,112
NU-101030,10,290,144
NU-101030,11,237,142
NU-101030,12,345,202
NU-101030,13,368,211
NU-101030,14,172,125
NU-101030,15,222,116
NU-101030,16,338,179
NU-109305,1,542,290
NU-109305,2,297,219
NU-109305,3,352,239
NU-109305,4,531,269
NU-109305,5,166,100
NU-109305,6,433,212
NU-109305,7,425,280
NU-109305,8,496,241
NU-109305,9,112,70
NU-109305,10,468,295
NU-109305,11,474,295
NU-109305,12,307,209
NU-109305,13,382,222
NU-109305,14,483,283
NU-109305,15,336,194
NU-109305,16,256,163
NU-107877,1,549,338
NU-107877,2,430,284
NU-107877,3,307,171
NU-107877,4,408,260
NU-107877,5,592,293
NU-107877,6,447,270
NU-107877,7,346,340
NU-107877,8,661,306
NU-107877,9,235,129
NU-107877,10,416,277
NU-107877,11,286,262
NU-107877,12,521,303
NU-107877,13,583,292
NU-107877,14,439,328
NU-107877,15,505,308
NU-107877,16,247,306
NU-109157,1,243,173
NU-109157,2,345,220
NU-109157,3,254,170
NU-109157,4,295,177
NU-109157,5,203,169
NU-109157,6,517,261
NU-109157,7,303,211
NU-109157,8,276,152
NU-109157,9,115,69
NU-109157,10,201,143
NU-109157,11,409,212
NU-109157,12,559,316
NU-109157,13,297,167
NU-109157,14,210,192
NU-109157,15,368,206
NU-109157,16,178,126
NU-106386,1,260,146
NU-106386,2,267,170
NU-106386,3,226,140
NU-106386,4,170,116
NU-106386,5,274,187
NU-106386,6,165,117
NU-106386,7,363,197
NU-106386,8,216,128
NU-106386,9,162,97
NU-106386,10,357,220
NU-106386,11,155,97
NU-106386,12,309,226
NU-106386,13,365,178
NU-106386,14,320,183
NU-106386,15,276,196
NU-106386,16,348,204
NU-105588,1,488,243
NU-105588,2,374,271
NU-105588,3,479,226
NU-105588,4,561,276
NU-105588,5,261,223
NU-105588,6,321,223
NU-105588,7,291,188
NU-105588,8,266,164
NU-105588,9,134,89
NU-105588,10,402,190
NU-105588,11,348,245
NU-105588,12,423,212
NU-105588,13,434,296
NU-105588,14,451,249
NU-105588,15,327,175
NU-105588,16,330,177
NU-108502,1,535,266
NU-108502,2,403,238
NU-108502,3,648,318
NU-108502,4,333,240
NU-108502,5,550,234
NU-108502,6,418,271
NU-108502,7,371,315
NU-108502,8,368,271
NU-108502,9,142,102
NU-108502,10,351,234
NU-108502,11,339,196
NU-108502,12,477,293
NU-108502,13,344,222
NU-108502,14,329,217
NU-108502,15,257,219
NU-108502,16,140,155
NU-100907,1,293,162
NU-100907,2,340,225
NU-100907,3,421,178
NU-100907,4,192,123
NU-100907,5,167,103
NU-100907,6,336,155
NU-100907,7,233,115
NU-100907,8,356,217
NU-100907,9,67,35
NU-100907,10,175,165
NU-100907,11,292,141
NU-100907,12,157,123
NU-100907,13,205,141
NU-100907,14,156,107
NU-100907,15,585,276
NU-100907,16,89,124
NU-102076,1,295,194
NU-102076,2,264,173
NU-102076,3,219,177
NU-102076,4,467,267
NU-102076,5,293,224
NU-102076,6,283,198
NU-102076,7,352,219
NU-102076,8,316,197
NU-102076,9,155,98
NU-102076,10,584,320
NU-102076,11,251,168
NU-102076,12,434,290
NU-102076,13,257,204
NU-102076,14,237,261
NU-102076,15,300,200
NU-102076,16,214,115
NU-102974,1,271,201
NU-102974,2,283,142
NU-102974,3,268,156
NU-102974,4,278,146
NU-102974,5,508,294
NU-102974,6,377,195
NU-102974,7,278,157
NU-102974,8,190,138
NU-102974,9,93,62
NU-102974,10,370,195
NU-102974,11,359,232
NU-102974,12,213,154
NU-102974,13,358,222
NU-102974,14,375,270
NU-102974,15,303,208
NU-102974,16,423,236
NU-101282,1,380,277
NU-101282,2,544,328
NU-101282,3,478,275
NU-101282,4,607,313
NU-101282,5,591,278
NU-101282,6,537,295
NU-101282,7,483,272
NU-101282,8,578,253
NU-101282,9,288,161
NU-101282,10,266,199
NU-101282,11,455,331
NU-101282,12,370,227
NU-101282,13,438,324
NU-101282,14,427,282
NU-101282,15,428,217
NU-101282,16,388,239
NU-101642,1,154,117
NU-101642,2,304,206
NU-101642,3,450,225
NU-101642,4,318,193
NU-101642,5,272,179
NU-101642,6,214,200
NU-101642,7,199,135
NU-101642,8,214,109
NU-101642,9,74,46
NU-101642,10,215,168
NU-101642,11,238,177
NU-101642,12,270,200
NU-101642,13,350,237
NU-101642,14,226,152
NU-101642,15,251,189
NU-101642,16,244,118
NU-101058,1,392,237
NU-101058,2,397,244
NU-101058,3,148,150
NU-101058,4,428,262
NU-101058,5,356,180
NU-101058,6,367,246
NU-101058,7,436,235
NU-101058,8,381,294
NU-101058,9,157,83
NU-101058,10,469,232
NU-101058,11,257,176
NU-101058,12,220,166
NU-101058,13,331,240
NU-101058,14,430,192
NU-101058,15,488,326
NU-101058,16,415,247
NU-100020,1,217,160
NU-100020,2,84,60
NU-100020,3,40,34
NU-100020,4,156,82
NU-100020,5,311,143
NU-100020,6,90,43
NU-100020,7,117,62
NU-100020,8,60,46
NU-100020,9,0,0
NU-100020,10,64,44
NU-100020,11,123,87
NU-100020,12,154,101
NU-100020,13,54,30
NU-100020,14,89,44
NU-100020,15,200,90
NU-100020,16,213,96
NU-104915,1,121,65
NU-104915,2,12,6
NU-104915,3,191,124
NU-104915,4,114,70
NU-104915,5,55,39
NU-104915,6,128,55
NU-104915,7,254,138
NU-104915,8,34,20
NU-104915,9,25,13
NU-104915,10,125,65
NU-104915,11,43,28
NU-104915,12,74,48
NU-104915,13,123,60
NU-104915,14,247,122
NU-104915,15,181,120
NU-104915,16,151,110
NU-107282,1,341,232
NU-107282,2,182,140
NU-107282,3,252,163
NU-107282,4,304,173
NU-107282,5,287,163
NU-107282,6,242,157
NU-107282,7,300,175
NU-107282,8,176,152
NU-107282,9,138,97
NU-107282,10,302,180
NU-107282,11,275,154
NU-107282,12,213,128
NU-107282,13,314,154
NU-107282,14,431,192
NU-107282,15,259,214
NU-107282,16,371,230
NU-105812,1,557,300
NU-105812,2,444,267
NU-105812,3,116,117
NU-105812,4,409,249
NU-105812,5,475,241
NU-105812,6,638,273
NU-105812,7,371,214
NU-105812,8,400,260
NU-105812,9,173,109
NU-105812,10,601,328
NU-105812,11,354,211
NU-105812,12,360,215
NU-105812,13,292,213
NU-105812,14,455,224
NU-105812,15,249,225
NU-105812,16,413,233
NU-102841,1,617,285
NU-102841,2,382,248
NU-102841,3,289,204
NU-102841,4,297,286
NU-102841,5,420,231
NU-102841,6,331,332
NU-102841,7,372,204
NU-102841,8,489,286
NU-102841,9,172,98
NU-102841,10,397,230
NU-102841,11,405,268
NU-102841,12,332,290
NU-102841,13,540,279
NU-102841,14,625,268
NU-102841,15,376,261
NU-102841,16,264,154
NU-100544,1,253,131
NU-100544,2,154,109
NU-100544,3,418,257
NU-100544,4,245,157
NU-100544,5,153,99
NU-100544,6,284,137
NU-100544,7,144,108
NU-100544,8,215,94
NU-100544,9,68,49
NU-100544,10,165,136
NU-100544,11,252,180
NU-100544,12,396,181
NU-100544,13,313,157
NU-100544,14,123,82
NU-100544,15,144,114
NU-100544,16,115,63
NU-105258,1,385,241
NU-105258,2,371,272
NU-105258,3,456,242
NU-105258,4,361,177
NU-105258,5,351,272
NU-105258,6,389,253
NU-105258,7,352,243
NU-105258,8,397,207
NU-105258,9,159,104
NU-105258,10,469,306
NU-105258,11,177,250
NU-105258,12,319,282
NU-105258,13,462,242
NU-105258,14,305,246
NU-105258,15,345,237
NU-105258,16,310,307
NU-109021,1,354,219
NU-109021,2,420,210
NU-109021,3,414,268
NU-109021,4,263,172
NU-109021,5,386,204
NU-109021,6,448,239
NU-109021,7,316,241
NU-109021,8,335,233
NU-109021,9,123,79
NU-109021,10,390,248
NU-109021,11,229,198
NU-109021,12,392,232
NU-109021,13,264,188
NU-109021,14,465,208
NU-109021,15,325,193
NU-109021,16,323,213
NU-103536,1,480,320
NU-103536,2,588,301
NU-103536,3,573,304
NU-103536,4,499,286
NU-103536,5,549,304
NU-103536,6,459,272
NU-103536,7,421,279
NU-103536,8,317,238
NU-103536,9,249,115
NU-103536,10,590,321
NU-103536,11,550,322
NU-103536,12,379,194
NU-103536,13,518,258
NU-103536,14,442,244
NU-103536,15,349,217
NU-103536,16,592,273
NU-101399,1,336,176
NU-101399,2,305,230
NU-101399,3,255,190
NU-101399,4,204,170
NU-101399,5,337,211
NU-101399,6,353,248
NU-101399,7,344,208
NU-101399,8,301,182
NU-101399,9,123,92
NU-101399,10,391,181
NU-101399,11,308,150
NU-101399,12,299,203
NU-101399,13,331,209
NU-101399,14,396,195
NU-101399,15,367,246
NU-101399,16,300,226
NU-102883,1,400,270
NU-102883,2,617,311
NU-102883,3,280,358
NU-102883,4,346,239
NU-102883,5,308,184
NU-102883,6,361,210
NU-102883,7,362,279
NU-102883,8,457,269
NU-102883,9,159,123
NU-102883,10,338,243
NU-102883,11,453,294
NU-102883,12,415,231
NU-102883,13,348,255
NU-102883,14,725,354
NU-102883,15,358,232
NU-102883,16,249,247
NU-104318,1,134,76
NU-104318,2,201,97
NU-104318,3,167,99
NU-104318,4,152,100
NU-104318,5,178,138
NU-104318,6,76,98
NU-104318,7,128,101
NU-104318,8,195,124
NU-104318,9,42,26
NU-104318,10,193,155
NU-104318,11,232,122
NU-104318,12,186,113
NU-104318,13,309,183
NU-104318,14,134,115
NU-104318,15,193,107
NU-104318,16,74,45
NU-108392,1,414,243
NU-108392,2,249,138
NU-108392,3,260,162
NU-108392,4,142,150
NU-108392,5,274,169
NU-108392,6,384,213
NU-108392,7,256,129
NU-108392,8,302,202
NU-108392,9,123,79
NU-108392,10,220,170
NU-108392,11,292,169
NU-108392,12,240,156
NU-108392,13,234,170
NU-108392,14,265,197
NU-108392,15,200,104
NU-108392,16,199,133
NU-108004,1,406,225
NU-108004,2,498,303
NU-108004,3,251,172
NU-108004,4,403,301
NU-108004,5,288,196
NU-108004,6,317,193
NU-108004,7,398,301
NU-108004,8,572,216
NU-108004,9,96,74
NU-108004,10,448,244
NU-108004,11,242,175
NU-108004,12,412,224
NU-108004,13,264,179
NU-108004,14,415,255
NU-108004,15,374,240
NU-108004,16,365,187
NU-108035,1,396,189
NU-108035,2,232,152
NU-108035,3,415,232
NU-108035,4,188,132
NU-108035,5,297,173
NU-108035,6,295,175
NU-108035,7,362,209
NU-108035,8,282,195
NU-108035,9,127,83
NU-108035,10,379,199
NU-108035,11,421,253
NU-108035,12,256,166
NU-108035,13,387,212
NU-108035,14,479,263
NU-108035,15,380,238
NU-108035,16,331,213
NU-105164,1,122,123
NU-105164,2,210,120
NU-105164,3,107,62
NU-105164,4,125,73
NU-105164,5,95,79
NU-105164,6,168,150
NU-105164,7,239,176
NU-105164,8,147,97
NU-105164,9,150,70
NU-105164,10,126,89
NU-105164,11,160,96
NU-105164,12,157,129
NU-105164,13,204,119
NU-105164,14,209,133
NU-105164,15,165,122
NU-105164,16,206,104
NU-109923,1,404,218
NU-109923,2,444,277
NU-109923,3,364,254
NU-109923,4,332,283
NU-109923,5,468,301
NU-109923,6,452,280
NU-109923,7,504,271
NU-109923,8,399,242
NU-109923,9,224,116
NU-109923,10,641,298
NU-109923,11,450,313
NU-109923,12,288,186
NU-109923,13,393,252
NU-109923,14,267,222
NU-109923,15,422,274
NU-109923,16,360,232
NU-104364,1,712,362
NU-104364,2,637,332
NU-104364,3,599,276
NU-104364,4,507,337
NU-104364,5,425,323
NU-104364,6,444,267
NU-104364,7,289,223
NU-104364,8,545,354
NU-104364,9,170,148
NU-104364,10,466,299
NU-104364,11,541,306
NU-104364,12,500,361
NU-104364,13,332,289
NU-104364,14,550,352
NU-104364,15,436,270
NU-104364,16,551,341
NU-107473,1,473,241
NU-107473,2,704,358
NU-107473,3,453,285
NU-107473,4,400,254
NU-107473,5,279,323
NU-107473,6,576,338
NU-107473,7,360,291
NU-107473,8,540,345
NU-107473,9,243,126
NU-107473,10,307,238
NU-107473,11,536,274
NU-107473,12,366,326
NU-107473,13,495,274
NU-107473,14,375,322
NU-107473,15,642,363
NU-107473,16,510,355
NU-100705,1,22,17
NU-100705,2,186,113
NU-100705,3,110,56
NU-100705,4,5,6
NU-100705,5,178,120
NU-100705,6,147,97
NU-100705,7,166,163
NU-100705,8,105,70
NU-100705,9,14,18
NU-100705,10,229,160
NU-100705,11,56,31
NU-100705,12,214,101
NU-100705,13,154,127
NU-100705,14,11,12
NU-100705,15,65,41
NU-100705,16,43,24
NU-107491,1,9,7
NU-107491,2,136,83
NU-107491,3,208,117
NU-107491,4,205,158
NU-107491,5,139,87
NU-107491,6,95,62
NU-107491,7,156,95
NU-107491,8,115,95
NU-107491,9,91,55
NU-107491,10,116,77
NU-107491,11,155,110
NU-107491,12,118,88
NU-107491,13,123,78
NU-107491,14,128,111
NU-107491,15,330,173
NU-107491,16,137,77
NU-103867,1,283,238
NU-103867,2,427,236
NU-103867,3,347,207
NU-103867,4,389,260
NU-103867,5,515,318
NU-103867,6,468,335
NU-103867,7,284,212
NU-103867,8,402,314
NU-103867,9,184,108
NU-103867,10,271,220
NU-103867,11,394,280
NU-103867,12,449,275
NU-103867,13,381,284
NU-103867,14,312,215
NU-103867,15,245,247
NU-103867,16,377,252
NU-107823,1,159,100
NU-107823,2,223,129
NU-107823,3,96,62
NU-107823,4,206,142
NU-107823,5,303,213
NU-107823,6,103,83
NU-107823,7,199,155
NU-107823,8,211,113
NU-107823,9,89,60
NU-107823,10,159,105
NU-107823,11,373,185
NU-107823,12,194,126
NU-107823,13,133,109
NU-107823,14,78,45
NU-107823,15,91,66
NU-107823,16,226,168
NU-107347,1,405,221
NU-107347,2,296,195
NU-107347,3,386,283
NU-107347,4,471,271
NU-107347,5,149,100
NU-107347,6,219,158
NU-107347,7,487,270
NU-107347,8,404,225
NU-107347,9,168,99
NU-107347,10,397,240
NU-107347,11,232,134
NU-107347,12,302,261
NU-107347,13,408,272
NU-107347,14,322,178
NU-107347,15,296,199
NU-107347,16,364,212
NU-104742,1,419,279
NU-104742,2,516,323
NU-104742,3,295,308
NU-104742,4,429,198
NU-104742,5,422,247
NU-104742,6,561,331
NU-104742,7,531,252
NU-104742,8,227,242
NU-104742,9,249,150
NU-104742,10,517,318
NU-104742,11,275,231
NU-104742,12,470,217
NU-104742,13,354,259
NU-104742,14,411,257
NU-104742,15,389,225
NU-104742,16,509,283
NU-100540,1,260,190
NU-100540,2,294,176
NU-100540,3,380,335
NU-100540,4,405,253
NU-100540,5,261,204
NU-100540,6,397,248
NU-100540,7,196,188
NU-100540,8,381,255
NU-100540,9,79,62
NU-100540,10,466,260
NU-100540,11,437,275
NU-100540,12,362,220
NU-100540,13,279,175
NU-100540,14,490,234
NU-100540,15,355,162
NU-100540,16,306,226
NU-104997,1,237,216
NU-104997,2,350,241
NU-104997,3,204,139
NU-104997,4,362,225
NU-104997,5,418,204
NU-104997,6,325,193
NU-104997,7,289,196
NU-104997,8,312,174
NU-104997,9,136,106
NU-104997,10,405,209
NU-104997,11,368,208
NU-104997,12,305,201
NU-104997,13,198,132
NU-104997,14,408,264
NU-104997,15,305,180
NU-104997,16,418,236
NU-106890,1,364,244
NU-106890,2,248,215
NU-106890,3,430,246
NU-106890,4,388,209
NU-106890,5,352,289
NU-106890,6,306,216
NU-106890,7,322,211
NU-106890,8,462,309
NU-106890,9,147,115
NU-106890,10,422,246
NU-106890,11,493,267
NU-106890,12,299,242
NU-106890,13,514,271
NU-106890,14,303,339
NU-106890,15,440,278
NU-106890,16,400,245
NU-105576,1,113,81
NU-105576,2,161,104
NU-105576,3,236,182
NU-105576,4,288,182
NU-105576,5,152,113
NU-105576,6,264,170
NU-105576,7,210,139
NU-105576,8,286,168
NU-105576,9,74,46
NU-105576,10,169,117
NU-105576,11,183,143
NU-105576,12,198,130
NU-105576,13,397,186
NU-105576,14,245,117
NU-105576,15,212,168
NU-105576,16,166,144
NU-106620,1,311,276
NU-106620,2,506,249
NU-106620,3,157,124
NU-106620,4,468,254
NU-106620,5,500,235
NU-106620,6,645,294
NU-106620,7,348,254
NU-106620,8,303,200
NU-106620,9,102,78
NU-106620,10,354,209
NU-106620,11,320,207
NU-106620,12,278,224
NU-106620,13,204,158
NU-106620,14,333,218
NU-106620,15,398,230
NU-106620,16,203,146
NU-107583,1,329,180
NU-107583,2,306,240
NU-107583,3,299,214
NU-107583,4,300,229
NU-107583,5,357,154
NU-107583,6,378,265
NU-107583,7,311,186
NU-107583,8,281,175
NU-107583,9,121,68
NU-107583,10,395,193
NU-107583,11,380,220
NU-107583,12,363,197
NU-107583,13,292,208
NU-107583,14,415,261
NU-107583,15,351,238
NU-107583,16,345,252
NU-105334,1,393,241
NU-105334,2,298,233
NU-105334,3,344,247
NU-105334,4,484,250
NU-105334,5,497,272
NU-105334,6,288,262
NU-105334,7,380,313
NU-105334,8,417,295
NU-105334,9,205,124
NU-105334,10,434,244
NU-105334,11,375,298
NU-105334,12,557,318
NU-105334,13,515,309
NU-105334,14,496,305
NU-105334,15,506,240
NU-105334,16,253,308
NU-101523,1,91,97
NU-101523,2,167,92
NU-101523,3,118,70
NU-101523,4,361,211
NU-101523,5,199,118
NU-101523,6,237,162
NU-101523,7,272,187
NU-101523,8,269,162
NU-101523,9,113,57
NU-101523,10,160,123
NU-101523,11,161,97
NU-101523,12,185,109
NU-101523,13,232,162
NU-101523,14,308,189
NU-101523,15,374,206
NU-101523,16,263,131
NU-104001,1,326,236
NU-104001,2,335,161
NU-104001,3,340,222
NU-104001,4,281,263
NU-104001,5,442,307
NU-104001,6,393,260
NU-104001,7,367,189
NU-104001,8,267,190
NU-104001,9,100,76
NU-104001,10,319,182
NU-104001,11,328,191
NU-104001,12,297,179
NU-104001,13,217,139
NU-104001,14,377,211
NU-104001,15,245,189
NU-104001,16,341,222
NU-100657,1,228,136
NU-100657,2,302,202
NU-100657,3,282,207
NU-100657,4,207,125
NU-100657,5,369,241
NU-100657,6,169,116
NU-100657,7,155,98
NU-100657,8,208,130
NU-100657,9,80,59
NU-100657,10,55,39
NU-100657,11,287,155
NU-100657,12,483,246
NU-100657,13,206,168
NU-100657,14,361,202
NU-100657,15,151,119
NU-100657,16,192,129
NU-108303,1,452,210
NU-108303,2,498,315
NU-108303,3,465,276
NU-108303,4,512,295
NU-108303,5,332,285
NU-108303,6,341,258
NU-108303,7,382,310
NU-108303,8,341,318
NU-108303,9,155,121
NU-108303,10,513,289
NU-108303,11,526,277
NU-108303,12,428,281
NU-108303,13,471,294
NU-108303,14,504,362
NU-108303,15,573,323
NU-108303,16,402,213
NU-109015,1,539,289
NU-109015,2,406,280
NU-109015,3,372,240
NU-109015,4,335,241
NU-109015,5,307,209
NU-109015,6,365,250
NU-109015,7,399,286
NU-109015,8,395,334
NU-109015,9,212,113
NU-109015,10,270,226
NU-109015,11,522,256
NU-109015,12,319,276
NU-109015,13,565,356
NU-109015,14,272,230
NU-109015,15,354,287
NU-109015,16,440,255
NU-107793,1,143,152
NU-107793,2,222,127
NU-107793,3,0,0
NU-107793,4,98,49
NU-107793,5,26,22
NU-107793,6,131,76
NU-107793,7,31,17
NU-107793,8,0,0
NU-107793,9,39,29
NU-107793,10,0,0
NU-107793,11,82,56
NU-107793,12,87,63
NU-107793,13,80,48
NU-107793,14,158,112
NU-107793,15,68,42
NU-107793,16,145,110
NU-100590,1,389,216
NU-100590,2,259,152
NU-100590,3,582,246
NU-100590,4,399,231
NU-100590,5,285,187
NU-100590,6,403,256
NU-100590,7,446,224
NU-100590,8,391,223
NU-100590,9,109,84
NU-100590,10,416,228
NU-100590,11,410,227
NU-100590,12,157,128
NU-100590,13,182,154
NU-100590,14,480,226
NU-100590,15,263,273
NU-100590,16,323,242
NU-102906,1,255,161
NU-102906,2,322,204
NU-102906,3,264,180
NU-102906,4,425,255
NU-102906,5,323,244
NU-102906,6,417,284
NU-102906,7,313,217
NU-102906,8,296,274
NU-102906,9,213,110
NU-102906,10,342,223
NU-102906,11,430,241
NU-102906,12,376,261
NU-102906,13,409,236
NU-102906,14,517,279
NU-102906,15,422,251
NU-102906,16,320,250
NU-104572,1,276,140
NU-104572,2,306,226
NU-104572,3,300,172
NU-104572,4,166,168
NU-104572,5,281,148
NU-104572,6,167,127
NU-104572,7,274,176
NU-104572,8,346,191
NU-104572,9,114,65
NU-104572,10,147,113
NU-104572,11,209,132
NU-104572,12,264,149
NU-104572,13,93,48
NU-104572,14,329,173
NU-104572,15,334,183
NU-104572,16,146,106
NU-106936,1,297,144
NU-106936,2,152,74
NU-106936,3,50,29
NU-106936,4,120,75
NU-106936,5,186,106
NU-106936,6,78,54
NU-106936,7,77,94
NU-106936,8,0,0
NU-106936,9,53,32
NU-106936,10,286,189
NU-106936,11,133,114
NU-106936,12,133,85
NU-106936,13,100,62
NU-106936,14,0,0
NU-106936,15,266,161
NU-106936,16,181,101
NU-100561,1,386,250
NU-100561,2,325,246
NU-100561,3,435,286
NU-100561,4,393,294
NU-100561,5,390,244
NU-100561,6,491,296
NU-100561,7,410,334
NU-100561,8,487,264
NU-100561,9,155,114
NU-100561,10,512,279
NU-100561,11,440,287
NU-100561,12,371,258
NU-100561,13,679,340
NU-100561,14,489,272
NU-100561,15,341,232
NU-100561,16,390,267
NU-108819,1,337,207
NU-108819,2,191,113
NU-108819,3,355,209
NU-108819,4,356,274
NU-108819,5,275,182
NU-108819,6,349,247
NU-108819,7,335,245
NU-108819,8,429,243
NU-108819,9,164,93
NU-108819,10,310,222
NU-108819,11,242,144
NU-108819,12,387,220
NU-108819,13,339,165
NU-108819,14,331,234
NU-108819,15,391,205
NU-108819,16,296,193
NU-106312,1,244,139
NU-106312,2,264,218
NU-106312,3,229,142
NU-106312,4,427,201
NU-106312,5,239,172
NU-106312,6,419,249
NU-106312,7,505,296
NU-106312,8,242,157
NU-106312,9,132,93
NU-106312,10,347,184
NU-106312,11,300,181
NU-106312,12,369,202
NU-106312,13,391,184
NU-106312,14,300,150
NU-106312,15,271,178
NU-106312,16,423,233
NU-103342,1,204,147
NU-103342,2,408,299
NU-103342,3,307,239
NU-103342,4,222,162
NU-103342,5,321,177
NU-103342,6,352,232
NU-103342,7,390,215
NU-103342,8,231,220
NU-103342,9,123,96
NU-103342,10,274,158
NU-103342,11,610,302
NU-103342,12,430,239
NU-103342,13,283,193
NU-103342,14,448,314
NU-103342,15,618,314
NU-103342,16,323,256
NU-104864,1,303,157
NU-104864,2,241,200
NU-104864,3,455,277
NU-104864,4,413,258
NU-104864,5,384,275
NU-104864,6,450,284
NU-104864,7,493,230
NU-104864,8,313,265
NU-104864,9,139,81
NU-104864,10,338,235
NU-104864,11,332,259
NU-104864,12,355,198
NU-104864,13,438,219
NU-104864,14,386,227
NU-104864,15,403,201
NU-104864,16,419,299
NU-105843,1,514,238
NU-105843,2,355,277
NU-105843,3,436,257
NU-105843,4,191,156
NU-105843,5,486,250
NU-105843,6,512,286
NU-105843,7,402,234
NU-105843,8,493,244
NU-105843,9,136,112
NU-105843,10,491,245
NU-105843,11,473,283
NU-105843,12,379,237
NU-105843,13,290,238
NU-105843,14,328,263
NU-105843,15,658,343
NU-105843,16,289,242
NU-100026,1,372,209
NU-100026,2,396,246
NU-100026,3,363,264
NU-100026,4,581,334
NU-100026,5,274,205
NU-100026,6,336,232
NU-100026,7,466,302
NU-100026,8,354,213
NU-100026,9,173,89
NU-100026,10,549,285
NU-100026,11,261,197
NU-100026,12,342,287
NU-100026,13,396,221
NU-100026,14,441,274
NU-100026,15,340,266
NU-100026,16,287,194
NU-101185,1,238,186
NU-101185,2,446,266
NU-101185,3,339,240
NU-101185,4,354,265
NU-101185,5,424,228
NU-101185,6,478,257
NU-101185,7,636,368
NU-101185,8,262,202
NU-101185,9,103,73
NU-101185,10,515,271
NU-101185,11,582,292
NU-101185,12,226,186
NU-101185,13,505,255
NU-101185,14,350,249
NU-101185,15,285,231
NU-101185,16,415,226
NU-104265,1,419,324
NU-104265,2,591,346
NU-104265,3,837,396
NU-104265,4,592,378
NU-104265,5,491,331
NU-104265,6,550,326
NU-104265,7,452,375
NU-104265,8,558,351
NU-104265,9,291,143
NU-104265,10,662,394
NU-104265,11,443,295
NU-104265,12,405,283
NU-104265,13,331,286
NU-104265,14,444,289
NU-104265,15,360,259
NU-104265,16,887,426
NU-105248,1,384,221
NU-105248,2,513,286
NU-105248,3,428,304
NU-105248,4,444,242
NU-105248,5,382,185
NU-105248,6,382,272
NU-105248,7,394,261
NU-105248,8,319,184
NU-105248,9,143,79
NU-105248,10,336,209
NU-105248,11,280,206
NU-105248,12,451,243
NU-105248,13,366,206
NU-105248,14,408,270
NU-105248,15,265,170
NU-105248,16,278,206
NU-102369,1,197,142
NU-102369,2,314,196
NU-102369,3,264,244
NU-102369,4,211,169
NU-102369,5,300,207
NU-102369,6,312,230
NU-102369,7,261,143
NU-102369,8,249,224
NU-102369,9,143,98
NU-102369,10,442,219
NU-102369,11,348,225
NU-102369,12,190,200
NU-102369,13,377,283
NU-102369,14,484,223
NU-102369,15,410,186
NU-102369,16,413,205
NU-106875,1,265,328
NU-106875,2,481,378
NU-106875,3,332,174
NU-106875,4,393,229
NU-106875,5,466,280
NU-106875,6,342,202
NU-106875,7,420,343
NU-106875,8,515,300
NU-106875,9,184,120
NU-106875,10,486,274
NU-106875,11,550,303
NU-106875,12,300,271
NU-106875,13,331,257
NU-106875,14,417,297
NU-106875,15,450,259
NU-106875,16,523,271
NU-102069,1,430,240
NU-102069,2,252,210
NU-102069,3,309,205
NU-102069,4,413,262
NU-102069,5,427,183
NU-102069,6,350,210
NU-102069,7,452,254
NU-102069,8,1,1
NU-102069,9,69,61
NU-102069,10,270,172
NU-102069,11,297,199
NU-102069,12,223,162
NU-102069,13,337,194
NU-102069,14,366,196
NU-102069,15,282,187
NU-102069,16,201,137
NU-103794,1,284,157
NU-103794,2,163,83
NU-103794,3,273,164
NU-103794,4,219,152
NU-103794,5,276,165
NU-103794,6,287,204
NU-103794,7,225,103
NU-103794,8,190,150
NU-103794,9,66,50
NU-103794,10,213,155
NU-103794,11,269,167
NU-103794,12,302,161
NU-103794,13,201,136
NU-103794,14,167,77
NU-103794,15,332,179
NU-103794,16,491,224
NU-102080,1,339,198
NU-102080,2,408,197
NU-102080,3,180,204
NU-102080,4,274,224
NU-102080,5,347,210
NU-102080,6,246,175
NU-102080,7,224,169
NU-102080,8,281,149
NU-102080,9,62,69
NU-102080,10,221,197
NU-102080,11,385,184
NU-102080,12,235,130
NU-102080,13,331,173
NU-102080,14,242,209
NU-102080,15,285,160
NU-102080,16,422,234
NU-103703,1,193,114
NU-103703,2,310,189
NU-103703,3,193,102
NU-103703,4,338,226
NU-103703,5,188,101
NU-103703,6,71,88
NU-103703,7,460,254
NU-103703,8,223,147
NU-103703,9,111,59
NU-103703,10,108,54
NU-103703,11,169,98
NU-103703,12,198,130
NU-103703,13,102,56
NU-103703,14,242,113
NU-103703,15,229,160
NU-103703,16,210,138
NU-102843,1,594,318
NU-102843,2,684,380
NU-102843,3,517,274
NU-102843,4,433,263
NU-102843,5,379,262
NU-102843,6,550,269
NU-102843,7,537,347
NU-102843,8,493,297
NU-102843,9,315,132
NU-102843,10,488,286
NU-102843,11,256,280
NU-102843,12,512,296
NU-102843,13,479,294
NU-102843,14,502,278
NU-102843,15,411,313
NU-102843,16,475,282
NU-105386,1,289,178
NU-105386,2,392,212
NU-105386,3,307,150
NU-105386,4,264,166
NU-105386,5,237,133
NU-105386,6,296,208
NU-105386,7,215,185
NU-105386,8,242,186
NU-105386,9,130,73
NU-105386,10,277,168
NU-105386,11,301,131
NU-105386,12,438,225
NU-105386,13,322,177
NU-105386,14,346,185
NU-105386,15,271,142
NU-105386,16,401,169
NU-102485,1,403,325
NU-102485,2,563,282
NU-102485,3,373,286
NU-102485,4,376,273
NU-102485,5,501,253
NU-102485,6,397,283
NU-102485,7,467,341
NU-102485,8,646,352
NU-102485,9,169,135
NU-102485,10,418,238
NU-102485,11,392,319
NU-102485,12,267,260
NU-102485,13,651,311
NU-102485,14,407,254
NU-102485,15,388,219
NU-102485,16,378,277
NU-100327,1,596,334
NU-100327,2,490,276
NU-100327,3,321,191
NU-100327,4,390,218
NU-100327,5,355,225
NU-100327,6,284,233
NU-100327,7,354,216
NU-100327,8,366,209
NU-100327,9,204,117
NU-100327,10,442,265
NU-100327,11,453,293
NU-100327,12,298,231
NU-100327,13,323,240
NU-100327,14,373,203
NU-100327,15,426,263
NU-100327,16,517,281
NU-103036,1,238,148
NU-103036,2,355,247
NU-103036,3,359,190
NU-103036,4,199,219
NU-103036,5,199,130
NU-103036,6,272,166
NU-103036,7,287,200
NU-103036,8,314,227
NU-103036,9,92,66
NU-103036,10,485,228
NU-103036,11,218,117
NU-103036,12,350,243
NU-103036,13,197,173
NU-103036,14,290,234
NU-103036,15,265,238
NU-103036,16,153,112
NU-101837,1,184,133
NU-101837,2,232,162
NU-101837,3,241,161
NU-101837,4,388,209
NU-101837,5,316,194
NU-101837,6,225,166
NU-101837,7,266,195
NU-101837,8,350,177
NU-101837,9,103,73
NU-101837,10,173,126
NU-101837,11,236,193
NU-101837,12,298,207
NU-101837,13,459,283
NU-101837,14,295,152
NU-101837,15,259,162
NU-101837,16,196,155
NU-104763,1,261,251
NU-104763,2,399,232
NU-104763,3,287,170
NU-104763,4,346,195
NU-104763,5,377,231
NU-104763,6,403,280
NU-104763,7,429,235
NU-104763,8,252,244
NU-104763,9,156,84
NU-104763,10,255,200
NU-104763,11,314,189
NU-104763,12,412,231
NU-104763,13,399,284
NU-104763,14,420,214
NU-104763,15,334,233
NU-104763,16,513,288
NU-100231,1,283,250
NU-100231,2,355,285
NU-100231,3,833,382
NU-100231,4,315,285
NU-100231,5,449,423
NU-100231,6,461,351
NU-100231,7,426,297
NU-100231,8,476,321
NU-100231,9,194,153
NU-100231,10,462,353
NU-100231,11,538,294
NU-100231,12,578,300
NU-100231,13,367,286
NU-100231,14,376,316
NU-100231,15,421,291
NU-100231,16,602,383
NU-108704,1,224,135
NU-108704,2,221,223
NU-108704,3,305,199
NU-108704,4,270,150
NU-108704,5,310,192
NU-108704,6,305,216
NU-108704,7,321,214
NU-108704,8,224,212
NU-108704,9,175,87
NU-108704,10,269,153
NU-108704,11,399,187
NU-108704,12,126,141
NU-108704,13,251,169
NU-108704,14,406,260
NU-108704,15,210,140
NU-108704,16,157,105
NU-106842,1,314,182
NU-106842,2,304,190
NU-106842,3,321,170
NU-106842,4,463,208
NU-106842,5,313,173
NU-106842,6,299,156
NU-106842,7,201,121
NU-106842,8,334,218
NU-106842,9,81,63
NU-106842,10,435,227
NU-106842,11,267,144
NU-106842,12,140,113
NU-106842,13,217,119
NU-106842,14,185,123
NU-106842,15,251,204
NU-106842,16,249,202
NU-101548,1,279,141
NU-101548,2,269,165
NU-101548,3,290,197
NU-101548,4,188,141
NU-101548,5,300,152
NU-101548,6,299,210
NU-101548,7,153,104
NU-101548,8,384,188
NU-101548,9,109,68
NU-101548,10,219,182
NU-101548,11,352,201
NU-101548,12,455,259
NU-101548,13,259,209
NU-101548,14,270,174
NU-101548,15,303,142
NU-101548,16,263,159
NU-102944,1,224,216
NU-102944,2,369,223
NU-102944,3,410,217
NU-102944,4,370,221
NU-102944,5,196,148
NU-102944,6,177,164
NU-102944,7,272,185
NU-102944,8,238,177
NU-102944,9,91,65
NU-102944,10,228,212
NU-102944,11,331,179
NU-102944,12,413,207
NU-102944,13,466,258
NU-102944,14,287,156
NU-102944,15,455,230
NU-102944,16,251,167
NU-109762,1,491,314
NU-109762,2,282,228
NU-109762,3,301,239
NU-109762,4,423,253
NU-109762,5,497,260
NU-109762,6,298,216
NU-109762,7,368,205
NU-109762,8,312,187
NU-109762,9,128,124
NU-109762,10,512,245
NU-109762,11,266,148
NU-109762,12,301,195
NU-109762,13,266,163
NU-109762,14,233,208
NU-109762,15,380,191
NU-109762,16,304,211
NU-109841,1,231,165
NU-109841,2,244,147
NU-109841,3,131,97
NU-109841,4,114,78
NU-109841,5,206,153
NU-109841,6,213,132
NU-109841,7,140,98
NU-109841,8,210,133
NU-109841,9,119,64
NU-109841,10,166,142
NU-109841,11,159,97
NU-109841,12,346,173
NU-109841,13,251,158
NU-109841,14,248,219
NU-109841,15,112,93
NU-109841,16,170,117
NU-108043,1,453,229
NU-108043,2,390,227
NU-108043,3,559,291
NU-108043,4,324,209
NU-108043,5,305,240
NU-108043,6,601,360
NU-108043,7,215,276
NU-108043,8,353,282
NU-108043,9,236,114
NU-108043,10,337,260
NU-108043,11,503,252
NU-108043,12,493,278
NU-108043,13,262,199
NU-108043,14,315,227
NU-108043,15,488,270
NU-108043,16,403,260
NU-101589,1,68,32
NU-101589,2,148,121
NU-101589,3,189,108
NU-101589,4,190,173
NU-101589,5,319,183
NU-101589,6,360,215
NU-101589,7,282,168
NU-101589,8,260,173
NU-101589,9,54,42
NU-101589,10,110,74
NU-101589,11,186,121
NU-101589,12,111,100
NU-101589,13,154,114
NU-101589,14,215,116
NU-101589,15,173,108
NU-101589,16,224,119
NU-101573,1,152,101
NU-101573,2,305,165
NU-101573,3,247,186
NU-101573,4,289,216
NU-101573,5,521,255
NU-101573,6,447,220
NU-101573,7,188,147
NU-101573,8,419,235
NU-101573,9,91,55
NU-101573,10,193,135
NU-101573,11,280,187
NU-101573,12,228,157
NU-101573,13,347,219
NU-101573,14,347,179
NU-101573,15,102,57
NU-101573,16,304,194
NU-104801,1,287,162
NU-104801,2,132,99
NU-104801,3,173,115
NU-104801,4,296,146
NU-104801,5,210,109
NU-104801,6,319,165
NU-104801,7,135,70
NU-104801,8,185,164
NU-104801,9,109,70
NU-104801,10,288,151
NU-104801,11,287,149
NU-104801,12,170,111
NU-104801,13,207,163
NU-104801,14,216,154
NU-104801,15,291,149
NU-104801,16,338,168
NU-101096,1,543,302
NU-101096,2,597,284
NU-101096,3,383,255
NU-101096,4,266,232
NU-101096,5,515,355
NU-101096,6,583,311
NU-101096,7,507,257
NU-101096,8,412,239
NU-101096,9,189,113
NU-101096,10,379,317
NU-101096,11,382,282
NU-101096,12,434,297
NU-101096,13,513,306
NU-101096,14,337,268
NU-101096,15,429,264
NU-101096,16,302,279
NU-105496,1,89,78
NU-105496,2,74,99
NU-105496,3,87,56
NU-105496,4,131,81
NU-105496,5,134,70
NU-105496,6,185,99
NU-105496,7,55,27
NU-105496,8,130,71
NU-105496,9,10,7
NU-105496,10,23,11
NU-105496,11,122,74
NU-105496,12,207,110
NU-105496,13,87,80
NU-105496,14,161,81
NU-105496,15,176,101
NU-105496,16,106,72
NU-107535,1,65,42
NU-107535,2,262,156
NU-107535,3,111,72
NU-107535,4,184,114
NU-107535,5,89,61
NU-107535,6,103,105
NU-107535,7,320,134
NU-107535,8,76,50
NU-107535,9,13,8
NU-107535,10,97,49
NU-107535,11,180,95
NU-107535,12,119,73
NU-107535,13,139,80
NU-107535,14,130,67
NU-107535,15,107,68
NU-107535,16,166,155
NU-104889,1,228,164
NU-104889,2,339,242
NU-104889,3,354,192
NU-104889,4,229,179
NU-104889,5,365,211
NU-104889,6,330,214
NU-104889,7,287,181
NU-104889,8,299,191
NU-104889,9,136,76
NU-104889,10,420,204
NU-104889,11,145,106
NU-104889,12,273,195
NU-104889,13,255,168
NU-104889,14,206,167
NU-104889,15,251,188
NU-104889,16,363,191
NU-109647,1,96,58
NU-109647,2,274,145
NU-109647,3,34,27
NU-109647,4,245,136
NU-109647,5,203,114
NU-109647,6,83,96
NU-109647,7,257,138
NU-109647,8,270,134
NU-109647,9,50,39
NU-109647,10,190,126
NU-109647,11,185,140
NU-109647,12,119,67
NU-109647,13,200,96
NU-109647,14,203,146
NU-109647,15,128,65
NU-109647,16,244,189
NU-108654,1,493,258
NU-108654,2,558,309
NU-108654,3,607,260
NU-108654,4,498,315
NU-108654,5,348,230
NU-108654,6,356,218
NU-108654,7,382,299
NU-108654,8,293,211
NU-108654,9,139,112
NU-108654,10,355,271
NU-108654,11,450,242
NU-108654,12,373,250
NU-108654,13,475,262
NU-108654,14,362,244
NU-108654,15,604,308
NU-108654,16,406,261
NU-107270,1,489,340
NU-107270,2,401,271
NU-107270,3,463,252
NU-107270,4,385,278
NU-107270,5,404,239
NU-107270,6,419,285
NU-107270,7,614,329
NU-107270,8,474,251
NU-107270,9,179,116
NU-107270,10,440,297
NU-107270,11,543,269
NU-107270,12,524,313
NU-107270,13,315,216
NU-107270,14,401,307
NU-107270,15,684,371
NU-107270,16,372,306
NU-101874,1,236,142
NU-101874,2,103,102
NU-101874,3,295,197
NU-101874,4,217,141
NU-101874,5,441,203
NU-101874,6,140,167
NU-101874,7,176,186
NU-101874,8,349,183
NU-101874,9,115,78
NU-101874,10,239,164
NU-101874,11,186,135
NU-101874,12,204,120
NU-101874,13,328,162
NU-101874,14,298,134
NU-101874,15,275,161
NU-101874,16,335,229
NU-103318,1,300,199
NU-103318,2,160,89
NU-103318,3,338,190
NU-103318,4,322,191
NU-103318,5,335,180
NU-103318,6,273,172
NU-103318,7,298,155
NU-103318,8,171,96
NU-103318,9,142,82
NU-103318,10,228,115
NU-103318,11,420,243
NU-103318,12,417,186
NU-103318,13,339,161
NU-103318,14,271,180
NU-103318,15,243,151
NU-103318,16,170,120
NU-104559,1,257,179
NU-104559,2,197,117
NU-104559,3,144,140
NU-104559,4,215,172
NU-104559,5,213,185
NU-104559,6,236,155
NU-104559,7,346,203
NU-104559,8,112,118
NU-104559,9,114,72
NU-104559,10,267,132
NU-104559,11,283,148
NU-104559,12,191,125
NU-104559,13,289,138
NU-104559,14,270,138
NU-104559,15,304,137
NU-104559,16,280,149
NU-100565,1,327,249
NU-100565,2,365,195
NU-100565,3,312,205
NU-100565,4,460,258
NU-100565,5,427,269
NU-100565,6,272,216
NU-100565,7,471,285
NU-100565,8,356,194
NU-100565,9,128,89
NU-100565,10,275,198
NU-100565,11,197,134
NU-100565,12,353,191
NU-100565,13,315,212
NU-100565,14,432,250
NU-100565,15,449,250
NU-100565,16,331,224
NU-103978,1,444,282
NU-103978,2,228,183
NU-103978,3,249,183
NU-103978,4,347,153
NU-103978,5,204,128
NU-103978,6,334,214
NU-103978,7,286,163
NU-103978,8,372,236
NU-103978,9,129,77
NU-103978,10,184,134
NU-103978,11,494,262
NU-103978,12,410,260
NU-103978,13,281,193
NU-103978,14,239,138
NU-103978,15,196,149
NU-103978,16,480,201
NU-109088,1,354,295
NU-109088,2,241,176
NU-109088,3,409,225
NU-109088,4,358,202
NU-109088,5,320,203
NU-109088,6,310,251
NU-109088,7,452,267
NU-109088,8,330,168
NU-109088,9,127,66
NU-109088,10,343,181
NU-109088,11,247,170
NU-109088,12,364,206
NU-109088,13,345,253
NU-109088,14,320,212
NU-109088,15,386,221
NU-109088,16,333,194
NU-102828,1,88,66
NU-102828,2,131,67
NU-102828,3,52,45
NU-102828,4,168,84
NU-102828,5,187,109
NU-102828,6,105,72
NU-102828,7,107,95
NU-102828,8,241,155
NU-102828,9,80,50
NU-102828,10,120,129
NU-102828,11,209,111
NU-102828,12,173,148
NU-102828,13,85,60
NU-102828,14,114,65
NU-102828,15,137,121
NU-102828,16,110,103
NU-108863,1,306,171
NU-108863,2,378,215
NU-108863,3,444,242
NU-108863,4,556,285
NU-108863,5,315,214
NU-108863,6,556,289
NU-108863,7,356,229
NU-108863,8,460,249
NU-108863,9,202,116
NU-108863,10,365,273
NU-108863,11,291,177
NU-108863,12,391,249
NU-108863,13,351,245
NU-108863,14,445,316
NU-108863,15,471,231
NU-108863,16,580,342
NU-102547,1,223,207
NU-102547,2,462,266
NU-102547,3,309,178
NU-102547,4,515,327
NU-102547,5,425,239
NU-102547,6,342,231
NU-102547,7,439,268
NU-102547,8,448,234
NU-102547,9,180,139
NU-102547,10,457,279
NU-102547,11,563,279
NU-102547,12,297,240
NU-102547,13,515,271
NU-102547,14,279,161
NU-102547,15,305,219
NU-102547,16,426,240
NU-109006,1,261,144
NU-109006,2,260,175
NU-109006,3,312,197
NU-109006,4,248,150
NU-109006,5,238,185
NU-109006,6,224,155
NU-109006,7,385,174
NU-109006,8,310,128
NU-109006,9,131,103
NU-109006,10,245,181
NU-109006,11,149,137
NU-109006,12,265,129
NU-109006,13,130,170
NU-109006,14,379,253
NU-109006,15,267,187
NU-109006,16,310,189
NU-108584,1,207,185
NU-108584,2,118,133
NU-108584,3,169,95
NU-108584,4,271,164
NU-108584,5,174,161
NU-108584,6,165,95
NU-108584,7,239,110
NU-108584,8,159,141
NU-108584,9,116,70
NU-108584,10,196,147
NU-108584,11,322,187
NU-108584,12,370,178
NU-108584,13,141,154
NU-108584,14,188,120
NU-108584,15,58,41
NU-108584,16,190,104
NU-107425,1,230,139
NU-107425,2,129,96
NU-107425,3,270,212
NU-107425,4,327,199
NU-107425,5,167,101
NU-107425,6,218,163
NU-107425,7,141,134
NU-107425,8,238,142
NU-107425,9,138,70
NU-107425,10,287,196
NU-107425,11,244,133
NU-107425,12,347,197
NU-107425,13,167,160
NU-107425,14,201,141
NU-107425,15,432,239
NU-107425,16,161,138
NU-102434,1,421,202
NU-102434,2,122,84
NU-102434,3,161,92
NU-102434,4,228,132
NU-102434,5,223,122
NU-102434,6,118,108
NU-102434,7,151,126
NU-102434,8,224,152
NU-102434,9,42,30
NU-102434,10,263,151
NU-102434,11,307,157
NU-102434,12,178,121
NU-102434,13,230,130
NU-102434,14,147,96
NU-102434,15,232,211
NU-102434,16,206,122
NU-104096,1,282,172
NU-104096,2,332,206
NU-104096,3,298,229
NU-104096,4,230,172
NU-104096,5,192,153
NU-104096,6,281,154
NU-104096,7,113,71
NU-104096,8,336,156
NU-104096,9,142,79
NU-104096,10,320,159
NU-104096,11,317,210
NU-104096,12,223,148
NU-104096,13,322,178
NU-104096,14,263,138
NU-104096,15,192,180
NU-104096,16,329,177
NU-102961,1,374,227
NU-102961,2,137,103
NU-102961,3,311,199
NU-102961,4,327,199
NU-102961,5,337,193
NU-102961,6,373,205
NU-102961,7,420,193
NU-102961,8,245,147
NU-102961,9,109,74
NU-102961,10,337,226
NU-102961,11,200,159
NU-102961,12,509,267
NU-102961,13,365,194
NU-102961,14,299,186
NU-102961,15,380,193
NU-102961,16,330,194
NU-107996,1,608,353
NU-107996,2,385,263
NU-107996,3,568,362
NU-107996,4,535,363
NU-107996,5,461,319
NU-107996,6,439,354
NU-107996,7,517,321
NU-107996,8,618,325
NU-107996,9,218,153
NU-107996,10,661,372
NU-107996,11,578,280
NU-107996,12,561,283
NU-107996,13,461,283
NU-107996,14,543,388
NU-107996,15,519,425
NU-107996,16,519,333
NU-104823,1,182,213
NU-104823,2,376,257
NU-104823,3,286,187
NU-104823,4,312,232
NU-104823,5,242,177
NU-104823,6,228,146
NU-104823,7,341,210
NU-104823,8,311,176
NU-104823,9,152,78
NU-104823,10,248,160
NU-104823,11,296,184
NU-104823,12,232,179
NU-104823,13,172,152
NU-104823,14,285,207
NU-104823,15,312,222
NU-104823,16,129,80
NU-109389,1,423,293
NU-109389,2,432,264
NU-109389,3,275,224
NU-109389,4,336,242
NU-109389,5,411,256
NU-109389,6,489,331
NU-109389,7,442,266
NU-109389,8,474,232
NU-109389,9,97,77
NU-109389,10,473,287
NU-109389,11,356,266
NU-109389,12,399,238
NU-109389,13,475,275
NU-109389,14,347,231
NU-109389,15,330,228
NU-109389,16,268,242
NU-109380,1,400,175
NU-109380,2,92,70
NU-109380,3,43,26
NU-109380,4,218,152
NU-109380,5,171,93
NU-109380,6,133,137
NU-109380,7,207,109
NU-109380,8,149,81
NU-109380,9,66,57
NU-109380,10,40,27
NU-109380,11,166,104
NU-109380,12,293,137
NU-109380,13,271,115
NU-109380,14,289,146
NU-109380,15,286,165
NU-109380,16,134,89
NU-100980,1,187,111
NU-100980,2,332,202
NU-100980,3,334,218
NU-100980,4,160,134
NU-100980,5,188,153
NU-100980,6,344,202
NU-100980,7,286,212
NU-100980,8,402,211
NU-100980,9,133,75
NU-100980,10,321,201
NU-100980,11,279,183
NU-100980,12,194,150
NU-100980,13,296,185
NU-100980,14,294,191
NU-100980,15,215,223
NU-100980,16,411,262
NU-102682,1,332,153
NU-102682,2,295,224
NU-102682,3,346,173
NU-102682,4,350,205
NU-102682,5,291,157
NU-102682,6,346,220
NU-102682,7,208,187
NU-102682,8,301,141
NU-102682,9,138,79
NU-102682,10,415,224
NU-102682,11,509,279
NU-102682,12,358,238
NU-102682,13,465,304
NU-102682,14,169,169
NU-102682,15,323,194
NU-102682,16,297,205
NU-107216,1,449,331
NU-107216,2,474,397
NU-107216,3,506,309
NU-107216,4,656,367
NU-107216,5,345,258
NU-107216,6,628,338
NU-107216,7,352,304
NU-107216,8,273,223
NU-107216,9,203,137
NU-107216,10,520,290
NU-107216,11,567,338
NU-107216,12,489,269
NU-107216,13,452,266
NU-107216,14,615,379
NU-107216,15,745,365
NU-107216,16,611,385
NU-106758,1,245,140
NU-106758,2,193,131
NU-106758,3,218,126
NU-106758,4,150,121
NU-106758,5,157,79
NU-106758,6,181,110
NU-106758,7,246,169
NU-106758,8,155,91
NU-106758,9,4,4
NU-106758,10,166,117
NU-106758,11,134,80
NU-106758,12,309,163
NU-106758,13,304,181
NU-106758,14,122,69
NU-106758,15,252,155
NU-106758,16,149,67
NU-102032,1,632,324
NU-102032,2,343,308
NU-102032,3,287,296
NU-102032,4,472,301
NU-102032,5,434,297
NU-102032,6,567,259
NU-102032,7,321,224
NU-102032,8,306,274
NU-102032,9,163,114
NU-102032,10,591,285
NU-102032,11,291,215
NU-102032,12,398,237
NU-102032,13,407,192
NU-102032,14,484,275
NU-102032,15,492,258
NU-102032,16,407,297
NU-100739,1,78,54
NU-100739,2,136,120
NU-100739,3,334,186
NU-100739,4,211,146
NU-100739,5,130,91
NU-100739,6,184,120
NU-100739,7,178,128
NU-100739,8,276,165
NU-100739,9,84,63
NU-100739,10,194,122
NU-100739,11,178,109
NU-100739,12,237,142
NU-100739,13,164,130
NU-100739,14,199,104
NU-100739,15,285,163
NU-100739,16,270,161
NU-109685,1,601,288
NU-109685,2,497,256
NU-109685,3,454,226
NU-109685,4,392,256
NU-109685,5,460,257
NU-109685,6,530,233
NU-109685,7,335,175
NU-109685,8,310,211
NU-109685,9,164,89
NU-109685,10,455,222
NU-109685,11,215,164
NU-109685,12,549,306
NU-109685,13,450,278
NU-109685,14,220,159
NU-109685,15,419,249
NU-109685,16,227,221
NU-107288,1,658,294
NU-107288,2,554,316
NU-107288,3,545,355
NU-107288,4,472,298
NU-107288,5,412,267
NU-107288,6,471,312
NU-107288,7,372,275
NU-107288,8,360,298
NU-107288,9,262,135
NU-107288,10,395,278
NU-107288,11,367,253
NU-107288,12,515,312
NU-107288,13,644,325
NU-107288,14,294,250
NU-107288,15,641,394
NU-107288,16,663,391
NU-104301,1,256,150
NU-104301,2,334,195
NU-104301,3,186,117
NU-104301,4,210,146
NU-104301,5,273,180
NU-104301,6,303,164
NU-104301,7,395,231
NU-104301,8,236,135
NU-104301,9,125,58
NU-104301,10,350,218
NU-104301,11,269,159
NU-104301,12,261,222
NU-104301,13,303,217
NU-104301,14,303,179
NU-104301,15,194,132
NU-104301,16,198,127
NU-108041,1,34,21
NU-108041,2,50,32
NU-108041,3,185,109
NU-108041,4,360,183
NU-108041,5,167,104
NU-108041,6,191,86
NU-108041,7,157,131
NU-108041,8,158,108
NU-108041,9,72,52
NU-108041,10,165,106
NU-108041,11,109,70
NU-108041,12,0,0
NU-108041,13,90,51
NU-108041,14,63,39
NU-108041,15,91,63
NU-108041,16,110,78
NU-103480,1,364,233
NU-103480,2,398,223
NU-103480,3,372,229
NU-103480,4,574,299
NU-103480,5,382,255
NU-103480,6,363,230
NU-103480,7,401,307
NU-103480,8,556,273
NU-103480,9,172,118
NU-103480,10,491,265
NU-103480,11,448,218
NU-103480,12,515,291
NU-103480,13,316,173
NU-103480,14,548,309
NU-103480,15,321,245
NU-103480,16,253,237
NU-103813,1,429,275
NU-103813,2,249,151
NU-103813,3,322,242
NU-103813,4,414,251
NU-103813,5,388,287
NU-103813,6,372,193
NU-103813,7,415,237
NU-103813,8,415,271
NU-103813,9,101,76
NU-103813,10,383,244
NU-103813,11,298,182
NU-103813,12,347,170
NU-103813,13,427,201
NU-103813,14,351,274
NU-103813,15,297,221
NU-103813,16,418,240
NU-109121,1,247,150
NU-109121,2,160,92
NU-109121,3,292,178
NU-109121,4,414,219
NU-109121,5,235,139
NU-109121,6,312,181
NU-109121,7,274,163
NU-109121,8,341,146
NU-109121,9,106,83
NU-109121,10,264,168
NU-109121,11,390,192
NU-109121,12,302,206
NU-109121,13,358,209
NU-109121,14,356,186
NU-109121,15,279,190
NU-109121,16,355,224
NU-106699,1,303,169
NU-106699,2,270,127
NU-106699,3,141,107
NU-106699,4,280,188
NU-106699,5,159,103
NU-106699,6,136,87
NU-106699,7,48,30
NU-106699,8,221,134
NU-106699,9,56,36
NU-106699,10,192,112
NU-106699,11,87,70
NU-106699,12,110,63
NU-106699,13,160,102
NU-106699,14,193,151
NU-106699,15,35,28
NU-106699,16,193,115
NU-107154,1,469,236
NU-107154,2,393,296
NU-107154,3,480,286
NU-107154,4,426,257
NU-107154,5,361,215
NU-107154,6,554,309
NU-107154,7,337,286
NU-107154,8,524,274
NU-107154,9,165,132
NU-107154,10,347,249
NU-107154,11,421,264
NU-107154,12,398,357
NU-107154,13,317,277
NU-107154,14,582,322
NU-107154,15,632,319
NU-107154,16,532,322
NU-108977,1,523,260
NU-108977,2,639,262
NU-108977,3,252,191
NU-108977,4,558,313
NU-108977,5,251,170
NU-108977,6,294,191
NU-108977,7,397,248
NU-108977,8,338,237
NU-108977,9,89,89
NU-108977,10,196,154
NU-108977,11,254,185
NU-108977,12,413,272
NU-108977,13,227,186
NU-108977,14,438,235
NU-108977,15,473,192
NU-108977,16,502,257
NU-100548,1,365,204
NU-100548,2,371,208
NU-100548,3,309,203
NU-100548,4,266,183
NU-100548,5,321,270
NU-100548,6,303,228
NU-100548,7,295,233
NU-100548,8,523,280
NU-100548,9,163,100
NU-100548,10,368,225
NU-100548,11,290,217
NU-100548,12,380,212
NU-100548,13,375,206
NU-100548,14,351,188
NU-100548,15,243,213
NU-100548,16,702,351
NU-104020,1,591,334
NU-104020,2,394,269
NU-104020,3,537,306
NU-104020,4,376,298
NU-104020,5,420,250
NU-104020,6,459,275
NU-104020,7,660,297
NU-104020,8,551,338
NU-104020,9,185,101
NU-104020,10,654,338
NU-104020,11,382,278
NU-104020,12,318,263
NU-104020,13,478,242
NU-104020,14,387,341
NU-104020,15,652,317
NU-104020,16,432,279
NU-104512,1,384,257
NU-104512,2,599,281
NU-104512,3,394,257
NU-104512,4,304,263
NU-104512,5,552,315
NU-104512,6,429,269
NU-104512,7,303,264
NU-104512,8,293,263
NU-104512,9,144,87
NU-104512,10,284,274
NU-104512,11,369,247
NU-104512,12,585,304
NU-104512,13,355,215
NU-104512,14,558,298
NU-104512,15,332,291
NU-104512,16,434,255
NU-102956,1,323,194
NU-102956,2,446,251
NU-102956,3,272,163
NU-102956,4,266,194
NU-102956,5,335,235
NU-102956,6,433,249
NU-102956,7,394,215
NU-102956,8,453,231
NU-102956,9,166,97
NU-102956,10,204,161
NU-102956,11,386,203
NU-102956,12,304,248
NU-102956,13,513,255
NU-102956,14,374,251
NU-102956,15,459,259
NU-102956,16,375,237
NU-108019,1,518,274
NU-108019,2,350,206
NU-108019,3,531,265
NU-108019,4,488,301
NU-108019,5,521,264
NU-108019,6,541,259
NU-108019,7,538,306
NU-108019,8,546,302
NU-108019,9,176,107
NU-108019,10,432,272
NU-108019,11,536,284
NU-108019,12,374,248
NU-108019,13,409,255
NU-108019,14,323,310
NU-108019,15,556,326
NU-108019,16,420,303
NU-109291,1,227,188
NU-109291,2,301,179
NU-109291,3,222,111
NU-109291,4,300,195
NU-109291,5,289,169
NU-109291,6,176,175
NU-109291,7,457,246
NU-109291,8,210,135
NU-109291,9,93,56
NU-109291,10,165,128
NU-109291,11,197,120
NU-109291,12,243,138
NU-109291,13,216,137
NU-109291,14,144,121
NU-109291,15,137,117
NU-109291,16,126,105
NU-107147,1,255,171
NU-107147,2,62,51
NU-107147,3,249,144
NU-107147,4,275,163
NU-107147,5,216,144
NU-107147,6,269,146
NU-107147,7,254,137
NU-107147,8,214,116
NU-107147,9,199,90
NU-107147,10,252,141
NU-107147,11,307,167
NU-107147,12,435,237
NU-107147,13,169,126
NU-107147,14,178,99
NU-107147,15,386,190
NU-107147,16,225,124
NU-102162,1,607,316
NU-102162,2,398,243
NU-102162,3,546,314
NU-102162,4,508,289
NU-102162,5,432,253
NU-102162,6,369,247
NU-102162,7,384,200
NU-102162,8,250,306
NU-102162,9,203,121
NU-102162,10,400,264
NU-102162,11,401,219
NU-102162,12,340,304
NU-102162,13,571,273
NU-102162,14,492,287
NU-102162,15,532,326
NU-102162,16,428,208
NU-101960,1,182,114
NU-101960,2,139,166
NU-101960,3,304,166
NU-101960,4,96,61
NU-101960,5,209,127
NU-101960,6,102,71
NU-101960,7,406,201
NU-101960,8,350,211
NU-101960,9,91,64
NU-101960,10,395,186
NU-101960,11,250,215
NU-101960,12,245,111
NU-101960,13,337,167
NU-101960,14,177,173
NU-101960,15,105,72
NU-101960,16,295,173
NU-105461,1,94,70
NU-105461,2,108,78
NU-105461,3,216,115
NU-105461,4,228,126
NU-105461,5,181,89
NU-105461,6,283,176
NU-105461,7,160,97
NU-105461,8,471,215
NU-105461,9,61,45
NU-105461,10,100,59
NU-105461,11,195,134
NU-105461,12,183,115
NU-105461,13,171,105
NU-105461,14,168,108
NU-105461,15,274,153
NU-105461,16,339,131
NU-106667,1,409,221
NU-106667,2,257,180
NU-106667,3,400,270
NU-106667,4,310,189
NU-106667,5,231,205
NU-106667,6,368,263
NU-106667,7,551,294
NU-106667,8,416,263
NU-106667,9,150,112
NU-106667,10,343,263
NU-106667,11,401,303
NU-106667,12,294,220
NU-106667,13,312,228
NU-106667,14,421,229
NU-106667,15,532,264
NU-106667,16,593,271
NU-108958,1,379,200
NU-108958,2,618,281
NU-108958,3,424,252
NU-108958,4,372,209
NU-108958,5,342,265
NU-108958,6,325,180
NU-108958,7,362,235
NU-108958,8,241,262
NU-108958,9,278,152
NU-108958,10,453,221
NU-108958,11,414,292
NU-108958,12,345,246
NU-108958,13,538,276
NU-108958,14,457,277
NU-108958,15,603,284
NU-108958,16,512,279
NU-101428,1,370,251
NU-101428,2,417,244
NU-101428,3,350,228
NU-101428,4,400,216
NU-101428,5,462,271
NU-101428,6,502,218
NU-101428,7,337,164
NU-101428,8,393,176
NU-101428,9,144,105
NU-101428,10,344,182
NU-101428,11,421,211
NU-101428,12,366,232
NU-101428,13,564,270
NU-101428,14,359,244
NU-101428,15,243,256
NU-101428,16,258,167
NU-103291,1,162,98
NU-103291,2,76,54
NU-103291,3,122,59
NU-103291,4,105,66
NU-103291,5,239,129
NU-103291,6,106,76
NU-103291,7,192,131
NU-103291,8,139,106
NU-103291,9,108,59
NU-103291,10,94,110
NU-103291,11,173,78
NU-103291,12,130,76
NU-103291,13,153,99
NU-103291,14,141,85
NU-103291,15,213,150
NU-103291,16,94,50
NU-108578,1,201,100
NU-108578,2,157,84
NU-108578,3,213,117
NU-108578,4,231,158
NU-108578,5,250,157
NU-108578,6,211,129
NU-108578,7,200,123
NU-108578,8,195,140
NU-108578,9,121,63
NU-108578,10,175,123
NU-108578,11,402,203
NU-108578,12,191,119
NU-108578,13,269,177
NU-108578,14,187,132
NU-108578,15,212,148
NU-108578,16,203,137
NU-109497,1,240,124
NU-109497,2,210,137
NU-109497,3,211,152
NU-109497,4,145,121
NU-109497,5,97,87
NU-109497,6,140,122
NU-109497,7,209,106
NU-109497,8,145,84
NU-109497,9,97,50
NU-109497,10,263,150
NU-109497,11,192,113
NU-109497,12,210,97
NU-109497,13,221,128
NU-109497,14,383,147
NU-109497,15,234,160
NU-109497,16,222,161
NU-100549,1,343,174
NU-100549,2,414,234
NU-100549,3,410,329
NU-100549,4,569,323
NU-100549,5,302,310
NU-100549,6,542,346
NU-100549,7,461,266
NU-100549,8,394,193
NU-100549,9,149,77
NU-100549,10,478,247
NU-100549,11,579,285
NU-100549,12,352,267
NU-100549,13,355,201
NU-100549,14,288,184
NU-100549,15,386,220
NU-100549,16,273,245
NU-109852,1,285,176
NU-109852,2,271,153
NU-109852,3,234,169
NU-109852,4,323,183
NU-109852,5,366,190
NU-109852,6,311,173
NU-109852,7,282,154
NU-109852,8,377,231
NU-109852,9,161,93
NU-109852,10,245,159
NU-109852,11,285,184
NU-109852,12,276,150
NU-109852,13,257,202
NU-109852,14,136,90
NU-109852,15,400,228
NU-109852,16,276,202
NU-108117,1,429,246
NU-108117,2,599,304
NU-108117,3,217,158
NU-108117,4,398,256
NU-108117,5,457,291
NU-108117,6,345,262
NU-108117,7,343,217
NU-108117,8,436,294
NU-108117,9,192,109
NU-108117,10,446,248
NU-108117,11,340,255
NU-108117,12,489,234
NU-108117,13,367,276
NU-108117,14,360,201
NU-108117,15,219,212
NU-108117,16,383,281
NU-105969,1,405,194
NU-105969,2,399,272
NU-105969,3,350,163
NU-105969,4,419,238
NU-105969,5,309,218
NU-105969,6,231,162
NU-105969,7,156,113
NU-105969,8,494,307
NU-105969,9,164,112
NU-105969,10,379,247
NU-105969,11,301,211
NU-105969,12,294,236
NU-105969,13,291,200
NU-105969,14,358,259
NU-105969,15,463,302
NU-105969,16,436,299
NU-101159,1,115,101
NU-101159,2,113,103
NU-101159,3,114,81
NU-101159,4,298,129
NU-101159,5,158,98
NU-101159,6,93,92
NU-101159,7,245,152
NU-101159,8,244,145
NU-101159,9,20,11
NU-101159,10,123,88
NU-101159,11,119,77
NU-101159,12,77,75
NU-101159,13,95,54
NU-101159,14,173,97
NU-101159,15,60,35
NU-101159,16,114,108
NU-102113,1,209,145
NU-102113,2,183,97
NU-102113,3,110,99
NU-102113,4,220,131
NU-102113,5,161,106
NU-102113,6,279,141
NU-102113,7,318,215
NU-102113,8,276,156
NU-102113,9,112,81
NU-102113,10,311,190
NU-102113,11,140,123
NU-102113,12,121,90
NU-102113,13,153,97
NU-102113,14,302,209
NU-102113,15,174,84
NU-102113,16,169,107
NU-103531,1,430,291
NU-103531,2,338,270
NU-103531,3,382,227
NU-103531,4,403,208
NU-103531,5,563,258
NU-103531,6,263,211
NU-103531,7,400,264
NU-103531,8,789,361
NU-103531,9,173,104
NU-103531,10,558,314
NU-103531,11,222,223
NU-103531,12,502,280
NU-103531,13,542,308
NU-103531,14,406,257
NU-103531,15,428,253
NU-103531,16,608,308
NU-104884,1,402,233
NU-104884,2,201,139
NU-104884,3,141,114
NU-104884,4,394,175
NU-104884,5,379,216
NU-104884,6,317,187
NU-104884,7,157,146
NU-104884,8,415,251
NU-104884,9,89,58
NU-104884,10,195,140
NU-104884,11,401,229
NU-104884,12,297,142
NU-104884,13,380,217
NU-104884,14,226,176
NU-104884,15,269,166
NU-104884,16,255,188
NU-101971,1,306,207
NU-101971,2,264,173
NU-101971,3,254,174
NU-101971,4,224,184
NU-101971,5,362,245
NU-101971,6,415,241
NU-101971,7,239,211
NU-101971,8,314,167
NU-101971,9,118,74
NU-101971,10,254,237
NU-101971,11,392,224
NU-101971,12,427,216
NU-101971,13,303,232
NU-101971,14,157,236
NU-101971,15,364,231
NU-101971,16,392,214
NU-109178,1,242,170
NU-109178,2,198,120
NU-109178,3,320,190
NU-109178,4,207,188
NU-109178,5,508,268
NU-109178,6,137,105
NU-109178,7,440,209
NU-109178,8,342,167
NU-109178,9,122,68
NU-109178,10,264,148
NU-109178,11,266,182
NU-109178,12,443,224
NU-109178,13,300,176
NU-109178,14,187,117
NU-109178,15,286,296
NU-109178,16,151,93
NU-102925,1,314,184
NU-102925,2,379,201
NU-102925,3,343,215
NU-102925,4,533,334
NU-102925,5,246,219
NU-102925,6,325,257
NU-102925,7,289,141
NU-102925,8,389,244
NU-102925,9,162,103
NU-102925,10,307,271
NU-102925,11,404,241
NU-102925,12,342,220
NU-102925,13,331,179
NU-102925,14,355,263
NU-102925,15,305,184
NU-102925,16,280,148
NU-100113,1,268,189
NU-100113,2,135,110
NU-100113,3,280,133
NU-100113,4,301,162
NU-100113,5,219,156
NU-100113,6,193,132
NU-100113,7,191,131
NU-100113,8,366,170
NU-100113,9,117,88
NU-100113,10,243,145
NU-100113,11,252,174
NU-100113,12,253,125
NU-100113,13,341,198
NU-100113,14,187,166
NU-100113,15,271,150
NU-100113,16,156,106
NU-101753,1,323,245
NU-101753,2,364,251
NU-101753,3,417,313
NU-101753,4,459,294
NU-101753,5,576,331
NU-101753,6,502,307
NU-101753,7,554,365
NU-101753,8,678,321
NU-101753,9,160,111
NU-101753,10,542,335
NU-101753,11,338,267
NU-101753,12,231,317
NU-101753,13,537,322
NU-101753,14,494,367
NU-101753,15,604,331
NU-101753,16,690,372
NU-101634,1,370,189
NU-101634,2,459,256
NU-101634,3,377,219
NU-101634,4,278,166
NU-101634,5,322,177
NU-101634,6,470,240
NU-101634,7,367,196
NU-101634,8,378,245
NU-101634,9,142,82
NU-101634,10,536,249
NU-101634,11,282,207
NU-101634,12,165,103
NU-101634,13,461,236
NU-101634,14,252,199
NU-101634,15,354,183
NU-101634,16,325,178
NU-109254,1,194,157
NU-109254,2,399,223
NU-109254,3,461,309
NU-109254,4,398,185
NU-109254,5,238,187
NU-109254,6,397,230
NU-109254,7,398,231
NU-109254,8,363,296
NU-109254,9,278,118
NU-109254,10,349,187
NU-109254,11,514,287
NU-109254,12,489,258
NU-109254,13,334,178
NU-109254,14,325,187
NU-109254,15,277,173
NU-109254,16,423,217
NU-107727,1,362,214
NU-107727,2,323,203
NU-107727,3,352,242
NU-107727,4,240,180
NU-107727,5,332,209
NU-107727,6,448,290
NU-107727,7,429,222
NU-107727,8,427,242
NU-107727,9,86,54
NU-107727,10,317,192
NU-107727,11,211,214
NU-107727,12,264,181
NU-107727,13,194,139
NU-107727,14,418,214
NU-107727,15,372,227
NU-107727,16,369,174
NU-101966,1,312,191
NU-101966,2,458,219
NU-101966,3,466,241
NU-101966,4,350,223
NU-101966,5,250,189
NU-101966,6,399,225
NU-101966,7,312,224
NU-101966,8,349,237
NU-101966,9,138,85
NU-101966,10,194,164
NU-101966,11,276,201
NU-101966,12,294,228
NU-101966,13,246,176
NU-101966,14,261,135
NU-101966,15,257,150
NU-101966,16,216,169
NU-101702,1,352,246
NU-101702,2,418,308
NU-101702,3,404,232
NU-101702,4,289,255
NU-101702,5,146,163
NU-101702,6,531,301
NU-101702,7,362,223
NU-101702,8,488,289
NU-101702,9,113,74
NU-101702,10,485,290
NU-101702,11,338,242
NU-101702,12,380,286
NU-101702,13,495,281
NU-101702,14,440,275
NU-101702,15,381,254
NU-101702,16,357,243
NU-105738,1,237,209
NU-105738,2,297,259
NU-105738,3,331,218
NU-105738,4,534,257
NU-105738,5,348,243
NU-105738,6,424,269
NU-105738,7,323,210
NU-105738,8,435,241
NU-105738,9,99,73
NU-105738,10,438,236
NU-105738,11,335,205
NU-105738,12,358,247
NU-105738,13,274,214
NU-105738,14,218,195
NU-105738,15,337,226
NU-105738,16,354,225
NU-100209,1,445,334
NU-100209,2,480,276
NU-100209,3,611,337
NU-100209,4,402,220
NU-100209,5,341,274
NU-100209,6,597,360
NU-100209,7,487,375
NU-100209,8,357,279
NU-100209,9,184,106
NU-100209,10,517,313
NU-100209,11,442,310
NU-100209,12,532,326
NU-100209,13,295,293
NU-100209,14,647,342
NU-100209,15,568,295
NU-100209,16,715,396
NU-102804,1,44,31
NU-102804,2,39,29
NU-102804,3,90,48
NU-102804,4,67,47
NU-102804,5,53,28
NU-102804,6,162,87
NU-102804,7,0,0
NU-102804,8,83,55
NU-102804,9,24,25
NU-102804,10,171,76
NU-102804,11,114,96
NU-102804,12,183,118
NU-102804,13,102,60
NU-102804,14,166,92
NU-102804,15,20,17
NU-102804,16,60,52
NU-102726,1,240,158
NU-102726,2,365,192
NU-102726,3,243,145
NU-102726,4,263,169
NU-102726,5,153,150
NU-102726,6,278,140
NU-102726,7,282,190
NU-102726,8,153,91
NU-102726,9,182,108
NU-102726,10,176,156
NU-102726,11,331,183
NU-102726,12,458,223
NU-102726,13,397,174
NU-102726,14,247,179
NU-102726,15,353,175
NU-102726,16,272,124
NU-109820,1,306,223
NU-109820,2,596,287
NU-109820,3,427,311
NU-109820,4,436,314
NU-109820,5,552,246
NU-109820,6,666,314
NU-109820,7,348,252
NU-109820,8,440,273
NU-109820,9,254,131
NU-109820,10,589,267
NU-109820,11,290,265
NU-109820,12,480,345
NU-109820,13,481,283
NU-109820,14,456,267
NU-109820,15,762,364
NU-109820,16,301,220
NU-102106,1,574,319
NU-102106,2,391,309
NU-102106,3,396,301
NU-102106,4,507,272
NU-102106,5,476,329
NU-102106,6,405,323
NU-102106,7,482,358
NU-102106,8,554,337
NU-102106,9,241,153
NU-102106,10,453,344
NU-102106,11,523,323
NU-102106,12,635,351
NU-102106,13,615,348
NU-102106,14,573,373
NU-102106,15,502,268
NU-102106,16,619,411
NU-103174,1,175,95
NU-103174,2,240,130
NU-103174,3,189,148
NU-103174,4,247,146
NU-103174,5,138,129
NU-103174,6,257,159
NU-103174,7,288,154
NU-103174,8,184,161
NU-103174,9,104,76
NU-103174,10,344,198
NU-103174,11,293,201
NU-103174,12,118,113
NU-103174,13,218,131
NU-103174,14,326,191
NU-103174,15,363,189
NU-103174,16,253,175
NU-105485,1,281,213
NU-105485,2,402,231
NU-105485,3,299,249
NU-105485,4,413,205
NU-105485,5,225,171
NU-105485,6,391,216
NU-105485,7,290,212
NU-105485,8,259,193
NU-105485,9,212,87
NU-105485,10,146,213
NU-105485,11,238,199
NU-105485,12,323,193
NU-105485,13,233,144
NU-105485,14,404,254
NU-105485,15,243,153
NU-105485,16,297,180
NU-109641,1,415,239
NU-109641,2,239,292
NU-109641,3,275,246
NU-109641,4,380,314
NU-109641,5,384,284
NU-109641,6,376,256
NU-109641,7,547,288
NU-109641,8,424,305
NU-109641,9,120,82
NU-109641,10,411,234
NU-109641,11,481,270
NU-109641,12,264,210
NU-109641,13,566,325
NU-109641,14,578,287
NU-109641,15,179,187
NU-109641,16,498,307
NU-106781,1,145,95
NU-106781,2,183,126
NU-106781,3,205,130
NU-106781,4,150,81
NU-106781,5,130,122
NU-106781,6,208,181
NU-106781,7,235,157
NU-106781,8,131,89
NU-106781,9,82,39
NU-106781,10,60,50
NU-106781,11,271,143
NU-106781,12,266,160
NU-106781,13,152,77
NU-106781,14,312,170
NU-106781,15,246,154
NU-106781,16,296,161
NU-105906,1,352,198
NU-105906,2,497,231
NU-105906,3,469,268
NU-105906,4,387,239
NU-105906,5,284,195
NU-105906,6,392,233
NU-105906,7,369,207
NU-105906,8,383,219
NU-105906,9,203,103
NU-105906,10,284,234
NU-105906,11,274,191
NU-105906,12,538,264
NU-105906,13,245,144
NU-105906,14,378,229
NU-105906,15,405,320
NU-105906,16,533,256
NU-101092,1,457,203
NU-101092,2,211,154
NU-101092,3,251,180
NU-101092,4,434,226
NU-101092,5,191,117
NU-101092,6,312,205
NU-101092,7,296,198
NU-101092,8,402,220
NU-101092,9,62,60
NU-101092,10,157,154
NU-101092,11,360,230
NU-101092,12,279,154
NU-101092,13,392,192
NU-101092,14,216,149
NU-101092,15,262,132
NU-101092,16,163,160
NU-105452,1,310,147
NU-105452,2,320,148
NU-105452,3,268,172
NU-105452,4,158,118
NU-105452,5,135,146
NU-105452,6,217,140
NU-105452,7,227,132
NU-105452,8,299,150
NU-105452,9,87,47
NU-105452,10,126,82
NU-105452,11,299,178
NU-105452,12,450,226
NU-105452,13,144,110
NU-105452,14,196,125
NU-105452,15,179,156
NU-105452,16,301,180
NU-106018,1,383,238
NU-106018,2,360,230
NU-106018,3,354,271
NU-106018,4,375,261
NU-106018,5,561,271
NU-106018,6,285,193
NU-106018,7,224,173
NU-106018,8,459,216
NU-106018,9,151,98
NU-106018,10,454,231
NU-106018,11,354,218
NU-106018,12,279,224
NU-106018,13,410,222
NU-106018,14,256,200
NU-106018,15,420,236
NU-106018,16,470,225
NU-109423,1,133,89
NU-109423,2,384,245
NU-109423,3,280,173
NU-109423,4,142,89
NU-109423,5,264,132
NU-109423,6,245,192
NU-109423,7,321,167
NU-109423,8,215,148
NU-109423,9,93,60
NU-109423,10,208,173
NU-109423,11,210,134
NU-109423,12,236,137
NU-109423,13,137,88
NU-109423,14,312,218
NU-109423,15,300,195
NU-109423,16,311,249
NU-102833,1,196,120
NU-102833,2,108,81
NU-102833,3,124,175
NU-102833,4,323,189
NU-102833,5,449,263
NU-102833,6,340,233
NU-102833,7,369,217
NU-102833,8,171,108
NU-102833,9,128,78
NU-102833,10,269,180
NU-102833,11,132,100
NU-102833,12,289,159
NU-102833,13,346,177
NU-102833,14,310,158
NU-102833,15,189,117
NU-102833,16,216,191
NU-100551,1,167,128
NU-100551,2,198,145
NU-100551,3,344,173
NU-100551,4,360,232
NU-100551,5,227,190
NU-100551,6,265,136
NU-100551,7,246,170
NU-100551,8,364,201
NU-100551,9,178,75
NU-100551,10,141,116
NU-100551,11,113,92
NU-100551,12,315,167
NU-100551,13,177,193
NU-100551,14,279,168
NU-100551,15,251,152
NU-100551,16,337,164
NU-101036,1,476,263
NU-101036,2,651,385
NU-101036,3,431,255
NU-101036,4,453,249
NU-101036,5,461,271
NU-101036,6,287,204
NU-101036,7,562,273
NU-101036,8,481,250
NU-101036,9,247,145
NU-101036,10,437,270
NU-101036,11,341,245
NU-101036,12,384,315
NU-101036,13,407,269
NU-101036,14,542,253
NU-101036,15,404,303
NU-101036,16,512,328
NU-104019,1,464,286
NU-104019,2,560,277
NU-104019,3,606,311
NU-104019,4,378,292
NU-104019,5,292,204
NU-104019,6,586,289
NU-104019,7,482,264
NU-104019,8,381,254
NU-104019,9,144,121
NU-104019,10,450,226
NU-104019,11,620,297
NU-104019,12,460,247
NU-104019,13,556,318
NU-104019,14,361,216
NU-104019,15,473,280
NU-104019,16,435,309
NU-106104,1,194,119
NU-106104,2,216,174
NU-106104,3,334,163
NU-106104,4,141,69
NU-106104,5,318,250
NU-106104,6,72,51
NU-106104,7,242,141
NU-106104,8,153,121
NU-106104,9,98,56
NU-106104,10,42,28
NU-106104,11,163,93
NU-106104,12,189,98
NU-106104,13,238,119
NU-106104,14,182,142
NU-106104,15,263,169
NU-106104,16,162,124
NU-101876,1,119,93
NU-101876,2,317,236
NU-101876,3,480,231
NU-101876,4,284,197
NU-101876,5,242,137
NU-101876,6,246,149
NU-101876,7,329,192
NU-101876,8,306,205
NU-101876,9,206,123
NU-101876,10,384,224
NU-101876,11,270,186
NU-101876,12,545,290
NU-101876,13,210,179
NU-101876,14,320,201
NU-101876,15,163,127
NU-101876,16,227,139
NU-100161,1,506,370
NU-100161,2,580,351
NU-100161,3,446,322
NU-100161,4,551,274
NU-100161,5,534,291
NU-100161,6,650,375
NU-100161,7,567,310
NU-100161,8,442,329
NU-100161,9,318,152
NU-100161,10,382,300
NU-100161,11,575,370
NU-100161,12,809,446
NU-100161,13,623,335
NU-100161,14,565,406
NU-100161,15,362,353
NU-100161,16,512,274
NU-105402,1,259,207
NU-105402,2,146,95
NU-105402,3,164,84
NU-105402,4,291,153
NU-105402,5,108,80
NU-105402,6,193,119
NU-105402,7,437,207
NU-105402,8,288,159
NU-105402,9,117,72
NU-105402,10,219,132
NU-105402,11,306,138
NU-105402,12,88,97
NU-105402,13,255,150
NU-105402,14,321,199
NU-105402,15,195,93
NU-105402,16,201,138
NU-101415,1,474,311
NU-101415,2,472,312
NU-101415,3,276,244
NU-101415,4,449,339
NU-101415,5,530,275
NU-101415,6,695,349
NU-101415,7,544,340
NU-101415,8,522,340
NU-101415,9,218,127
NU-101415,10,137,288
NU-101415,11,523,344
NU-101415,12,377,296
NU-101415,13,316,313
NU-101415,14,603,347
NU-101415,15,521,299
NU-101415,16,593,306
NU-100546,1,361,199
NU-100546,2,221,198
NU-100546,3,380,208
NU-100546,4,342,234
NU-100546,5,269,223
NU-100546,6,242,190
NU-100546,7,331,181
NU-100546,8,445,250
NU-100546,9,141,94
NU-100546,10,238,176
NU-100546,11,350,220
NU-100546,12,335,250
NU-100546,13,392,233
NU-100546,14,398,211
NU-100546,15,355,215
NU-100546,16,553,282
NU-106381,1,170,137
NU-106381,2,365,214
NU-106381,3,224,193
NU-106381,4,252,170
NU-106381,5,262,181
NU-106381,6,271,138
NU-106381,7,325,193
NU-106381,8,352,203
NU-106381,9,86,45
NU-106381,10,212,166
NU-106381,11,302,203
NU-106381,12,300,236
NU-106381,13,291,200
NU-106381,14,454,189
NU-106381,15,449,237
NU-106381,16,382,213
NU-102006,1,145,109
NU-102006,2,135,134
NU-102006,3,284,137
NU-102006,4,257,109
NU-102006,5,153,96
NU-102006,6,190,117
NU-102006,7,225,143
NU-102006,8,254,160
NU-102006,9,74,38
NU-102006,10,251,163
NU-102006,11,193,132
NU-102006,12,136,101
NU-102006,13,286,175
NU-102006,14,226,140
NU-102006,15,203,144
NU-102006,16,221,128
NU-108508,1,491,292
NU-108508,2,488,277
NU-108508,3,394,244
NU-108508,4,464,310
NU-108508,5,531,328
NU-108508,6,382,266
NU-108508,7,800,344
NU-108508,8,595,344
NU-108508,9,151,104
NU-108508,10,612,287
NU-108508,11,478,306
NU-108508,12,315,356
NU-108508,13,459,312
NU-108508,14,544,309
NU-108508,15,379,237
NU-108508,16,315,268
NU-109962,1,90,78
NU-109962,2,104,78
NU-109962,3,135,84
NU-109962,4,212,116
NU-109962,5,6,4
NU-109962,6,182,115
NU-109962,7,81,88
NU-109962,8,111,61
NU-109962,9,56,37
NU-109962,10,36,22
NU-109962,11,85,76
NU-109962,12,78,73
NU-109962,13,76,38
NU-109962,14,125,88
NU-109962,15,28,17
NU-109962,16,166,94
NU-104007,1,286,163
NU-104007,2,118,82
NU-104007,3,356,168
NU-104007,4,286,176
NU-104007,5,161,96
NU-104007,6,344,152
NU-104007,7,335,192
NU-104007,8,202,98
NU-104007,9,48,33
NU-104007,10,208,149
NU-104007,11,194,125
NU-104007,12,279,150
NU-104007,13,305,170
NU-104007,14,109,66
NU-104007,15,264,138
NU-104007,16,207,126
NU-106263,1,299,197
NU-106263,2,245,162
NU-106263,3,302,211
NU-106263,4,215,150
NU-106263,5,434,240
NU-106263,6,365,216
NU-106263,7,486,241
NU-106263,8,288,136
NU-106263,9,165,77
NU-106263,10,368,216
NU-106263,11,305,169
NU-106263,12,323,189
NU-106263,13,350,233
NU-106263,14,325,217
NU-106263,15,342,213
NU-106263,16,252,156
NU-101333,1,374,247
NU-101333,2,431,212
NU-101333,3,599,322
NU-101333,4,353,247
NU-101333,5,470,355
NU-101333,6,316,268
NU-101333,7,373,272
NU-101333,8,323,286
NU-101333,9,186,124
NU-101333,10,520,386
NU-101333,11,457,268
NU-101333,12,507,277
NU-101333,13,568,259
NU-101333,14,481,283
NU-101333,15,464,245
NU-101333,16,507,295
NU-103980,1,238,176
NU-103980,2,359,199
NU-103980,3,260,152
NU-103980,4,335,240
NU-103980,5,241,169
NU-103980,6,243,241
NU-103980,7,234,128
NU-103980,8,326,190
NU-103980,9,144,98
NU-103980,10,283,181
NU-103980,11,252,159
NU-103980,12,216,153
NU-103980,13,137,125
NU-103980,14,361,215
NU-103980,15,295,213
NU-103980,16,347,191
NU-106929,1,682,282
NU-106929,2,676,343
NU-106929,3,628,325
NU-106929,4,440,281
NU-106929,5,712,342
NU-106929,6,525,301
NU-106929,7,638,316
NU-106929,8,497,339
NU-106929,9,318,140
NU-106929,10,457,347
NU-106929,11,282,233
NU-106929,12,557,270
NU-106929,13,452,314
NU-106929,14,381,311
NU-106929,15,587,321
NU-106929,16,414,254
NU-103896,1,135,99
NU-103896,2,142,110
NU-103896,3,78,52
NU-103896,4,108,85
NU-103896,5,240,154
NU-103896,6,92,63
NU-103896,7,171,84
NU-103896,8,170,90
NU-103896,9,90,44
NU-103896,10,299,157
NU-103896,11,325,173
NU-103896,12,225,123
NU-103896,13,174,136
NU-103896,14,322,160
NU-103896,15,281,161
NU-103896,16,185,117
NU-104809,1,427,303
NU-104809,2,452,296
NU-104809,3,778,367
NU-104809,4,630,274
NU-104809,5,313,311
NU-104809,6,526,281
NU-104809,7,307,338
NU-104809,8,346,250
NU-104809,9,205,141
NU-104809,10,419,324
NU-104809,11,349,258
NU-104809,12,546,288
NU-104809,13,626,354
NU-104809,14,240,306
NU-104809,15,342,265
NU-104809,16,365,207
NU-101684,1,231,145
NU-101684,2,411,198
NU-101684,3,324,227
NU-101684,4,257,212
NU-101684,5,170,135
NU-101684,6,369,191
NU-101684,7,308,200
NU-101684,8,400,239
NU-101684,9,112,66
NU-101684,10,362,233
NU-101684,11,362,173
NU-101684,12,354,189
NU-101684,13,250,189
NU-101684,14,413,223
NU-101684,15,229,290
NU-101684,16,474,252
NU-100783,1,338,190
NU-100783,2,328,197
NU-100783,3,274,200
NU-100783,4,479,242
NU-100783,5,225,153
NU-100783,6,265,134
NU-100783,7,397,210
NU-100783,8,283,213
NU-100783,9,75,57
NU-100783,10,450,216
NU-100783,11,330,157
NU-100783,12,190,141
NU-100783,13,228,112
NU-100783,14,271,204
NU-100783,15,454,212
NU-100783,16,327,221
NU-108938,1,384,243
NU-108938,2,458,310
NU-108938,3,443,197
NU-108938,4,400,238
NU-108938,5,344,232
NU-108938,6,568,267
NU-108938,7,489,268
NU-108938,8,306,198
NU-108938,9,150,85
NU-108938,10,400,202
NU-108938,11,344,271
NU-108938,12,601,288
NU-108938,13,519,326
NU-108938,14,315,204
NU-108938,15,455,227
NU-108938,16,361,265
NU-105477,1,411,244
NU-105477,2,358,289
NU-105477,3,541,262
NU-105477,4,455,261
NU-105477,5,494,276
NU-105477,6,395,260
NU-105477,7,573,301
NU-105477,8,365,221
NU-105477,9,215,150
NU-105477,10,536,292
NU-105477,11,446,296
NU-105477,12,447,340
NU-105477,13,290,154
NU-105477,14,466,310
NU-105477,15,352,288
NU-105477,16,469,257
NU-102342,1,295,190
NU-102342,2,521,268
NU-102342,3,341,238
NU-102342,4,417,239
NU-102342,5,215,136
NU-102342,6,405,290
NU-102342,7,433,269
NU-102342,8,453,214
NU-102342,9,120,117
NU-102342,10,344,207
NU-102342,11,272,237
NU-102342,12,414,246
NU-102342,13,373,293
NU-102342,14,322,217
NU-102342,15,349,192
NU-102342,16,229,198
NU-108406,1,391,308
NU-108406,2,460,346
NU-108406,3,458,315
NU-108406,4,435,399
NU-108406,5,553,343
NU-108406,6,422,253
NU-108406,7,571,355
NU-108406,8,503,301
NU-108406,9,276,135
NU-108406,10,550,339
NU-108406,11,495,317
NU-108406,12,593,372
NU-108406,13,440,233
NU-108406,14,351,306
NU-108406,15,417,319
NU-108406,16,343,293
NU-109502,1,543,293
NU-109502,2,565,270
NU-109502,3,422,325
NU-109502,4,637,292
NU-109502,5,476,278
NU-109502,6,421,253
NU-109502,7,375,219
NU-109502,8,309,194
NU-109502,9,195,118
NU-109502,10,606,329
NU-109502,11,449,213
NU-109502,12,484,309
NU-109502,13,627,328
NU-109502,14,452,312
NU-109502,15,420,259
NU-109502,16,508,307
NU-104927,1,294,217
NU-104927,2,351,219
NU-104927,3,241,139
NU-104927,4,121,115
NU-104927,5,121,87
NU-104927,6,143,149
NU-104927,7,145,106
NU-104927,8,258,145
NU-104927,9,86,47
NU-104927,10,127,70
NU-104927,11,147,107
NU-104927,12,251,129
NU-104927,13,205,135
NU-104927,14,287,186
NU-104927,15,198,91
NU-104927,16,294,188
NU-101090,1,145,150
NU-101090,2,370,204
NU-101090,3,307,188
NU-101090,4,242,125
NU-101090,5,183,167
NU-101090,6,145,150
NU-101090,7,206,153
NU-101090,8,157,122
NU-101090,9,81,74
NU-101090,10,142,126
NU-101090,11,298,182
NU-101090,12,232,151
NU-101090,13,159,95
NU-101090,14,203,141
NU-101090,15,218,93
NU-101090,16,231,182
NU-101394,1,327,176
NU-101394,2,203,198
NU-101394,3,298,154
NU-101394,4,339,190
NU-101394,5,108,113
NU-101394,6,106,61
NU-101394,7,221,151
NU-101394,8,236,127
NU-101394,9,95,58
NU-101394,10,131,73
NU-101394,11,122,76
NU-101394,12,246,158
NU-101394,13,104,74
NU-101394,14,210,143
NU-101394,15,176,87
NU-101394,16,322,177
NU-102990,1,179,100
NU-102990,2,269,166
NU-102990,3,279,180
NU-102990,4,220,184
NU-102990,5,304,171
NU-102990,6,317,190
NU-102990,7,294,179
NU-102990,8,257,142
NU-102990,9,81,46
NU-102990,10,460,258
NU-102990,11,315,178
NU-102990,12,180,117
NU-102990,13,338,173
NU-102990,14,247,174
NU-102990,15,257,176
NU-102990,16,356,177
NU-107400,1,104,73
NU-107400,2,287,185
NU-107400,3,133,95
NU-107400,4,37,22
NU-107400,5,19,13
NU-107400,6,157,99
NU-107400,7,55,32
NU-107400,8,72,43
NU-107400,9,58,31
NU-107400,10,35,25
NU-107400,11,119,117
NU-107400,12,158,88
NU-107400,13,160,82
NU-107400,14,148,88
NU-107400,15,108,46
NU-107400,16,0,0
NU-101064,1,411,249
NU-101064,2,492,267
NU-101064,3,295,224
NU-101064,4,291,255
NU-101064,5,382,269
NU-101064,6,394,191
NU-101064,7,423,300
NU-101064,8,347,212
NU-101064,9,126,103
NU-101064,10,303,222
NU-101064,11,363,250
NU-101064,12,390,224
NU-101064,13,510,261
NU-101064,14,278,181
NU-101064,15,349,250
NU-101064,16,271,218
NU-101264,1,324,273
NU-101264,2,405,229
NU-101264,3,320,160
NU-101264,4,326,223
NU-101264,5,483,272
NU-101264,6,389,311
NU-101264,7,450,248
NU-101264,8,291,234
NU-101264,9,160,134
NU-101264,10,244,270
NU-101264,11,370,261
NU-101264,12,376,243
NU-101264,13,355,203
NU-101264,14,504,271
NU-101264,15,407,246
NU-101264,16,329,207
NU-105011,1,614,273
NU-105011,2,388,254
NU-105011,3,301,208
NU-105011,4,528,280
NU-105011,5,336,310
NU-105011,6,450,267
NU-105011,7,509,278
NU-105011,8,539,250
NU-105011,9,136,121
NU-105011,10,478,258
NU-105011,11,359,293
NU-105011,12,355,244
NU-105011,13,542,309
NU-105011,14,299,220
NU-105011,15,475,274
NU-105011,16,412,233
NU-107089,1,339,216
NU-107089,2,334,231
NU-107089,3,461,260
NU-107089,4,267,186
NU-107089,5,288,163
NU-107089,6,487,311
NU-107089,7,493,223
NU-107089,8,311,198
NU-107089,9,173,100
NU-107089,10,184,113
NU-107089,11,353,227
NU-107089,12,478,251
NU-107089,13,237,153
NU-107089,14,394,230
NU-107089,15,326,238
NU-107089,16,350,244
NU-106984,1,306,220
NU-106984,2,342,195
NU-106984,3,209,163
NU-106984,4,351,172
NU-106984,5,173,117
NU-106984,6,434,238
NU-106984,7,248,177
NU-106984,8,155,123
NU-106984,9,112,88
NU-106984,10,245,133
NU-106984,11,112,80
NU-106984,12,103,59
NU-106984,13,183,145
NU-106984,14,211,143
NU-106984,15,383,224
NU-106984,16,221,194
NU-100679,1,341,262
NU-100679,2,464,295
NU-100679,3,368,241
NU-100679,4,591,290
NU-100679,5,465,242
NU-100679,6,631,297
NU-100679,7,430,234
NU-100679,8,366,323
NU-100679,9,208,122
NU-100679,10,309,237
NU-100679,11,345,238
NU-100679,12,509,321
NU-100679,13,330,211
NU-100679,14,383,223
NU-100679,15,244,219
NU-100679,16,493,317
NU-101358,1,453,359
NU-101358,2,383,337
NU-101358,3,598,262
NU-101358,4,489,363
NU-101358,5,585,311
NU-101358,6,330,300
NU-101358,7,498,373
NU-101358,8,556,290
NU-101358,9,195,125
NU-101358,10,663,353
NU-101358,11,466,306
NU-101358,12,600,343
NU-101358,13,517,301
NU-101358,14,653,337
NU-101358,15,497,317
NU-101358,16,755,358
NU-104656,1,18,14
NU-104656,2,45,44
NU-104656,3,158,95
NU-104656,4,215,129
NU-104656,5,0,0
NU-104656,6,110,62
NU-104656,7,92,53
NU-104656,8,18,12
NU-104656,9,85,41
NU-104656,10,43,24
NU-104656,11,216,114
NU-104656,12,82,72
NU-104656,13,116,77
NU-104656,14,173,95
NU-104656,15,155,79
NU-104656,16,83,78
NU-102372,1,289,155
NU-102372,2,266,172
NU-102372,3,271,155
NU-102372,4,225,155
NU-102372,5,198,140
NU-102372,6,268,131
NU-102372,7,263,191
NU-102372,8,137,100
NU-102372,9,134,68
NU-102372,10,279,180
NU-102372,11,284,138
NU-102372,12,198,127
NU-102372,13,288,125
NU-102372,14,148,87
NU-102372,15,170,116
NU-102372,16,212,168
NU-108291,1,291,136
NU-108291,2,445,215
NU-108291,3,342,244
NU-108291,4,227,125
NU-108291,5,268,179
NU-108291,6,228,166
NU-108291,7,431,234
NU-108291,8,291,188
NU-108291,9,89,54
NU-108291,10,225,135
NU-108291,11,449,235
NU-108291,12,231,137
NU-108291,13,234,164
NU-108291,14,332,206
NU-108291,15,150,150
NU-108291,16,450,246
NU-103657,1,259,134
NU-103657,2,332,172
NU-103657,3,386,262
NU-103657,4,380,233
NU-103657,5,345,184
NU-103657,6,323,183
NU-103657,7,313,186
NU-103657,8,247,170
NU-103657,9,121,70
NU-103657,10,193,152
NU-103657,11,424,203
NU-103657,12,790,329
NU-103657,13,232,133
NU-103657,14,437,215
NU-103657,15,341,211
NU-103657,16,431,208
NU-105172,1,206,159
NU-105172,2,408,202
NU-105172,3,373,191
NU-105172,4,240,161
NU-105172,5,400,276
NU-105172,6,233,144
NU-105172,7,353,242
NU-105172,8,261,137
NU-105172,9,112,68
NU-105172,10,357,197
NU-105172,11,353,162
NU-105172,12,277,167
NU-105172,13,110,87
NU-105172,14,302,193
NU-105172,15,204,108
NU-105172,16,336,188
NU-106832,1,440,196
NU-106832,2,436,223
NU-106832,3,528,300
NU-106832,4,545,282
NU-106832,5,400,247
NU-106832,6,431,308
NU-106832,7,392,268
NU-106832,8,307,197
NU-106832,9,121,78
NU-106832,10,558,300
NU-106832,11,700,320
NU-106832,12,499,266
NU-106832,13,348,262
NU-106832,14,401,258
NU-106832,15,501,248
NU-106832,16,517,294
NU-108355,1,532,330
NU-108355,2,260,237
NU-108355,3,412,276
NU-108355,4,388,205
NU-108355,5,353,223
NU-108355,6,368,244
NU-108355,7,531,299
NU-108355,8,304,221
NU-108355,9,258,109
NU-108355,10,345,207
NU-108355,11,422,245
NU-108355,12,295,264
NU-108355,13,448,248
NU-108355,14,407,222
NU-108355,15,266,176
NU-108355,16,309,196
NU-109155,1,114,85
NU-109155,2,420,231
NU-109155,3,228,141
NU-109155,4,220,127
NU-109155,5,200,145
NU-109155,6,196,151
NU-109155,7,291,190
NU-109155,8,235,164
NU-109155,9,159,81
NU-109155,10,74,77
NU-109155,11,284,206
NU-109155,12,156,83
NU-109155,13,327,204
NU-109155,14,315,193
NU-109155,15,263,142
NU-109155,16,287,149
NU-109895,1,521,256
NU-109895,2,640,321
NU-109895,3,423,278
NU-109895,4,575,288
NU-109895,5,336,252
NU-109895,6,415,269
NU-109895,7,331,242
NU-109895,8,207,261
NU-109895,9,178,111
NU-109895,10,358,270
NU-109895,11,439,294
NU-109895,12,480,304
NU-109895,13,473,251
NU-109895,14,508,300
NU-109895,15,555,309
NU-109895,16,439,241
NU-103012,1,362,251
NU-103012,2,626,259
NU-103012,3,207,166
NU-103012,4,501,305
NU-103012,5,300,277
NU-103012,6,403,301
NU-103012,7,614,320
NU-103012,8,453,303
NU-103012,9,179,107
NU-103012,10,441,260
NU-103012,11,388,234
NU-103012,12,226,234
NU-103012,13,367,223
NU-103012,14,292,198
NU-103012,15,247,228
NU-103012,16,656,330
NU-101897,1,619,328
NU-101897,2,562,303
NU-101897,3,516,339
NU-101897,4,368,293
NU-101897,5,487,321
NU-101897,6,379,293
NU-101897,7,638,319
NU-101897,8,441,278
NU-101897,9,145,128
NU-101897,10,487,347
NU-101897,11,574,328
NU-101897,12,592,315
NU-101897,13,563,322
NU-101897,14,479,315
NU-101897,15,732,332
NU-101897,16,500,333
NU-109517,1,304,194
NU-109517,2,241,180
NU-109517,3,252,176
NU-109517,4,251,119
NU-109517,5,123,75
NU-109517,6,114,114
NU-109517,7,208,140
NU-109517,8,275,147
NU-109517,9,27,20
NU-109517,10,103,77
NU-109517,11,180,148
NU-109517,12,301,150
NU-109517,13,134,72
NU-109517,14,177,140
NU-109517,15,194,108
NU-109517,16,264,140
NU-105052,1,415,323
NU-105052,2,339,239
NU-105052,3,440,272
NU-105052,4,452,226
NU-105052,5,667,313
NU-105052,6,411,263
NU-105052,7,416,255
NU-105052,8,510,302
NU-105052,9,181,97
NU-105052,10,214,206
NU-105052,11,364,267
NU-105052,12,271,168
NU-105052,13,345,232
NU-105052,14,316,221
NU-105052,15,348,238
NU-105052,16,300,245
NU-109264,1,412,236
NU-109264,2,390,250
NU-109264,3,372,234
NU-109264,4,388,188
NU-109264,5,653,305
NU-109264,6,337,271
NU-109264,7,484,237
NU-109264,8,370,210
NU-109264,9,173,115
NU-109264,10,448,304
NU-109264,11,538,279
NU-109264,12,312,263
NU-109264,13,487,245
NU-109264,14,492,268
NU-109264,15,332,245
NU-109264,16,447,256
NU-103542,1,342,202
NU-103542,2,422,271
NU-103542,3,237,191
NU-103542,4,164,171
NU-103542,5,306,215
NU-103542,6,389,207
NU-103542,7,389,261
NU-103542,8,401,285
NU-103542,9,168,130
NU-103542,10,296,253
NU-103542,11,461,260
NU-103542,12,418,293
NU-103542,13,248,273
NU-103542,14,322,185
NU-103542,15,258,201
NU-103542,16,331,217
NU-103547,1,398,247
NU-103547,2,319,271
NU-103547,3,175,244
NU-103547,4,301,322
NU-103547,5,476,236
NU-103547,6,548,352
NU-103547,7,291,251
NU-103547,8,446,352
NU-103547,9,164,97
NU-103547,10,467,269
NU-103547,11,454,288
NU-103547,12,436,245
NU-103547,13,374,267
NU-103547,14,586,316
NU-103547,15,499,306
NU-103547,16,580,346
NU-109862,1,281,189
NU-109862,2,203,147
NU-109862,3,354,183
NU-109862,4,284,194
NU-109862,5,163,195
NU-109862,6,355,244
NU-109862,7,348,191
NU-109862,8,281,159
NU-109862,9,135,82
NU-109862,10,333,209
NU-109862,11,349,188
NU-109862,12,220,189
NU-109862,13,167,136
NU-109862,14,335,250
NU-109862,15,436,188
NU-109862,16,389,223
NU-102889,1,265,189
NU-102889,2,288,194
NU-102889,3,281,190
NU-102889,4,306,194
NU-102889,5,228,203
NU-102889,6,281,215
NU-102889,7,217,110
NU-102889,8,307,244
NU-102889,9,146,81
NU-102889,10,279,200
NU-102889,11,193,98
NU-102889,12,307,232
NU-102889,13,314,238
NU-102889,14,421,217
NU-102889,15,225,158
NU-102889,16,375,242
NU-107895,1,291,205
NU-107895,2,308,235
NU-107895,3,201,129
NU-107895,4,235,134
NU-107895,5,255,134
NU-107895,6,273,166
NU-107895,7,464,278
NU-107895,8,258,188
NU-107895,9,204,100
NU-107895,10,221,190
NU-107895,11,404,172
NU-107895,12,227,191
NU-107895,13,513,281
NU-107895,14,203,177
NU-107895,15,308,210
NU-107895,16,329,217
NU-103294,1,231,180
NU-103294,2,83,45
NU-103294,3,98,65
NU-103294,4,195,152
NU-103294,5,209,150
NU-103294,6,249,179
NU-103294,7,41,57
NU-103294,8,217,211
NU-103294,9,52,45
NU-103294,10,152,97
NU-103294,11,246,156
NU-103294,12,402,209
NU-103294,13,335,203
NU-103294,14,218,155
NU-103294,15,316,180
NU-103294,16,135,120
NU-109058,1,212,100
NU-109058,2,273,173
NU-109058,3,199,137
NU-109058,4,292,198
NU-109058,5,388,218
NU-109058,6,248,138
NU-109058,7,135,119
NU-109058,8,331,248
NU-109058,9,165,96
NU-109058,10,255,179
NU-109058,11,354,220
NU-109058,12,429,228
NU-109058,13,353,173
NU-109058,14,275,192
NU-109058,15,390,218
NU-109058,16,347,176
NU-101091,1,191,128
NU-101091,2,273,158
NU-101091,3,250,127
NU-101091,4,107,98
NU-101091,5,270,165
NU-101091,6,179,150
NU-101091,7,289,138
NU-101091,8,335,186
NU-101091,9,148,76
NU-101091,10,264,210
NU-101091,11,239,172
NU-101091,12,381,221
NU-101091,13,397,191
NU-101091,14,157,83
NU-101091,15,158,118
NU-101091,16,259,134
NU-101798,1,425,305
NU-101798,2,404,263
NU-101798,3,392,308
NU-101798,4,450,348
NU-101798,5,674,318
NU-101798,6,450,249
NU-101798,7,215,213
NU-101798,8,301,349
NU-101798,9,216,131
NU-101798,10,542,288
NU-101798,11,416,276
NU-101798,12,451,255
NU-101798,13,554,277
NU-101798,14,403,260
NU-101798,15,392,240
NU-101798,16,525,246
NU-101525,1,359,220
NU-101525,2,304,206
NU-101525,3,431,241
NU-101525,4,352,276
NU-101525,5,354,234
NU-101525,6,533,261
NU-101525,7,233,217
NU-101525,8,272,212
NU-101525,9,249,108
NU-101525,10,527,300
NU-101525,11,321,222
NU-101525,12,548,289
NU-101525,13,439,277
NU-101525,14,372,206
NU-101525,15,326,159
NU-101525,16,194,216
NU-101297,1,167,125
NU-101297,2,165,156
NU-101297,3,280,143
NU-101297,4,411,216
NU-101297,5,263,137
NU-101297,6,287,156
NU-101297,7,286,220
NU-101297,8,113,72
NU-101297,9,47,33
NU-101297,10,395,238
NU-101297,11,422,215
NU-101297,12,252,159
NU-101297,13,351,162
NU-101297,14,198,140
NU-101297,15,237,154
NU-101297,16,279,166
NU-101499,1,286,221
NU-101499,2,185,242
NU-101499,3,566,297
NU-101499,4,375,336
NU-101499,5,558,367
NU-101499,6,461,323
NU-101499,7,489,320
NU-101499,8,484,345
NU-101499,9,169,118
NU-101499,10,583,305
NU-101499,11,542,302
NU-101499,12,493,309
NU-101499,13,605,333
NU-101499,14,372,280
NU-101499,15,421,262
NU-101499,16,338,279
NU-108837,1,293,175
NU-108837,2,261,257
NU-108837,3,184,118
NU-108837,4,213,155
NU-108837,5,266,134
NU-108837,6,204,126
NU-108837,7,414,218
NU-108837,8,468,225
NU-108837,9,160,78
NU-108837,10,341,243
NU-108837,11,272,157
NU-108837,12,400,164
NU-108837,13,283,171
NU-108837,14,384,231
NU-108837,15,373,263
NU-108837,16,237,135
NU-102295,1,123,92
NU-102295,2,122,89
NU-102295,3,190,132
NU-102295,4,35,24
NU-102295,5,127,61
NU-102295,6,86,54
NU-102295,7,129,89
NU-102295,8,76,62
NU-102295,9,47,31
NU-102295,10,86,46
NU-102295,11,92,79
NU-102295,12,161,116
NU-102295,13,107,63
NU-102295,14,202,142
NU-102295,15,165,107
NU-102295,16,60,45
NU-102291,1,499,257
NU-102291,2,365,211
NU-102291,3,474,281
NU-102291,4,348,240
NU-102291,5,317,213
NU-102291,6,444,288
NU-102291,7,476,272
NU-102291,8,402,229
NU-102291,9,96,129
NU-102291,10,333,224
NU-102291,11,482,275
NU-102291,12,354,261
NU-102291,13,359,299
NU-102291,14,198,129
NU-102291,15,173,142
NU-102291,16,464,262
NU-100615,1,398,254
NU-100615,2,483,248
NU-100615,3,257,179
NU-100615,4,253,181
NU-100615,5,355,205
NU-100615,6,320,245
NU-100615,7,326,237
NU-100615,8,310,192
NU-100615,9,108,91
NU-100615,10,273,176
NU-100615,11,456,285
NU-100615,12,429,270
NU-100615,13,514,251
NU-100615,14,378,227
NU-100615,15,383,269
NU-100615,16,310,190
NU-100780,1,101,63
NU-100780,2,33,25
NU-100780,3,14,8
NU-100780,4,22,12
NU-100780,5,198,131
NU-100780,6,25,19
NU-100780,7,131,99
NU-100780,8,72,37
NU-100780,9,56,22
NU-100780,10,115,75
NU-100780,11,178,131
NU-100780,12,117,81
NU-100780,13,142,101
NU-100780,14,94,70
NU-100780,15,157,77
NU-100780,16,0,0
NU-109709,1,215,145
NU-109709,2,124,100
NU-109709,3,363,206
NU-109709,4,330,162
NU-109709,5,461,239
NU-109709,6,390,185
NU-109709,7,345,146
NU-109709,8,379,204
NU-109709,9,86,52
NU-109709,10,196,141
NU-109709,11,359,178
NU-109709,12,251,180
NU-109709,13,252,156
NU-109709,14,255,193
NU-109709,15,238,123
NU-109709,16,178,115
NU-106610,1,286,247
NU-106610,2,413,283
NU-106610,3,329,202
NU-106610,4,486,237
NU-106610,5,433,292
NU-106610,6,281,191
NU-106610,7,406,279
NU-106610,8,367,300
NU-106610,9,172,99
NU-106610,10,575,266
NU-106610,11,454,225
NU-106610,12,326,199
NU-106610,13,338,195
NU-106610,14,514,273
NU-106610,15,457,316
NU-106610,16,426,203
NU-105060,1,182,129
NU-105060,2,195,153
NU-105060,3,283,172
NU-105060,4,346,159
NU-105060,5,254,127
NU-105060,6,292,203
NU-105060,7,257,154
NU-105060,8,271,144
NU-105060,9,129,71
NU-105060,10,114,104
NU-105060,11,209,177
NU-105060,12,184,169
NU-105060,13,289,184
NU-105060,14,219,128
NU-105060,15,251,149
NU-105060,16,310,185
NU-108643,1,188,127
NU-108643,2,91,53
NU-108643,3,183,124
NU-108643,4,176,111
NU-108643,5,196,127
NU-108643,6,173,85
NU-108643,7,350,191
NU-108643,8,186,130
NU-108643,9,121,57
NU-108643,10,310,177
NU-108643,11,136,118
NU-108643,12,164,159
NU-108643,13,418,233
NU-108643,14,258,135
NU-108643,15,287,170
NU-108643,16,211,132
NU-107983,1,501,269
NU-107983,2,500,296
NU-107983,3,647,350
NU-107983,4,585,328
NU-107983,5,437,266
NU-107983,6,338,253
NU-107983,7,521,295
NU-107983,8,540,299
NU-107983,9,198,95
NU-107983,10,323,236
NU-107983,11,305,213
NU-107983,12,421,296
NU-107983,13,432,330
NU-107983,14,293,230
NU-107983,15,358,257
NU-107983,16,501,269
NU-104102,1,370,265
NU-104102,2,310,213
NU-104102,3,277,199
NU-104102,4,333,171
NU-104102,5,311,221
NU-104102,6,277,219
NU-104102,7,423,244
NU-104102,8,689,313
NU-104102,9,85,72
NU-104102,10,414,275
NU-104102,11,234,221
NU-104102,12,496,237
NU-104102,13,215,170
NU-104102,14,376,225
NU-104102,15,280,176
NU-104102,16,420,230
NU-105275,1,217,153
NU-105275,2,272,171
NU-105275,3,303,196
NU-105275,4,336,152
NU-105275,5,186,132
NU-105275,6,221,168
NU-105275,7,200,88
NU-105275,8,241,164
NU-105275,9,135,67
NU-105275,10,265,175
NU-105275,11,122,109
NU-105275,12,178,120
NU-105275,13,242,140
NU-105275,14,242,145
NU-105275,15,166,126
NU-105275,16,269,162
NU-105362,1,157,119
NU-105362,2,188,98
NU-105362,3,264,167
NU-105362,4,171,112
NU-105362,5,227,120
NU-105362,6,148,89
NU-105362,7,158,97
NU-105362,8,123,84
NU-105362,9,28,19
NU-105362,10,220,151
NU-105362,11,243,160
NU-105362,12,175,100
NU-105362,13,85,65
NU-105362,14,384,182
NU-105362,15,123,93
NU-105362,16,272,141
NU-103708,1,236,145
NU-103708,2,281,160
NU-103708,3,232,125
NU-103708,4,207,99
NU-103708,5,392,216
NU-103708,6,212,160
NU-103708,7,371,191
NU-103708,8,540,220
NU-103708,9,111,71
NU-103708,10,427,193
NU-103708,11,236,147
NU-103708,12,195,127
NU-103708,13,338,236
NU-103708,14,380,183
NU-103708,15,374,221
NU-103708,16,418,211
NU-101567,1,277,197
NU-101567,2,586,289
NU-101567,3,625,328
NU-101567,4,452,283
NU-101567,5,435,239
NU-101567,6,434,239
NU-101567,7,464,309
NU-101567,8,373,242
NU-101567,9,200,107
NU-101567,10,419,270
NU-101567,11,288,196
NU-101567,12,440,238
NU-101567,13,353,215
NU-101567,14,261,222
NU-101567,15,389,268
NU-101567,16,503,265
NU-100747,1,399,239
NU-100747,2,403,327
NU-100747,3,287,231
NU-100747,4,428,312
NU-100747,5,593,246
NU-100747,6,372,244
NU-100747,7,533,298
NU-100747,8,530,296
NU-100747,9,201,105
NU-100747,10,371,230
NU-100747,11,435,281
NU-100747,12,323,255
NU-100747,13,529,332
NU-100747,14,550,264
NU-100747,15,405,232
NU-100747,16,275,243
NU-100725,1,526,326
NU-100725,2,721,302
NU-100725,3,458,306
NU-100725,4,507,328
NU-100725,5,476,348
NU-100725,6,604,363
NU-100725,7,459,347
NU-100725,8,465,340
NU-100725,9,122,135
NU-100725,10,499,255
NU-100725,11,835,450
NU-100725,12,837,412
NU-100725,13,486,308
NU-100725,14,468,301
NU-100725,15,439,295
NU-100725,16,795,387
NU-103815,1,441,232
NU-103815,2,252,224
NU-103815,3,498,256
NU-103815,4,438,238
NU-103815,5,276,182
NU-103815,6,350,234
NU-103815,7,457,240
NU-103815,8,347,249
NU-103815,9,124,80
NU-103815,10,337,188
NU-103815,11,328,206
NU-103815,12,507,267
NU-103815,13,433,267
NU-103815,14,432,211
NU-103815,15,508,274
NU-103815,16,401,261
NU-109603,1,223,129
NU-109603,2,129,79
NU-109603,3,87,55
NU-109603,4,196,99
NU-109603,5,154,117
NU-109603,6,206,123
NU-109603,7,127,78
NU-109603,8,94,53
NU-109603,9,114,49
NU-109603,10,113,74
NU-109603,11,118,70
NU-109603,12,277,172
NU-109603,13,167,82
NU-109603,14,183,106
NU-109603,15,274,171
NU-109603,16,194,113
NU-103923,1,369,249
NU-103923,2,302,234
NU-103923,3,562,311
NU-103923,4,419,291
NU-103923,5,229,224
NU-103923,6,490,244
NU-103923,7,514,290
NU-103923,8,673,304
NU-103923,9,152,97
NU-103923,10,512,293
NU-103923,11,304,175
NU-103923,12,283,175
NU-103923,13,464,255
NU-103923,14,536,330
NU-103923,15,431,253
NU-103923,16,364,260
NU-103229,1,536,251
NU-103229,2,315,227
NU-103229,3,449,276
NU-103229,4,370,262
NU-103229,5,549,330
NU-103229,6,525,273
NU-103229,7,448,285
NU-103229,8,625,318
NU-103229,9,214,85
NU-103229,10,254,219
NU-103229,11,692,338
NU-103229,12,604,277
NU-103229,13,259,212
NU-103229,14,395,278
NU-103229,15,391,260
NU-103229,16,361,221
NU-102651,1,543,339
NU-102651,2,500,244
NU-102651,3,408,268
NU-102651,4,420,267
NU-102651,5,456,270
NU-102651,6,426,316
NU-102651,7,529,261
NU-102651,8,375,250
NU-102651,9,164,119
NU-102651,10,363,174
NU-102651,11,303,216
NU-102651,12,550,290
NU-102651,13,437,287
NU-102651,14,628,338
NU-102651,15,474,282
NU-102651,16,456,301
NU-104566,1,211,148
NU-104566,2,199,161
NU-104566,3,313,175
NU-104566,4,156,86
NU-104566,5,228,130
NU-104566,6,237,111
NU-104566,7,149,108
NU-104566,8,104,67
NU-104566,9,68,44
NU-104566,10,222,160
NU-104566,11,165,111
NU-104566,12,181,103
NU-104566,13,239,130
NU-104566,14,194,143
NU-104566,15,264,169
NU-104566,16,168,89
NU-102334,1,287,211
NU-102334,2,411,288
NU-102334,3,451,245
NU-102334,4,328,191
NU-102334,5,282,145
NU-102334,6,247,159
NU-102334,7,368,278
NU-102334,8,347,190
NU-102334,9,140,90
NU-102334,10,275,163
NU-102334,11,325,146
NU-102334,12,300,212
NU-102334,13,313,189
NU-102334,14,288,183
NU-102334,15,230,159
NU-102334,16,216,140
NU-102098,1,356,259
NU-102098,2,402,241
NU-102098,3,330,255
NU-102098,4,665,354
NU-102098,5,519,328
NU-102098,6,540,281
NU-102098,7,581,308
NU-102098,8,411,295
NU-102098,9,217,121
NU-102098,10,623,342
NU-102098,11,433,301
NU-102098,12,435,281
NU-102098,13,354,232
NU-102098,14,501,289
NU-102098,15,344,228
NU-102098,16,471,258
NU-104783,1,543,305
NU-104783,2,601,325
NU-104783,3,458,333
NU-104783,4,528,309
NU-104783,5,637,382
NU-104783,6,435,305
NU-104783,7,650,363
NU-104783,8,497,323
NU-104783,9,158,129
NU-104783,10,677,324
NU-104783,11,557,378
NU-104783,12,444,243
NU-104783,13,519,294
NU-104783,14,838,394
NU-104783,15,497,325
NU-104783,16,373,314
NU-102628,1,128,76
NU-102628,2,288,194
NU-102628,3,201,131
NU-102628,4,139,86
NU-102628,5,246,165
NU-102628,6,176,118
NU-102628,7,204,120
NU-102628,8,101,131
NU-102628,9,58,39
NU-102628,10,158,91
NU-102628,11,174,138
NU-102628,12,170,119
NU-102628,13,287,155
NU-102628,14,231,146
NU-102628,15,319,176
NU-102628,16,357,170
NU-108281,1,383,178
NU-108281,2,170,104
NU-108281,3,196,98
NU-108281,4,280,191
NU-108281,5,25,15
NU-108281,6,393,212
NU-108281,7,270,174
NU-108281,8,173,128
NU-108281,9,61,69
NU-108281,10,280,203
NU-108281,11,255,146
NU-108281,12,284,152
NU-108281,13,284,208
NU-108281,14,180,146
NU-108281,15,286,154
NU-108281,16,264,168
NU-104857,1,307,198
NU-104857,2,212,128
NU-104857,3,450,254
NU-104857,4,435,304
NU-104857,5,392,238
NU-104857,6,245,213
NU-104857,7,340,275
NU-104857,8,411,303
NU-104857,9,184,113
NU-104857,10,383,266
NU-104857,11,354,266
NU-104857,12,332,208
NU-104857,13,509,319
NU-104857,14,533,305
NU-104857,15,346,272
NU-104857,16,272,269
NU-105401,1,209,113
NU-105401,2,382,171
NU-105401,3,275,173
NU-105401,4,171,116
NU-105401,5,224,125
NU-105401,6,213,121
NU-105401,7,513,226
NU-105401,8,263,173
NU-105401,9,55,32
NU-105401,10,135,96
NU-105401,11,118,66
NU-105401,12,66,42
NU-105401,13,100,84
NU-105401,14,295,197
NU-105401,15,221,144
NU-105401,16,147,69
NU-101688,1,563,312
NU-101688,2,339,254
NU-101688,3,548,313
NU-101688,4,413,295
NU-101688,5,434,304
NU-101688,6,559,285
NU-101688,7,294,277
NU-101688,8,333,235
NU-101688,9,121,107
NU-101688,10,519,340
NU-101688,11,486,288
NU-101688,12,430,262
NU-101688,13,314,194
NU-101688,14,302,280
NU-101688,15,462,306
NU-101688,16,395,197
NU-100641,1,194,139
NU-100641,2,279,171
NU-100641,3,305,172
NU-100641,4,231,137
NU-100641,5,173,194
NU-100641,6,250,156
NU-100641,7,295,214
NU-100641,8,237,155
NU-100641,9,163,89
NU-100641,10,416,226
NU-100641,11,375,196
NU-100641,12,260,143
NU-100641,13,264,164
NU-100641,14,206,156
NU-100641,15,210,182
NU-100641,16,461,269
NU-102099,1,386,236
NU-102099,2,624,309
NU-102099,3,319,231
NU-102099,4,473,241
NU-102099,5,259,181
NU-102099,6,337,268
NU-102099,7,343,258
NU-102099,8,491,265
NU-102099,9,129,111
NU-102099,10,523,294
NU-102099,11,328,227
NU-102099,12,476,269
NU-102099,13,211,245
NU-102099,14,454,243
NU-102099,15,318,227
NU-102099,16,370,237
NU-100810,1,323,199
NU-100810,2,371,210
NU-100810,3,357,240
NU-100810,4,272,210
NU-100810,5,272,206
NU-100810,6,348,249
NU-100810,7,357,227
NU-100810,8,308,188
NU-100810,9,131,105
NU-100810,10,443,234
NU-100810,11,466,233
NU-100810,12,391,227
NU-100810,13,439,231
NU-100810,14,427,269
NU-100810,15,311,173
NU-100810,16,262,173
NU-106912,1,376,259
NU-106912,2,404,207
NU-106912,3,333,240
NU-106912,4,311,242
NU-106912,5,325,264
NU-106912,6,423,202
NU-106912,7,509,295
NU-106912,8,500,277
NU-106912,9,204,96
NU-106912,10,330,202
NU-106912,11,215,149
NU-106912,12,282,241
NU-106912,13,247,237
NU-106912,14,492,277
NU-106912,15,537,296
NU-106912,16,362,202
NU-105127,1,314,236
NU-105127,2,269,261
NU-105127,3,441,202
NU-105127,4,444,213
NU-105127,5,351,234
NU-105127,6,397,323
NU-105127,7,174,199
NU-105127,8,390,201
NU-105127,9,141,104
NU-105127,10,238,191
NU-105127,11,231,178
NU-105127,12,138,117
NU-105127,13,436,231
NU-105127,14,411,236
NU-105127,15,268,174
NU-105127,16,238,157
NU-103001,1,156,143
NU-103001,2,233,146
NU-103001,3,301,180
NU-103001,4,196,112
NU-103001,5,138,134
NU-103001,6,205,135
NU-103001,7,258,177
NU-103001,8,203,116
NU-103001,9,71,39
NU-103001,10,241,129
NU-103001,11,190,125
NU-103001,12,154,78
NU-103001,13,274,225
NU-103001,14,333,181
NU-103001,15,305,174
NU-103001,16,103,76
NU-103859,1,152,91
NU-103859,2,211,181
NU-103859,3,228,147
NU-103859,4,183,140
NU-103859,5,257,132
NU-103859,6,128,118
NU-103859,7,193,123
NU-103859,8,358,207
NU-103859,9,116,66
NU-103859,10,366,181
NU-103859,11,127,105
NU-103859,12,361,191
NU-103859,13,283,159
NU-103859,14,111,91
NU-103859,15,251,158
NU-103859,16,78,42
NU-103191,1,493,351
NU-103191,2,701,344
NU-103191,3,664,352
NU-103191,4,865,330
NU-103191,5,580,387
NU-103191,6,558,374
NU-103191,7,546,334
NU-103191,8,238,362
NU-103191,9,264,137
NU-103191,10,561,324
NU-103191,11,447,289
NU-103191,12,652,420
NU-103191,13,854,446
NU-103191,14,652,276
NU-103191,15,492,353
NU-103191,16,507,324
NU-104270,1,345,237
NU-104270,2,577,296
NU-104270,3,498,284
NU-104270,4,406,279
NU-104270,5,447,283
NU-104270,6,460,241
NU-104270,7,295,176
NU-104270,8,403,270
NU-104270,9,158,81
NU-104270,10,319,272
NU-104270,11,327,253
NU-104270,12,531,244
NU-104270,13,242,156
NU-104270,14,426,263
NU-104270,15,373,243
NU-104270,16,246,193
NU-103631,1,141,87
NU-103631,2,281,186
NU-103631,3,239,163
NU-103631,4,345,191
NU-103631,5,334,207
NU-103631,6,267,174
NU-103631,7,310,199
NU-103631,8,147,124
NU-103631,9,143,112
NU-103631,10,257,137
NU-103631,11,207,128
NU-103631,12,305,191
NU-103631,13,422,225
NU-103631,14,285,188
NU-103631,15,256,171
NU-103631,16,266,191
NU-101539,1,566,275
NU-101539,2,479,280
NU-101539,3,509,304
NU-101539,4,344,293
NU-101539,5,345,249
NU-101539,6,301,205
NU-101539,7,576,308
NU-101539,8,447,300
NU-101539,9,205,137
NU-101539,10,399,308
NU-101539,11,272,263
NU-101539,12,531,319
NU-101539,13,433,281
NU-101539,14,637,322
NU-101539,15,399,246
NU-101539,16,470,278
NU-109340,1,347,254
NU-109340,2,626,306
NU-109340,3,359,223
NU-109340,4,337,194
NU-109340,5,417,244
NU-109340,6,312,225
NU-109340,7,422,251
NU-109340,8,217,153
NU-109340,9,111,94
NU-109340,10,255,232
NU-109340,11,373,227
NU-109340,12,415,254
NU-109340,13,222,273
NU-109340,14,343,205
NU-109340,15,614,310
NU-109340,16,203,185
NU-107556,1,57,40
NU-107556,2,226,110
NU-107556,3,330,169
NU-107556,4,97,82
NU-107556,5,82,55
NU-107556,6,278,128
NU-107556,7,175,129
NU-107556,8,308,172
NU-107556,9,89,49
NU-107556,10,91,61
NU-107556,11,98,71
NU-107556,12,256,159
NU-107556,13,128,65
NU-107556,14,202,117
NU-107556,15,128,100
NU-107556,16,185,105
NU-104056,1,0,0
NU-104056,2,171,88
NU-104056,3,136,83
NU-104056,4,151,121
NU-104056,5,149,125
NU-104056,6,6,4
NU-104056,7,87,57
NU-104056,8,227,109
NU-104056,9,0,0
NU-104056,10,97,53
NU-104056,11,72,46
NU-104056,12,229,126
NU-104056,13,69,48
NU-104056,14,129,106
NU-104056,15,98,71
NU-104056,16,75,52
NU-107617,1,367,231
NU-107617,2,303,171
NU-107617,3,313,194
NU-107617,4,467,234
NU-107617,5,160,112
NU-107617,6,199,149
NU-107617,7,247,192
NU-107617,8,274,137
NU-107617,9,174,108
NU-107617,10,144,83
NU-107617,11,334,223
NU-107617,12,407,228
NU-107617,13,318,157
NU-107617,14,562,297
NU-107617,15,216,188
NU-107617,16,343,223
NU-105970,1,453,217
NU-105970,2,245,126
NU-105970,3,207,134
NU-105970,4,202,134
NU-105970,5,208,179
NU-105970,6,307,200
NU-105970,7,399,220
NU-105970,8,230,209
NU-105970,9,147,75
NU-105970,10,259,213
NU-105970,11,257,155
NU-105970,12,386,173
NU-105970,13,378,186
NU-105970,14,229,112
NU-105970,15,378,238
NU-105970,16,155,108
NU-106122,1,265,145
NU-106122,2,170,101
NU-106122,3,447,188
NU-106122,4,190,135
NU-106122,5,581,291
NU-106122,6,221,118
NU-106122,7,331,234
NU-106122,8,460,222
NU-106122,9,118,74
NU-106122,10,312,118
NU-106122,11,227,192
NU-106122,12,357,213
NU-106122,13,285,185
NU-106122,14,294,182
NU-106122,15,341,194
NU-106122,16,386,249
NU-102125,1,146,95
NU-102125,2,159,126
NU-102125,3,174,157
NU-102125,4,146,123
NU-102125,5,323,174
NU-102125,6,196,137
NU-102125,7,119,84
NU-102125,8,381,202
NU-102125,9,105,59
NU-102125,10,241,152
NU-102125,11,197,106
NU-102125,12,144,96
NU-102125,13,135,91
NU-102125,14,152,130
NU-102125,15,181,116
NU-102125,16,153,81
NU-107496,1,376,184
NU-107496,2,308,179
NU-107496,3,224,187
NU-107496,4,366,207
NU-107496,5,403,237
NU-107496,6,442,213
NU-107496,7,396,205
NU-107496,8,295,217
NU-107496,9,116,82
NU-107496,10,190,247
NU-107496,11,377,216
NU-107496,12,224,138
NU-107496,13,323,252
NU-107496,14,253,149
NU-107496,15,285,202
NU-107496,16,232,172
NU-105932,1,141,143
NU-105932,2,175,125
NU-105932,3,343,150
NU-105932,4,251,141
NU-105932,5,319,173
NU-105932,6,144,93
NU-105932,7,225,131
NU-105932,8,192,167
NU-105932,9,77,50
NU-105932,10,170,106
NU-105932,11,366,197
NU-105932,12,152,138
NU-105932,13,229,125
NU-105932,14,301,196
NU-105932,15,304,199
NU-105932,16,166,92
NU-108106,1,272,156
NU-108106,2,395,227
NU-108106,3,276,186
NU-108106,4,352,200
NU-108106,5,360,219
NU-108106,6,222,150
NU-108106,7,448,253
NU-108106,8,213,172
NU-108106,9,205,120
NU-108106,10,196,164
NU-108106,11,302,183
NU-108106,12,240,184
NU-108106,13,323,199
NU-108106,14,229,186
NU-108106,15,256,168
NU-108106,16,540,231
NU-105231,1,533,275
NU-105231,2,369,211
NU-105231,3,376,242
NU-105231,4,416,258
NU-105231,5,389,275
NU-105231,6,407,210
NU-105231,7,375,279
NU-105231,8,371,228
NU-105231,9,211,114
NU-105231,10,476,202
NU-105231,11,286,244
NU-105231,12,306,227
NU-105231,13,358,209
NU-105231,14,445,227
NU-105231,15,303,243
NU-105231,16,381,206
NU-103971,1,306,275
NU-103971,2,207,218
NU-103971,3,593,320
NU-103971,4,422,214
NU-103971,5,601,295
NU-103971,6,347,208
NU-103971,7,451,247
NU-103971,8,439,289
NU-103971,9,194,105
NU-103971,10,316,198
NU-103971,11,448,216
NU-103971,12,345,253
NU-103971,13,411,216
NU-103971,14,478,302
NU-103971,15,349,229
NU-103971,16,522,261
NU-107905,1,564,261
NU-107905,2,405,232
NU-107905,3,261,190
NU-107905,4,274,168
NU-107905,5,217,150
NU-107905,6,412,228
NU-107905,7,246,218
NU-107905,8,560,278
NU-107905,9,132,94
NU-107905,10,440,258
NU-107905,11,235,229
NU-107905,12,256,208
NU-107905,13,380,195
NU-107905,14,263,224
NU-107905,15,272,267
NU-107905,16,467,283
NU-104609,1,460,280
NU-104609,2,399,280
NU-104609,3,460,228
NU-104609,4,611,357
NU-104609,5,423,262
NU-104609,6,655,322
NU-104609,7,504,269
NU-104609,8,566,272
NU-104609,9,193,144
NU-104609,10,472,259
NU-104609,11,381,246
NU-104609,12,532,274
NU-104609,13,472,280
NU-104609,14,432,328
NU-104609,15,298,208
NU-104609,16,595,298
NU-109714,1,441,283
NU-109714,2,586,324
NU-109714,3,418,295
NU-109714,4,232,240
NU-109714,5,376,279
NU-109714,6,270,276
NU-109714,7,264,243
NU-109714,8,449,275
NU-109714,9,94,70
NU-109714,10,447,249
NU-109714,11,380,265
NU-109714,12,473,303
NU-109714,13,267,181
NU-109714,14,410,274
NU-109714,15,544,272
NU-109714,16,327,261
NU-107049,1,298,211
NU-107049,2,335,248
NU-107049,3,368,231
NU-107049,4,568,269
NU-107049,5,329,182
NU-107049,6,382,196
NU-107049,7,339,225
NU-107049,8,240,187
NU-107049,9,142,105
NU-107049,10,309,222
NU-107049,11,435,293
NU-107049,12,400,244
NU-107049,13,427,257
NU-107049,14,321,176
NU-107049,15,376,262
NU-107049,16,548,286
NU-109409,1,568,324
NU-109409,2,279,305
NU-109409,3,426,325
NU-109409,4,737,365
NU-109409,5,357,278
NU-109409,6,555,346
NU-109409,7,511,339
NU-109409,8,362,274
NU-109409,9,207,119
NU-109409,10,346,235
NU-109409,11,472,266
NU-109409,12,606,327
NU-109409,13,416,283
NU-109409,14,800,361
NU-109409,15,313,282
NU-109409,16,244,267
NU-108713,1,295,181
NU-108713,2,162,103
NU-108713,3,114,85
NU-108713,4,289,154
NU-108713,5,223,123
NU-108713,6,159,93
NU-108713,7,380,158
NU-108713,8,151,93
NU-108713,9,134,71
NU-108713,10,277,155
NU-108713,11,166,115
NU-108713,12,148,87
NU-108713,13,220,142
NU-108713,14,160,123
NU-108713,15,88,100
NU-108713,16,18,14
NU-107671,1,494,296
NU-107671,2,272,178
NU-107671,3,377,255
NU-107671,4,539,257
NU-107671,5,399,218
NU-107671,6,352,202
NU-107671,7,368,188
NU-107671,8,509,270
NU-107671,9,132,136
NU-107671,10,358,247
NU-107671,11,270,230
NU-107671,12,290,227
NU-107671,13,333,237
NU-107671,14,254,278
NU-107671,15,247,190
NU-107671,16,295,206
NU-102691,1,295,247
NU-102691,2,463,317
NU-102691,3,343,276
NU-102691,4,375,198
NU-102691,5,372,286
NU-102691,6,549,270
NU-102691,7,372,250
NU-102691,8,249,218
NU-102691,9,133,121
NU-102691,10,365,292
NU-102691,11,276,269
NU-102691,12,402,258
NU-102691,13,418,312
NU-102691,14,621,313
NU-102691,15,351,312
NU-102691,16,405,339
NU-108387,1,394,261
NU-108387,2,293,184
NU-108387,3,332,206
NU-108387,4,543,243
NU-108387,5,218,202
NU-108387,6,149,181
NU-108387,7,526,238
NU-108387,8,366,196
NU-108387,9,175,91
NU-108387,10,340,227
NU-108387,11,437,278
NU-108387,12,327,182
NU-108387,13,404,219
NU-108387,14,467,336
NU-108387,15,404,279
NU-108387,16,322,181
NU-104543,1,152,112
NU-104543,2,269,169
NU-104543,3,171,153
NU-104543,4,153,75
NU-104543,5,174,99
NU-104543,6,252,168
NU-104543,7,250,182
NU-104543,8,163,107
NU-104543,9,125,74
NU-104543,10,250,149
NU-104543,11,77,60
NU-104543,12,199,111
NU-104543,13,308,154
NU-104543,14,222,139
NU-104543,15,150,130
NU-104543,16,134,101
NU-101828,1,646,268
NU-101828,2,386,213
NU-101828,3,309,193
NU-101828,4,476,252
NU-101828,5,405,239
NU-101828,6,512,283
NU-101828,7,353,200
NU-101828,8,558,236
NU-101828,9,178,111
NU-101828,10,339,242
NU-101828,11,499,307
NU-101828,12,286,226
NU-101828,13,286,214
NU-101828,14,437,279
NU-101828,15,401,227
NU-101828,16,368,218
NU-100862,1,164,117
NU-100862,2,212,138
NU-100862,3,167,97
NU-100862,4,294,162
NU-100862,5,259,177
NU-100862,6,247,134
NU-100862,7,198,130
NU-100862,8,308,205
NU-100862,9,123,70
NU-100862,10,274,189
NU-100862,11,314,193
NU-100862,12,251,136
NU-100862,13,218,178
NU-100862,14,214,140
NU-100862,15,213,143
NU-100862,16,111,96
NU-108209,1,480,229
NU-108209,2,240,207
NU-108209,3,282,189
NU-108209,4,377,203
NU-108209,5,370,216
NU-108209,6,409,249
NU-108209,7,250,208
NU-108209,8,306,234
NU-108209,9,123,85
NU-108209,10,243,188
NU-108209,11,286,184
NU-108209,12,366,220
NU-108209,13,270,151
NU-108209,14,258,157
NU-108209,15,349,180
NU-108209,16,309,199
NU-103109,1,319,178
NU-103109,2,536,256
NU-103109,3,392,252
NU-103109,4,177,148
NU-103109,5,290,186
NU-103109,6,202,156
NU-103109,7,313,203
NU-103109,8,261,202
NU-103109,9,144,85
NU-103109,10,266,198
NU-103109,11,397,217
NU-103109,12,277,188
NU-103109,13,431,243
NU-103109,14,308,199
NU-103109,15,512,242
NU-103109,16,329,201
NU-106409,1,481,262
NU-106409,2,353,238
NU-106409,3,303,200
NU-106409,4,451,239
NU-106409,5,364,274
NU-106409,6,251,192
NU-106409,7,218,205
NU-106409,8,547,228
NU-106409,9,251,143
NU-106409,10,411,299
NU-106409,11,337,256
NU-106409,12,652,315
NU-106409,13,582,328
NU-106409,14,575,367
NU-106409,15,499,288
NU-106409,16,575,296
NU-105317,1,203,138
NU-105317,2,281,150
NU-105317,3,153,186
NU-105317,4,206,174
NU-105317,5,314,186
NU-105317,6,247,163
NU-105317,7,303,228
NU-105317,8,443,194
NU-105317,9,151,111
NU-105317,10,167,91
NU-105317,11,302,163
NU-105317,12,319,168
NU-105317,13,284,192
NU-105317,14,343,197
NU-105317,15,356,210
NU-105317,16,374,213
NU-108268,1,355,247
NU-108268,2,405,298
NU-108268,3,348,245
NU-108268,4,465,297
NU-108268,5,418,200
NU-108268,6,211,187
NU-108268,7,331,200
NU-108268,8,399,206
NU-108268,9,177,105
NU-108268,10,346,241
NU-108268,11,373,250
NU-108268,12,304,209
NU-108268,13,403,250
NU-108268,14,355,243
NU-108268,15,369,251
NU-108268,16,472,280
NU-101883,1,201,118
NU-101883,2,266,187
NU-101883,3,168,129
NU-101883,4,227,200
NU-101883,5,266,141
NU-101883,6,235,140
NU-101883,7,229,168
NU-101883,8,254,205
NU-101883,9,139,75
NU-101883,10,227,142
NU-101883,11,250,166
NU-101883,12,194,113
NU-101883,13,247,133
NU-101883,14,242,189
NU-101883,15,311,227
NU-101883,16,269,123
NU-106979,1,352,227
NU-106979,2,620,325
NU-106979,3,688,321
NU-106979,4,394,241
NU-106979,5,578,308
NU-106979,6,406,266
NU-106979,7,545,271
NU-106979,8,402,331
NU-106979,9,175,128
NU-106979,10,415,292
NU-106979,11,862,340
NU-106979,12,437,314
NU-106979,13,434,306
NU-106979,14,429,270
NU-106979,15,528,311
NU-106979,16,360,301
NU-106851,1,90,69
NU-106851,2,87,85
NU-106851,3,66,46
NU-106851,4,89,75
NU-106851,5,157,119
NU-106851,6,236,155
NU-106851,7,109,93
NU-106851,8,176,115
NU-106851,9,121,60
NU-106851,10,301,130
NU-106851,11,149,114
NU-106851,12,172,85
NU-106851,13,206,131
NU-106851,14,156,80
NU-106851,15,120,84
NU-106851,16,278,150
NU-105046,1,427,265
NU-105046,2,375,196
NU-105046,3,428,292
NU-105046,4,472,294
NU-105046,5,477,298
NU-105046,6,359,212
NU-105046,7,265,156
NU-105046,8,553,328
NU-105046,9,176,102
NU-105046,10,591,293
NU-105046,11,483,268
NU-105046,12,335,285
NU-105046,13,391,240
NU-105046,14,487,255
NU-105046,15,267,201
NU-105046,16,419,295
NU-101078,1,142,111
NU-101078,2,74,59
NU-101078,3,181,106
NU-101078,4,244,154
NU-101078,5,194,134
NU-101078,6,388,203
NU-101078,7,263,151
NU-101078,8,375,253
NU-101078,9,64,51
NU-101078,10,191,123
NU-101078,11,79,47
NU-101078,12,259,137
NU-101078,13,232,150
NU-101078,14,170,164
NU-101078,15,174,129
NU-101078,16,163,168
NU-104931,1,458,247
NU-104931,2,469,316
NU-104931,3,514,276
NU-104931,4,515,291
NU-104931,5,322,262
NU-104931,6,682,315
NU-104931,7,295,184
NU-104931,8,453,271
NU-104931,9,241,114
NU-104931,10,457,289
NU-104931,11,451,325
NU-104931,12,535,362
NU-104931,13,595,294
NU-104931,14,454,298
NU-104931,15,430,303
NU-104931,16,538,295
NU-101219,1,331,213
NU-101219,2,312,192
NU-101219,3,342,245
NU-101219,4,411,260
NU-101219,5,460,303
NU-101219,6,362,232
NU-101219,7,310,224
NU-101219,8,323,247
NU-101219,9,216,103
NU-101219,10,405,311
NU-101219,11,432,255
NU-101219,12,488,282
NU-101219,13,434,301
NU-101219,14,267,239
NU-101219,15,368,245
NU-101219,16,300,314
NU-101130,1,126,68
NU-101130,2,138,82
NU-101130,3,59,25
NU-101130,4,72,58
NU-101130,5,165,103
NU-101130,6,153,97
NU-101130,7,56,43
NU-101130,8,85,45
NU-101130,9,22,13
NU-101130,10,0,0
NU-101130,11,163,95
NU-101130,12,93,58
NU-101130,13,28,13
NU-101130,14,0,0
NU-101130,15,46,25
NU-101130,16,58,45
NU-106838,1,290,183
NU-106838,2,348,201
NU-106838,3,337,229
NU-106838,4,434,241
NU-106838,5,311,199
NU-106838,6,383,269
NU-106838,7,311,217
NU-106838,8,390,264
NU-106838,9,123,98
NU-106838,10,437,205
NU-106838,11,349,220
NU-106838,12,513,255
NU-106838,13,299,200
NU-106838,14,445,270
NU-106838,15,255,228
NU-106838,16,372,254
NU-109383,1,399,240
NU-109383,2,215,136
NU-109383,3,422,220
NU-109383,4,225,189
NU-109383,5,379,244
NU-109383,6,296,177
NU-109383,7,276,191
NU-109383,8,423,185
NU-109383,9,148,109
NU-109383,10,459,199
NU-109383,11,328,217
NU-109383,12,307,158
NU-109383,13,303,155
NU-109383,14,250,155
NU-109383,15,304,225
NU-109383,16,241,141
NU-108770,1,369,238
NU-108770,2,410,217
NU-108770,3,365,250
NU-108770,4,314,239
NU-108770,5,351,220
NU-108770,6,380,233
NU-108770,7,423,294
NU-108770,8,528,321
NU-108770,9,112,115
NU-108770,10,490,289
NU-108770,11,511,231
NU-108770,12,203,226
NU-108770,13,269,204
NU-108770,14,424,291
NU-108770,15,453,270
NU-108770,16,468,265
NU-104789,1,366,247
NU-104789,2,330,192
NU-104789,3,228,173
NU-104789,4,338,221
NU-104789,5,516,319
NU-104789,6,268,223
NU-104789,7,313,212
NU-104789,8,409,228
NU-104789,9,120,70
NU-104789,10,239,175
NU-104789,11,474,200
NU-104789,12,333,196
NU-104789,13,501,253
NU-104789,14,240,200
NU-104789,15,222,241
NU-104789,16,287,203
NU-103441,1,504,283
NU-103441,2,402,309
NU-103441,3,402,254
NU-103441,4,322,275
NU-103441,5,320,261
NU-103441,6,421,303
NU-103441,7,492,334
NU-103441,8,465,334
NU-103441,9,224,119
NU-103441,10,386,200
NU-103441,11,466,296
NU-103441,12,523,300
NU-103441,13,181,259
NU-103441,14,347,212
NU-103441,15,600,334
NU-103441,16,480,287
NU-104952,1,482,288
NU-104952,2,366,269
NU-104952,3,259,214
NU-104952,4,489,229
NU-104952,5,437,220
NU-104952,6,383,235
NU-104952,7,467,318
NU-104952,8,459,234
NU-104952,9,119,105
NU-104952,10,347,219
NU-104952,11,411,282
NU-104952,12,310,253
NU-104952,13,322,266
NU-104952,14,375,213
NU-104952,15,444,287
NU-104952,16,282,195
NU-106041,1,303,200
NU-106041,2,427,251
NU-106041,3,286,229
NU-106041,4,405,253
NU-106041,5,231,150
NU-106041,6,340,218
NU-106041,7,272,216
NU-106041,8,642,340
NU-106041,9,207,111
NU-106041,10,527,266
NU-106041,11,498,271
NU-106041,12,547,249
NU-106041,13,292,198
NU-106041,14,463,298
NU-106041,15,433,271
NU-106041,16,347,257
NU-101299,1,520,274
NU-101299,2,562,270
NU-101299,3,400,300
NU-101299,4,432,252
NU-101299,5,262,271
NU-101299,6,272,260
NU-101299,7,489,287
NU-101299,8,312,240
NU-101299,9,209,107
NU-101299,10,525,304
NU-101299,11,350,216
NU-101299,12,327,252
NU-101299,13,451,246
NU-101299,14,511,268
NU-101299,15,358,198
NU-101299,16,505,257
NU-109084,1,513,308
NU-109084,2,424,296
NU-109084,3,434,307
NU-109084,4,341,264
NU-109084,5,297,295
NU-109084,6,513,258
NU-109084,7,755,348
NU-109084,8,557,336
NU-109084,9,234,130
NU-109084,10,305,213
NU-109084,11,337,274
NU-109084,12,465,332
NU-109084,13,498,345
NU-109084,14,452,266
NU-109084,15,468,289
NU-109084,16,587,280
NU-104980,1,498,307
NU-104980,2,593,331
NU-104980,3,467,280
NU-104980,4,255,261
NU-104980,5,638,308
NU-104980,6,546,346
NU-104980,7,671,292
NU-104980,8,401,364
NU-104980,9,298,140
NU-104980,10,391,225
NU-104980,11,530,329
NU-104980,12,393,292
NU-104980,13,571,275
NU-104980,14,585,362
NU-104980,15,493,340
NU-104980,16,401,272
NU-100494,1,138,100
NU-100494,2,173,116
NU-100494,3,296,141
NU-100494,4,342,183
NU-100494,5,167,172
NU-100494,6,233,146
NU-100494,7,161,85
NU-100494,8,331,141
NU-100494,9,154,84
NU-100494,10,394,183
NU-100494,11,291,190
NU-100494,12,351,165
NU-100494,13,98,71
NU-100494,14,169,112
NU-100494,15,189,103
NU-100494,16,226,124
NU-100596,1,416,238
NU-100596,2,681,410
NU-100596,3,384,311
NU-100596,4,396,345
NU-100596,5,548,332
NU-100596,6,393,267
NU-100596,7,535,403
NU-100596,8,389,268
NU-100596,9,175,145
NU-100596,10,459,298
NU-100596,11,543,347
NU-100596,12,467,300
NU-100596,13,472,314
NU-100596,14,421,373
NU-100596,15,208,291
NU-100596,16,422,333
NU-105336,1,312,163
NU-105336,2,134,183
NU-105336,3,360,214
NU-105336,4,277,136
NU-105336,5,152,110
NU-105336,6,437,197
NU-105336,7,253,188
NU-105336,8,243,145
NU-105336,9,105,73
NU-105336,10,205,169
NU-105336,11,347,198
NU-105336,12,265,158
NU-105336,13,369,172
NU-105336,14,340,202
NU-105336,15,383,177
NU-105336,16,166,120
NU-107293,1,351,236
NU-107293,2,353,240
NU-107293,3,479,320
NU-107293,4,424,275
NU-107293,5,433,319
NU-107293,6,393,256
NU-107293,7,383,223
NU-107293,8,309,232
NU-107293,9,220,122
NU-107293,10,585,342
NU-107293,11,536,282
NU-107293,12,438,265
NU-107293,13,481,225
NU-107293,14,526,272
NU-107293,15,439,258
NU-107293,16,308,161
NU-109030,1,132,113
NU-109030,2,150,108
NU-109030,3,160,122
NU-109030,4,153,101
NU-109030,5,87,53
NU-109030,6,344,193
NU-109030,7,179,97
NU-109030,8,270,163
NU-109030,9,94,58
NU-109030,10,264,179
NU-109030,11,167,103
NU-109030,12,296,160
NU-109030,13,213,126
NU-109030,14,118,112
NU-109030,15,281,145
NU-109030,16,163,89
NU-107510,1,157,93
NU-107510,2,304,200
NU-107510,3,362,178
NU-107510,4,445,228
NU-107510,5,112,102
NU-107510,6,160,135
NU-107510,7,271,186
NU-107510,8,304,195
NU-107510,9,114,77
NU-107510,10,261,147
NU-107510,11,246,148
NU-107510,12,213,176
NU-107510,13,178,103
NU-107510,14,382,230
NU-107510,15,172,106
NU-107510,16,324,189
NU-109786,1,434,186
NU-109786,2,203,135
NU-109786,3,62,74
NU-109786,4,150,187
NU-109786,5,355,141
NU-109786,6,468,200
NU-109786,7,200,120
NU-109786,8,289,182
NU-109786,9,169,85
NU-109786,10,295,224
NU-109786,11,307,196
NU-109786,12,421,197
NU-109786,13,285,177
NU-109786,14,259,141
NU-109786,15,190,124
NU-109786,16,178,163
NU-109701,1,363,183
NU-109701,2,224,150
NU-109701,3,125,79
NU-109701,4,118,64
NU-109701,5,219,162
NU-109701,6,261,168
NU-109701,7,220,130
NU-109701,8,111,51
NU-109701,9,63,50
NU-109701,10,159,92
NU-109701,11,311,207
NU-109701,12,169,103
NU-109701,13,255,124
NU-109701,14,236,172
NU-109701,15,218,128
NU-109701,16,260,170
NU-107159,1,167,123
NU-107159,2,201,201
NU-107159,3,375,193
NU-107159,4,477,221
NU-107159,5,309,182
NU-107159,6,320,192
NU-107159,7,298,208
NU-107159,8,301,191
NU-107159,9,80,75
NU-107159,10,409,210
NU-107159,11,462,255
NU-107159,12,282,159
NU-107159,13,202,120
NU-107159,14,341,246
NU-107159,15,365,252
NU-107159,16,434,196
NU-103753,1,290,201
NU-103753,2,400,261
NU-103753,3,338,192
NU-103753,4,267,237
NU-103753,5,220,221
NU-103753,6,306,194
NU-103753,7,244,169
NU-103753,8,224,175
NU-103753,9,197,106
NU-103753,10,452,259
NU-103753,11,414,247
NU-103753,12,279,157
NU-103753,13,542,238
NU-103753,14,451,207
NU-103753,15,336,226
NU-103753,16,355,230
NU-101680,1,235,267
NU-101680,2,404,304
NU-101680,3,382,200
NU-101680,4,331,178
NU-101680,5,396,210
NU-101680,6,295,190
NU-101680,7,310,204
NU-101680,8,403,240
NU-101680,9,116,82
NU-101680,10,310,235
NU-101680,11,541,308
NU-101680,12,277,226
NU-101680,13,378,265
NU-101680,14,250,190
NU-101680,15,361,243
NU-101680,16,315,201
NU-107481,1,411,332
NU-107481,2,561,399
NU-107481,3,450,311
NU-107481,4,383,272
NU-107481,5,566,344
NU-107481,6,541,329
NU-107481,7,381,336
NU-107481,8,631,379
NU-107481,9,218,125
NU-107481,10,682,349
NU-107481,11,734,358
NU-107481,12,305,269
NU-107481,13,318,288
NU-107481,14,382,318
NU-107481,15,740,345
NU-107481,16,638,366
NU-107990,1,270,207
NU-107990,2,445,290
NU-107990,3,265,173
NU-107990,4,290,199
NU-107990,5,377,280
NU-107990,6,214,268
NU-107990,7,309,216
NU-107990,8,250,243
NU-107990,9,57,78
NU-107990,10,357,198
NU-107990,11,360,265
NU-107990,12,347,215
NU-107990,13,372,209
NU-107990,14,524,262
NU-107990,15,315,204
NU-107990,16,354,195
NU-108299,1,380,207
NU-108299,2,373,223
NU-108299,3,312,173
NU-108299,4,245,156
NU-108299,5,362,199
NU-108299,6,305,152
NU-108299,7,221,192
NU-108299,8,380,229
NU-108299,9,131,93
NU-108299,10,232,166
NU-108299,11,325,275
NU-108299,12,379,190
NU-108299,13,357,244
NU-108299,14,254,187
NU-108299,15,210,171
NU-108299,16,312,209
NU-101150,1,214,136
NU-101150,2,395,188
NU-101150,3,291,167
NU-101150,4,107,92
NU-101150,5,198,102
NU-101150,6,404,278
NU-101150,7,289,192
NU-101150,8,368,203
NU-101150,9,158,97
NU-101150,10,199,101
NU-101150,11,423,269
NU-101150,12,226,135
NU-101150,13,322,224
NU-101150,14,258,192
NU-101150,15,235,140
NU-101150,16,320,184
NU-103214,1,666,312
NU-103214,2,407,318
NU-103214,3,372,205
NU-103214,4,423,293
NU-103214,5,692,328
NU-103214,6,292,177
NU-103214,7,363,216
NU-103214,8,455,266
NU-103214,9,187,134
NU-103214,10,409,289
NU-103214,11,521,310
NU-103214,12,420,235
NU-103214,13,663,312
NU-103214,14,267,251
NU-103214,15,517,343
NU-103214,16,519,289
NU-107204,1,169,85
NU-107204,2,109,104
NU-107204,3,149,78
NU-107204,4,210,125
NU-107204,5,118,77
NU-107204,6,247,167
NU-107204,7,266,132
NU-107204,8,277,156
NU-107204,9,56,39
NU-107204,10,51,30
NU-107204,11,235,117
NU-107204,12,2,1
NU-107204,13,137,107
NU-107204,14,191,101
NU-107204,15,204,99
NU-107204,16,63,35
NU-103104,1,388,238
NU-103104,2,219,166
NU-103104,3,376,198
NU-103104,4,322,185
NU-103104,5,607,291
NU-103104,6,430,261
NU-103104,7,322,257
NU-103104,8,327,192
NU-103104,9,144,92
NU-103104,10,351,239
NU-103104,11,489,249
NU-103104,12,330,279
NU-103104,13,301,221
NU-103104,14,345,293
NU-103104,15,465,211
NU-103104,16,419,274
NU-100614,1,262,143
NU-100614,2,304,201
NU-100614,3,323,229
NU-100614,4,260,169
NU-100614,5,265,154
NU-100614,6,327,164
NU-100614,7,165,95
NU-100614,8,194,146
NU-100614,9,173,100
NU-100614,10,243,190
NU-100614,11,277,135
NU-100614,12,310,150
NU-100614,13,286,150
NU-100614,14,321,232
NU-100614,15,290,202
NU-100614,16,339,162
NU-106237,1,316,199
NU-106237,2,486,287
NU-106237,3,416,247
NU-106237,4,473,295
NU-106237,5,650,326
NU-106237,6,527,314
NU-106237,7,268,251
NU-106237,8,406,317
NU-106237,9,206,108
NU-106237,10,470,346
NU-106237,11,553,290
NU-106237,12,398,324
NU-106237,13,512,292
NU-106237,14,424,280
NU-106237,15,461,319
NU-106237,16,467,313
NU-100837,1,345,231
NU-100837,2,214,178
NU-100837,3,50,28
NU-100837,4,400,193
NU-100837,5,393,228
NU-100837,6,231,136
NU-100837,7,336,225
NU-100837,8,303,218
NU-100837,9,84,80
NU-100837,10,302,210
NU-100837,11,295,186
NU-100837,12,333,179
NU-100837,13,177,149
NU-100837,14,403,248
NU-100837,15,175,130
NU-100837,16,544,246
NU-104593,1,241,201
NU-104593,2,217,124
NU-104593,3,293,209
NU-104593,4,393,225
NU-104593,5,344,186
NU-104593,6,392,189
NU-104593,7,309,194
NU-104593,8,252,175
NU-104593,9,164,91
NU-104593,10,183,134
NU-104593,11,292,225
NU-104593,12,395,194
NU-104593,13,258,193
NU-104593,14,410,222
NU-104593,15,261,183
NU-104593,16,242,141
NU-106537,1,586,328
NU-106537,2,572,292
NU-106537,3,477,377
NU-106537,4,335,229
NU-106537,5,508,306
NU-106537,6,366,320
NU-106537,7,569,308
NU-106537,8,344,310
NU-106537,9,180,121
NU-106537,10,421,272
NU-106537,11,539,325
NU-106537,12,663,334
NU-106537,13,371,309
NU-106537,14,632,386
NU-106537,15,599,300
NU-106537,16,312,277
NU-107691,1,277,193
NU-107691,2,252,134
NU-107691,3,276,147
NU-107691,4,130,106
NU-107691,5,168,69
NU-107691,6,247,152
NU-107691,7,207,134
NU-107691,8,278,175
NU-107691,9,103,64
NU-107691,10,286,153
NU-107691,11,151,107
NU-107691,12,167,146
NU-107691,13,131,107
NU-107691,14,298,188
NU-107691,15,140,98
NU-107691,16,235,156
NU-108917,1,410,261
NU-108917,2,585,293
NU-108917,3,302,230
NU-108917,4,499,252
NU-108917,5,460,252
NU-108917,6,297,187
NU-108917,7,391,249
NU-108917,8,655,298
NU-108917,9,138,85
NU-108917,10,366,274
NU-108917,11,429,249
NU-108917,12,197,244
NU-108917,13,519,236
NU-108917,14,322,184
NU-108917,15,391,232
NU-108917,16,305,172
NU-105702,1,261,144
NU-105702,2,316,218
NU-105702,3,251,160
NU-105702,4,298,194
NU-105702,5,235,148
NU-105702,6,290,145
NU-105702,7,309,167
NU-105702,8,231,156
NU-105702,9,86,46
NU-105702,10,314,213
NU-105702,11,194,115
NU-105702,12,335,148
NU-105702,13,167,140
NU-105702,14,294,167
NU-105702,15,84,64
NU-105702,16,229,150
NU-102038,1,399,294
NU-102038,2,297,192
NU-102038,3,443,273
NU-102038,4,223,195
NU-102038,5,365,290
NU-102038,6,442,245
NU-102038,7,376,272
NU-102038,8,240,226
NU-102038,9,249,111
NU-102038,10,409,235
NU-102038,11,404,231
NU-102038,12,393,281
NU-102038,13,471,228
NU-102038,14,620,306
NU-102038,15,408,265
NU-102038,16,537,296
NU-106544,1,189,149
NU-106544,2,356,153
NU-106544,3,189,119
NU-106544,4,180,92
NU-106544,5,294,228
NU-106544,6,178,112
NU-106544,7,109,90
NU-106544,8,243,150
NU-106544,9,73,50
NU-106544,10,249,150
NU-106544,11,247,142
NU-106544,12,172,106
NU-106544,13,220,171
NU-106544,14,193,136
NU-106544,15,248,159
NU-106544,16,192,116
NU-107048,1,423,188
NU-107048,2,281,160
NU-107048,3,200,91
NU-107048,4,226,158
NU-107048,5,249,169
NU-107048,6,466,206
NU-107048,7,259,138
NU-107048,8,204,137
NU-107048,9,131,63
NU-107048,10,188,123
NU-107048,11,169,171
NU-107048,12,246,191
NU-107048,13,257,141
NU-107048,14,266,163
NU-107048,15,375,167
NU-107048,16,436,267
NU-101170,1,193,151
NU-101170,2,482,258
NU-101170,3,253,219
NU-101170,4,350,243
NU-101170,5,502,227
NU-101170,6,501,255
NU-101170,7,331,198
NU-101170,8,306,234
NU-101170,9,85,92
NU-101170,10,322,278
NU-101170,11,338,256
NU-101170,12,234,173
NU-101170,13,244,250
NU-101170,14,538,315
NU-101170,15,324,202
NU-101170,16,404,189
NU-107077,1,440,380
NU-107077,2,799,399
NU-107077,3,742,411
NU-107077,4,358,393
NU-107077,5,683,389
NU-107077,6,371,336
NU-107077,7,340,267
NU-107077,8,519,326
NU-107077,9,186,117
NU-107077,10,547,348
NU-107077,11,1027,480
NU-107077,12,610,334
NU-107077,13,636,354
NU-107077,14,626,333
NU-107077,15,580,327
NU-107077,16,796,437
NU-108397,1,381,236
NU-108397,2,499,279
NU-108397,3,470,272
NU-108397,4,621,304
NU-108397,5,586,300
NU-108397,6,433,291
NU-108397,7,362,278
NU-108397,8,414,291
NU-108397,9,72,104
NU-108397,10,521,346
NU-108397,11,472,295
NU-108397,12,405,276
NU-108397,13,391,290
NU-108397,14,692,339
NU-108397,15,433,325
NU-108397,16,344,264
NU-108279,1,433,265
NU-108279,2,418,273
NU-108279,3,536,358
NU-108279,4,204,368
NU-108279,5,616,319
NU-108279,6,496,312
NU-108279,7,424,316
NU-108279,8,691,382
NU-108279,9,232,132
NU-108279,10,505,292
NU-108279,11,618,370
NU-108279,12,695,363
NU-108279,13,524,359
NU-108279,14,631,427
NU-108279,15,521,328
NU-108279,16,559,344
NU-102559,1,207,141
NU-102559,2,265,180
NU-102559,3,341,161
NU-102559,4,157,106
NU-102559,5,276,129
NU-102559,6,311,160
NU-102559,7,191,98
NU-102559,8,315,226
NU-102559,9,92,60
NU-102559,10,278,138
NU-102559,11,289,178
NU-102559,12,221,116
NU-102559,13,206,128
NU-102559,14,302,212
NU-102559,15,178,177
NU-102559,16,186,120
NU-109740,1,276,170
NU-109740,2,239,107
NU-109740,3,354,187
NU-109740,4,367,218
NU-109740,5,329,184
NU-109740,6,326,187
NU-109740,7,317,186
NU-109740,8,285,176
NU-109740,9,175,88
NU-109740,10,300,196
NU-109740,11,271,182
NU-109740,12,584,295
NU-109740,13,378,190
NU-109740,14,417,242
NU-109740,15,471,263
NU-109740,16,247,184
NU-106280,1,487,291
NU-106280,2,582,279
NU-106280,3,379,226
NU-106280,4,496,274
NU-106280,5,604,324
NU-106280,6,638,287
NU-106280,7,449,256
NU-106280,8,560,340
NU-106280,9,140,101
NU-106280,10,394,293
NU-106280,11,433,231
NU-106280,12,438,311
NU-106280,13,297,209
NU-106280,14,405,252
NU-106280,15,208,191
NU-106280,16,420,250
NU-108877,1,475,264
NU-108877,2,333,202
NU-108877,3,253,271
NU-108877,4,333,171
NU-108877,5,489,256
NU-108877,6,382,218
NU-108877,7,314,218
NU-108877,8,358,228
NU-108877,9,234,114
NU-108877,10,517,302
NU-108877,11,299,216
NU-108877,12,366,239
NU-108877,13,350,286
NU-108877,14,397,224
NU-108877,15,243,220
NU-108877,16,312,235
NU-109666,1,204,152
NU-109666,2,84,56
NU-109666,3,137,73
NU-109666,4,161,93
NU-109666,5,174,98
NU-109666,6,32,22
NU-109666,7,127,76
NU-109666,8,142,85
NU-109666,9,58,29
NU-109666,10,162,84
NU-109666,11,65,48
NU-109666,12,17,13
NU-109666,13,144,85
NU-109666,14,38,18
NU-109666,15,90,66
NU-109666,16,123,66
NU-101758,1,468,257
NU-101758,2,301,233
NU-101758,3,563,304
NU-101758,4,574,323
NU-101758,5,460,294
NU-101758,6,377,341
NU-101758,7,408,295
NU-101758,8,603,319
NU-101758,9,259,140
NU-101758,10,364,241
NU-101758,11,286,255
NU-101758,12,466,293
NU-101758,13,546,341
NU-101758,14,515,254
NU-101758,15,448,316
NU-101758,16,540,283
NU-103260,1,329,170
NU-103260,2,375,283
NU-103260,3,573,292
NU-103260,4,450,262
NU-103260,5,440,251
NU-103260,6,449,303
NU-103260,7,361,264
NU-103260,8,507,264
NU-103260,9,165,110
NU-103260,10,468,250
NU-103260,11,288,187
NU-103260,12,337,272
NU-103260,13,377,214
NU-103260,14,304,205
NU-103260,15,391,224
NU-103260,16,266,195
NU-109410,1,429,313
NU-109410,2,501,283
NU-109410,3,601,323
NU-109410,4,756,374
NU-109410,5,611,364
NU-109410,6,487,255
NU-109410,7,399,277
NU-109410,8,562,329
NU-109410,9,264,156
NU-109410,10,542,344
NU-109410,11,531,271
NU-109410,12,512,307
NU-109410,13,511,277
NU-109410,14,505,328
NU-109410,15,594,330
NU-109410,16,589,295
NU-100350,1,103,72
NU-100350,2,232,119
NU-100350,3,194,106
NU-100350,4,118,132
NU-100350,5,191,120
NU-100350,6,251,149
NU-100350,7,146,81
NU-100350,8,197,134
NU-100350,9,70,45
NU-100350,10,60,38
NU-100350,11,167,154
NU-100350,12,83,50
NU-100350,13,164,129
NU-100350,14,102,82
NU-100350,15,94,67
NU-100350,16,117,86
NU-106762,1,449,217
NU-106762,2,403,251
NU-106762,3,256,163
NU-106762,4,273,171
NU-106762,5,405,275
NU-106762,6,145,141
NU-106762,7,273,176
NU-106762,8,194,169
NU-106762,9,66,58
NU-106762,10,363,240
NU-106762,11,383,210
NU-106762,12,160,106
NU-106762,13,278,189
NU-106762,14,291,215
NU-106762,15,421,238
NU-106762,16,355,255
NU-105944,1,469,272
NU-105944,2,414,217
NU-105944,3,482,263
NU-105944,4,481,290
NU-105944,5,336,242
NU-105944,6,387,267
NU-105944,7,415,337
NU-105944,8,463,269
NU-105944,9,173,113
NU-105944,10,490,307
NU-105944,11,555,278
NU-105944,12,286,194
NU-105944,13,361,287
NU-105944,14,505,232
NU-105944,15,440,262
NU-105944,16,280,204
NU-101485,1,472,263
NU-101485,2,386,269
NU-101485,3,304,238
NU-101485,4,353,269
NU-101485,5,441,265
NU-101485,6,467,263
NU-101485,7,442,216
NU-101485,8,298,201
NU-101485,9,173,115
NU-101485,10,343,220
NU-101485,11,300,189
NU-101485,12,291,251
NU-101485,13,544,291
NU-101485,14,426,253
NU-101485,15,384,233
NU-101485,16,386,208
NU-103492,1,373,242
NU-103492,2,369,301
NU-103492,3,255,157
NU-103492,4,322,251
NU-103492,5,385,194
NU-103492,6,543,319
NU-103492,7,543,296
NU-103492,8,467,238
NU-103492,9,246,136
NU-103492,10,484,242
NU-103492,11,404,300
NU-103492,12,489,238
NU-103492,13,369,244
NU-103492,14,292,264
NU-103492,15,364,249
NU-103492,16,439,280
NU-101810,1,304,255
NU-101810,2,152,94
NU-101810,3,463,260
NU-101810,4,300,185
NU-101810,5,251,192
NU-101810,6,412,304
NU-101810,7,462,210
NU-101810,8,478,301
NU-101810,9,149,100
NU-101810,10,278,182
NU-101810,11,356,252
NU-101810,12,438,253
NU-101810,13,414,255
NU-101810,14,300,231
NU-101810,15,361,207
NU-101810,16,277,200
NU-108048,1,158,109
NU-108048,2,295,166
NU-108048,3,296,140
NU-108048,4,337,205
NU-108048,5,189,99
NU-108048,6,252,133
NU-108048,7,326,150
NU-108048,8,196,121
NU-108048,9,113,78
NU-108048,10,206,106
NU-108048,11,200,136
NU-108048,12,269,142
NU-108048,13,252,175
NU-108048,14,359,158
NU-108048,15,300,163
NU-108048,16,245,171
NU-100866,1,476,259
NU-100866,2,267,210
NU-100866,3,319,251
NU-100866,4,514,282
NU-100866,5,349,223
NU-100866,6,483,285
NU-100866,7,448,217
NU-100866,8,500,233
NU-100866,9,136,79
NU-100866,10,421,215
NU-100866,11,322,198
NU-100866,12,412,208
NU-100866,13,554,246
NU-100866,14,364,193
NU-100866,15,257,219
NU-100866,16,520,296
NU-107954,1,492,266
NU-107954,2,406,246
NU-107954,3,690,317
NU-107954,4,444,238
NU-107954,5,557,291
NU-107954,6,410,293
NU-107954,7,443,327
NU-107954,8,464,232
NU-107954,9,184,133
NU-107954,10,605,270
NU-107954,11,589,281
NU-107954,12,253,236
NU-107954,13,375,240
NU-107954,14,387,233
NU-107954,15,353,275
NU-107954,16,753,374
NU-101449,1,209,102
NU-101449,2,137,120
NU-101449,3,162,94
NU-101449,4,209,95
NU-101449,5,63,49
NU-101449,6,215,104
NU-101449,7,240,151
NU-101449,8,97,53
NU-101449,9,121,61
NU-101449,10,197,118
NU-101449,11,109,79
NU-101449,12,161,105
NU-101449,13,125,86
NU-101449,14,76,61
NU-101449,15,179,103
NU-101449,16,158,121
NU-103932,1,551,332
NU-103932,2,397,222
NU-103932,3,480,244
NU-103932,4,346,225
NU-103932,5,390,228
NU-103932,6,455,256
NU-103932,7,376,236
NU-103932,8,329,209
NU-103932,9,168,99
NU-103932,10,209,202
NU-103932,11,415,249
NU-103932,12,298,204
NU-103932,13,372,268
NU-103932,14,350,259
NU-103932,15,378,243
NU-103932,16,287,168
NU-100633,1,572,309
NU-100633,2,279,301
NU-100633,3,488,275
NU-100633,4,450,272
NU-100633,5,384,233
NU-100633,6,371,190
NU-100633,7,446,242
NU-100633,8,244,203
NU-100633,9,206,104
NU-100633,10,561,256
NU-100633,11,515,239
NU-100633,12,500,280
NU-100633,13,408,264
NU-100633,14,231,221
NU-100633,15,339,235
NU-100633,16,398,271
NU-109399,1,220,195
NU-109399,2,125,120
NU-109399,3,316,188
NU-109399,4,494,239
NU-109399,5,113,114
NU-109399,6,146,107
NU-109399,7,140,95
NU-109399,8,233,157
NU-109399,9,93,74
NU-109399,10,233,114
NU-109399,11,282,176
NU-109399,12,236,159
NU-109399,13,281,162
NU-109399,14,154,113
NU-109399,15,91,54
NU-109399,16,221,120
NU-101409,1,231,167
NU-101409,2,258,161
NU-101409,3,272,173
NU-101409,4,419,205
NU-101409,5,319,203
NU-101409,6,201,115
NU-101409,7,406,233
NU-101409,8,284,212
NU-101409,9,145,85
NU-101409,10,397,192
NU-101409,11,403,218
NU-101409,12,437,215
NU-101409,13,275,191
NU-101409,14,320,223
NU-101409,15,179,173
NU-101409,16,422,224
NU-107509,1,100,95
NU-107509,2,25,14
NU-107509,3,171,127
NU-107509,4,159,88
NU-107509,5,16,12
NU-107509,6,92,68
NU-107509,7,152,147
NU-107509,8,170,173
NU-107509,9,54,27
NU-107509,10,203,107
NU-107509,11,133,64
NU-107509,12,110,76
NU-107509,13,203,165
NU-107509,14,297,156
NU-107509,15,88,48
NU-107509,16,76,60
NU-100676,1,148,87
NU-100676,2,121,98
NU-100676,3,186,97
NU-100676,4,305,194
NU-100676,5,125,91
NU-100676,6,222,161
NU-100676,7,85,58
NU-100676,8,190,107
NU-100676,9,100,54
NU-100676,10,304,162
NU-100676,11,116,73
NU-100676,12,171,127
NU-100676,13,336,149
NU-100676,14,142,85
NU-100676,15,162,107
NU-100676,16,166,97
NU-103717,1,408,245
NU-103717,2,280,213
NU-103717,3,437,219
NU-103717,4,341,201
NU-103717,5,268,187
NU-103717,6,256,186
NU-103717,7,178,126
NU-103717,8,147,112
NU-103717,9,169,98
NU-103717,10,285,185
NU-103717,11,272,196
NU-103717,12,282,171
NU-103717,13,341,207
NU-103717,14,358,259
NU-103717,15,373,261
NU-103717,16,398,254
NU-109967,1,265,186
NU-109967,2,363,173
NU-109967,3,95,73
NU-109967,4,215,152
NU-109967,5,301,165
NU-109967,6,165,117
NU-109967,7,196,154
NU-109967,8,203,164
NU-109967,9,97,96
NU-109967,10,248,142
NU-109967,11,192,100
NU-109967,12,259,219
NU-109967,13,238,180
NU-109967,14,261,156
NU-109967,15,288,195
NU-109967,16,351,187
NU-108652,1,182,166
NU-108652,2,295,272
NU-108652,3,528,326
NU-108652,4,194,186
NU-108652,5,523,268
NU-108652,6,422,278
NU-108652,7,228,237
NU-108652,8,398,224
NU-108652,9,135,84
NU-108652,10,390,228
NU-108652,11,245,230
NU-108652,12,304,212
NU-108652,13,236,177
NU-108652,14,339,253
NU-108652,15,468,271
NU-108652,16,396,263
NU-101505,1,141,86
NU-101505,2,127,94
NU-101505,3,155,109
NU-101505,4,203,113
NU-101505,5,277,175
NU-101505,6,355,164
NU-101505,7,92,86
NU-101505,8,139,91
NU-101505,9,126,72
NU-101505,10,93,65
NU-101505,11,34,18
NU-101505,12,334,169
NU-101505,13,57,79
NU-101505,14,172,91
NU-101505,15,216,127
NU-101505,16,201,121
NU-104825,1,185,98
NU-104825,2,254,159
NU-104825,3,89,60
NU-104825,4,158,123
NU-104825,5,203,94
NU-104825,6,159,91
NU-104825,7,68,55
NU-104825,8,152,104
NU-104825,9,99,51
NU-104825,10,96,65
NU-104825,11,99,62
NU-104825,12,60,42
NU-104825,13,200,117
NU-104825,14,205,103
NU-104825,15,73,48
NU-104825,16,121,63
NU-105793,1,354,189
NU-105793,2,338,211
NU-105793,3,385,252
NU-105793,4,237,199
NU-105793,5,486,307
NU-105793,6,500,311
NU-105793,7,277,219
NU-105793,8,381,259
NU-105793,9,135,96
NU-105793,10,403,259
NU-105793,11,454,223
NU-105793,12,264,180
NU-105793,13,442,210
NU-105793,14,287,274
NU-105793,15,311,246
NU-105793,16,385,232
NU-109887,1,362,251
NU-109887,2,399,209
NU-109887,3,259,207
NU-109887,4,242,176
NU-109887,5,273,176
NU-109887,6,369,226
NU-109887,7,273,189
NU-109887,8,314,189
NU-109887,9,110,84
NU-109887,10,491,241
NU-109887,11,193,244
NU-109887,12,428,186
NU-109887,13,284,207
NU-109887,14,367,230
NU-109887,15,370,180
NU-109887,16,263,190
NU-103450,1,188,151
NU-103450,2,313,196
NU-103450,3,426,251
NU-103450,4,311,196
NU-103450,5,312,188
NU-103450,6,126,151
NU-103450,7,400,218
NU-103450,8,427,243
NU-103450,9,133,66
NU-103450,10,331,197
NU-103450,11,119,117
NU-103450,12,339,211
NU-103450,13,313,221
NU-103450,14,263,181
NU-103450,15,316,243
NU-103450,16,459,221
NU-106505,1,183,119
NU-106505,2,100,63
NU-106505,3,179,171
NU-106505,4,204,103
NU-106505,5,375,175
NU-106505,6,275,133
NU-106505,7,92,56
NU-106505,8,248,137
NU-106505,9,65,36
NU-106505,10,166,117
NU-106505,11,162,115
NU-106505,12,266,143
NU-106505,13,178,198
NU-106505,14,187,106
NU-106505,15,240,162
NU-106505,16,196,127
NU-108633,1,428,284
NU-108633,2,378,305
NU-108633,3,275,209
NU-108633,4,637,267
NU-108633,5,397,239
NU-108633,6,451,284
NU-108633,7,419,260
NU-108633,8,297,245
NU-108633,9,181,92
NU-108633,10,524,357
NU-108633,11,750,314
NU-108633,12,722,314
NU-108633,13,476,297
NU-108633,14,325,300
NU-108633,15,337,320
NU-108633,16,389,264
NU-101564,1,409,263
NU-101564,2,414,240
NU-101564,3,547,298
NU-101564,4,441,316
NU-101564,5,438,275
NU-101564,6,580,302
NU-101564,7,399,248
NU-101564,8,481,348
NU-101564,9,176,120
NU-101564,10,381,257
NU-101564,11,457,277
NU-101564,12,314,232
NU-101564,13,416,260
NU-101564,14,461,280
NU-101564,15,217,223
NU-101564,16,386,216
NU-109306,1,446,322
NU-109306,2,771,340
NU-109306,3,916,409
NU-109306,4,526,332
NU-109306,5,853,415
NU-109306,6,802,370
NU-109306,7,535,364
NU-109306,8,830,397
NU-109306,9,256,170
NU-109306,10,548,366
NU-109306,11,671,379
NU-109306,12,625,353
NU-109306,13,818,459
NU-109306,14,624,332
NU-109306,15,356,302
NU-109306,16,864,339
NU-100844,1,209,145
NU-100844,2,176,124
NU-100844,3,157,114
NU-100844,4,232,124
NU-100844,5,209,102
NU-100844,6,148,88
NU-100844,7,301,143
NU-100844,8,178,111
NU-100844,9,87,45
NU-100844,10,73,59
NU-100844,11,148,82
NU-100844,12,117,71
NU-100844,13,23,15
NU-100844,14,102,75
NU-100844,15,186,113
NU-100844,16,275,161
NU-108265,1,390,302
NU-108265,2,347,219
NU-108265,3,433,221
NU-108265,4,483,278
NU-108265,5,283,178
NU-108265,6,218,165
NU-108265,7,576,277
NU-108265,8,544,314
NU-108265,9,156,112
NU-108265,10,517,296
NU-108265,11,468,294
NU-108265,12,563,235
NU-108265,13,240,196
NU-108265,14,465,266
NU-108265,15,230,213
NU-108265,16,484,228
NU-103573,1,317,194
NU-103573,2,339,209
NU-103573,3,242,299
NU-103573,4,278,252
NU-103573,5,236,181
NU-103573,6,336,216
NU-103573,7,123,143
NU-103573,8,428,236
NU-103573,9,168,108
NU-103573,10,301,257
NU-103573,11,445,211
NU-103573,12,438,248
NU-103573,13,340,174
NU-103573,14,390,206
NU-103573,15,305,204
NU-103573,16,376,187
NU-103941,1,323,272
NU-103941,2,297,259
NU-103941,3,457,241
NU-103941,4,426,305
NU-103941,5,558,278
NU-103941,6,401,247
NU-103941,7,403,287
NU-103941,8,379,249
NU-103941,9,186,99
NU-103941,10,370,205
NU-103941,11,390,216
NU-103941,12,484,249
NU-103941,13,482,280
NU-103941,14,410,321
NU-103941,15,464,301
NU-103941,16,629,303
NU-103525,1,354,276
NU-103525,2,478,295
NU-103525,3,545,289
NU-103525,4,372,280
NU-103525,5,573,231
NU-103525,6,412,259
NU-103525,7,477,296
NU-103525,8,368,205
NU-103525,9,169,90
NU-103525,10,244,289
NU-103525,11,356,296
NU-103525,12,362,324
NU-103525,13,316,270
NU-103525,14,261,236
NU-103525,15,430,309
NU-103525,16,431,286
NU-104592,1,304,199
NU-104592,2,463,248
NU-104592,3,350,273
NU-104592,4,732,322
NU-104592,5,514,271
NU-104592,6,461,256
NU-104592,7,313,234
NU-104592,8,407,244
NU-104592,9,172,115
NU-104592,10,474,256
NU-104592,11,364,226
NU-104592,12,478,321
NU-104592,13,307,295
NU-104592,14,441,273
NU-104592,15,530,318
NU-104592,16,485,324
NU-109859,1,217,151
NU-109859,2,60,35
NU-109859,3,254,147
NU-109859,4,260,163
NU-109859,5,169,101
NU-109859,6,385,240
NU-109859,7,135,150
NU-109859,8,158,135
NU-109859,9,103,66
NU-109859,10,173,98
NU-109859,11,217,99
NU-109859,12,183,134
NU-109859,13,275,169
NU-109859,14,145,129
NU-109859,15,141,106
NU-109859,16,251,181
NU-100115,1,216,113
NU-100115,2,67,43
NU-100115,3,181,116
NU-100115,4,162,109
NU-100115,5,175,105
NU-100115,6,204,98
NU-100115,7,180,109
NU-100115,8,73,57
NU-100115,9,66,38
NU-100115,10,132,59
NU-100115,11,150,119
NU-100115,12,158,103
NU-100115,13,0,0
NU-100115,14,123,69
NU-100115,15,188,119
NU-100115,16,111,79
NU-102490,1,260,146
NU-102490,2,234,144
NU-102490,3,308,180
NU-102490,4,278,191
NU-102490,5,264,144
NU-102490,6,371,187
NU-102490,7,270,223
NU-102490,8,333,217
NU-102490,9,139,87
NU-102490,10,127,139
NU-102490,11,483,260
NU-102490,12,423,215
NU-102490,13,185,150
NU-102490,14,231,151
NU-102490,15,185,133
NU-102490,16,365,240
NU-108897,1,491,237
NU-108897,2,466,315
NU-108897,3,389,230
NU-108897,4,402,231
NU-108897,5,471,318
NU-108897,6,329,218
NU-108897,7,352,263
NU-108897,8,197,273
NU-108897,9,191,109
NU-108897,10,403,235
NU-108897,11,416,228
NU-108897,12,364,204
NU-108897,13,498,298
NU-108897,14,499,240
NU-108897,15,339,244
NU-108897,16,251,204
NU-103330,1,437,297
NU-103330,2,537,262
NU-103330,3,239,238
NU-103330,4,483,301
NU-103330,5,576,384
NU-103330,6,679,358
NU-103330,7,414,257
NU-103330,8,523,294
NU-103330,9,182,140
NU-103330,10,612,308
NU-103330,11,307,307
NU-103330,12,484,287
NU-103330,13,592,348
NU-103330,14,347,221
NU-103330,15,527,265
NU-103330,16,652,332
NU-103924,1,271,262
NU-103924,2,209,182
NU-103924,3,349,252
NU-103924,4,246,199
NU-103924,5,285,268
NU-103924,6,132,135
NU-103924,7,463,271
NU-103924,8,471,257
NU-103924,9,151,101
NU-103924,10,253,175
NU-103924,11,333,245
NU-103924,12,262,187
NU-103924,13,372,233
NU-103924,14,360,315
NU-103924,15,365,242
NU-103924,16,429,267
NU-103396,1,139,93
NU-103396,2,185,123
NU-103396,3,87,49
NU-103396,4,106,72
NU-103396,5,152,124
NU-103396,6,117,90
NU-103396,7,130,86
NU-103396,8,125,82
NU-103396,9,29,17
NU-103396,10,249,142
NU-103396,11,165,118
NU-103396,12,106,71
NU-103396,13,184,90
NU-103396,14,163,110
NU-103396,15,296,196
NU-103396,16,215,112
NU-101557,1,721,401
NU-101557,2,538,311
NU-101557,3,431,328
NU-101557,4,547,322
NU-101557,5,414,262
NU-101557,6,312,275
NU-101557,7,269,253
NU-101557,8,501,319
NU-101557,9,250,121
NU-101557,10,399,325
NU-101557,11,361,321
NU-101557,12,392,297
NU-101557,13,513,378
NU-101557,14,335,241
NU-101557,15,428,300
NU-101557,16,739,330
NU-106401,1,277,215
NU-106401,2,437,251
NU-106401,3,222,135
NU-106401,4,385,205
NU-106401,5,170,114
NU-106401,6,304,148
NU-106401,7,270,207
NU-106401,8,303,187
NU-106401,9,100,49
NU-106401,10,240,165
NU-106401,11,322,176
NU-106401,12,205,134
NU-106401,13,89,111
NU-106401,14,501,229
NU-106401,15,229,143
NU-106401,16,245,173
NU-108667,1,328,167
NU-108667,2,132,101
NU-108667,3,233,118
NU-108667,4,306,153
NU-108667,5,219,120
NU-108667,6,293,182
NU-108667,7,311,169
NU-108667,8,191,98
NU-108667,9,116,68
NU-108667,10,164,136
NU-108667,11,144,94
NU-108667,12,228,160
NU-108667,13,234,141
NU-108667,14,307,200
NU-108667,15,246,160
NU-108667,16,162,111
NU-101866,1,278,175
NU-101866,2,337,179
NU-101866,3,287,161
NU-101866,4,187,126
NU-101866,5,239,193
NU-101866,6,329,205
NU-101866,7,150,239
NU-101866,8,320,194
NU-101866,9,53,46
NU-101866,10,272,167
NU-101866,11,351,217
NU-101866,12,227,204
NU-101866,13,249,133
NU-101866,14,303,179
NU-101866,15,225,150
NU-101866,16,253,171
NU-104597,1,147,125
NU-104597,2,310,196
NU-104597,3,312,184
NU-104597,4,203,175
NU-104597,5,300,202
NU-104597,6,303,193
NU-104597,7,379,195
NU-104597,8,446,218
NU-104597,9,114,56
NU-104597,10,228,110
NU-104597,11,252,127
NU-104597,12,129,84
NU-104597,13,252,192
NU-104597,14,309,181
NU-104597,15,471,229
NU-104597,16,401,208
NU-109998,1,281,150
NU-109998,2,329,148
NU-109998,3,342,196
NU-109998,4,83,178
NU-109998,5,234,139
NU-109998,6,295,159
NU-109998,7,223,173
NU-109998,8,333,218
NU-109998,9,186,87
NU-109998,10,277,155
NU-109998,11,269,139
NU-109998,12,327,203
NU-109998,13,345,208
NU-109998,14,393,248
NU-109998,15,296,262
NU-109998,16,297,206
NU-104175,1,518,275
NU-104175,2,392,250
NU-104175,3,595,296
NU-104175,4,407,298
NU-104175,5,298,248
NU-104175,6,396,233
NU-104175,7,391,266
NU-104175,8,419,329
NU-104175,9,189,97
NU-104175,10,360,206
NU-104175,11,436,258
NU-104175,12,369,262
NU-104175,13,183,147
NU-104175,14,472,267
NU-104175,15,402,222
NU-104175,16,439,251
NU-105468,1,511,272
NU-105468,2,557,294
NU-105468,3,591,322
NU-105468,4,609,389
NU-105468,5,625,305
NU-105468,6,551,299
NU-105468,7,366,252
NU-105468,8,428,286
NU-105468,9,149,98
NU-105468,10,400,256
NU-105468,11,766,379
NU-105468,12,526,356
NU-105468,13,331,339
NU-105468,14,440,328
NU-105468,15,778,386
NU-105468,16,451,284
NU-105247,1,196,103
NU-105247,2,279,157
NU-105247,3,259,149
NU-105247,4,303,155
NU-105247,5,292,158
NU-105247,6,155,76
NU-105247,7,140,105
NU-105247,8,140,79
NU-105247,9,113,64
NU-105247,10,269,139
NU-105247,11,125,109
NU-105247,12,124,136
NU-105247,13,219,191
NU-105247,14,263,117
NU-105247,15,286,155
NU-105247,16,188,162
NU-109613,1,455,259
NU-109613,2,380,226
NU-109613,3,363,187
NU-109613,4,419,259
NU-109613,5,397,226
NU-109613,6,367,213
NU-109613,7,400,237
NU-109613,8,469,248
NU-109613,9,200,106
NU-109613,10,190,190
NU-109613,11,306,179
NU-109613,12,365,222
NU-109613,13,358,212
NU-109613,14,181,142
NU-109613,15,381,172
NU-109613,16,636,295
NU-101163,1,247,163
NU-101163,2,131,72
NU-101163,3,125,77
NU-101163,4,119,109
NU-101163,5,132,106
NU-101163,6,127,105
NU-101163,7,185,149
NU-101163,8,287,160
NU-101163,9,50,41
NU-101163,10,176,128
NU-101163,11,192,125
NU-101163,12,182,87
NU-101163,13,148,91
NU-101163,14,249,131
NU-101163,15,180,121
NU-101163,16,182,103
NU-102143,1,286,228
NU-102143,2,225,155
NU-102143,3,438,173
NU-102143,4,432,219
NU-102143,5,279,191
NU-102143,6,375,194
NU-102143,7,186,127
NU-102143,8,441,238
NU-102143,9,143,73
NU-102143,10,193,140
NU-102143,11,447,231
NU-102143,12,285,201
NU-102143,13,461,182
NU-102143,14,311,165
NU-102143,15,359,261
NU-102143,16,303,181
NU-102222,1,611,388
NU-102222,2,519,356
NU-102222,3,627,344
NU-102222,4,496,342
NU-102222,5,600,293
NU-102222,6,663,412
NU-102222,7,523,328
NU-102222,8,363,379
NU-102222,9,171,155
NU-102222,10,494,313
NU-102222,11,510,349
NU-102222,12,685,318
NU-102222,13,332,278
NU-102222,14,728,366
NU-102222,15,409,322
NU-102222,16,479,343
NU-104830,1,471,251
NU-104830,2,298,189
NU-104830,3,494,256
NU-104830,4,282,207
NU-104830,5,279,271
NU-104830,6,407,290
NU-104830,7,433,276
NU-104830,8,458,249
NU-104830,9,127,91
NU-104830,10,422,224
NU-104830,11,347,222
NU-104830,12,268,198
NU-104830,13,388,198
NU-104830,14,417,250
NU-104830,15,335,221
NU-104830,16,293,271
NU-108899,1,617,347
NU-108899,2,351,300
NU-108899,3,435,268
NU-108899,4,596,305
NU-108899,5,597,328
NU-108899,6,369,265
NU-108899,7,592,368
NU-108899,8,243,275
NU-108899,9,268,138
NU-108899,10,280,216
NU-108899,11,478,283
NU-108899,12,342,316
NU-108899,13,422,323
NU-108899,14,594,326
NU-108899,15,423,269
NU-108899,16,524,319
NU-102572,1,234,179
NU-102572,2,297,247
NU-102572,3,500,232
NU-102572,4,427,216
NU-102572,5,319,218
NU-102572,6,235,196
NU-102572,7,406,243
NU-102572,8,297,172
NU-102572,9,131,87
NU-102572,10,375,214
NU-102572,11,375,261
NU-102572,12,242,163
NU-102572,13,360,204
NU-102572,14,218,207
NU-102572,15,343,272
NU-102572,16,400,235
NU-105797,1,448,305
NU-105797,2,335,303
NU-105797,3,547,308
NU-105797,4,337,262
NU-105797,5,532,298
NU-105797,6,525,268
NU-105797,7,614,324
NU-105797,8,382,294
NU-105797,9,173,105
NU-105797,10,348,251
NU-105797,11,542,302
NU-105797,12,534,254
NU-105797,13,655,378
NU-105797,14,375,227
NU-105797,15,627,302
NU-105797,16,416,260
NU-105244,1,44,77
NU-105244,2,161,115
NU-105244,3,126,102
NU-105244,4,61,38
NU-105244,5,126,89
NU-105244,6,138,123
NU-105244,7,223,133
NU-105244,8,228,135
NU-105244,9,4,3
NU-105244,10,101,84
NU-105244,11,279,142
NU-105244,12,93,52
NU-105244,13,318,182
NU-105244,14,140,91
NU-105244,15,56,51
NU-105244,16,61,37
NU-101095,1,606,257
NU-101095,2,401,265
NU-101095,3,363,298
NU-101095,4,341,245
NU-101095,5,261,199
NU-101095,6,276,224
NU-101095,7,553,292
NU-101095,8,408,213
NU-101095,9,175,113
NU-101095,10,405,232
NU-101095,11,427,280
NU-101095,12,307,236
NU-101095,13,411,183
NU-101095,14,292,235
NU-101095,15,311,286
NU-101095,16,521,334
NU-103733,1,360,216
NU-103733,2,287,134
NU-103733,3,403,224
NU-103733,4,580,247
NU-103733,5,422,271
NU-103733,6,277,219
NU-103733,7,289,247
NU-103733,8,278,283
NU-103733,9,129,84
NU-103733,10,259,156
NU-103733,11,245,186
NU-103733,12,291,179
NU-103733,13,378,218
NU-103733,14,309,192
NU-103733,15,435,218
NU-103733,16,279,194
NU-108418,1,501,249
NU-108418,2,311,173
NU-108418,3,693,274
NU-108418,4,409,203
NU-108418,5,331,178
NU-108418,6,200,124
NU-108418,7,369,187
NU-108418,8,323,186
NU-108418,9,91,53
NU-108418,10,204,119
NU-108418,11,166,210
NU-108418,12,223,145
NU-108418,13,267,163
NU-108418,14,207,129
NU-108418,15,345,259
NU-108418,16,349,197
NU-107394,1,109,88
NU-107394,2,235,131
NU-107394,3,188,111
NU-107394,4,152,112
NU-107394,5,132,66
NU-107394,6,160,128
NU-107394,7,168,101
NU-107394,8,229,124
NU-107394,9,110,60
NU-107394,10,269,140
NU-107394,11,264,141
NU-107394,12,293,187
NU-107394,13,210,131
NU-107394,14,255,175
NU-107394,15,165,96
NU-107394,16,222,135
NU-105132,1,487,285
NU-105132,2,267,148
NU-105132,3,401,239
NU-105132,4,260,211
NU-105132,5,366,215
NU-105132,6,395,231
NU-105132,7,441,197
NU-105132,8,326,224
NU-105132,9,150,120
NU-105132,10,456,264
NU-105132,11,268,174
NU-105132,12,309,198
NU-105132,13,287,217
NU-105132,14,325,201
NU-105132,15,479,280
NU-105132,16,413,236
NU-101025,1,394,259
NU-101025,2,327,257
NU-101025,3,414,226
NU-101025,4,427,289
NU-101025,5,439,203
NU-101025,6,546,277
NU-101025,7,356,238
NU-101025,8,447,271
NU-101025,9,118,79
NU-101025,10,387,203
NU-101025,11,243,264
NU-101025,12,653,269
NU-101025,13,669,268
NU-101025,14,313,214
NU-101025,15,217,196
NU-101025,16,326,213
NU-108060,1,172,99
NU-108060,2,88,57
NU-108060,3,17,12
NU-108060,4,105,61
NU-108060,5,55,31
NU-108060,6,42,31
NU-108060,7,153,95
NU-108060,8,22,12
NU-108060,9,65,46
NU-108060,10,116,80
NU-108060,11,41,30
NU-108060,12,37,23
NU-108060,13,58,49
NU-108060,14,164,72
NU-108060,15,69,81
NU-108060,16,62,45
NU-104869,1,334,203
NU-104869,2,350,246
NU-104869,3,469,230
NU-104869,4,359,203
NU-104869,5,150,151
NU-104869,6,311,195
NU-104869,7,397,210
NU-104869,8,378,176
NU-104869,9,193,127
NU-104869,10,349,207
NU-104869,11,208,198
NU-104869,12,522,255
NU-104869,13,419,213
NU-104869,14,338,182
NU-104869,15,389,218
NU-104869,16,404,214
NU-104836,1,301,135
NU-104836,2,136,106
NU-104836,3,183,131
NU-104836,4,285,140
NU-104836,5,153,92
NU-104836,6,164,132
NU-104836,7,178,99
NU-104836,8,217,189
NU-104836,9,57,36
NU-104836,10,181,154
NU-104836,11,211,165
NU-104836,12,166,92
NU-104836,13,150,127
NU-104836,14,251,154
NU-104836,15,217,136
NU-104836,16,155,99
NU-105748,1,238,156
NU-105748,2,190,136
NU-105748,3,158,112
NU-105748,4,170,111
NU-105748,5,156,120
NU-105748,6,85,53
NU-105748,7,44,31
NU-105748,8,78,62
NU-105748,9,97,59
NU-105748,10,87,64
NU-105748,11,14,13
NU-105748,12,128,80
NU-105748,13,204,132
NU-105748,14,289,174
NU-105748,15,317,144
NU-105748,16,261,136
NU-105600,1,129,85
NU-105600,2,235,137
NU-105600,3,280,141
NU-105600,4,488,225
NU-105600,5,218,143
NU-105600,6,395,240
NU-105600,7,289,200
NU-105600,8,252,140
NU-105600,9,72,47
NU-105600,10,337,163
NU-105600,11,341,161
NU-105600,12,349,215
NU-105600,13,372,168
NU-105600,14,226,140
NU-105600,15,305,181
NU-105600,16,203,152
NU-106403,1,273,190
NU-106403,2,367,227
NU-106403,3,313,161
NU-106403,4,192,164
NU-106403,5,191,227
NU-106403,6,251,165
NU-106403,7,360,219
NU-106403,8,231,161
NU-106403,9,135,105
NU-106403,10,466,272
NU-106403,11,291,156
NU-106403,12,227,151
NU-106403,13,218,169
NU-106403,14,458,248
NU-106403,15,321,219
NU-106403,16,313,178
NU-104646,1,358,241
NU-104646,2,299,190
NU-104646,3,320,244
NU-104646,4,426,240
NU-104646,5,283,182
NU-104646,6,229,161
NU-104646,7,253,161
NU-104646,8,293,252
NU-104646,9,115,78
NU-104646,10,140,173
NU-104646,11,359,210
NU-104646,12,276,234
NU-104646,13,362,253
NU-104646,14,248,237
NU-104646,15,388,205
NU-104646,16,320,213
NU-107974,1,326,212
NU-107974,2,370,231
NU-107974,3,342,328
NU-107974,4,463,251
NU-107974,5,450,248
NU-107974,6,318,297
NU-107974,7,521,321
NU-107974,8,379,270
NU-107974,9,171,89
NU-107974,10,383,225
NU-107974,11,172,139
NU-107974,12,467,227
NU-107974,13,303,211
NU-107974,14,429,224
NU-107974,15,374,190
NU-107974,16,335,206
NU-101460,1,323,178
NU-101460,2,379,226
NU-101460,3,362,209
NU-101460,4,333,207
NU-101460,5,402,231
NU-101460,6,296,246
NU-101460,7,201,236
NU-101460,8,291,176
NU-101460,9,131,74
NU-101460,10,314,174
NU-101460,11,450,289
NU-101460,12,387,256
NU-101460,13,423,267
NU-101460,14,385,259
NU-101460,15,566,283
NU-101460,16,483,280
NU-103604,1,306,228
NU-103604,2,459,234
NU-103604,3,364,225
NU-103604,4,313,238
NU-103604,5,427,225
NU-103604,6,300,229
NU-103604,7,351,237
NU-103604,8,340,226
NU-103604,9,160,95
NU-103604,10,349,231
NU-103604,11,292,198
NU-103604,12,352,251
NU-103604,13,342,232
NU-103604,14,374,246
NU-103604,15,307,207
NU-103604,16,539,266
NU-102496,1,351,274
NU-102496,2,703,299
NU-102496,3,473,268
NU-102496,4,421,263
NU-102496,5,320,291
NU-102496,6,251,209
NU-102496,7,256,255
NU-102496,8,367,245
NU-102496,9,155,79
NU-102496,10,511,289
NU-102496,11,561,230
NU-102496,12,506,311
NU-102496,13,301,210
NU-102496,14,416,301
NU-102496,15,327,201
NU-102496,16,432,287
NU-106911,1,304,192
NU-106911,2,352,261
NU-106911,3,522,277
NU-106911,4,378,249
NU-106911,5,360,202
NU-106911,6,349,252
NU-106911,7,400,286
NU-106911,8,460,273
NU-106911,9,179,112
NU-106911,10,410,290
NU-106911,11,367,280
NU-106911,12,292,175
NU-106911,13,595,258
NU-106911,14,322,252
NU-106911,15,357,229
NU-106911,16,555,296
NU-109747,1,531,329
NU-109747,2,505,236
NU-109747,3,408,302
NU-109747,4,455,281
NU-109747,5,278,200
NU-109747,6,391,253
NU-109747,7,397,245
NU-109747,8,201,177
NU-109747,9,164,90
NU-109747,10,298,221
NU-109747,11,664,345
NU-109747,12,320,232
NU-109747,13,325,201
NU-109747,14,487,222
NU-109747,15,358,208
NU-109747,16,382,241
NU-109586,1,304,197
NU-109586,2,281,170
NU-109586,3,258,173
NU-109586,4,377,176
NU-109586,5,316,159
NU-109586,6,211,111
NU-109586,7,209,170
NU-109586,8,387,225
NU-109586,9,136,95
NU-109586,10,264,162
NU-109586,11,412,209
NU-109586,12,371,189
NU-109586,13,229,186
NU-109586,14,299,137
NU-109586,15,235,180
NU-109586,16,401,208
NU-105872,1,60,39
NU-105872,2,188,175
NU-105872,3,353,198
NU-105872,4,214,150
NU-105872,5,529,266
NU-105872,6,306,189
NU-105872,7,421,220
NU-105872,8,408,262
NU-105872,9,89,74
NU-105872,10,311,203
NU-105872,11,261,149
NU-105872,12,403,233
NU-105872,13,429,265
NU-105872,14,320,213
NU-105872,15,248,146
NU-105872,16,271,142
NU-105488,1,291,161
NU-105488,2,214,163
NU-105488,3,399,213
NU-105488,4,295,156
NU-105488,5,339,233
NU-105488,6,345,211
NU-105488,7,327,210
NU-105488,8,351,295
NU-105488,9,137,88
NU-105488,10,306,210
NU-105488,11,290,231
NU-105488,12,483,286
NU-105488,13,298,225
NU-105488,14,504,246
NU-105488,15,232,157
NU-105488,16,319,229
NU-105911,1,658,338
NU-105911,2,543,327
NU-105911,3,564,316
NU-105911,4,484,339
NU-105911,5,460,350
NU-105911,6,653,333
NU-105911,7,511,324
NU-105911,8,642,335
NU-105911,9,291,145
NU-105911,10,547,377
NU-105911,11,805,343
NU-105911,12,676,378
NU-105911,13,507,382
NU-105911,14,488,307
NU-105911,15,756,346
NU-105911,16,725,383
NU-105450,1,396,229
NU-105450,2,464,268
NU-105450,3,227,237
NU-105450,4,392,261
NU-105450,5,488,268
NU-105450,6,592,329
NU-105450,7,381,277
NU-105450,8,425,256
NU-105450,9,157,139
NU-105450,10,458,263
NU-105450,11,433,348
NU-105450,12,451,268
NU-105450,13,398,280
NU-105450,14,536,305
NU-105450,15,393,282
NU-105450,16,425,217
NU-109453,1,378,210
NU-109453,2,110,85
NU-109453,3,194,158
NU-109453,4,284,179
NU-109453,5,102,108
NU-109453,6,251,166
NU-109453,7,251,169
NU-109453,8,341,194
NU-109453,9,110,76
NU-109453,10,260,175
NU-109453,11,226,182
NU-109453,12,258,129
NU-109453,13,205,125
NU-109453,14,132,77
NU-109453,15,232,175
NU-109453,16,291,187
NU-102343,1,372,193
NU-102343,2,223,179
NU-102343,3,273,222
NU-102343,4,390,301
NU-102343,5,273,175
NU-102343,6,324,219
NU-102343,7,423,210
NU-102343,8,428,247
NU-102343,9,113,76
NU-102343,10,352,219
NU-102343,11,255,208
NU-102343,12,387,288
NU-102343,13,443,236
NU-102343,14,365,251
NU-102343,15,320,201
NU-102343,16,496,246
NU-107820,1,576,311
NU-107820,2,334,202
NU-107820,3,523,332
NU-107820,4,563,336
NU-107820,5,311,175
NU-107820,6,299,185
NU-107820,7,366,284
NU-107820,8,402,257
NU-107820,9,177,98
NU-107820,10,663,328
NU-107820,11,521,290
NU-107820,12,371,322
NU-107820,13,425,261
NU-107820,14,465,291
NU-107820,15,333,160
NU-107820,16,416,252
NU-109274,1,269,206
NU-109274,2,265,196
NU-109274,3,193,146
NU-109274,4,305,202
NU-109274,5,223,163
NU-109274,6,201,105
NU-109274,7,390,193
NU-109274,8,199,180
NU-109274,9,92,59
NU-109274,10,383,259
NU-109274,11,294,181
NU-109274,12,247,109
NU-109274,13,225,174
NU-109274,14,401,193
NU-109274,15,253,125
NU-109274,16,272,168
NU-100053,1,325,237
NU-100053,2,370,276
NU-100053,3,289,187
NU-100053,4,471,220
NU-100053,5,220,179
NU-100053,6,539,322
NU-100053,7,482,260
NU-100053,8,357,235
NU-100053,9,160,111
NU-100053,10,547,224
NU-100053,11,448,238
NU-100053,12,519,263
NU-100053,13,320,226
NU-100053,14,360,239
NU-100053,15,409,239
NU-100053,16,296,233
NU-107447,1,324,189
NU-107447,2,462,241
NU-107447,3,147,129
NU-107447,4,333,232
NU-107447,5,513,263
NU-107447,6,150,107
NU-107447,7,378,201
NU-107447,8,422,227
NU-107447,9,228,103
NU-107447,10,162,178
NU-107447,11,308,211
NU-107447,12,446,263
NU-107447,13,364,205
NU-107447,14,163,111
NU-107447,15,263,216
NU-107447,16,372,206
NU-100376,1,196,226
NU-100376,2,354,218
NU-100376,3,423,216
NU-100376,4,181,152
NU-100376,5,316,163
NU-100376,6,296,185
NU-100376,7,448,303
NU-100376,8,443,208
NU-100376,9,60,53
NU-100376,10,626,318
NU-100376,11,131,165
NU-100376,12,216,158
NU-100376,13,264,202
NU-100376,14,203,173
NU-100376,15,160,134
NU-100376,16,512,263
NU-107135,1,182,104
NU-107135,2,158,96
NU-107135,3,215,143
NU-107135,4,245,172
NU-107135,5,196,136
NU-107135,6,204,122
NU-107135,7,160,96
NU-107135,8,113,66
NU-107135,9,73,53
NU-107135,10,195,143
NU-107135,11,180,113
NU-107135,12,246,168
NU-107135,13,140,130
NU-107135,14,322,178
NU-107135,15,185,158
NU-107135,16,111,107
NU-101985,1,272,160
NU-101985,2,183,103
NU-101985,3,348,176
NU-101985,4,354,190
NU-101985,5,255,174
NU-101985,6,247,139
NU-101985,7,262,147
NU-101985,8,187,110
NU-101985,9,194,94
NU-101985,10,289,187
NU-101985,11,301,182
NU-101985,12,311,181
NU-101985,13,178,187
NU-101985,14,435,233
NU-101985,15,229,170
NU-101985,16,286,196
NU-107855,1,342,191
NU-107855,2,189,104
NU-107855,3,190,134
NU-107855,4,232,131
NU-107855,5,271,217
NU-107855,6,261,158
NU-107855,7,395,201
NU-107855,8,328,206
NU-107855,9,144,89
NU-107855,10,417,231
NU-107855,11,205,170
NU-107855,12,295,225
NU-107855,13,371,195
NU-107855,14,280,199
NU-107855,15,225,174
NU-107855,16,231,160
NU-103635,1,776,382
NU-103635,2,596,319
NU-103635,3,431,334
NU-103635,4,468,306
NU-103635,5,443,306
NU-103635,6,496,308
NU-103635,7,611,408
NU-103635,8,250,263
NU-103635,9,206,130
NU-103635,10,710,341
NU-103635,11,587,404
NU-103635,12,524,349
NU-103635,13,327,308
NU-103635,14,527,325
NU-103635,15,599,373
NU-103635,16,753,374
NU-100283,1,343,233
NU-100283,2,334,203
NU-100283,3,314,211
NU-100283,4,167,187
NU-100283,5,424,280
NU-100283,6,388,264
NU-100283,7,450,315
NU-100283,8,724,307
NU-100283,9,130,72
NU-100283,10,321,194
NU-100283,11,374,273
NU-100283,12,489,295
NU-100283,13,279,205
NU-100283,14,441,274
NU-100283,15,363,228
NU-100283,16,465,264
NU-104032,1,213,132
NU-104032,2,506,251
NU-104032,3,230,216
NU-104032,4,297,173
NU-104032,5,308,206
NU-104032,6,381,196
NU-104032,7,328,218
NU-104032,8,345,170
NU-104032,9,115,76
NU-104032,10,340,201
NU-104032,11,353,202
NU-104032,12,379,174
NU-104032,13,358,197
NU-104032,14,383,238
NU-104032,15,271,193
NU-104032,16,331,215
NU-108485,1,544,326
NU-108485,2,550,404
NU-108485,3,612,395
NU-108485,4,594,337
NU-108485,5,627,355
NU-108485,6,443,286
NU-108485,7,496,318
NU-108485,8,465,352
NU-108485,9,286,134
NU-108485,10,742,359
NU-108485,11,517,323
NU-108485,12,360,318
NU-108485,13,739,367
NU-108485,14,595,322
NU-108485,15,499,258
NU-108485,16,628,306
NU-104350,1,477,261
NU-104350,2,168,224
NU-104350,3,327,198
NU-104350,4,232,201
NU-104350,5,340,218
NU-104350,6,349,222
NU-104350,7,320,167
NU-104350,8,292,207
NU-104350,9,186,100
NU-104350,10,276,176
NU-104350,11,211,192
NU-104350,12,253,198
NU-104350,13,333,223
NU-104350,14,249,241
NU-104350,15,261,162
NU-104350,16,356,214
NU-103415,1,472,292
NU-103415,2,626,305
NU-103415,3,428,267
NU-103415,4,225,146
NU-103415,5,664,299
NU-103415,6,425,266
NU-103415,7,473,282
NU-103415,8,446,308
NU-103415,9,164,104
NU-103415,10,491,336
NU-103415,11,367,214
NU-103415,12,459,314
NU-103415,13,455,262
NU-103415,14,526,293
NU-103415,15,596,294
NU-103415,16,500,298
NU-101134,1,529,261
NU-101134,2,273,212
NU-101134,3,340,199
NU-101134,4,315,240
NU-101134,5,337,167
NU-101134,6,275,173
NU-101134,7,543,277
NU-101134,8,259,195
NU-101134,9,132,77
NU-101134,10,257,239
NU-101134,11,337,281
NU-101134,12,357,292
NU-101134,13,390,216
NU-101134,14,402,236
NU-101134,15,309,213
NU-101134,16,453,265
NU-100133,1,203,116
NU-100133,2,163,97
NU-100133,3,300,182
NU-100133,4,288,155
NU-100133,5,282,150
NU-100133,6,52,49
NU-100133,7,185,92
NU-100133,8,160,120
NU-100133,9,65,58
NU-100133,10,88,42
NU-100133,11,233,122
NU-100133,12,193,106
NU-100133,13,160,135
NU-100133,14,163,104
NU-100133,15,243,168
NU-100133,16,248,122
NU-105137,1,430,224
NU-105137,2,481,317
NU-105137,3,499,243
NU-105137,4,445,255
NU-105137,5,303,225
NU-105137,6,376,192
NU-105137,7,443,260
NU-105137,8,480,265
NU-105137,9,204,129
NU-105137,10,312,248
NU-105137,11,206,228
NU-105137,12,377,306
NU-105137,13,341,259
NU-105137,14,267,244
NU-105137,15,307,171
NU-105137,16,357,263
NU-109845,1,589,348
NU-109845,2,424,259
NU-109845,3,396,199
NU-109845,4,374,239
NU-109845,5,321,266
NU-109845,6,362,274
NU-109845,7,369,209
NU-109845,8,391,241
NU-109845,9,210,132
NU-109845,10,364,243
NU-109845,11,407,274
NU-109845,12,649,351
NU-109845,13,361,272
NU-109845,14,393,304
NU-109845,15,447,235
NU-109845,16,587,332
NU-104447,1,450,272
NU-104447,2,519,294
NU-104447,3,515,284
NU-104447,4,521,268
NU-104447,5,571,293
NU-104447,6,597,377
NU-104447,7,487,314
NU-104447,8,485,297
NU-104447,9,217,107
NU-104447,10,368,325
NU-104447,11,474,345
NU-104447,12,524,331
NU-104447,13,436,260
NU-104447,14,556,327
NU-104447,15,435,368
NU-104447,16,764,363
NU-107152,1,511,308
NU-107152,2,369,187
NU-107152,3,473,274
NU-107152,4,391,334
NU-107152,5,277,285
NU-107152,6,435,252
NU-107152,7,418,265
NU-107152,8,628,280
NU-107152,9,177,108
NU-107152,10,321,291
NU-107152,11,444,288
NU-107152,12,367,242
NU-107152,13,294,173
NU-107152,14,398,243
NU-107152,15,512,302
NU-107152,16,314,226
NU-103783,1,215,120
NU-103783,2,301,157
NU-103783,3,189,100
NU-103783,4,185,123
NU-103783,5,50,29
NU-103783,6,213,135
NU-103783,7,330,171
NU-103783,8,177,134
NU-103783,9,96,46
NU-103783,10,192,126
NU-103783,11,272,153
NU-103783,12,128,63
NU-103783,13,111,81
NU-103783,14,314,174
NU-103783,15,170,113
NU-103783,16,174,111
NU-100183,1,329,271
NU-100183,2,392,282
NU-100183,3,683,349
NU-100183,4,595,339
NU-100183,5,344,262
NU-100183,6,610,306
NU-100183,7,581,380
NU-100183,8,460,266
NU-100183,9,269,142
NU-100183,10,535,293
NU-100183,11,652,339
NU-100183,12,518,294
NU-100183,13,428,347
NU-100183,14,604,314
NU-100183,15,659,370
NU-100183,16,405,271
NU-106328,1,461,332
NU-106328,2,395,322
NU-106328,3,701,306
NU-106328,4,581,323
NU-106328,5,477,265
NU-106328,6,436,236
NU-106328,7,178,164
NU-106328,8,419,245
NU-106328,9,210,132
NU-106328,10,504,317
NU-106328,11,633,335
NU-106328,12,411,362
NU-106328,13,397,237
NU-106328,14,424,325
NU-106328,15,399,270
NU-106328,16,248,200
NU-102023,1,348,203
NU-102023,2,273,166
NU-102023,3,227,126
NU-102023,4,221,154
NU-102023,5,405,207
NU-102023,6,331,212
NU-102023,7,215,102
NU-102023,8,399,227
NU-102023,9,129,81
NU-102023,10,236,223
NU-102023,11,350,191
NU-102023,12,389,201
NU-102023,13,346,213
NU-102023,14,345,183
NU-102023,15,350,182
NU-102023,16,316,184
NU-105664,1,342,216
NU-105664,2,256,199
NU-105664,3,299,178
NU-105664,4,330,201
NU-105664,5,323,178
NU-105664,6,284,205
NU-105664,7,333,189
NU-105664,8,207,173
NU-105664,9,149,83
NU-105664,10,440,275
NU-105664,11,365,212
NU-105664,12,431,219
NU-105664,13,306,153
NU-105664,14,317,250
NU-105664,15,341,237
NU-105664,16,505,278
NU-103316,1,251,170
NU-103316,2,362,215
NU-103316,3,430,210
NU-103316,4,170,180
NU-103316,5,423,215
NU-103316,6,429,262
NU-103316,7,561,290
NU-103316,8,230,169
NU-103316,9,220,105
NU-103316,10,322,218
NU-103316,11,267,170
NU-103316,12,156,148
NU-103316,13,349,275
NU-103316,14,362,320
NU-103316,15,327,185
NU-103316,16,317,253
NU-103384,1,392,191
NU-103384,2,351,276
NU-103384,3,415,252
NU-103384,4,381,178
NU-103384,5,324,182
NU-103384,6,688,249
NU-103384,7,403,239
NU-103384,8,246,146
NU-103384,9,102,83
NU-103384,10,368,197
NU-103384,11,253,148
NU-103384,12,393,198
NU-103384,13,392,214
NU-103384,14,323,211
NU-103384,15,244,137
NU-103384,16,319,196
NU-101269,1,342,232
NU-101269,2,387,227
NU-101269,3,317,248
NU-101269,4,348,185
NU-101269,5,370,264
NU-101269,6,352,223
NU-101269,7,359,203
NU-101269,8,206,138
NU-101269,9,124,71
NU-101269,10,496,244
NU-101269,11,536,291
NU-101269,12,495,236
NU-101269,13,502,292
NU-101269,14,335,240
NU-101269,15,280,211
NU-101269,16,550,246
NU-102545,1,148,110
NU-102545,2,262,160
NU-102545,3,248,151
NU-102545,4,326,178
NU-102545,5,31,29
NU-102545,6,201,130
NU-102545,7,128,72
NU-102545,8,167,127
NU-102545,9,41,34
NU-102545,10,249,153
NU-102545,11,283,170
NU-102545,12,248,125
NU-102545,13,115,69
NU-102545,14,32,27
NU-102545,15,200,112
NU-102545,16,144,78
NU-105444,1,300,178
NU-105444,2,160,93
NU-105444,3,361,221
NU-105444,4,177,156
NU-105444,5,272,168
NU-105444,6,215,152
NU-105444,7,252,167
NU-105444,8,251,214
NU-105444,9,143,89
NU-105444,10,301,156
NU-105444,11,237,166
NU-105444,12,189,117
NU-105444,13,287,192
NU-105444,14,242,202
NU-105444,15,245,190
NU-105444,16,321,178
NU-103677,1,739,350
NU-103677,2,785,341
NU-103677,3,378,343
NU-103677,4,642,371
NU-103677,5,473,281
NU-103677,6,569,304
NU-103677,7,452,309
NU-103677,8,528,297
NU-103677,9,139,110
NU-103677,10,253,212
NU-103677,11,614,413
NU-103677,12,601,311
NU-103677,13,624,341
NU-103677,14,628,321
NU-103677,15,650,287
NU-103677,16,569,258
NU-109466,1,2,1
NU-109466,2,55,33
NU-109466,3,226,125
NU-109466,4,115,85
NU-109466,5,50,25
NU-109466,6,67,48
NU-109466,7,233,188
NU-109466,8,37,21
NU-109466,9,57,47
NU-109466,10,59,42
NU-109466,11,160,113
NU-109466,12,272,119
NU-109466,13,158,93
NU-109466,14,228,124
NU-109466,15,33,20
NU-109466,16,200,124
NU-108839,1,357,167
NU-108839,2,405,232
NU-108839,3,395,258
NU-108839,4,399,317
NU-108839,5,283,196
NU-108839,6,537,278
NU-108839,7,398,259
NU-108839,8,404,265
NU-108839,9,159,118
NU-108839,10,412,223
NU-108839,11,332,217
NU-108839,12,311,203
NU-108839,13,310,205
NU-108839,14,474,267
NU-108839,15,473,263
NU-108839,16,301,175
NU-102862,1,263,194
NU-102862,2,162,117
NU-102862,3,284,144
NU-102862,4,151,109
NU-102862,5,101,91
NU-102862,6,357,199
NU-102862,7,187,120
NU-102862,8,147,141
NU-102862,9,146,71
NU-102862,10,223,145
NU-102862,11,422,204
NU-102862,12,253,181
NU-102862,13,234,173
NU-102862,14,237,163
NU-102862,15,277,237
NU-102862,16,142,77
NU-105297,1,193,164
NU-105297,2,240,141
NU-105297,3,261,174
NU-105297,4,261,190
NU-105297,5,392,265
NU-105297,6,371,175
NU-105297,7,299,164
NU-105297,8,155,129
NU-105297,9,115,88
NU-105297,10,355,182
NU-105297,11,289,145
NU-105297,12,427,248
NU-105297,13,159,96
NU-105297,14,452,240
NU-105297,15,235,161
NU-105297,16,373,212
NU-102950,1,361,215
NU-102950,2,478,248
NU-102950,3,398,280
NU-102950,4,390,284
NU-102950,5,365,297
NU-102950,6,630,345
NU-102950,7,415,227
NU-102950,8,508,360
NU-102950,9,155,103
NU-102950,10,386,261
NU-102950,11,581,320
NU-102950,12,413,304
NU-102950,13,468,241
NU-102950,14,512,317
NU-102950,15,451,269
NU-102950,16,389,253
NU-103093,1,188,272
NU-103093,2,418,290
NU-103093,3,363,204
NU-103093,4,428,258
NU-103093,5,441,274
NU-103093,6,147,258
NU-103093,7,487,314
NU-103093,8,555,335
NU-103093,9,160,91
NU-103093,10,397,271
NU-103093,11,562,283
NU-103093,12,541,299
NU-103093,13,369,218
NU-103093,14,321,213
NU-103093,15,421,265
NU-103093,16,374,232
NU-104026,1,471,214
NU-104026,2,400,260
NU-104026,3,528,283
NU-104026,4,582,288
NU-104026,5,465,266
NU-104026,6,305,211
NU-104026,7,539,283
NU-104026,8,557,295
NU-104026,9,228,107
NU-104026,10,436,265
NU-104026,11,248,208
NU-104026,12,458,329
NU-104026,13,489,217
NU-104026,14,449,260
NU-104026,15,393,334
NU-104026,16,354,184
NU-106302,1,238,169
NU-106302,2,296,147
NU-106302,3,352,222
NU-106302,4,462,226
NU-106302,5,241,233
NU-106302,6,442,235
NU-106302,7,277,186
NU-106302,8,332,191
NU-106302,9,64,57
NU-106302,10,358,258
NU-106302,11,288,160
NU-106302,12,317,217
NU-106302,13,435,261
NU-106302,14,427,264
NU-106302,15,281,200
NU-106302,16,544,281
NU-107558,1,580,268
NU-107558,2,398,267
NU-107558,3,243,296
NU-107558,4,308,232
NU-107558,5,390,215
NU-107558,6,406,225
NU-107558,7,375,188
NU-107558,8,499,340
NU-107558,9,242,129
NU-107558,10,459,271
NU-107558,11,236,250
NU-107558,12,372,215
NU-107558,13,489,313
NU-107558,14,215,207
NU-107558,15,414,322
NU-107558,16,412,216
NU-106645,1,550,362
NU-106645,2,609,375
NU-106645,3,496,371
NU-106645,4,453,322
NU-106645,5,745,382
NU-106645,6,300,402
NU-106645,7,436,299
NU-106645,8,480,335
NU-106645,9,224,138
NU-106645,10,609,313
NU-106645,11,538,336
NU-106645,12,668,396
NU-106645,13,505,349
NU-106645,14,569,320
NU-106645,15,486,354
NU-106645,16,412,334
NU-102094,1,730,426
NU-102094,2,456,363
NU-102094,3,696,362
NU-102094,4,438,332
NU-102094,5,738,328
NU-102094,6,580,391
NU-102094,7,506,340
NU-102094,8,321,331
NU-102094,9,298,168
NU-102094,10,547,351
NU-102094,11,408,326
NU-102094,12,647,375
NU-102094,13,535,364
NU-102094,14,426,279
NU-102094,15,564,368
NU-102094,16,568,361
NU-108361,1,680,323
NU-108361,2,531,395
NU-108361,3,468,302
NU-108361,4,548,447
NU-108361,5,454,307
NU-108361,6,590,367
NU-108361,7,426,369
NU-108361,8,580,368
NU-108361,9,187,119
NU-108361,10,604,361
NU-108361,11,474,312
NU-108361,12,541,354
NU-108361,13,367,274
NU-108361,14,491,418
NU-108361,15,415,239
NU-108361,16,656,371
NU-105051,1,484,243
NU-105051,2,228,141
NU-105051,3,366,220
NU-105051,4,376,197
NU-105051,5,274,212
NU-105051,6,357,192
NU-105051,7,216,144
NU-105051,8,273,235
NU-105051,9,152,104
NU-105051,10,174,139
NU-105051,11,255,160
NU-105051,12,268,199
NU-105051,13,298,126
NU-105051,14,250,122
NU-105051,15,239,181
NU-105051,16,235,154
NU-109100,1,309,152
NU-109100,2,167,134
NU-109100,3,182,133
NU-109100,4,226,201
NU-109100,5,236,153
NU-109100,6,274,150
NU-109100,7,219,129
NU-109100,8,323,147
NU-109100,9,57,42
NU-109100,10,122,88
NU-109100,11,122,80
NU-109100,12,257,154
NU-109100,13,189,116
NU-109100,14,245,145
NU-109100,15,223,131
NU-109100,16,143,150
NU-101481,1,404,191
NU-101481,2,482,267
NU-101481,3,482,248
NU-101481,4,305,198
NU-101481,5,467,266
NU-101481,6,262,170
NU-101481,7,291,184
NU-101481,8,355,216
NU-101481,9,126,100
NU-101481,10,268,214
NU-101481,11,220,199
NU-101481,12,310,220
NU-101481,13,328,205
NU-101481,14,298,193
NU-101481,15,253,163
NU-101481,16,496,234
NU-100132,1,337,236
NU-100132,2,455,266
NU-100132,3,197,198
NU-100132,4,435,258
NU-100132,5,477,256
NU-100132,6,371,240
NU-100132,7,343,257
NU-100132,8,288,267
NU-100132,9,209,100
NU-100132,10,303,218
NU-100132,11,322,297
NU-100132,12,454,244
NU-100132,13,271,216
NU-100132,14,485,235
NU-100132,15,439,300
NU-100132,16,295,215
NU-100292,1,232,140
NU-100292,2,78,55
NU-100292,3,111,50
NU-100292,4,73,53
NU-100292,5,145,78
NU-100292,6,0,0
NU-100292,7,77,37
NU-100292,8,100,55
NU-100292,9,48,33
NU-100292,10,130,64
NU-100292,11,81,61
NU-100292,12,157,110
NU-100292,13,10,7
NU-100292,14,0,0
NU-100292,15,100,55
NU-100292,16,142,88
NU-103320,1,289,208
NU-103320,2,232,169
NU-103320,3,403,168
NU-103320,4,209,128
NU-103320,5,321,199
NU-103320,6,289,249
NU-103320,7,255,218
NU-103320,8,328,188
NU-103320,9,145,75
NU-103320,10,303,210
NU-103320,11,270,129
NU-103320,12,326,154
NU-103320,13,561,241
NU-103320,14,402,237
NU-103320,15,186,158
NU-103320,16,273,196
NU-104142,1,458,244
NU-104142,2,474,251
NU-104142,3,397,222
NU-104142,4,397,277
NU-104142,5,496,293
NU-104142,6,323,227
NU-104142,7,374,214
NU-104142,8,323,215
NU-104142,9,204,108
NU-104142,10,425,318
NU-104142,11,284,233
NU-104142,12,374,251
NU-104142,13,337,226
NU-104142,14,287,259
NU-104142,15,417,262
NU-104142,16,367,170
NU-102105,1,453,245
NU-102105,2,450,276
NU-102105,3,633,347
NU-102105,4,625,333
NU-102105,5,414,262
NU-102105,6,624,342
NU-102105,7,551,333
NU-102105,8,510,350
NU-102105,9,236,141
NU-102105,10,410,310
NU-102105,11,684,341
NU-102105,12,519,273
NU-102105,13,321,288
NU-102105,14,559,302
NU-102105,15,355,223
NU-102105,16,576,362
NU-103626,1,375,223
NU-103626,2,413,272
NU-103626,3,478,271
NU-103626,4,296,229
NU-103626,5,613,278
NU-103626,6,345,218
NU-103626,7,382,312
NU-103626,8,402,261
NU-103626,9,206,118
NU-103626,10,483,239
NU-103626,11,467,274
NU-103626,12,513,339
NU-103626,13,379,275
NU-103626,14,299,234
NU-103626,15,439,234
NU-103626,16,505,311
NU-108581,1,554,351
NU-108581,2,428,273
NU-108581,3,600,332
NU-108581,4,391,256
NU-108581,5,586,325
NU-108581,6,478,330
NU-108581,7,415,321
NU-108581,8,448,229
NU-108581,9,81,98
NU-108581,10,584,285
NU-108581,11,339,288
NU-108581,12,449,284
NU-108581,13,670,362
NU-108581,14,372,304
NU-108581,15,468,390
NU-108581,16,609,283
NU-108289,1,350,227
NU-108289,2,451,207
NU-108289,3,217,203
NU-108289,4,327,174
NU-108289,5,508,275
NU-108289,6,349,203
NU-108289,7,260,194
NU-108289,8,231,216
NU-108289,9,95,72
NU-108289,10,416,225
NU-108289,11,506,242
NU-108289,12,287,184
NU-108289,13,260,247
NU-108289,14,398,208
NU-108289,15,387,237
NU-108289,16,417,262
NU-108074,1,188,110
NU-108074,2,215,129
NU-108074,3,195,130
NU-108074,4,216,134
NU-108074,5,113,107
NU-108074,6,188,143
NU-108074,7,343,183
NU-108074,8,203,123
NU-108074,9,150,94
NU-108074,10,220,155
NU-108074,11,363,174
NU-108074,12,249,107
NU-108074,13,352,192
NU-108074,14,377,230
NU-108074,15,408,169
NU-108074,16,143,95
NU-109106,1,170,103
NU-109106,2,35,19
NU-109106,3,185,120
NU-109106,4,90,51
NU-109106,5,70,40
NU-109106,6,8,5
NU-109106,7,156,107
NU-109106,8,93,82
NU-109106,9,21,10
NU-109106,10,189,103
NU-109106,11,66,39
NU-109106,12,261,138
NU-109106,13,114,87
NU-109106,14,136,64
NU-109106,15,9,6
NU-109106,16,126,70
NU-108245,1,486,289
NU-108245,2,493,249
NU-108245,3,352,199
NU-108245,4,604,310
NU-108245,5,421,265
NU-108245,6,299,199
NU-108245,7,359,220
NU-108245,8,372,286
NU-108245,9,219,135
NU-108245,10,461,274
NU-108245,11,294,178
NU-108245,12,423,221
NU-108245,13,411,217
NU-108245,14,488,289
NU-108245,15,284,245
NU-108245,16,306,240
NU-109149,1,514,349
NU-109149,2,378,332
NU-109149,3,457,284
NU-109149,4,346,271
NU-109149,5,481,296
NU-109149,6,264,267
NU-109149,7,241,309
NU-109149,8,581,301
NU-109149,9,168,123
NU-109149,10,624,313
NU-109149,11,467,316
NU-109149,12,671,305
NU-109149,13,399,295
NU-109149,14,418,293
NU-109149,15,303,278
NU-109149,16,461,269
NU-105281,1,358,220
NU-105281,2,250,257
NU-105281,3,179,144
NU-105281,4,256,156
NU-105281,5,304,200
NU-105281,6,204,151
NU-105281,7,285,186
NU-105281,8,247,171
NU-105281,9,146,80
NU-105281,10,230,152
NU-105281,11,397,221
NU-105281,12,342,222
NU-105281,13,318,232
NU-105281,14,220,199
NU-105281,15,353,222
NU-105281,16,243,165
NU-101788,1,279,205
NU-101788,2,189,214
NU-101788,3,430,244
NU-101788,4,350,273
NU-101788,5,372,282
NU-101788,6,419,257
NU-101788,7,584,331
NU-101788,8,461,262
NU-101788,9,132,93
NU-101788,10,268,218
NU-101788,11,380,317
NU-101788,12,376,245
NU-101788,13,400,238
NU-101788,14,391,290
NU-101788,15,660,250
NU-101788,16,284,252
NU-108047,1,137,94
NU-108047,2,91,74
NU-108047,3,121,95
NU-108047,4,156,89
NU-108047,5,74,53
NU-108047,6,118,71
NU-108047,7,0,0
NU-108047,8,196,143
NU-108047,9,62,43
NU-108047,10,134,88
NU-108047,11,258,135
NU-108047,12,41,19
NU-108047,13,157,97
NU-108047,14,143,135
NU-108047,15,72,56
NU-108047,16,151,116
NU-109593,1,138,136
NU-109593,2,212,132
NU-109593,3,188,126
NU-109593,4,193,118
NU-109593,5,172,109
NU-109593,6,342,203
NU-109593,7,223,131
NU-109593,8,188,149
NU-109593,9,71,73
NU-109593,10,176,103
NU-109593,11,170,109
NU-109593,12,215,126
NU-109593,13,173,149
NU-109593,14,230,164
NU-109593,15,147,101
NU-109593,16,161,102
NU-102236,1,372,244
NU-102236,2,489,280
NU-102236,3,525,279
NU-102236,4,274,161
NU-102236,5,317,192
NU-102236,6,399,302
NU-102236,7,429,308
NU-102236,8,504,301
NU-102236,9,173,105
NU-102236,10,326,255
NU-102236,11,450,286
NU-102236,12,373,272
NU-102236,13,277,222
NU-102236,14,671,301
NU-102236,15,340,159
NU-102236,16,599,291
NU-109995,1,374,240
NU-109995,2,315,261
NU-109995,3,448,261
NU-109995,4,746,327
NU-109995,5,472,264
NU-109995,6,246,253
NU-109995,7,210,234
NU-109995,8,344,229
NU-109995,9,231,121
NU-109995,10,483,357
NU-109995,11,374,279
NU-109995,12,294,184
NU-109995,13,380,250
NU-109995,14,315,228
NU-109995,15,628,314
NU-109995,16,297,177
NU-102517,1,319,208
NU-102517,2,441,252
NU-102517,3,424,314
NU-102517,4,224,192
NU-102517,5,373,247
NU-102517,6,302,221
NU-102517,7,427,224
NU-102517,8,322,215
NU-102517,9,121,81
NU-102517,10,283,230
NU-102517,11,529,319
NU-102517,12,244,223
NU-102517,13,404,267
NU-102517,14,477,210
NU-102517,15,238,230
NU-102517,16,563,297
NU-100566,1,294,181
NU-100566,2,403,239
NU-100566,3,385,260
NU-100566,4,333,225
NU-100566,5,582,288
NU-100566,6,403,249
NU-100566,7,754,314
NU-100566,8,406,289
NU-100566,9,125,96
NU-100566,10,314,214
NU-100566,11,392,272
NU-100566,12,458,290
NU-100566,13,563,320
NU-100566,14,593,328
NU-100566,15,378,214
NU-100566,16,239,257
NU-109391,1,301,227
NU-109391,2,312,231
NU-109391,3,524,255
NU-109391,4,205,132
NU-109391,5,237,172
NU-109391,6,292,216
NU-109391,7,317,224
NU-109391,8,339,217
NU-109391,9,167,112
NU-109391,10,313,165
NU-109391,11,274,239
NU-109391,12,176,128
NU-109391,13,556,297
NU-109391,14,358,201
NU-109391,15,226,154
NU-109391,16,336,170
NU-105871,1,533,271
NU-105871,2,507,265
NU-105871,3,540,278
NU-105871,4,597,331
NU-105871,5,570,371
NU-105871,6,266,207
NU-105871,7,547,363
NU-105871,8,362,227
NU-105871,9,134,122
NU-105871,10,734,396
NU-105871,11,428,224
NU-105871,12,338,360
NU-105871,13,578,325
NU-105871,14,519,357
NU-105871,15,584,288
NU-105871,16,509,302
NU-107263,1,240,186
NU-107263,2,328,179
NU-107263,3,315,219
NU-107263,4,619,304
NU-107263,5,321,195
NU-107263,6,503,286
NU-107263,7,221,268
NU-107263,8,480,240
NU-107263,9,142,91
NU-107263,10,426,209
NU-107263,11,405,224
NU-107263,12,475,246
NU-107263,13,401,246
NU-107263,14,505,260
NU-107263,15,321,191
NU-107263,16,398,234
NU-101292,1,175,130
NU-101292,2,281,148
NU-101292,3,311,159
NU-101292,4,110,85
NU-101292,5,186,102
NU-101292,6,0,0
NU-101292,7,143,91
NU-101292,8,179,110
NU-101292,9,92,55
NU-101292,10,162,138
NU-101292,11,287,149
NU-101292,12,218,138
NU-101292,13,77,72
NU-101292,14,253,147
NU-101292,15,324,168
NU-101292,16,87,80
NU-104538,1,193,91
NU-104538,2,295,215
NU-104538,3,302,195
NU-104538,4,399,222
NU-104538,5,308,175
NU-104538,6,262,157
NU-104538,7,226,132
NU-104538,8,231,137
NU-104538,9,112,69
NU-104538,10,240,148
NU-104538,11,195,127
NU-104538,12,336,180
NU-104538,13,116,76
NU-104538,14,286,233
NU-104538,15,287,158
NU-104538,16,331,194
NU-101007,1,411,230
NU-101007,2,265,148
NU-101007,3,448,231
NU-101007,4,384,250
NU-101007,5,283,187
NU-101007,6,252,141
NU-101007,7,218,199
NU-101007,8,370,235
NU-101007,9,137,101
NU-101007,10,531,267
NU-101007,11,384,237
NU-101007,12,387,261
NU-101007,13,440,222
NU-101007,14,389,248
NU-101007,15,447,243
NU-101007,16,349,223
NU-106940,1,249,158
NU-106940,2,177,96
NU-106940,3,298,188
NU-106940,4,152,94
NU-106940,5,206,141
NU-106940,6,165,97
NU-106940,7,184,109
NU-106940,8,258,165
NU-106940,9,152,74
NU-106940,10,152,103
NU-106940,11,128,89
NU-106940,12,165,95
NU-106940,13,231,187
NU-106940,14,214,154
NU-106940,15,242,127
NU-106940,16,197,125
NU-101067,1,52,37
NU-101067,2,217,137
NU-101067,3,182,105
NU-101067,4,117,81
NU-101067,5,195,119
NU-101067,6,230,157
NU-101067,7,296,153
NU-101067,8,139,93
NU-101067,9,60,37
NU-101067,10,215,110
NU-101067,11,102,91
NU-101067,12,99,67
NU-101067,13,40,25
NU-101067,14,67,41
NU-101067,15,38,27
NU-101067,16,165,122
NU-101696,1,264,171
NU-101696,2,406,221
NU-101696,3,211,176
NU-101696,4,254,115
NU-101696,5,159,88
NU-101696,6,115,73
NU-101696,7,159,79
NU-101696,8,308,179
NU-101696,9,95,68
NU-101696,10,219,108
NU-101696,11,267,149
NU-101696,12,199,162
NU-101696,13,324,210
NU-101696,14,159,109
NU-101696,15,176,94
NU-101696,16,326,194
NU-100724,1,321,325
NU-100724,2,335,251
NU-100724,3,289,286
NU-100724,4,538,272
NU-100724,5,407,282
NU-100724,6,437,306
NU-100724,7,401,323
NU-100724,8,333,274
NU-100724,9,99,92
NU-100724,10,532,307
NU-100724,11,406,242
NU-100724,12,314,256
NU-100724,13,243,221
NU-100724,14,386,273
NU-100724,15,322,247
NU-100724,16,518,311
NU-109926,1,344,265
NU-109926,2,563,277
NU-109926,3,476,241
NU-109926,4,311,284
NU-109926,5,416,303
NU-109926,6,588,300
NU-109926,7,547,254
NU-109926,8,552,325
NU-109926,9,142,95
NU-109926,10,382,260
NU-109926,11,412,214
NU-109926,12,298,213
NU-109926,13,386,262
NU-109926,14,562,260
NU-109926,15,281,231
NU-109926,16,433,221
NU-101508,1,310,184
NU-101508,2,261,188
NU-101508,3,172,177
NU-101508,4,144,94
NU-101508,5,250,205
NU-101508,6,333,216
NU-101508,7,258,147
NU-101508,8,380,223
NU-101508,9,84,60
NU-101508,10,333,163
NU-101508,11,209,192
NU-101508,12,422,185
NU-101508,13,229,186
NU-101508,14,190,118
NU-101508,15,262,152
NU-101508,16,339,260
NU-103386,1,346,260
NU-103386,2,365,233
NU-103386,3,387,309
NU-103386,4,408,299
NU-103386,5,381,285
NU-103386,6,492,322
NU-103386,7,400,293
NU-103386,8,393,255
NU-103386,9,178,121
NU-103386,10,472,298
NU-103386,11,370,253
NU-103386,12,378,256
NU-103386,13,648,309
NU-103386,14,335,238
NU-103386,15,419,220
NU-103386,16,436,284
NU-101691,1,362,253
NU-101691,2,514,246
NU-101691,3,415,247
NU-101691,4,346,208
NU-101691,5,277,219
NU-101691,6,461,244
NU-101691,7,380,259
NU-101691,8,380,252
NU-101691,9,192,115
NU-101691,10,306,238
NU-101691,11,278,241
NU-101691,12,313,255
NU-101691,13,260,236
NU-101691,14,318,208
NU-101691,15,414,305
NU-101691,16,303,228
NU-101594,1,282,190
NU-101594,2,351,226
NU-101594,3,343,218
NU-101594,4,143,183
NU-101594,5,345,266
NU-101594,6,384,260
NU-101594,7,335,252
NU-101594,8,215,140
NU-101594,9,169,107
NU-101594,10,350,193
NU-101594,11,257,248
NU-101594,12,320,261
NU-101594,13,282,193
NU-101594,14,233,140
NU-101594,15,368,233
NU-101594,16,441,265
NU-100573,1,531,351
NU-100573,2,636,341
NU-100573,3,236,244
NU-100573,4,394,274
NU-100573,5,626,357
NU-100573,6,549,333
NU-100573,7,556,341
NU-100573,8,428,318
NU-100573,9,193,113
NU-100573,10,564,355
NU-100573,11,407,294
NU-100573,12,349,281
NU-100573,13,627,302
NU-100573,14,463,245
NU-100573,15,638,405
NU-100573,16,438,370
NU-108239,1,503,261
NU-108239,2,285,229
NU-108239,3,344,239
NU-108239,4,296,188
NU-108239,5,597,288
NU-108239,6,431,235
NU-108239,7,443,194
NU-108239,8,401,279
NU-108239,9,268,130
NU-108239,10,411,250
NU-108239,11,390,217
NU-108239,12,375,202
NU-108239,13,270,255
NU-108239,14,476,279
NU-108239,15,264,246
NU-108239,16,433,195
NU-100564,1,209,147
NU-100564,2,295,185
NU-100564,3,288,192
NU-100564,4,289,119
NU-100564,5,227,170
NU-100564,6,315,200
NU-100564,7,289,200
NU-100564,8,276,193
NU-100564,9,97,68
NU-100564,10,341,163
NU-100564,11,228,116
NU-100564,12,263,210
NU-100564,13,359,184
NU-100564,14,247,119
NU-100564,15,380,255
NU-100564,16,299,201
NU-103502,1,356,265
NU-103502,2,433,316
NU-103502,3,785,338
NU-103502,4,681,338
NU-103502,5,567,362
NU-103502,6,518,328
NU-103502,7,591,332
NU-103502,8,401,353
NU-103502,9,193,116
NU-103502,10,418,253
NU-103502,11,500,355
NU-103502,12,447,281
NU-103502,13,647,367
NU-103502,14,504,294
NU-103502,15,371,297
NU-103502,16,589,344
NU-102671,1,112,96
NU-102671,2,167,77
NU-102671,3,203,129
NU-102671,4,164,119
NU-102671,5,208,114
NU-102671,6,143,90
NU-102671,7,175,121
NU-102671,8,90,55
NU-102671,9,35,24
NU-102671,10,110,99
NU-102671,11,14,11
NU-102671,12,151,97
NU-102671,13,139,89
NU-102671,14,101,49
NU-102671,15,52,28
NU-102671,16,117,107
NU-104590,1,366,366
NU-104590,2,665,355
NU-104590,3,564,358
NU-104590,4,593,371
NU-104590,5,584,318
NU-104590,6,615,364
NU-104590,7,564,305
NU-104590,8,640,384
NU-104590,9,258,141
NU-104590,10,525,355
NU-104590,11,491,365
NU-104590,12,425,339
NU-104590,13,483,307
NU-104590,14,358,331
NU-104590,15,322,287
NU-104590,16,536,341
NU-107121,1,300,234
NU-107121,2,322,181
NU-107121,3,262,129
NU-107121,4,184,134
NU-107121,5,216,165
NU-107121,6,269,190
NU-107121,7,199,142
NU-107121,8,226,137
NU-107121,9,121,62
NU-107121,10,356,189
NU-107121,11,450,212
NU-107121,12,233,146
NU-107121,13,157,176
NU-107121,14,357,169
NU-107121,15,295,175
NU-107121,16,156,99
NU-100715,1,133,158
NU-100715,2,275,178
NU-100715,3,283,196
NU-100715,4,179,178
NU-100715,5,336,178
NU-100715,6,440,214
NU-100715,7,283,165
NU-100715,8,326,192
NU-100715,9,58,34
NU-100715,10,287,160
NU-100715,11,220,129
NU-100715,12,200,112
NU-100715,13,158,114
NU-100715,14,151,111
NU-100715,15,271,145
NU-100715,16,179,138
NU-101613,1,496,217
NU-101613,2,323,254
NU-101613,3,190,124
NU-101613,4,279,164
NU-101613,5,333,189
NU-101613,6,338,179
NU-101613,7,438,240
NU-101613,8,269,187
NU-101613,9,142,85
NU-101613,10,355,249
NU-101613,11,177,98
NU-101613,12,274,219
NU-101613,13,276,149
NU-101613,14,342,200
NU-101613,15,169,138
NU-101613,16,374,200
NU-100168,1,349,327
NU-100168,2,502,391
NU-100168,3,481,334
NU-100168,4,526,318
NU-100168,5,386,282
NU-100168,6,446,337
NU-100168,7,569,380
NU-100168,8,536,293
NU-100168,9,247,138
NU-100168,10,501,308
NU-100168,11,501,354
NU-100168,12,548,387
NU-100168,13,386,294
NU-100168,14,351,317
NU-100168,15,508,359
NU-100168,16,662,382
NU-107381,1,362,212
NU-107381,2,213,148
NU-107381,3,272,164
NU-107381,4,398,252
NU-107381,5,337,208
NU-107381,6,259,178
NU-107381,7,300,226
NU-107381,8,242,148
NU-107381,9,71,70
NU-107381,10,408,227
NU-107381,11,171,131
NU-107381,12,101,87
NU-107381,13,480,256
NU-107381,14,194,132
NU-107381,15,376,203
NU-107381,16,230,134
NU-107315,1,328,201
NU-107315,2,501,255
NU-107315,3,293,213
NU-107315,4,391,217
NU-107315,5,508,277
NU-107315,6,198,153
NU-107315,7,270,163
NU-107315,8,438,210
NU-107315,9,239,140
NU-107315,10,214,176
NU-107315,11,250,193
NU-107315,12,325,236
NU-107315,13,301,207
NU-107315,14,472,218
NU-107315,15,332,201
NU-107315,16,390,235
NU-100662,1,223,152
NU-100662,2,281,183
NU-100662,3,231,171
NU-100662,4,213,162
NU-100662,5,286,183
NU-100662,6,274,209
NU-100662,7,389,213
NU-100662,8,260,172
NU-100662,9,115,79
NU-100662,10,296,195
NU-100662,11,320,201
NU-100662,12,364,192
NU-100662,13,253,203
NU-100662,14,548,262
NU-100662,15,306,216
NU-100662,16,247,185
NU-103267,1,324,320
NU-103267,2,555,272
NU-103267,3,424,286
NU-103267,4,333,259
NU-103267,5,423,226
NU-103267,6,408,259
NU-103267,7,363,268
NU-103267,8,570,290
NU-103267,9,160,112
NU-103267,10,708,335
NU-103267,11,779,346
NU-103267,12,332,272
NU-103267,13,598,342
NU-103267,14,318,234
NU-103267,15,506,292
NU-103267,16,614,294
NU-104583,1,221,181
NU-104583,2,482,270
NU-104583,3,384,197
NU-104583,4,407,252
NU-104583,5,308,199
NU-104583,6,204,158
NU-104583,7,328,183
NU-104583,8,299,210
NU-104583,9,129,85
NU-104583,10,442,251
NU-104583,11,362,183
NU-104583,12,362,179
NU-104583,13,208,199
NU-104583,14,452,284
NU-104583,15,245,147
NU-104583,16,330,174
NU-107321,1,402,316
NU-107321,2,523,299
NU-107321,3,495,321
NU-107321,4,488,251
NU-107321,5,590,321
NU-107321,6,467,248
NU-107321,7,355,268
NU-107321,8,489,286
NU-107321,9,287,136
NU-107321,10,353,263
NU-107321,11,566,255
NU-107321,12,494,335
NU-107321,13,450,289
NU-107321,14,438,256
NU-107321,15,657,315
NU-107321,16,405,337
NU-109400,1,384,274
NU-109400,2,389,333
NU-109400,3,259,214
NU-109400,4,289,251
NU-109400,5,410,261
NU-109400,6,461,270
NU-109400,7,379,245
NU-109400,8,726,384
NU-109400,9,178,115
NU-109400,10,437,237
NU-109400,11,501,286
NU-109400,12,468,273
NU-109400,13,361,271
NU-109400,14,371,220
NU-109400,15,444,284
NU-109400,16,413,264
NU-102497,1,542,346
NU-102497,2,292,279
NU-102497,3,462,293
NU-102497,4,684,302
NU-102497,5,547,299
NU-102497,6,417,288
NU-102497,7,410,334
NU-102497,8,370,313
NU-102497,9,236,126
NU-102497,10,593,312
NU-102497,11,523,313
NU-102497,12,398,333
NU-102497,13,521,271
NU-102497,14,486,272
NU-102497,15,421,320
NU-102497,16,513,316
NU-104363,1,272,171
NU-104363,2,232,181
NU-104363,3,315,240
NU-104363,4,506,251
NU-104363,5,532,297
NU-104363,6,370,197
NU-104363,7,281,205
NU-104363,8,314,189
NU-104363,9,167,104
NU-104363,10,215,172
NU-104363,11,358,216
NU-104363,12,353,258
NU-104363,13,346,228
NU-104363,14,551,253
NU-104363,15,294,248
NU-104363,16,364,234
NU-105945,1,26,13
NU-105945,2,224,104
NU-105945,3,141,77
NU-105945,4,94,69
NU-105945,5,101,67
NU-105945,6,134,88
NU-105945,7,35,41
NU-105945,8,36,25
NU-105945,9,21,14
NU-105945,10,73,48
NU-105945,11,6,3
NU-105945,12,93,49
NU-105945,13,102,66
NU-105945,14,43,26
NU-105945,15,66,47
NU-105945,16,94,69
NU-101053,1,205,139
NU-101053,2,226,203
NU-101053,3,298,169
NU-101053,4,348,169
NU-101053,5,203,147
NU-101053,6,183,142
NU-101053,7,204,146
NU-101053,8,207,162
NU-101053,9,88,59
NU-101053,10,251,203
NU-101053,11,300,210
NU-101053,12,205,160
NU-101053,13,287,183
NU-101053,14,316,125
NU-101053,15,218,142
NU-101053,16,283,149
NU-107875,1,446,212
NU-107875,2,454,224
NU-107875,3,276,206
NU-107875,4,333,183
NU-107875,5,305,251
NU-107875,6,472,229
NU-107875,7,249,233
NU-107875,8,428,272
NU-107875,9,165,101
NU-107875,10,335,202
NU-107875,11,311,233
NU-107875,12,411,257
NU-107875,13,483,272
NU-107875,14,328,208
NU-107875,15,427,325
NU-107875,16,393,211
NU-100144,1,152,91
NU-100144,2,216,124
NU-100144,3,235,173
NU-100144,4,290,181
NU-100144,5,196,133
NU-100144,6,147,84
NU-100144,7,176,116
NU-100144,8,182,131
NU-100144,9,68,38
NU-100144,10,318,204
NU-100144,11,215,140
NU-100144,12,247,137
NU-100144,13,215,150
NU-100144,14,322,220
NU-100144,15,239,152
NU-100144,16,259,180
NU-108475,1,319,213
NU-108475,2,294,202
NU-108475,3,259,209
NU-108475,4,207,220
NU-108475,5,311,191
NU-108475,6,360,234
NU-108475,7,224,161
NU-108475,8,353,253
NU-108475,9,99,71
NU-108475,10,339,245
NU-108475,11,409,277
NU-108475,12,433,257
NU-108475,13,316,230
NU-108475,14,235,223
NU-108475,15,412,238
NU-108475,16,383,253
NU-107003,1,140,78
NU-107003,2,195,90
NU-107003,3,247,120
NU-107003,4,181,121
NU-107003,5,117,65
NU-107003,6,239,157
NU-107003,7,0,0
NU-107003,8,128,88
NU-107003,9,95,60
NU-107003,10,249,138
NU-107003,11,167,120
NU-107003,12,265,128
NU-107003,13,108,76
NU-107003,14,140,83
NU-107003,15,55,36
NU-107003,16,271,150
NU-109642,1,295,185
NU-109642,2,364,229
NU-109642,3,478,267
NU-109642,4,348,196
NU-109642,5,353,256
NU-109642,6,187,258
NU-109642,7,350,277
NU-109642,8,373,300
NU-109642,9,129,100
NU-109642,10,675,279
NU-109642,11,392,223
NU-109642,12,580,284
NU-109642,13,247,173
NU-109642,14,403,252
NU-109642,15,380,210
NU-109642,16,271,210
NU-106718,1,296,205
NU-106718,2,241,157
NU-106718,3,231,148
NU-106718,4,224,131
NU-106718,5,251,170
NU-106718,6,232,132
NU-106718,7,390,210
NU-106718,8,214,159
NU-106718,9,61,61
NU-106718,10,274,190
NU-106718,11,155,95
NU-106718,12,210,155
NU-106718,13,272,165
NU-106718,14,253,141
NU-106718,15,214,135
NU-106718,16,204,141
NU-103236,1,438,223
NU-103236,2,302,160
NU-103236,3,403,195
NU-103236,4,200,141
NU-103236,5,281,153
NU-103236,6,200,123
NU-103236,7,331,198
NU-103236,8,232,144
NU-103236,9,84,78
NU-103236,10,270,130
NU-103236,11,372,188
NU-103236,12,392,197
NU-103236,13,170,147
NU-103236,14,256,176
NU-103236,15,226,167
NU-103236,16,339,158
NU-101143,1,422,243
NU-101143,2,486,274
NU-101143,3,394,252
NU-101143,4,358,242
NU-101143,5,622,286
NU-101143,6,286,168
NU-101143,7,267,262
NU-101143,8,464,333
NU-101143,9,183,99
NU-101143,10,393,209
NU-101143,11,399,220
NU-101143,12,245,254
NU-101143,13,354,247
NU-101143,14,297,220
NU-101143,15,281,214
NU-101143,16,357,232
NU-105922,1,312,220
NU-105922,2,447,279
NU-105922,3,344,213
NU-105922,4,460,242
NU-105922,5,401,236
NU-105922,6,191,210
NU-105922,7,311,205
NU-105922,8,407,218
NU-105922,9,165,88
NU-105922,10,296,162
NU-105922,11,531,277
NU-105922,12,280,166
NU-105922,13,260,212
NU-105922,14,183,101
NU-105922,15,361,181
NU-105922,16,353,198
NU-101750,1,284,242
NU-101750,2,261,209
NU-101750,3,317,190
NU-101750,4,421,225
NU-101750,5,283,168
NU-101750,6,404,260
NU-101750,7,435,257
NU-101750,8,393,228
NU-101750,9,118,87
NU-101750,10,572,266
NU-101750,11,171,150
NU-101750,12,407,255
NU-101750,13,392,238
NU-101750,14,386,219
NU-101750,15,366,224
NU-101750,16,362,229
NU-107244,1,384,240
NU-107244,2,523,333
NU-107244,3,442,285
NU-107244,4,498,358
NU-107244,5,537,262
NU-107244,6,524,281
NU-107244,7,545,268
NU-107244,8,336,232
NU-107244,9,270,132
NU-107244,10,337,199
NU-107244,11,389,242
NU-107244,12,671,342
NU-107244,13,459,274
NU-107244,14,494,322
NU-107244,15,598,291
NU-107244,16,388,324
NU-105279,1,549,304
NU-105279,2,551,290
NU-105279,3,571,314
NU-105279,4,434,305
NU-105279,5,340,328
NU-105279,6,597,382
NU-105279,7,383,319
NU-105279,8,437,276
NU-105279,9,166,135
NU-105279,10,622,388
NU-105279,11,515,324
NU-105279,12,530,336
NU-105279,13,660,364
NU-105279,14,538,354
NU-105279,15,501,298
NU-105279,16,618,359
NU-107891,1,526,294
NU-107891,2,409,300
NU-107891,3,526,291
NU-107891,4,335,250
NU-107891,5,391,224
NU-107891,6,495,253
NU-107891,7,504,283
NU-107891,8,366,260
NU-107891,9,132,101
NU-107891,10,395,216
NU-107891,11,560,253
NU-107891,12,413,271
NU-107891,13,434,272
NU-107891,14,273,178
NU-107891,15,333,266
NU-107891,16,285,249
NU-103232,1,115,61
NU-103232,2,334,162
NU-103232,3,145,117
NU-103232,4,156,99
NU-103232,5,147,75
NU-103232,6,157,105
NU-103232,7,161,81
NU-103232,8,83,68
NU-103232,9,84,58
NU-103232,10,267,166
NU-103232,11,91,58
NU-103232,12,222,131
NU-103232,13,323,189
NU-103232,14,126,80
NU-103232,15,176,124
NU-103232,16,298,131
NU-107010,1,334,181
NU-107010,2,180,162
NU-107010,3,289,147
NU-107010,4,340,217
NU-107010,5,212,112
NU-107010,6,243,139
NU-107010,7,268,235
NU-107010,8,377,200
NU-107010,9,141,65
NU-107010,10,340,178
NU-107010,11,283,165
NU-107010,12,287,180
NU-107010,13,404,201
NU-107010,14,374,195
NU-107010,15,317,161
NU-107010,16,308,190
NU-107223,1,288,260
NU-107223,2,474,306
NU-107223,3,340,250
NU-107223,4,336,284
NU-107223,5,375,304
NU-107223,6,383,334
NU-107223,7,498,271
NU-107223,8,378,258
NU-107223,9,182,130
NU-107223,10,541,275
NU-107223,11,609,320
NU-107223,12,564,378
NU-107223,13,469,291
NU-107223,14,465,328
NU-107223,15,458,305
NU-107223,16,402,240
NU-106014,1,642,394
NU-106014,2,408,255
NU-106014,3,431,279
NU-106014,4,489,325
NU-106014,5,689,281
NU-106014,6,409,293
NU-106014,7,452,286
NU-106014,8,407,254
NU-106014,9,215,109
NU-106014,10,600,330
NU-106014,11,500,280
NU-106014,12,464,312
NU-106014,13,647,336
NU-106014,14,616,333
NU-106014,15,449,255
NU-106014,16,623,336
NU-106904,1,363,205
NU-106904,2,475,222
NU-106904,3,242,192
NU-106904,4,204,152
NU-106904,5,364,220
NU-106904,6,374,192
NU-106904,7,321,191
NU-106904,8,264,161
NU-106904,9,183,85
NU-106904,10,274,211
NU-106904,11,380,248
NU-106904,12,531,245
NU-106904,13,309,186
NU-106904,14,198,104
NU-106904,15,368,224
NU-106904,16,217,163
NU-107276,1,288,159
NU-107276,2,173,187
NU-107276,3,397,275
NU-107276,4,232,178
NU-107276,5,281,208
NU-107276,6,242,206
NU-107276,7,384,217
NU-107276,8,340,244
NU-107276,9,156,98
NU-107276,10,314,175
NU-107276,11,362,271
NU-107276,12,327,197
NU-107276,13,278,160
NU-107276,14,333,199
NU-107276,15,402,195
NU-107276,16,429,233
NU-102549,1,351,285
NU-102549,2,507,243
NU-102549,3,433,228
NU-102549,4,446,257
NU-102549,5,482,297
NU-102549,6,449,263
NU-102549,7,183,120
NU-102549,8,295,197
NU-102549,9,231,113
NU-102549,10,464,275
NU-102549,11,410,224
NU-102549,12,541,264
NU-102549,13,450,222
NU-102549,14,209,247
NU-102549,15,187,145
NU-102549,16,428,221
NU-104748,1,509,269
NU-104748,2,430,238
NU-104748,3,286,222
NU-104748,4,245,137
NU-104748,5,463,223
NU-104748,6,238,117
NU-104748,7,311,204
NU-104748,8,510,206
NU-104748,9,153,88
NU-104748,10,353,304
NU-104748,11,491,264
NU-104748,12,298,194
NU-104748,13,435,194
NU-104748,14,372,260
NU-104748,15,338,208
NU-104748,16,171,153
NU-109202,1,675,414
NU-109202,2,633,326
NU-109202,3,562,355
NU-109202,4,594,338
NU-109202,5,428,366
NU-109202,6,536,364
NU-109202,7,576,379
NU-109202,8,444,299
NU-109202,9,241,140
NU-109202,10,659,371
NU-109202,11,520,314
NU-109202,12,658,263
NU-109202,13,407,332
NU-109202,14,296,274
NU-109202,15,417,336
NU-109202,16,515,282
NU-105205,1,595,314
NU-105205,2,394,189
NU-105205,3,509,288
NU-105205,4,337,230
NU-105205,5,621,303
NU-105205,6,435,343
NU-105205,7,594,357
NU-105205,8,417,220
NU-105205,9,109,99
NU-105205,10,254,237
NU-105205,11,543,273
NU-105205,12,542,315
NU-105205,13,545,286
NU-105205,14,348,244
NU-105205,15,653,333
NU-105205,16,473,278
NU-107090,1,306,172
NU-107090,2,267,160
NU-107090,3,218,165
NU-107090,4,209,179
NU-107090,5,248,190
NU-107090,6,363,149
NU-107090,7,344,177
NU-107090,8,168,116
NU-107090,9,118,66
NU-107090,10,312,157
NU-107090,11,204,128
NU-107090,12,147,79
NU-107090,13,323,187
NU-107090,14,236,111
NU-107090,15,227,200
NU-107090,16,338,193
NU-107197,1,391,255
NU-107197,2,359,265
NU-107197,3,451,280
NU-107197,4,488,265
NU-107197,5,330,268
NU-107197,6,566,317
NU-107197,7,736,334
NU-107197,8,588,301
NU-107197,9,144,106
NU-107197,10,550,281
NU-107197,11,663,325
NU-107197,12,222,168
NU-107197,13,498,293
NU-107197,14,688,325
NU-107197,15,366,221
NU-107197,16,633,347
NU-100508,1,577,275
NU-100508,2,281,235
NU-100508,3,442,271
NU-100508,4,299,218
NU-100508,5,264,168
NU-100508,6,516,240
NU-100508,7,259,187
NU-100508,8,498,231
NU-100508,9,102,87
NU-100508,10,299,147
NU-100508,11,272,166
NU-100508,12,299,181
NU-100508,13,320,188
NU-100508,14,193,184
NU-100508,15,372,232
NU-100508,16,357,230
NU-105731,1,562,314
NU-105731,2,499,328
NU-105731,3,646,322
NU-105731,4,384,279
NU-105731,5,614,324
NU-105731,6,542,325
NU-105731,7,461,266
NU-105731,8,490,258
NU-105731,9,185,110
NU-105731,10,473,303
NU-105731,11,649,380
NU-105731,12,531,352
NU-105731,13,366,350
NU-105731,14,336,328
NU-105731,15,400,248
NU-105731,16,764,397
NU-108655,1,230,156
NU-108655,2,288,180
NU-108655,3,376,194
NU-108655,4,394,198
NU-108655,5,155,114
NU-108655,6,372,239
NU-108655,7,246,127
NU-108655,8,209,165
NU-108655,9,120,71
NU-108655,10,489,217
NU-108655,11,388,251
NU-108655,12,415,196
NU-108655,13,358,193
NU-108655,14,310,180
NU-108655,15,353,192
NU-108655,16,316,178
NU-105823,1,230,175
NU-105823,2,222,116
NU-105823,3,300,137
NU-105823,4,328,200
NU-105823,5,310,222
NU-105823,6,197,166
NU-105823,7,382,225
NU-105823,8,418,215
NU-105823,9,120,89
NU-105823,10,376,261
NU-105823,11,328,210
NU-105823,12,156,113
NU-105823,13,324,215
NU-105823,14,495,239
NU-105823,15,195,167
NU-105823,16,284,207
NU-108135,1,553,302
NU-108135,2,525,280
NU-108135,3,450,332
NU-108135,4,432,212
NU-108135,5,369,241
NU-108135,6,553,277
NU-108135,7,313,202
NU-108135,8,369,226
NU-108135,9,122,90
NU-108135,10,342,224
NU-108135,11,263,219
NU-108135,12,417,262
NU-108135,13,387,293
NU-108135,14,376,241
NU-108135,15,266,201
NU-108135,16,247,218
NU-102536,1,3,2
NU-102536,2,84,42
NU-102536,3,81,32
NU-102536,4,179,111
NU-102536,5,14,8
NU-102536,6,175,120
NU-102536,7,0,0
NU-102536,8,65,44
NU-102536,9,5,5
NU-102536,10,122,97
NU-102536,11,161,114
NU-102536,12,174,111
NU-102536,13,158,86
NU-102536,14,200,95
NU-102536,15,33,24
NU-102536,16,107,61
NU-104043,1,211,104
NU-104043,2,354,206
NU-104043,3,211,174
NU-104043,4,143,92
NU-104043,5,175,122
NU-104043,6,182,89
NU-104043,7,205,126
NU-104043,8,103,69
NU-104043,9,37,24
NU-104043,10,142,79
NU-104043,11,261,144
NU-104043,12,133,109
NU-104043,13,282,206
NU-104043,14,337,163
NU-104043,15,252,149
NU-104043,16,194,115
NU-104269,1,297,195
NU-104269,2,184,89
NU-104269,3,159,101
NU-104269,4,257,137
NU-104269,5,154,80
NU-104269,6,290,179
NU-104269,7,436,230
NU-104269,8,292,177
NU-104269,9,137,85
NU-104269,10,164,93
NU-104269,11,200,106
NU-104269,12,197,144
NU-104269,13,422,220
NU-104269,14,277,139
NU-104269,15,185,125
NU-104269,16,180,136
NU-103106,1,476,257
NU-103106,2,368,254
NU-103106,3,450,297
NU-103106,4,346,213
NU-103106,5,422,242
NU-103106,6,323,185
NU-103106,7,432,252
NU-103106,8,362,255
NU-103106,9,165,103
NU-103106,10,281,193
NU-103106,11,270,229
NU-103106,12,574,264
NU-103106,13,239,189
NU-103106,14,367,213
NU-103106,15,313,213
NU-103106,16,338,218
NU-106426,1,419,244
NU-106426,2,477,269
NU-106426,3,431,245
NU-106426,4,427,205
NU-106426,5,353,238
NU-106426,6,564,267
NU-106426,7,452,276
NU-106426,8,462,283
NU-106426,9,143,87
NU-106426,10,429,253
NU-106426,11,318,177
NU-106426,12,271,188
NU-106426,13,183,247
NU-106426,14,296,219
NU-106426,15,318,170
NU-106426,16,365,223
NU-103430,1,174,101
NU-103430,2,266,169
NU-103430,3,89,54
NU-103430,4,153,82
NU-103430,5,47,37
NU-103430,6,195,114
NU-103430,7,0,0
NU-103430,8,96,68
NU-103430,9,7,5
NU-103430,10,231,112
NU-103430,11,22,14
NU-103430,12,58,32
NU-103430,13,121,65
NU-103430,14,0,0
NU-103430,15,23,14
NU-103430,16,199,133
NU-104782,1,485,366
NU-104782,2,440,212
NU-104782,3,517,340
NU-104782,4,463,288
NU-104782,5,642,306
NU-104782,6,372,272
NU-104782,7,285,176
NU-104782,8,303,296
NU-104782,9,195,119
NU-104782,10,422,297
NU-104782,11,515,308
NU-104782,12,362,267
NU-104782,13,376,226
NU-104782,14,263,179
NU-104782,15,311,226
NU-104782,16,362,240
NU-106634,1,372,196
NU-106634,2,433,232
NU-106634,3,360,238
NU-106634,4,425,225
NU-106634,5,378,236
NU-106634,6,201,165
NU-106634,7,417,282
NU-106634,8,519,295
NU-106634,9,217,127
NU-106634,10,169,112
NU-106634,11,372,227
NU-106634,12,432,271
NU-106634,13,524,225
NU-106634,14,302,238
NU-106634,15,235,165
NU-106634,16,383,251
NU-107878,1,369,267
NU-107878,2,381,260
NU-107878,3,456,288
NU-107878,4,518,285
NU-107878,5,566,255
NU-107878,6,467,293
NU-107878,7,484,341
NU-107878,8,237,249
NU-107878,9,200,111
NU-107878,10,550,325
NU-107878,11,488,274
NU-107878,12,677,320
NU-107878,13,366,308
NU-107878,14,402,238
NU-107878,15,496,267
NU-107878,16,484,255
NU-108971,1,326,274
NU-108971,2,508,305
NU-108971,3,343,182
NU-108971,4,368,262
NU-108971,5,344,251
NU-108971,6,328,218
NU-108971,7,351,319
NU-108971,8,529,279
NU-108971,9,147,118
NU-108971,10,446,239
NU-108971,11,587,308
NU-108971,12,233,151
NU-108971,13,375,274
NU-108971,14,525,265
NU-108971,15,561,304
NU-108971,16,484,266
NU-101795,1,294,215
NU-101795,2,381,292
NU-101795,3,402,293
NU-101795,4,406,289
NU-101795,5,262,182
NU-101795,6,676,315
NU-101795,7,563,287
NU-101795,8,410,252
NU-101795,9,180,105
NU-101795,10,335,268
NU-101795,11,402,282
NU-101795,12,327,230
NU-101795,13,361,256
NU-101795,14,276,219
NU-101795,15,537,338
NU-101795,16,434,270
NU-106800,1,462,323
NU-106800,2,687,388
NU-106800,3,312,289
NU-106800,4,320,300
NU-106800,5,381,273
NU-106800,6,481,329
NU-106800,7,765,317
NU-106800,8,590,297
NU-106800,9,155,118
NU-106800,10,634,329
NU-106800,11,387,291
NU-106800,12,426,274
NU-106800,13,533,338
NU-106800,14,533,290
NU-106800,15,440,225
NU-106800,16,374,298
NU-103098,1,366,217
NU-103098,2,465,262
NU-103098,3,431,351
NU-103098,4,435,238
NU-103098,5,541,352
NU-103098,6,287,237
NU-103098,7,544,309
NU-103098,8,290,282
NU-103098,9,116,98
NU-103098,10,345,283
NU-103098,11,344,238
NU-103098,12,323,257
NU-103098,13,597,315
NU-103098,14,436,261
NU-103098,15,367,260
NU-103098,16,347,287
NU-109639,1,426,334
NU-109639,2,462,328
NU-109639,3,513,317
NU-109639,4,462,241
NU-109639,5,577,333
NU-109639,6,354,270
NU-109639,7,547,306
NU-109639,8,376,236
NU-109639,9,221,137
NU-109639,10,366,282
NU-109639,11,445,292
NU-109639,12,438,267
NU-109639,13,623,319
NU-109639,14,386,316
NU-109639,15,459,239
NU-109639,16,450,285
NU-107771,1,274,171
NU-107771,2,296,170
NU-107771,3,223,160
NU-107771,4,248,180
NU-107771,5,241,154
NU-107771,6,263,200
NU-107771,7,155,157
NU-107771,8,517,239
NU-107771,9,126,90
NU-107771,10,371,178
NU-107771,11,243,162
NU-107771,12,324,209
NU-107771,13,246,176
NU-107771,14,473,303
NU-107771,15,216,169
NU-107771,16,190,173
NU-102776,1,338,193
NU-102776,2,259,197
NU-102776,3,227,207
NU-102776,4,398,295
NU-102776,5,354,266
NU-102776,6,183,148
NU-102776,7,335,224
NU-102776,8,406,211
NU-102776,9,137,105
NU-102776,10,220,206
NU-102776,11,357,306
NU-102776,12,231,147
NU-102776,13,279,158
NU-102776,14,224,186
NU-102776,15,351,154
NU-102776,16,399,197
NU-103555,1,278,289
NU-103555,2,247,250
NU-103555,3,415,197
NU-103555,4,320,190
NU-103555,5,422,253
NU-103555,6,353,203
NU-103555,7,282,214
NU-103555,8,477,248
NU-103555,9,174,100
NU-103555,10,376,199
NU-103555,11,348,185
NU-103555,12,366,237
NU-103555,13,354,218
NU-103555,14,374,176
NU-103555,15,415,196
NU-103555,16,285,272
NU-109636,1,180,150
NU-109636,2,348,198
NU-109636,3,68,58
NU-109636,4,256,132
NU-109636,5,183,116
NU-109636,6,187,153
NU-109636,7,330,199
NU-109636,8,253,151
NU-109636,9,70,45
NU-109636,10,137,97
NU-109636,11,171,195
NU-109636,12,69,27
NU-109636,13,176,155
NU-109636,14,291,182
NU-109636,15,226,131
NU-109636,16,102,72
NU-101081,1,439,302
NU-101081,2,273,170
NU-101081,3,512,296
NU-101081,4,324,198
NU-101081,5,380,242
NU-101081,6,534,246
NU-101081,7,469,286
NU-101081,8,466,203
NU-101081,9,145,99
NU-101081,10,448,252
NU-101081,11,403,282
NU-101081,12,404,262
NU-101081,13,247,191
NU-101081,14,378,217
NU-101081,15,273,234
NU-101081,16,458,277
NU-101558,1,483,210
NU-101558,2,344,197
NU-101558,3,355,203
NU-101558,4,333,204
NU-101558,5,363,197
NU-101558,6,255,192
NU-101558,7,339,206
NU-101558,8,274,180
NU-101558,9,107,85
NU-101558,10,347,176
NU-101558,11,351,183
NU-101558,12,193,99
NU-101558,13,371,215
NU-101558,14,263,160
NU-101558,15,294,200
NU-101558,16,392,198
NU-108386,1,310,195
NU-108386,2,450,217
NU-108386,3,310,192
NU-108386,4,210,163
NU-108386,5,221,212
NU-108386,6,418,205
NU-108386,7,314,195
NU-108386,8,289,225
NU-108386,9,150,78
NU-108386,10,445,213
NU-108386,11,253,164
NU-108386,12,333,178
NU-108386,13,232,159
NU-108386,14,329,195
NU-108386,15,283,177
NU-108386,16,170,141
NU-101374,1,287,263
NU-101374,2,209,156
NU-101374,3,378,250
NU-101374,4,357,224
NU-101374,5,331,265
NU-101374,6,428,276
NU-101374,7,423,213
NU-101374,8,413,245
NU-101374,9,161,131
NU-101374,10,433,232
NU-101374,11,384,249
NU-101374,12,474,233
NU-101374,13,356,237
NU-101374,14,457,281
NU-101374,15,364,284
NU-101374,16,510,295
NU-104408,1,217,190
NU-104408,2,372,197
NU-104408,3,98,96
NU-104408,4,199,135
NU-104408,5,318,209
NU-104408,6,288,207
NU-104408,7,161,134
NU-104408,8,149,137
NU-104408,9,82,54
NU-104408,10,227,161
NU-104408,11,319,203
NU-104408,12,201,121
NU-104408,13,263,144
NU-104408,14,360,206
NU-104408,15,248,180
NU-104408,16,431,212
NU-109112,1,138,95
NU-109112,2,221,136
NU-109112,3,290,179
NU-109112,4,169,152
NU-109112,5,157,97
NU-109112,6,292,187
NU-109112,7,180,164
NU-109112,8,219,171
NU-109112,9,62,41
NU-109112,10,283,192
NU-109112,11,304,177
NU-109112,12,124,111
NU-109112,13,343,176
NU-109112,14,158,154
NU-109112,15,362,186
NU-109112,16,434,248
NU-108999,1,397,250
NU-108999,2,532,281
NU-108999,3,329,151
NU-108999,4,334,241
NU-108999,5,509,279
NU-108999,6,330,272
NU-108999,7,333,274
NU-108999,8,346,187
NU-108999,9,166,116
NU-108999,10,448,245
NU-108999,11,679,343
NU-108999,12,339,288
NU-108999,13,201,177
NU-108999,14,559,257
NU-108999,15,263,289
NU-108999,16,451,213
NU-101119,1,309,211
NU-101119,2,525,243
NU-101119,3,411,216
NU-101119,4,398,223
NU-101119,5,258,207
NU-101119,6,263,175
NU-101119,7,205,236
NU-101119,8,416,221
NU-101119,9,107,74
NU-101119,10,219,169
NU-101119,11,260,162
NU-101119,12,515,263
NU-101119,13,399,209
NU-101119,14,339,253
NU-101119,15,363,188
NU-101119,16,328,192
NU-105276,1,372,207
NU-105276,2,272,168
NU-105276,3,301,176
NU-105276,4,286,186
NU-105276,5,292,174
NU-105276,6,322,147
NU-105276,7,426,230
NU-105276,8,244,218
NU-105276,9,92,81
NU-105276,10,263,149
NU-105276,11,317,189
NU-105276,12,302,170
NU-105276,13,160,128
NU-105276,14,509,233
NU-105276,15,177,101
NU-105276,16,302,165
NU-108828,1,364,212
NU-108828,2,386,217
NU-108828,3,328,217
NU-108828,4,465,265
NU-108828,5,257,191
NU-108828,6,337,189
NU-108828,7,421,208
NU-108828,8,350,270
NU-108828,9,191,98
NU-108828,10,332,212
NU-108828,11,462,266
NU-108828,12,273,171
NU-108828,13,549,265
NU-108828,14,484,341
NU-108828,15,474,260
NU-108828,16,327,318
NU-105439,1,329,294
NU-105439,2,387,321
NU-105439,3,321,311
NU-105439,4,316,299
NU-105439,5,518,285
NU-105439,6,455,270
NU-105439,7,548,283
NU-105439,8,375,227
NU-105439,9,204,119
NU-105439,10,529,352
NU-105439,11,458,270
NU-105439,12,670,313
NU-105439,13,611,332
NU-105439,14,500,287
NU-105439,15,566,373
NU-105439,16,469,311
NU-100686,1,266,165
NU-100686,2,413,220
NU-100686,3,146,143
NU-100686,4,248,232
NU-100686,5,282,211
NU-100686,6,262,178
NU-100686,7,353,190
NU-100686,8,350,214
NU-100686,9,120,60
NU-100686,10,214,188
NU-100686,11,383,202
NU-100686,12,309,255
NU-100686,13,322,221
NU-100686,14,387,210
NU-100686,15,334,207
NU-100686,16,254,210
NU-103810,1,91,50
NU-103810,2,216,125
NU-103810,3,145,135
NU-103810,4,188,109
NU-103810,5,46,48
NU-103810,6,179,88
NU-103810,7,215,138
NU-103810,8,189,95
NU-103810,9,134,75
NU-103810,10,274,154
NU-103810,11,166,100
NU-103810,12,120,104
NU-103810,13,68,61
NU-103810,14,116,97
NU-103810,15,191,134
NU-103810,16,203,126
NU-100015,1,594,347
NU-100015,2,461,261
NU-100015,3,438,238
NU-100015,4,253,204
NU-100015,5,571,311
NU-100015,6,482,383
NU-100015,7,581,340
NU-100015,8,329,295
NU-100015,9,215,144
NU-100015,10,403,237
NU-100015,11,711,322
NU-100015,12,580,354
NU-100015,13,682,342
NU-100015,14,629,339
NU-100015,15,336,247
NU-100015,16,335,222
NU-108425,1,402,228
NU-108425,2,263,158
NU-108425,3,386,233
NU-108425,4,332,207
NU-108425,5,347,209
NU-108425,6,393,250
NU-108425,7,368,226
NU-108425,8,443,209
NU-108425,9,152,105
NU-108425,10,393,247
NU-108425,11,447,251
NU-108425,12,351,192
NU-108425,13,354,210
NU-108425,14,322,205
NU-108425,15,454,249
NU-108425,16,536,287
NU-104303,1,117,119
NU-104303,2,97,73
NU-104303,3,130,91
NU-104303,4,147,75
NU-104303,5,152,74
NU-104303,6,197,114
NU-104303,7,120,60
NU-104303,8,255,175
NU-104303,9,121,63
NU-104303,10,161,113
NU-104303,11,193,116
NU-104303,12,197,112
NU-104303,13,163,141
NU-104303,14,102,109
NU-104303,15,76,73
NU-104303,16,198,127
NU-103094,1,196,131
NU-103094,2,439,220
NU-103094,3,235,130
NU-103094,4,168,100
NU-103094,5,247,140
NU-103094,6,99,58
NU-103094,7,140,137
NU-103094,8,94,85
NU-103094,9,107,60
NU-103094,10,63,38
NU-103094,11,126,119
NU-103094,12,312,144
NU-103094,13,177,143
NU-103094,14,227,141
NU-103094,15,178,116
NU-103094,16,199,114
NU-102437,1,302,214
NU-102437,2,324,202
NU-102437,3,168,99
NU-102437,4,351,144
NU-102437,5,157,161
NU-102437,6,233,171
NU-102437,7,262,154
NU-102437,8,192,94
NU-102437,9,132,60
NU-102437,10,207,160
NU-102437,11,439,208
NU-102437,12,237,181
NU-102437,13,157,114
NU-102437,14,235,142
NU-102437,15,154,87
NU-102437,16,131,89
NU-107971,1,369,233
NU-107971,2,609,290
NU-107971,3,571,289
NU-107971,4,447,264
NU-107971,5,480,272
NU-107971,6,551,308
NU-107971,7,506,253
NU-107971,8,489,294
NU-107971,9,147,126
NU-107971,10,416,263
NU-107971,11,706,364
NU-107971,12,444,265
NU-107971,13,416,249
NU-107971,14,602,276
NU-107971,15,414,256
NU-107971,16,332,237
NU-106070,1,489,203
NU-106070,2,325,191
NU-106070,3,432,241
NU-106070,4,417,253
NU-106070,5,338,274
NU-106070,6,352,263
NU-106070,7,286,267
NU-106070,8,263,208
NU-106070,9,281,123
NU-106070,10,359,249
NU-106070,11,358,238
NU-106070,12,408,275
NU-106070,13,174,192
NU-106070,14,440,266
NU-106070,15,471,245
NU-106070,16,426,277
NU-106695,1,314,232
NU-106695,2,324,223
NU-106695,3,163,115
NU-106695,4,356,180
NU-106695,5,327,192
NU-106695,6,247,147
NU-106695,7,313,238
NU-106695,8,312,210
NU-106695,9,170,102
NU-106695,10,352,231
NU-106695,11,275,169
NU-106695,12,388,221
NU-106695,13,179,195
NU-106695,14,192,214
NU-106695,15,294,220
NU-106695,16,340,182
NU-106002,1,592,356
NU-106002,2,447,297
NU-106002,3,407,260
NU-106002,4,474,341
NU-106002,5,355,245
NU-106002,6,381,253
NU-106002,7,454,300
NU-106002,8,507,264
NU-106002,9,165,139
NU-106002,10,504,260
NU-106002,11,501,288
NU-106002,12,302,177
NU-106002,13,315,196
NU-106002,14,277,225
NU-106002,15,307,199
NU-106002,16,353,197
NU-100955,1,571,297
NU-100955,2,551,327
NU-100955,3,509,307
NU-100955,4,423,266
NU-100955,5,277,188
NU-100955,6,570,321
NU-100955,7,420,298
NU-100955,8,266,216
NU-100955,9,257,158
NU-100955,10,664,331
NU-100955,11,511,256
NU-100955,12,362,241
NU-100955,13,425,347
NU-100955,14,473,363
NU-100955,15,300,212
NU-100955,16,453,277
NU-103530,1,397,274
NU-103530,2,316,182
NU-103530,3,515,290
NU-103530,4,296,207
NU-103530,5,354,220
NU-103530,6,308,272
NU-103530,7,458,247
NU-103530,8,491,273
NU-103530,9,179,96
NU-103530,10,320,260
NU-103530,11,336,186
NU-103530,12,331,185
NU-103530,13,307,205
NU-103530,14,400,246
NU-103530,15,277,237
NU-103530,16,332,214
NU-100287,1,153,102
NU-100287,2,231,135
NU-100287,3,179,104
NU-100287,4,90,66
NU-100287,5,123,102
NU-100287,6,290,167
NU-100287,7,120,72
NU-100287,8,209,153
NU-100287,9,66,57
NU-100287,10,182,106
NU-100287,11,268,203
NU-100287,12,224,128
NU-100287,13,235,160
NU-100287,14,197,142
NU-100287,15,158,99
NU-100287,16,284,174
NU-106998,1,471,341
NU-106998,2,418,303
NU-106998,3,396,305
NU-106998,4,567,339
NU-106998,5,481,331
NU-106998,6,608,390
NU-106998,7,443,329
NU-106998,8,520,275
NU-106998,9,156,119
NU-106998,10,516,326
NU-106998,11,317,223
NU-106998,12,506,294
NU-106998,13,455,323
NU-106998,14,491,360
NU-106998,15,456,353
NU-106998,16,396,306
NU-108312,1,553,330
NU-108312,2,553,335
NU-108312,3,597,292
NU-108312,4,288,333
NU-108312,5,540,269
NU-108312,6,409,298
NU-108312,7,357,225
NU-108312,8,343,277
NU-108312,9,224,147
NU-108312,10,728,353
NU-108312,11,407,272
NU-108312,12,346,325
NU-108312,13,445,298
NU-108312,14,394,294
NU-108312,15,781,389
NU-108312,16,616,307
NU-102947,1,301,193
NU-102947,2,423,238
NU-102947,3,309,218
NU-102947,4,331,203
NU-102947,5,342,181
NU-102947,6,417,202
NU-102947,7,352,220
NU-102947,8,271,160
NU-102947,9,192,105
NU-102947,10,270,198
NU-102947,11,226,182
NU-102947,12,361,239
NU-102947,13,233,182
NU-102947,14,213,180
NU-102947,15,303,231
NU-102947,16,309,218
NU-107251,1,222,214
NU-107251,2,265,213
NU-107251,3,416,215
NU-107251,4,396,203
NU-107251,5,314,203
NU-107251,6,343,212
NU-107251,7,327,169
NU-107251,8,421,250
NU-107251,9,208,134
NU-107251,10,300,236
NU-107251,11,412,290
NU-107251,12,358,218
NU-107251,13,398,244
NU-107251,14,518,218
NU-107251,15,391,242
NU-107251,16,384,232
NU-101148,1,522,233
NU-101148,2,224,165
NU-101148,3,153,107
NU-101148,4,169,132
NU-101148,5,325,179
NU-101148,6,485,286
NU-101148,7,241,134
NU-101148,8,206,119
NU-101148,9,176,105
NU-101148,10,214,176
NU-101148,11,131,91
NU-101148,12,357,205
NU-101148,13,388,214
NU-101148,14,329,210
NU-101148,15,479,206
NU-101148,16,242,149
NU-102011,1,389,229
NU-102011,2,332,222
NU-102011,3,525,277
NU-102011,4,544,319
NU-102011,5,614,313
NU-102011,6,458,270
NU-102011,7,324,259
NU-102011,8,427,273
NU-102011,9,181,133
NU-102011,10,598,306
NU-102011,11,369,271
NU-102011,12,493,304
NU-102011,13,429,302
NU-102011,14,481,329
NU-102011,15,249,172
NU-102011,16,448,281
NU-102259,1,348,246
NU-102259,2,493,286
NU-102259,3,348,216
NU-102259,4,483,277
NU-102259,5,371,224
NU-102259,6,281,177
NU-102259,7,331,185
NU-102259,8,363,174
NU-102259,9,100,81
NU-102259,10,459,281
NU-102259,11,398,238
NU-102259,12,234,206
NU-102259,13,275,186
NU-102259,14,375,239
NU-102259,15,497,219
NU-102259,16,223,163
NU-103818,1,296,241
NU-103818,2,285,225
NU-103818,3,308,240
NU-103818,4,296,250
NU-103818,5,384,232
NU-103818,6,334,265
NU-103818,7,337,208
NU-103818,8,404,232
NU-103818,9,142,90
NU-103818,10,361,213
NU-103818,11,280,210
NU-103818,12,382,243
NU-103818,13,474,276
NU-103818,14,491,276
NU-103818,15,279,260
NU-103818,16,404,228
NU-106951,1,206,130
NU-106951,2,336,176
NU-106951,3,218,154
NU-106951,4,101,85
NU-106951,5,316,158
NU-106951,6,268,208
NU-106951,7,217,184
NU-106951,8,293,174
NU-106951,9,131,83
NU-106951,10,142,73
NU-106951,11,286,171
NU-106951,12,418,232
NU-106951,13,67,57
NU-106951,14,389,167
NU-106951,15,219,169
NU-106951,16,419,245
NU-106568,1,371,339
NU-106568,2,812,376
NU-106568,3,578,363
NU-106568,4,584,293
NU-106568,5,859,354
NU-106568,6,514,274
NU-106568,7,333,348
NU-106568,8,460,306
NU-106568,9,226,130
NU-106568,10,427,364
NU-106568,11,327,290
NU-106568,12,610,316
NU-106568,13,586,322
NU-106568,14,431,327
NU-106568,15,658,428
NU-106568,16,484,407
NU-103237,1,315,189
NU-103237,2,264,140
NU-103237,3,143,92
NU-103237,4,190,174
NU-103237,5,281,160
NU-103237,6,227,149
NU-103237,7,346,226
NU-103237,8,243,179
NU-103237,9,80,45
NU-103237,10,155,154
NU-103237,11,120,95
NU-103237,12,443,198
NU-103237,13,296,178
NU-103237,14,220,164
NU-103237,15,302,188
NU-103237,16,374,189
NU-107437,1,682,284
NU-107437,2,412,207
NU-107437,3,328,210
NU-107437,4,296,186
NU-107437,5,468,326
NU-107437,6,408,232
NU-107437,7,477,237
NU-107437,8,522,266
NU-107437,9,157,102
NU-107437,10,195,122
NU-107437,11,248,237
NU-107437,12,350,224
NU-107437,13,300,231
NU-107437,14,354,286
NU-107437,15,531,301
NU-107437,16,447,291
NU-109053,1,258,156
NU-109053,2,300,222
NU-109053,3,130,86
NU-109053,4,230,170
NU-109053,5,319,175
NU-109053,6,248,215
NU-109053,7,257,142
NU-109053,8,408,170
NU-109053,9,90,64
NU-109053,10,325,191
NU-109053,11,331,230
NU-109053,12,237,150
NU-109053,13,327,187
NU-109053,14,296,156
NU-109053,15,211,193
NU-109053,16,201,161
NU-109594,1,497,288
NU-109594,2,527,341
NU-109594,3,405,311
NU-109594,4,419,277
NU-109594,5,360,239
NU-109594,6,440,266
NU-109594,7,624,327
NU-109594,8,595,308
NU-109594,9,255,133
NU-109594,10,471,259
NU-109594,11,448,323
NU-109594,12,383,326
NU-109594,13,537,308
NU-109594,14,384,283
NU-109594,15,496,286
NU-109594,16,220,243
NU-100198,1,326,241
NU-100198,2,441,309
NU-100198,3,332,280
NU-100198,4,804,388
NU-100198,5,353,312
NU-100198,6,265,214
NU-100198,7,422,274
NU-100198,8,383,343
NU-100198,9,160,126
NU-100198,10,710,369
NU-100198,11,479,300
NU-100198,12,517,320
NU-100198,13,254,297
NU-100198,14,426,332
NU-100198,15,443,347
NU-100198,16,379,290
NU-108564,1,525,284
NU-108564,2,379,272
NU-108564,3,383,247
NU-108564,4,469,265
NU-108564,5,472,234
NU-108564,6,435,284
NU-108564,7,385,295
NU-108564,8,398,255
NU-108564,9,205,131
NU-108564,10,377,317
NU-108564,11,364,273
NU-108564,12,561,254
NU-108564,13,536,281
NU-108564,14,315,219
NU-108564,15,836,305
NU-108564,16,617,339
NU-106339,1,377,191
NU-106339,2,273,194
NU-106339,3,202,124
NU-106339,4,278,202
NU-106339,5,317,199
NU-106339,6,382,235
NU-106339,7,277,214
NU-106339,8,171,192
NU-106339,9,161,80
NU-106339,10,259,195
NU-106339,11,394,272
NU-106339,12,433,218
NU-106339,13,378,244
NU-106339,14,371,191
NU-106339,15,346,229
NU-106339,16,264,163
NU-103953,1,429,273
NU-103953,2,215,160
NU-103953,3,323,226
NU-103953,4,317,268
NU-103953,5,260,234
NU-103953,6,303,194
NU-103953,7,323,210
NU-103953,8,570,288
NU-103953,9,213,129
NU-103953,10,401,220
NU-103953,11,352,224
NU-103953,12,507,271
NU-103953,13,359,282
NU-103953,14,434,302
NU-103953,15,267,226
NU-103953,16,549,311
NU-109921,1,235,176
NU-109921,2,208,148
NU-109921,3,246,168
NU-109921,4,195,188
NU-109921,5,235,138
NU-109921,6,253,227
NU-109921,7,381,220
NU-109921,8,389,188
NU-109921,9,105,62
NU-109921,10,253,155
NU-109921,11,223,136
NU-109921,12,158,138
NU-109921,13,243,202
NU-109921,14,351,203
NU-109921,15,402,285
NU-109921,16,301,182
NU-109411,1,309,174
NU-109411,2,189,146
NU-109411,3,171,117
NU-109411,4,182,113
NU-109411,5,179,128
NU-109411,6,296,180
NU-109411,7,215,164
NU-109411,8,206,150
NU-109411,9,45,29
NU-109411,10,230,121
NU-109411,11,256,146
NU-109411,12,250,174
NU-109411,13,119,113
NU-109411,14,123,67
NU-109411,15,297,131
NU-109411,16,292,172
NU-108470,1,453,323
NU-108470,2,571,347
NU-108470,3,478,326
NU-108470,4,366,278
NU-108470,5,540,322
NU-108470,6,766,354
NU-108470,7,570,386
NU-108470,8,573,330
NU-108470,9,252,151
NU-108470,10,473,306
NU-108470,11,531,342
NU-108470,12,561,373
NU-108470,13,498,284
NU-108470,14,573,354
NU-108470,15,719,377
NU-108470,16,809,321
NU-108151,1,155,113
NU-108151,2,433,183
NU-108151,3,187,107
NU-108151,4,234,134
NU-108151,5,203,139
NU-108151,6,219,122
NU-108151,7,185,139
NU-108151,8,344,198
NU-108151,9,39,22
NU-108151,10,257,187
NU-108151,11,159,90
NU-108151,12,221,123
NU-108151,13,214,104
NU-108151,14,302,192
NU-108151,15,204,126
NU-108151,16,208,139
NU-101384,1,284,168
NU-101384,2,188,119
NU-101384,3,216,139
NU-101384,4,153,112
NU-101384,5,228,171
NU-101384,6,362,203
NU-101384,7,148,90
NU-101384,8,205,109
NU-101384,9,57,37
NU-101384,10,174,96
NU-101384,11,290,215
NU-101384,12,210,165
NU-101384,13,44,34
NU-101384,14,372,192
NU-101384,15,143,104
NU-101384,16,357,197
NU-103058,1,416,264
NU-103058,2,347,205
NU-103058,3,469,278
NU-103058,4,362,201
NU-103058,5,344,201
NU-103058,6,252,153
NU-103058,7,401,244
NU-103058,8,262,279
NU-103058,9,276,142
NU-103058,10,265,177
NU-103058,11,253,230
NU-103058,12,378,217
NU-103058,13,378,257
NU-103058,14,316,201
NU-103058,15,465,256
NU-103058,16,337,276
NU-105014,1,347,206
NU-105014,2,411,215
NU-105014,3,300,224
NU-105014,4,382,210
NU-105014,5,331,242
NU-105014,6,326,259
NU-105014,7,287,174
NU-105014,8,348,189
NU-105014,9,123,96
NU-105014,10,215,132
NU-105014,11,446,229
NU-105014,12,429,192
NU-105014,13,485,241
NU-105014,14,363,270
NU-105014,15,375,205
NU-105014,16,638,287
NU-106098,1,210,132
NU-106098,2,235,167
NU-106098,3,323,213
NU-106098,4,179,131
NU-106098,5,259,131
NU-106098,6,350,184
NU-106098,7,334,210
NU-106098,8,280,181
NU-106098,9,95,50
NU-106098,10,256,184
NU-106098,11,249,157
NU-106098,12,243,151
NU-106098,13,265,174
NU-106098,14,293,220
NU-106098,15,153,93
NU-106098,16,288,160
NU-105958,1,408,289
NU-105958,2,351,285
NU-105958,3,349,310
NU-105958,4,374,216
NU-105958,5,468,252
NU-105958,6,258,198
NU-105958,7,386,217
NU-105958,8,327,226
NU-105958,9,189,139
NU-105958,10,314,232
NU-105958,11,306,229
NU-105958,12,486,310
NU-105958,13,468,274
NU-105958,14,272,236
NU-105958,15,465,231
NU-105958,16,333,264
NU-107296,1,641,297
NU-107296,2,288,178
NU-107296,3,582,317
NU-107296,4,363,236
NU-107296,5,226,205
NU-107296,6,365,243
NU-107296,7,601,299
NU-107296,8,255,217
NU-107296,9,213,116
NU-107296,10,333,232
NU-107296,11,368,218
NU-107296,12,480,264
NU-107296,13,460,279
NU-107296,14,297,197
NU-107296,15,380,252
NU-107296,16,369,226
NU-100847,1,114,76
NU-100847,2,148,89
NU-100847,3,166,117
NU-100847,4,85,43
NU-100847,5,107,82
NU-100847,6,196,85
NU-100847,7,158,95
NU-100847,8,53,91
NU-100847,9,21,13
NU-100847,10,3,2
NU-100847,11,121,95
NU-100847,12,64,53
NU-100847,13,120,109
NU-100847,14,74,48
NU-100847,15,182,129
NU-100847,16,0,0
NU-100692,1,402,273
NU-100692,2,409,264
NU-100692,3,463,258
NU-100692,4,563,260
NU-100692,5,328,250
NU-100692,6,406,248
NU-100692,7,400,253
NU-100692,8,467,227
NU-100692,9,201,120
NU-100692,10,445,244
NU-100692,11,393,250
NU-100692,12,429,255
NU-100692,13,391,287
NU-100692,14,455,248
NU-100692,15,258,244
NU-100692,16,606,366
NU-100953,1,291,168
NU-100953,2,138,137
NU-100953,3,259,184
NU-100953,4,195,133
NU-100953,5,369,209
NU-100953,6,185,98
NU-100953,7,419,220
NU-100953,8,373,155
NU-100953,9,109,55
NU-100953,10,249,160
NU-100953,11,69,44
NU-100953,12,244,190
NU-100953,13,218,172
NU-100953,14,310,173
NU-100953,15,68,44
NU-100953,16,276,129
NU-109591,1,370,218
NU-109591,2,414,244
NU-109591,3,449,362
NU-109591,4,505,264
NU-109591,5,454,259
NU-109591,6,519,307
NU-109591,7,306,209
NU-109591,8,270,170
NU-109591,9,92,99
NU-109591,10,622,308
NU-109591,11,574,325
NU-109591,12,396,274
NU-109591,13,221,289
NU-109591,14,430,232
NU-109591,15,597,295
NU-109591,16,639,333
NU-105715,1,242,265
NU-105715,2,321,247
NU-105715,3,358,218
NU-105715,4,499,309
NU-105715,5,481,311
NU-105715,6,350,226
NU-105715,7,417,281
NU-105715,8,503,281
NU-105715,9,195,90
NU-105715,10,544,369
NU-105715,11,408,275
NU-105715,12,402,291
NU-105715,13,716,281
NU-105715,14,394,238
NU-105715,15,272,244
NU-105715,16,431,264
NU-103345,1,361,268
NU-103345,2,416,258
NU-103345,3,477,239
NU-103345,4,303,241
NU-103345,5,227,166
NU-103345,6,309,219
NU-103345,7,548,311
NU-103345,8,394,206
NU-103345,9,101,73
NU-103345,10,512,303
NU-103345,11,315,281
NU-103345,12,407,250
NU-103345,13,451,281
NU-103345,14,341,260
NU-103345,15,295,181
NU-103345,16,329,247
NU-108628,1,278,144
NU-108628,2,242,159
NU-108628,3,338,215
NU-108628,4,376,282
NU-108628,5,180,128
NU-108628,6,264,170
NU-108628,7,468,209
NU-108628,8,268,202
NU-108628,9,140,80
NU-108628,10,197,125
NU-108628,11,264,180
NU-108628,12,271,213
NU-108628,13,254,191
NU-108628,14,254,163
NU-108628,15,305,184
NU-108628,16,199,149
NU-104639,1,407,293
NU-104639,2,430,217
NU-104639,3,561,300
NU-104639,4,470,287
NU-104639,5,467,315
NU-104639,6,417,249
NU-104639,7,452,267
NU-104639,8,500,267
NU-104639,9,222,116
NU-104639,10,546,280
NU-104639,11,308,234
NU-104639,12,553,324
NU-104639,13,489,296
NU-104639,14,580,284
NU-104639,15,322,241
NU-104639,16,409,286
NU-107624,1,297,213
NU-107624,2,415,247
NU-107624,3,454,276
NU-107624,4,770,402
NU-107624,5,469,310
NU-107624,6,410,233
NU-107624,7,399,249
NU-107624,8,346,315
NU-107624,9,182,109
NU-107624,10,412,237
NU-107624,11,449,286
NU-107624,12,476,243
NU-107624,13,392,292
NU-107624,14,332,242
NU-107624,15,613,347
NU-107624,16,359,209
NU-101461,1,578,267
NU-101461,2,251,150
NU-101461,3,297,209
NU-101461,4,443,282
NU-101461,5,458,235
NU-101461,6,403,220
NU-101461,7,365,266
NU-101461,8,375,236
NU-101461,9,194,114
NU-101461,10,441,313
NU-101461,11,293,210
NU-101461,12,293,200
NU-101461,13,242,242
NU-101461,14,250,220
NU-101461,15,332,259
NU-101461,16,424,267
NU-107835,1,174,103
NU-107835,2,202,130
NU-107835,3,108,57
NU-107835,4,56,28
NU-107835,5,139,102
NU-107835,6,252,153
NU-107835,7,168,96
NU-107835,8,177,117
NU-107835,9,61,42
NU-107835,10,228,159
NU-107835,11,108,90
NU-107835,12,118,57
NU-107835,13,60,43
NU-107835,14,24,13
NU-107835,15,265,162
NU-107835,16,135,62
NU-105632,1,372,218
NU-105632,2,197,119
NU-105632,3,146,164
NU-105632,4,152,123
NU-105632,5,224,176
NU-105632,6,209,151
NU-105632,7,219,123
NU-105632,8,307,197
NU-105632,9,57,34
NU-105632,10,300,223
NU-105632,11,384,257
NU-105632,12,229,132
NU-105632,13,105,82
NU-105632,14,224,157
NU-105632,15,274,149
NU-105632,16,183,105
NU-100632,1,458,290
NU-100632,2,306,192
NU-100632,3,314,201
NU-100632,4,286,187
NU-100632,5,434,250
NU-100632,6,477,265
NU-100632,7,306,232
NU-100632,8,228,123
NU-100632,9,130,83
NU-100632,10,392,254
NU-100632,11,327,172
NU-100632,12,372,221
NU-100632,13,302,156
NU-100632,14,345,187
NU-100632,15,406,168
NU-100632,16,119,103
NU-103828,1,248,137
NU-103828,2,294,177
NU-103828,3,323,181
NU-103828,4,154,134
NU-103828,5,237,164
NU-103828,6,199,137
NU-103828,7,278,164
NU-103828,8,187,173
NU-103828,9,98,73
NU-103828,10,305,217
NU-103828,11,371,191
NU-103828,12,120,92
NU-103828,13,307,196
NU-103828,14,199,145
NU-103828,15,170,152
NU-103828,16,197,170
NU-108546,1,379,186
NU-108546,2,244,135
NU-108546,3,283,185
NU-108546,4,229,165
NU-108546,5,349,205
NU-108546,6,286,244
NU-108546,7,487,268
NU-108546,8,165,129
NU-108546,9,142,113
NU-108546,10,315,218
NU-108546,11,418,190
NU-108546,12,216,148
NU-108546,13,312,162
NU-108546,14,219,194
NU-108546,15,310,160
NU-108546,16,289,249
NU-101387,1,275,205
NU-101387,2,287,197
NU-101387,3,435,198
NU-101387,4,204,101
NU-101387,5,155,131
NU-101387,6,156,131
NU-101387,7,233,159
NU-101387,8,216,203
NU-101387,9,180,95
NU-101387,10,495,233
NU-101387,11,243,206
NU-101387,12,299,204
NU-101387,13,314,208
NU-101387,14,325,225
NU-101387,15,312,177
NU-101387,16,261,194
NU-108817,1,414,283
NU-108817,2,601,314
NU-108817,3,376,263
NU-108817,4,228,229
NU-108817,5,320,289
NU-108817,6,537,302
NU-108817,7,258,193
NU-108817,8,643,351
NU-108817,9,181,130
NU-108817,10,288,252
NU-108817,11,368,300
NU-108817,12,619,302
NU-108817,13,580,296
NU-108817,14,508,305
NU-108817,15,531,288
NU-108817,16,424,264
NU-106708,1,367,236
NU-106708,2,473,272
NU-106708,3,402,273
NU-106708,4,424,339
NU-106708,5,388,258
NU-106708,6,348,219
NU-106708,7,326,279
NU-106708,8,481,263
NU-106708,9,173,125
NU-106708,10,479,320
NU-106708,11,392,329
NU-106708,12,695,421
NU-106708,13,349,280
NU-106708,14,398,280
NU-106708,15,375,245
NU-106708,16,493,324
NU-104034,1,396,258
NU-104034,2,197,165
NU-104034,3,289,168
NU-104034,4,451,270
NU-104034,5,355,207
NU-104034,6,445,250
NU-104034,7,264,225
NU-104034,8,252,179
NU-104034,9,202,91
NU-104034,10,384,189
NU-104034,11,422,230
NU-104034,12,263,164
NU-104034,13,288,255
NU-104034,14,319,206
NU-104034,15,387,219
NU-104034,16,359,277
NU-109169,1,280,148
NU-109169,2,389,216
NU-109169,3,291,159
NU-109169,4,125,75
NU-109169,5,165,101
NU-109169,6,402,229
NU-109169,7,363,176
NU-109169,8,217,141
NU-109169,9,84,47
NU-109169,10,126,69
NU-109169,11,268,159
NU-109169,12,114,89
NU-109169,13,220,137
NU-109169,14,256,138
NU-109169,15,324,191
NU-109169,16,204,117
NU-109188,1,464,267
NU-109188,2,286,173
NU-109188,3,263,237
NU-109188,4,470,317
NU-109188,5,463,223
NU-109188,6,217,146
NU-109188,7,313,190
NU-109188,8,357,214
NU-109188,9,119,98
NU-109188,10,524,246
NU-109188,11,575,298
NU-109188,12,461,241
NU-109188,13,251,210
NU-109188,14,337,234
NU-109188,15,490,319
NU-109188,16,443,274
NU-106744,1,506,249
NU-106744,2,465,270
NU-106744,3,334,230
NU-106744,4,590,291
NU-106744,5,262,213
NU-106744,6,314,188
NU-106744,7,244,180
NU-106744,8,423,232
NU-106744,9,181,105
NU-106744,10,205,170
NU-106744,11,302,220
NU-106744,12,345,211
NU-106744,13,456,248
NU-106744,14,460,227
NU-106744,15,453,260
NU-106744,16,178,198
NU-106251,1,540,304
NU-106251,2,231,196
NU-106251,3,461,264
NU-106251,4,272,189
NU-106251,5,473,343
NU-106251,6,351,259
NU-106251,7,321,300
NU-106251,8,349,213
NU-106251,9,192,109
NU-106251,10,479,261
NU-106251,11,375,292
NU-106251,12,497,361
NU-106251,13,346,250
NU-106251,14,580,320
NU-106251,15,442,287
NU-106251,16,439,286
NU-100854,1,281,311
NU-100854,2,277,227
NU-100854,3,394,250
NU-100854,4,469,265
NU-100854,5,412,245
NU-100854,6,415,276
NU-100854,7,440,317
NU-100854,8,253,198
NU-100854,9,148,84
NU-100854,10,585,257
NU-100854,11,499,250
NU-100854,12,370,235
NU-100854,13,449,243
NU-100854,14,474,244
NU-100854,15,291,198
NU-100854,16,369,245
NU-101857,1,424,231
NU-101857,2,224,133
NU-101857,3,329,185
NU-101857,4,392,206
NU-101857,5,299,184
NU-101857,6,301,199
NU-101857,7,306,159
NU-101857,8,316,195
NU-101857,9,129,107
NU-101857,10,277,169
NU-101857,11,431,261
NU-101857,12,236,202
NU-101857,13,328,224
NU-101857,14,236,206
NU-101857,15,306,159
NU-101857,16,383,201
NU-101504,1,302,331
NU-101504,2,716,350
NU-101504,3,522,316
NU-101504,4,466,335
NU-101504,5,515,237
NU-101504,6,661,377
NU-101504,7,558,324
NU-101504,8,554,366
NU-101504,9,278,134
NU-101504,10,377,247
NU-101504,11,487,299
NU-101504,12,613,258
NU-101504,13,671,421
NU-101504,14,558,275
NU-101504,15,569,349
NU-101504,16,502,324
NU-100318,1,391,226
NU-100318,2,387,196
NU-100318,3,260,142
NU-100318,4,372,239
NU-100318,5,274,141
NU-100318,6,260,230
NU-100318,7,286,184
NU-100318,8,322,195
NU-100318,9,123,111
NU-100318,10,396,238
NU-100318,11,298,202
NU-100318,12,399,224
NU-100318,13,233,178
NU-100318,14,269,202
NU-100318,15,315,247
NU-100318,16,333,229
NU-107383,1,442,247
NU-107383,2,234,121
NU-107383,3,383,192
NU-107383,4,153,129
NU-107383,5,187,99
NU-107383,6,213,122
NU-107383,7,221,169
NU-107383,8,148,150
NU-107383,9,94,54
NU-107383,10,202,117
NU-107383,11,203,150
NU-107383,12,223,191
NU-107383,13,292,175
NU-107383,14,380,206
NU-107383,15,261,183
NU-107383,16,539,231
NU-106585,1,273,147
NU-106585,2,343,251
NU-106585,3,145,113
NU-106585,4,232,167
NU-106585,5,298,181
NU-106585,6,193,152
NU-106585,7,248,150
NU-106585,8,297,179
NU-106585,9,103,62
NU-106585,10,359,200
NU-106585,11,162,102
NU-106585,12,241,159
NU-106585,13,171,141
NU-106585,14,119,115
NU-106585,15,291,138
NU-106585,16,373,184
NU-105750,1,420,310
NU-105750,2,432,282
NU-105750,3,364,265
NU-105750,4,534,321
NU-105750,5,533,321
NU-105750,6,324,253
NU-105750,7,501,312
NU-105750,8,256,253
NU-105750,9,197,110
NU-105750,10,430,314
NU-105750,11,521,299
NU-105750,12,390,188
NU-105750,13,479,289
NU-105750,14,558,259
NU-105750,15,384,257
NU-105750,16,439,292
NU-100521,1,388,214
NU-100521,2,274,172
NU-100521,3,245,235
NU-100521,4,254,233
NU-100521,5,406,210
NU-100521,6,244,142
NU-100521,7,289,164
NU-100521,8,319,230
NU-100521,9,79,52
NU-100521,10,459,216
NU-100521,11,358,248
NU-100521,12,345,191
NU-100521,13,353,209
NU-100521,14,447,230
NU-100521,15,158,140
NU-100521,16,237,136
NU-109441,1,381,221
NU-109441,2,457,257
NU-109441,3,347,223
NU-109441,4,566,288
NU-109441,5,471,268
NU-109441,6,255,184
NU-109441,7,266,163
NU-109441,8,303,188
NU-109441,9,190,106
NU-109441,10,429,254
NU-109441,11,354,246
NU-109441,12,494,297
NU-109441,13,377,173
NU-109441,14,286,215
NU-109441,15,387,231
NU-109441,16,470,262
NU-106162,1,462,277
NU-106162,2,496,223
NU-106162,3,504,252
NU-106162,4,359,200
NU-106162,5,208,180
NU-106162,6,441,229
NU-106162,7,323,176
NU-106162,8,525,245
NU-106162,9,160,109
NU-106162,10,228,194
NU-106162,11,462,217
NU-106162,12,398,221
NU-106162,13,537,307
NU-106162,14,326,233
NU-106162,15,323,232
NU-106162,16,400,236
NU-106452,1,149,96
NU-106452,2,205,115
NU-106452,3,253,209
NU-106452,4,178,121
NU-106452,5,212,162
NU-106452,6,262,146
NU-106452,7,229,138
NU-106452,8,268,139
NU-106452,9,158,61
NU-106452,10,241,198
NU-106452,11,290,197
NU-106452,12,192,113
NU-106452,13,321,170
NU-106452,14,238,147
NU-106452,15,337,199
NU-106452,16,330,186
NU-101125,1,257,295
NU-101125,2,371,235
NU-101125,3,521,308
NU-101125,4,591,306
NU-101125,5,434,263
NU-101125,6,513,281
NU-101125,7,319,244
NU-101125,8,289,229
NU-101125,9,142,114
NU-101125,10,507,335
NU-101125,11,571,333
NU-101125,12,384,245
NU-101125,13,252,239
NU-101125,14,474,237
NU-101125,15,437,248
NU-101125,16,363,201
NU-102068,1,281,168
NU-102068,2,273,169
NU-102068,3,394,206
NU-102068,4,337,187
NU-102068,5,468,271
NU-102068,6,263,163
NU-102068,7,263,152
NU-102068,8,325,259
NU-102068,9,99,61
NU-102068,10,321,175
NU-102068,11,200,179
NU-102068,12,277,208
NU-102068,13,197,242
NU-102068,14,201,154
NU-102068,15,295,207
NU-102068,16,304,163
NU-104878,1,226,165
NU-104878,2,398,240
NU-104878,3,284,229
NU-104878,4,330,210
NU-104878,5,191,192
NU-104878,6,257,225
NU-104878,7,260,173
NU-104878,8,208,146
NU-104878,9,155,99
NU-104878,10,200,132
NU-104878,11,329,187
NU-104878,12,376,183
NU-104878,13,350,207
NU-104878,14,494,262
NU-104878,15,430,228
NU-104878,16,283,208
NU-108141,1,602,269
NU-108141,2,257,183
NU-108141,3,271,250
NU-108141,4,185,191
NU-108141,5,415,234
NU-108141,6,445,240
NU-108141,7,318,195
NU-108141,8,329,195
NU-108141,9,147,89
NU-108141,10,360,235
NU-108141,11,281,238
NU-108141,12,340,219
NU-108141,13,268,208
NU-108141,14,435,241
NU-108141,15,421,237
NU-108141,16,333,268
NU-101532,1,197,121
NU-101532,2,104,127
NU-101532,3,285,160
NU-101532,4,215,135
NU-101532,5,260,193
NU-101532,6,247,121
NU-101532,7,160,108
NU-101532,8,268,153
NU-101532,9,149,81
NU-101532,10,195,141
NU-101532,11,211,149
NU-101532,12,250,127
NU-101532,13,223,209
NU-101532,14,238,158
NU-101532,15,344,151
NU-101532,16,241,160
NU-102585,1,240,118
NU-102585,2,187,84
NU-102585,3,93,60
NU-102585,4,102,81
NU-102585,5,162,118
NU-102585,6,109,71
NU-102585,7,101,85
NU-102585,8,179,119
NU-102585,9,24,15
NU-102585,10,53,31
NU-102585,11,131,82
NU-102585,12,160,100
NU-102585,13,92,55
NU-102585,14,91,54
NU-102585,15,255,141
NU-102585,16,90,49
NU-103420,1,413,263
NU-103420,2,360,247
NU-103420,3,244,149
NU-103420,4,431,296
NU-103420,5,300,280
NU-103420,6,353,286
NU-103420,7,224,155
NU-103420,8,346,219
NU-103420,9,147,106
NU-103420,10,383,208
NU-103420,11,411,236
NU-103420,12,377,206
NU-103420,13,436,257
NU-103420,14,277,187
NU-103420,15,404,225
NU-103420,16,393,202
NU-104545,1,622,360
NU-104545,2,428,304
NU-104545,3,292,251
NU-104545,4,519,266
NU-104545,5,544,290
NU-104545,6,441,252
NU-104545,7,470,324
NU-104545,8,431,290
NU-104545,9,189,105
NU-104545,10,518,295
NU-104545,11,490,235
NU-104545,12,619,295
NU-104545,13,425,306
NU-104545,14,418,254
NU-104545,15,661,316
NU-104545,16,439,373
NU-105535,1,348,180
NU-105535,2,207,158
NU-105535,3,277,191
NU-105535,4,193,130
NU-105535,5,292,140
NU-105535,6,266,136
NU-105535,7,160,180
NU-105535,8,347,210
NU-105535,9,142,82
NU-105535,10,368,247
NU-105535,11,256,186
NU-105535,12,308,190
NU-105535,13,403,186
NU-105535,14,355,228
NU-105535,15,346,215
NU-105535,16,414,280
NU-107955,1,227,127
NU-107955,2,70,43
NU-107955,3,273,165
NU-107955,4,101,59
NU-107955,5,247,164
NU-107955,6,150,100
NU-107955,7,134,88
NU-107955,8,211,156
NU-107955,9,42,29
NU-107955,10,129,98
NU-107955,11,205,111
NU-107955,12,109,109
NU-107955,13,153,89
NU-107955,14,247,161
NU-107955,15,107,83
NU-107955,16,129,102
NU-109744,1,409,256
NU-109744,2,428,229
NU-109744,3,614,283
NU-109744,4,707,367
NU-109744,5,416,285
NU-109744,6,502,372
NU-109744,7,602,270
NU-109744,8,361,263
NU-109744,9,97,109
NU-109744,10,591,345
NU-109744,11,341,301
NU-109744,12,560,351
NU-109744,13,299,246
NU-109744,14,447,285
NU-109744,15,440,256
NU-109744,16,445,292
NU-104585,1,276,200
NU-104585,2,298,206
NU-104585,3,159,171
NU-104585,4,288,192
NU-104585,5,226,145
NU-104585,6,248,155
NU-104585,7,185,122
NU-104585,8,434,252
NU-104585,9,127,68
NU-104585,10,269,127
NU-104585,11,154,137
NU-104585,12,485,213
NU-104585,13,427,224
NU-104585,14,382,209
NU-104585,15,529,269
NU-104585,16,188,162
NU-105999,1,495,279
NU-105999,2,391,254
NU-105999,3,491,260
NU-105999,4,431,238
NU-105999,5,382,222
NU-105999,6,522,273
NU-105999,7,322,217
NU-105999,8,476,302
NU-105999,9,182,116
NU-105999,10,539,322
NU-105999,11,558,339
NU-105999,12,310,244
NU-105999,13,332,259
NU-105999,14,412,240
NU-105999,15,641,315
NU-105999,16,454,245
NU-100647,1,495,265
NU-100647,2,647,303
NU-100647,3,563,322
NU-100647,4,622,368
NU-100647,5,298,234
NU-100647,6,339,252
NU-100647,7,490,252
NU-100647,8,506,260
NU-100647,9,215,126
NU-100647,10,558,361
NU-100647,11,441,264
NU-100647,12,577,367
NU-100647,13,429,261
NU-100647,14,411,295
NU-100647,15,411,262
NU-100647,16,331,248
NU-105784,1,308,261
NU-105784,2,517,278
NU-105784,3,417,254
NU-105784,4,437,244
NU-105784,5,393,262
NU-105784,6,246,197
NU-105784,7,434,252
NU-105784,8,440,314
NU-105784,9,205,123
NU-105784,10,352,251
NU-105784,11,300,228
NU-105784,12,364,255
NU-105784,13,380,262
NU-105784,14,282,208
NU-105784,15,670,332
NU-105784,16,340,282
NU-100529,1,288,181
NU-100529,2,216,135
NU-100529,3,421,204
NU-100529,4,161,201
NU-100529,5,139,86
NU-100529,6,245,114
NU-100529,7,259,172
NU-100529,8,348,199
NU-100529,9,60,60
NU-100529,10,241,215
NU-100529,11,200,123
NU-100529,12,374,200
NU-100529,13,314,173
NU-100529,14,393,206
NU-100529,15,348,172
NU-100529,16,225,151
NU-107200,1,280,241
NU-107200,2,418,229
NU-107200,3,379,271
NU-107200,4,302,240
NU-107200,5,422,318
NU-107200,6,285,239
NU-107200,7,291,265
NU-107200,8,411,271
NU-107200,9,217,119
NU-107200,10,454,248
NU-107200,11,565,288
NU-107200,12,394,295
NU-107200,13,437,266
NU-107200,14,528,297
NU-107200,15,376,258
NU-107200,16,236,222
NU-107004,1,476,256
NU-107004,2,259,153
NU-107004,3,324,198
NU-107004,4,533,248
NU-107004,5,229,168
NU-107004,6,518,287
NU-107004,7,387,221
NU-107004,8,414,247
NU-107004,9,143,95
NU-107004,10,334,225
NU-107004,11,375,250
NU-107004,12,339,195
NU-107004,13,192,172
NU-107004,14,333,192
NU-107004,15,310,198
NU-107004,16,238,196
NU-103967,1,321,232
NU-103967,2,248,148
NU-103967,3,238,166
NU-103967,4,266,158
NU-103967,5,189,133
NU-103967,6,402,216
NU-103967,7,272,186
NU-103967,8,293,199
NU-103967,9,173,114
NU-103967,10,530,254
NU-103967,11,442,329
NU-103967,12,264,192
NU-103967,13,179,150
NU-103967,14,166,123
NU-103967,15,416,206
NU-103967,16,305,177
NU-109785,1,154,102
NU-109785,2,135,98
NU-109785,3,292,190
NU-109785,4,234,126
NU-109785,5,224,156
NU-109785,6,189,103
NU-109785,7,344,190
NU-109785,8,287,184
NU-109785,9,93,58
NU-109785,10,243,136
NU-109785,11,311,165
NU-109785,12,296,188
NU-109785,13,198,114
NU-109785,14,71,73
NU-109785,15,191,117
NU-109785,16,262,137
NU-109151,1,458,256
NU-109151,2,330,241
NU-109151,3,418,259
NU-109151,4,846,350
NU-109151,5,599,301
NU-109151,6,335,248
NU-109151,7,558,294
NU-109151,8,475,292
NU-109151,9,199,97
NU-109151,10,251,260
NU-109151,11,399,219
NU-109151,12,419,269
NU-109151,13,339,176
NU-109151,14,326,227
NU-109151,15,540,301
NU-109151,16,404,243
NU-102705,1,385,196
NU-102705,2,440,225
NU-102705,3,190,161
NU-102705,4,338,208
NU-102705,5,141,95
NU-102705,6,398,213
NU-102705,7,334,175
NU-102705,8,376,287
NU-102705,9,159,108
NU-102705,10,268,171
NU-102705,11,273,152
NU-102705,12,337,171
NU-102705,13,183,141
NU-102705,14,412,188
NU-102705,15,184,151
NU-102705,16,284,221
NU-104678,1,425,292
NU-104678,2,639,277
NU-104678,3,549,286
NU-104678,4,244,234
NU-104678,5,484,326
NU-104678,6,485,292
NU-104678,7,486,255
NU-104678,8,534,308
NU-104678,9,236,129
NU-104678,10,556,320
NU-104678,11,513,270
NU-104678,12,451,295
NU-104678,13,566,293
NU-104678,14,550,301
NU-104678,15,506,320
NU-104678,16,541,272
NU-100493,1,491,284
NU-100493,2,438,279
NU-100493,3,593,330
NU-100493,4,485,291
NU-100493,5,428,246
NU-100493,6,493,286
NU-100493,7,292,227
NU-100493,8,511,274
NU-100493,9,151,131
NU-100493,10,475,261
NU-100493,11,525,288
NU-100493,12,635,332
NU-100493,13,444,318
NU-100493,14,467,304
NU-100493,15,433,274
NU-100493,16,567,300
NU-109461,1,301,201
NU-109461,2,277,157
NU-109461,3,459,223
NU-109461,4,266,186
NU-109461,5,297,153
NU-109461,6,354,205
NU-109461,7,332,225
NU-109461,8,272,233
NU-109461,9,174,105
NU-109461,10,450,244
NU-109461,11,303,174
NU-109461,12,458,247
NU-109461,13,513,250
NU-109461,14,280,194
NU-109461,15,414,222
NU-109461,16,407,186
NU-103251,1,247,204
NU-103251,2,241,158
NU-103251,3,305,178
NU-103251,4,179,120
NU-103251,5,287,180
NU-103251,6,188,126
NU-103251,7,371,214
NU-103251,8,208,162
NU-103251,9,106,67
NU-103251,10,233,124
NU-103251,11,249,147
NU-103251,12,224,141
NU-103251,13,244,208
NU-103251,14,163,101
NU-103251,15,352,200
NU-103251,16,260,190
NU-103650,1,259,159
NU-103650,2,18,13
NU-103650,3,120,98
NU-103650,4,33,28
NU-103650,5,31,21
NU-103650,6,202,137
NU-103650,7,146,115
NU-103650,8,120,72
NU-103650,9,25,21
NU-103650,10,151,74
NU-103650,11,70,40
NU-103650,12,103,64
NU-103650,13,167,96
NU-103650,14,213,133
NU-103650,15,186,114
NU-103650,16,104,52
NU-107455,1,167,96
NU-107455,2,161,103
NU-107455,3,339,201
NU-107455,4,152,116
NU-107455,5,245,119
NU-107455,6,281,160
NU-107455,7,136,89
NU-107455,8,216,125
NU-107455,9,92,47
NU-107455,10,215,131
NU-107455,11,177,112
NU-107455,12,78,49
NU-107455,13,229,154
NU-107455,14,235,143
NU-107455,15,215,176
NU-107455,16,249,128
NU-106839,1,472,309
NU-106839,2,388,230
NU-106839,3,458,257
NU-106839,4,420,198
NU-106839,5,444,292
NU-106839,6,446,275
NU-106839,7,464,231
NU-106839,8,467,250
NU-106839,9,215,128
NU-106839,10,224,173
NU-106839,11,362,234
NU-106839,12,479,301
NU-106839,13,386,279
NU-106839,14,279,259
NU-106839,15,338,259
NU-106839,16,360,210
NU-100021,1,242,134
NU-100021,2,129,70
NU-100021,3,323,185
NU-100021,4,179,97
NU-100021,5,245,136
NU-100021,6,98,96
NU-100021,7,218,109
NU-100021,8,324,216
NU-100021,9,58,49
NU-100021,10,276,160
NU-100021,11,239,137
NU-100021,12,168,125
NU-100021,13,189,107
NU-100021,14,206,151
NU-100021,15,265,135
NU-100021,16,239,135
NU-104336,1,531,339
NU-104336,2,482,277
NU-104336,3,553,336
NU-104336,4,519,312
NU-104336,5,278,266
NU-104336,6,533,324
NU-104336,7,493,353
NU-104336,8,392,372
NU-104336,9,244,150
NU-104336,10,354,297
NU-104336,11,507,343
NU-104336,12,550,398
NU-104336,13,597,362
NU-104336,14,459,401
NU-104336,15,664,310
NU-104336,16,796,380
NU-106920,1,347,197
NU-106920,2,247,183
NU-106920,3,327,191
NU-106920,4,417,263
NU-106920,5,405,255
NU-106920,6,325,170
NU-106920,7,388,313
NU-106920,8,259,183
NU-106920,9,110,112
NU-106920,10,460,232
NU-106920,11,310,250
NU-106920,12,415,284
NU-106920,13,351,205
NU-106920,14,433,234
NU-106920,15,375,301
NU-106920,16,415,266
NU-109170,1,295,175
NU-109170,2,513,245
NU-109170,3,361,207
NU-109170,4,224,172
NU-109170,5,293,158
NU-109170,6,318,175
NU-109170,7,322,178
NU-109170,8,352,235
NU-109170,9,136,72
NU-109170,10,391,228
NU-109170,11,206,126
NU-109170,12,302,192
NU-109170,13,278,184
NU-109170,14,199,182
NU-109170,15,361,228
NU-109170,16,343,198
NU-101372,1,244,187
NU-101372,2,201,135
NU-101372,3,162,105
NU-101372,4,203,117
NU-101372,5,115,82
NU-101372,6,360,189
NU-101372,7,283,146
NU-101372,8,270,151
NU-101372,9,88,60
NU-101372,10,78,59
NU-101372,11,160,88
NU-101372,12,175,163
NU-101372,13,107,97
NU-101372,14,296,143
NU-101372,15,296,197
NU-101372,16,398,204
NU-100385,1,241,136
NU-100385,2,212,129
NU-100385,3,186,132
NU-100385,4,150,127
NU-100385,5,245,141
NU-100385,6,72,63
NU-100385,7,197,141
NU-100385,8,115,109
NU-100385,9,137,66
NU-100385,10,90,69
NU-100385,11,101,86
NU-100385,12,141,110
NU-100385,13,188,130
NU-100385,14,161,82
NU-100385,15,122,92
NU-100385,16,182,104
NU-101160,1,0,0
NU-101160,2,296,190
NU-101160,3,193,155
NU-101160,4,224,139
NU-101160,5,210,175
NU-101160,6,161,128
NU-101160,7,66,45
NU-101160,8,170,84
NU-101160,9,112,67
NU-101160,10,200,141
NU-101160,11,117,138
NU-101160,12,136,82
NU-101160,13,153,110
NU-101160,14,167,95
NU-101160,15,211,153
NU-101160,16,99,66
NU-105476,1,557,276
NU-105476,2,409,294
NU-105476,3,572,253
NU-105476,4,506,296
NU-105476,5,411,246
NU-105476,6,504,213
NU-105476,7,511,285
NU-105476,8,485,262
NU-105476,9,169,113
NU-105476,10,437,213
NU-105476,11,485,320
NU-105476,12,353,238
NU-105476,13,428,252
NU-105476,14,628,329
NU-105476,15,330,219
NU-105476,16,234,211
NU-105136,1,416,307
NU-105136,2,449,228
NU-105136,3,271,178
NU-105136,4,316,154
NU-105136,5,412,209
NU-105136,6,387,255
NU-105136,7,385,191
NU-105136,8,485,253
NU-105136,9,126,73
NU-105136,10,316,257
NU-105136,11,506,266
NU-105136,12,385,207
NU-105136,13,309,189
NU-105136,14,336,224
NU-105136,15,419,210
NU-105136,16,320,208
NU-102451,1,187,122
NU-102451,2,197,152
NU-102451,3,132,66
NU-102451,4,40,20
NU-102451,5,99,92
NU-102451,6,309,149
NU-102451,7,150,132
NU-102451,8,37,33
NU-102451,9,84,61
NU-102451,10,305,214
NU-102451,11,224,179
NU-102451,12,177,131
NU-102451,13,93,81
NU-102451,14,326,170
NU-102451,15,159,105
NU-102451,16,237,171
NU-103662,1,179,122
NU-103662,2,104,102
NU-103662,3,116,98
NU-103662,4,317,161
NU-103662,5,162,122
NU-103662,6,256,166
NU-103662,7,203,137
NU-103662,8,183,128
NU-103662,9,55,35
NU-103662,10,218,208
NU-103662,11,208,139
NU-103662,12,171,101
NU-103662,13,143,97
NU-103662,14,289,171
NU-103662,15,305,166
NU-103662,16,150,79
NU-100901,1,1,1
NU-100901,2,67,65
NU-100901,3,121,99
NU-100901,4,83,80
NU-100901,5,83,61
NU-100901,6,99,114
NU-100901,7,123,69
NU-100901,8,75,46
NU-100901,9,45,25
NU-100901,10,256,145
NU-100901,11,159,101
NU-100901,12,128,85
NU-100901,13,83,56
NU-100901,14,126,75
NU-100901,15,81,36
NU-100901,16,231,137
NU-103139,1,369,225
NU-103139,2,329,196
NU-103139,3,537,294
NU-103139,4,287,209
NU-103139,5,233,161
NU-103139,6,249,181
NU-103139,7,353,159
NU-103139,8,377,204
NU-103139,9,195,94
NU-103139,10,353,207
NU-103139,11,443,238
NU-103139,12,373,202
NU-103139,13,351,212
NU-103139,14,335,228
NU-103139,15,406,208
NU-103139,16,193,191
NU-102475,1,323,165
NU-102475,2,274,223
NU-102475,3,446,244
NU-102475,4,322,201
NU-102475,5,226,123
NU-102475,6,262,164
NU-102475,7,249,201
NU-102475,8,341,211
NU-102475,9,170,85
NU-102475,10,156,141
NU-102475,11,311,172
NU-102475,12,171,110
NU-102475,13,351,174
NU-102475,14,173,135
NU-102475,15,282,143
NU-102475,16,306,146
NU-100575,1,387,255
NU-100575,2,394,223
NU-100575,3,285,183
NU-100575,4,412,239
NU-100575,5,480,270
NU-100575,6,469,294
NU-100575,7,382,253
NU-100575,8,356,254
NU-100575,9,202,110
NU-100575,10,394,216
NU-100575,11,349,186
NU-100575,12,333,233
NU-100575,13,383,268
NU-100575,14,387,213
NU-100575,15,338,249
NU-100575,16,239,243
NU-105779,1,409,224
NU-105779,2,459,251
NU-105779,3,380,226
NU-105779,4,595,311
NU-105779,5,448,217
NU-105779,6,397,250
NU-105779,7,282,185
NU-105779,8,434,242
NU-105779,9,133,99
NU-105779,10,625,290
NU-105779,11,275,222
NU-105779,12,299,213
NU-105779,13,507,258
NU-105779,14,239,177
NU-105779,15,285,202
NU-105779,16,187,265
NU-104759,1,347,160
NU-104759,2,247,183
NU-104759,3,422,239
NU-104759,4,258,163
NU-104759,5,353,215
NU-104759,6,410,277
NU-104759,7,352,246
NU-104759,8,418,251
NU-104759,9,223,113
NU-104759,10,308,201
NU-104759,11,454,263
NU-104759,12,391,253
NU-104759,13,497,286
NU-104759,14,415,269
NU-104759,15,431,254
NU-104759,16,297,193
NU-102872,1,298,206
NU-102872,2,282,203
NU-102872,3,405,231
NU-102872,4,234,168
NU-102872,5,232,168
NU-102872,6,395,182
NU-102872,7,333,187
NU-102872,8,334,205
NU-102872,9,210,100
NU-102872,10,389,285
NU-102872,11,405,210
NU-102872,12,320,204
NU-102872,13,343,189
NU-102872,14,428,272
NU-102872,15,344,223
NU-102872,16,318,169
NU-103693,1,64,39
NU-103693,2,84,72
NU-103693,3,112,59
NU-103693,4,117,82
NU-103693,5,153,106
NU-103693,6,31,20
NU-103693,7,197,82
NU-103693,8,5,3
NU-103693,9,30,24
NU-103693,10,195,139
NU-103693,11,88,49
NU-103693,12,0,0
NU-103693,13,105,92
NU-103693,14,68,47
NU-103693,15,34,22
NU-103693,16,237,136
NU-100799,1,308,210
NU-100799,2,429,213
NU-100799,3,339,213
NU-100799,4,361,208
NU-100799,5,276,206
NU-100799,6,444,237
NU-100799,7,291,191
NU-100799,8,471,239
NU-100799,9,64,62
NU-100799,10,320,220
NU-100799,11,384,266
NU-100799,12,328,275
NU-100799,13,325,232
NU-100799,14,142,233
NU-100799,15,449,218
NU-100799,16,348,217
NU-105339,1,157,92
NU-105339,2,60,63
NU-105339,3,184,119
NU-105339,4,235,182
NU-105339,5,132,85
NU-105339,6,289,190
NU-105339,7,171,101
NU-105339,8,243,154
NU-105339,9,90,65
NU-105339,10,193,142
NU-105339,11,186,118
NU-105339,12,145,76
NU-105339,13,410,250
NU-105339,14,336,184
NU-105339,15,277,172
NU-105339,16,250,172
NU-107306,1,450,279
NU-107306,2,335,309
NU-107306,3,434,268
NU-107306,4,287,242
NU-107306,5,459,273
NU-107306,6,407,271
NU-107306,7,367,252
NU-107306,8,632,299
NU-107306,9,157,118
NU-107306,10,594,297
NU-107306,11,354,234
NU-107306,12,407,210
NU-107306,13,448,285
NU-107306,14,367,228
NU-107306,15,488,270
NU-107306,16,595,274
NU-103257,1,426,303
NU-103257,2,455,220
NU-103257,3,528,320
NU-103257,4,378,257
NU-103257,5,329,278
NU-103257,6,490,212
NU-103257,7,519,249
NU-103257,8,654,299
NU-103257,9,177,113
NU-103257,10,295,272
NU-103257,11,335,272
NU-103257,12,471,357
NU-103257,13,458,274
NU-103257,14,336,272
NU-103257,15,371,269
NU-103257,16,303,186
NU-102667,1,234,123
NU-102667,2,118,158
NU-102667,3,260,136
NU-102667,4,301,148
NU-102667,5,344,173
NU-102667,6,230,138
NU-102667,7,142,163
NU-102667,8,260,163
NU-102667,9,139,81
NU-102667,10,190,135
NU-102667,11,228,118
NU-102667,12,194,132
NU-102667,13,185,88
NU-102667,14,104,75
NU-102667,15,278,150
NU-102667,16,154,114
NU-104249,1,548,303
NU-104249,2,375,317
NU-104249,3,416,251
NU-104249,4,486,319
NU-104249,5,621,300
NU-104249,6,315,258
NU-104249,7,340,238
NU-104249,8,474,283
NU-104249,9,212,130
NU-104249,10,626,325
NU-104249,11,379,295
NU-104249,12,387,310
NU-104249,13,333,245
NU-104249,14,636,297
NU-104249,15,435,309
NU-104249,16,504,308
NU-105413,1,131,65
NU-105413,2,137,61
NU-105413,3,81,59
NU-105413,4,41,37
NU-105413,5,190,116
NU-105413,6,89,50
NU-105413,7,122,75
NU-105413,8,113,96
NU-105413,9,83,48
NU-105413,10,194,110
NU-105413,11,112,77
NU-105413,12,294,162
NU-105413,13,104,56
NU-105413,14,92,62
NU-105413,15,283,125
NU-105413,16,121,107
NU-108393,1,149,101
NU-108393,2,293,208
NU-108393,3,137,134
NU-108393,4,265,166
NU-108393,5,406,238
NU-108393,6,282,208
NU-108393,7,368,217
NU-108393,8,347,247
NU-108393,9,78,52
NU-108393,10,272,168
NU-108393,11,365,209
NU-108393,12,162,163
NU-108393,13,231,134
NU-108393,14,392,160
NU-108393,15,85,73
NU-108393,16,429,237
NU-108416,1,289,239
NU-108416,2,361,214
NU-108416,3,600,344
NU-108416,4,468,342
NU-108416,5,436,268
NU-108416,6,399,288
NU-108416,7,423,276
NU-108416,8,380,249
NU-108416,9,203,131
NU-108416,10,408,270
NU-108416,11,517,313
NU-108416,12,525,274
NU-108416,13,530,326
NU-108416,14,380,267
NU-108416,15,321,259
NU-108416,16,630,317
NU-100101,1,343,210
NU-100101,2,305,214
NU-100101,3,218,191
NU-100101,4,365,211
NU-100101,5,246,153
NU-100101,6,135,118
NU-100101,7,339,207
NU-100101,8,354,229
NU-100101,9,136,110
NU-100101,10,262,171
NU-100101,11,352,222
NU-100101,12,261,246
NU-100101,13,334,193
NU-100101,14,297,187
NU-100101,15,319,226
NU-100101,16,403,236
NU-107220,1,371,316
NU-107220,2,395,233
NU-107220,3,433,257
NU-107220,4,488,296
NU-107220,5,485,317
NU-107220,6,469,268
NU-107220,7,410,224
NU-107220,8,403,234
NU-107220,9,195,123
NU-107220,10,289,231
NU-107220,11,520,297
NU-107220,12,272,231
NU-107220,13,433,300
NU-107220,14,459,258
NU-107220,15,320,278
NU-107220,16,395,241
NU-109550,1,437,232
NU-109550,2,374,238
NU-109550,3,351,227
NU-109550,4,604,325
NU-109550,5,259,166
NU-109550,6,366,193
NU-109550,7,224,265
NU-109550,8,235,199
NU-109550,9,184,100
NU-109550,10,404,248
NU-109550,11,475,294
NU-109550,12,489,255
NU-109550,13,268,190
NU-109550,14,620,320
NU-109550,15,322,207
NU-109550,16,346,224
NU-100273,1,184,215
NU-100273,2,317,213
NU-100273,3,446,291
NU-100273,4,491,239
NU-100273,5,336,181
NU-100273,6,275,197
NU-100273,7,455,262
NU-100273,8,395,242
NU-100273,9,148,96
NU-100273,10,510,218
NU-100273,11,542,247
NU-100273,12,394,283
NU-100273,13,337,227
NU-100273,14,408,273
NU-100273,15,373,227
NU-100273,16,385,216
NU-105607,1,135,93
NU-105607,2,334,207
NU-105607,3,94,59
NU-105607,4,176,125
NU-105607,5,250,121
NU-105607,6,177,117
NU-105607,7,156,141
NU-105607,8,184,124
NU-105607,9,74,52
NU-105607,10,224,126
NU-105607,11,126,90
NU-105607,12,163,90
NU-105607,13,233,179
NU-105607,14,242,127
NU-105607,15,103,80
NU-105607,16,86,79
NU-103698,1,507,270
NU-103698,2,319,250
NU-103698,3,433,291
NU-103698,4,577,332
NU-103698,5,573,266
NU-103698,6,401,297
NU-103698,7,260,310
NU-103698,8,398,235
NU-103698,9,233,117
NU-103698,10,499,304
NU-103698,11,497,260
NU-103698,12,448,277
NU-103698,13,473,306
NU-103698,14,407,213
NU-103698,15,272,275
NU-103698,16,429,339
NU-103762,1,205,253
NU-103762,2,292,202
NU-103762,3,327,190
NU-103762,4,117,107
NU-103762,5,248,174
NU-103762,6,164,136
NU-103762,7,235,132
NU-103762,8,403,197
NU-103762,9,103,74
NU-103762,10,279,177
NU-103762,11,332,192
NU-103762,12,263,154
NU-103762,13,365,210
NU-103762,14,432,179
NU-103762,15,235,159
NU-103762,16,547,264
NU-103134,1,172,106
NU-103134,2,328,158
NU-103134,3,108,53
NU-103134,4,143,88
NU-103134,5,105,65
NU-103134,6,123,86
NU-103134,7,48,31
NU-103134,8,60,28
NU-103134,9,63,37
NU-103134,10,42,23
NU-103134,11,60,28
NU-103134,12,79,43
NU-103134,13,156,91
NU-103134,14,8,5
NU-103134,15,93,124
NU-103134,16,88,57
NU-106356,1,394,243
NU-106356,2,426,239
NU-106356,3,331,226
NU-106356,4,362,240
NU-106356,5,321,184
NU-106356,6,247,243
NU-106356,7,382,255
NU-106356,8,367,201
NU-106356,9,173,105
NU-106356,10,476,274
NU-106356,11,152,241
NU-106356,12,280,312
NU-106356,13,443,248
NU-106356,14,585,318
NU-106356,15,155,171
NU-106356,16,346,234
NU-105590,1,329,181
NU-105590,2,253,175
NU-105590,3,296,140
NU-105590,4,336,164
NU-105590,5,231,165
NU-105590,6,274,192
NU-105590,7,264,193
NU-105590,8,364,247
NU-105590,9,98,58
NU-105590,10,334,193
NU-105590,11,318,165
NU-105590,12,358,179
NU-105590,13,410,240
NU-105590,14,271,175
NU-105590,15,261,144
NU-105590,16,303,176
NU-109956,1,402,214
NU-109956,2,417,258
NU-109956,3,426,335
NU-109956,4,555,307
NU-109956,5,380,310
NU-109956,6,430,276
NU-109956,7,642,312
NU-109956,8,562,311
NU-109956,9,314,152
NU-109956,10,609,273
NU-109956,11,266,275
NU-109956,12,481,301
NU-109956,13,464,318
NU-109956,14,351,284
NU-109956,15,523,343
NU-109956,16,464,293
NU-108686,1,160,153
NU-108686,2,355,157
NU-108686,3,412,185
NU-108686,4,276,143
NU-108686,5,379,254
NU-108686,6,271,132
NU-108686,7,307,243
NU-108686,8,303,167
NU-108686,9,107,54
NU-108686,10,221,123
NU-108686,11,235,151
NU-108686,12,391,240
NU-108686,13,193,146
NU-108686,14,263,150
NU-108686,15,261,151
NU-108686,16,291,204
NU-108145,1,523,290
NU-108145,2,286,202
NU-108145,3,319,252
NU-108145,4,315,155
NU-108145,5,317,196
NU-108145,6,389,220
NU-108145,7,307,250
NU-108145,8,347,221
NU-108145,9,127,73
NU-108145,10,309,229
NU-108145,11,290,238
NU-108145,12,492,301
NU-108145,13,321,213
NU-108145,14,163,155
NU-108145,15,335,178
NU-108145,16,325,258
NU-102483,1,285,211
NU-102483,2,415,270
NU-102483,3,340,242
NU-102483,4,349,263
NU-102483,5,223,244
NU-102483,6,276,196
NU-102483,7,385,215
NU-102483,8,661,316
NU-102483,9,233,114
NU-102483,10,296,190
NU-102483,11,407,212
NU-102483,12,422,249
NU-102483,13,378,217
NU-102483,14,413,235
NU-102483,15,351,244
NU-102483,16,476,248
NU-108033,1,168,82
NU-108033,2,213,169
NU-108033,3,168,101
NU-108033,4,201,176
NU-108033,5,166,145
NU-108033,6,181,132
NU-108033,7,277,124
NU-108033,8,107,67
NU-108033,9,100,72
NU-108033,10,235,145
NU-108033,11,150,108
NU-108033,12,265,225
NU-108033,13,191,107
NU-108033,14,197,128
NU-108033,15,396,191
NU-108033,16,476,238
NU-101751,1,239,139
NU-101751,2,258,144
NU-101751,3,292,171
NU-101751,4,267,191
NU-101751,5,282,186
NU-101751,6,251,174
NU-101751,7,301,188
NU-101751,8,475,274
NU-101751,9,210,94
NU-101751,10,250,145
NU-101751,11,181,216
NU-101751,12,256,152
NU-101751,13,343,192
NU-101751,14,214,146
NU-101751,15,303,144
NU-101751,16,207,184
NU-109185,1,652,349
NU-109185,2,485,284
NU-109185,3,617,335
NU-109185,4,466,298
NU-109185,5,623,374
NU-109185,6,618,353
NU-109185,7,641,373
NU-109185,8,741,399
NU-109185,9,328,151
NU-109185,10,578,304
NU-109185,11,551,310
NU-109185,12,571,298
NU-109185,13,484,354
NU-109185,14,662,384
NU-109185,15,582,407
NU-109185,16,589,312
NU-103158,1,447,243
NU-103158,2,509,270
NU-103158,3,348,216
NU-103158,4,236,213
NU-103158,5,327,178
NU-103158,6,382,210
NU-103158,7,364,274
NU-103158,8,484,210
NU-103158,9,264,127
NU-103158,10,217,163
NU-103158,11,556,272
NU-103158,12,441,249
NU-103158,13,393,258
NU-103158,14,190,112
NU-103158,15,242,215
NU-103158,16,300,201
NU-100151,1,359,236
NU-100151,2,389,306
NU-100151,3,653,283
NU-100151,4,598,322
NU-100151,5,283,220
NU-100151,6,277,232
NU-100151,7,472,288
NU-100151,8,439,233
NU-100151,9,191,120
NU-100151,10,348,190
NU-100151,11,343,253
NU-100151,12,492,258
NU-100151,13,325,215
NU-100151,14,229,154
NU-100151,15,500,306
NU-100151,16,243,162
NU-105218,1,411,205
NU-105218,2,191,148
NU-105218,3,334,188
NU-105218,4,155,111
NU-105218,5,366,199
NU-105218,6,172,135
NU-105218,7,230,128
NU-105218,8,252,136
NU-105218,9,97,52
NU-105218,10,360,207
NU-105218,11,197,113
NU-105218,12,194,98
NU-105218,13,125,87
NU-105218,14,163,158
NU-105218,15,317,175
NU-105218,16,254,144
NU-106855,1,480,228
NU-106855,2,282,225
NU-106855,3,416,261
NU-106855,4,422,256
NU-106855,5,508,267
NU-106855,6,420,236
NU-106855,7,430,263
NU-106855,8,411,240
NU-106855,9,155,105
NU-106855,10,468,266
NU-106855,11,614,298
NU-106855,12,359,232
NU-106855,13,498,276
NU-106855,14,351,184
NU-106855,15,431,223
NU-106855,16,299,145
NU-103279,1,316,303
NU-103279,2,475,288
NU-103279,3,335,240
NU-103279,4,388,263
NU-103279,5,413,272
NU-103279,6,333,190
NU-103279,7,338,245
NU-103279,8,427,273
NU-103279,9,132,78
NU-103279,10,574,308
NU-103279,11,287,207
NU-103279,12,269,211
NU-103279,13,252,195
NU-103279,14,302,211
NU-103279,15,272,155
NU-103279,16,469,289
NU-106027,1,243,376
NU-106027,2,533,278
NU-106027,3,457,255
NU-106027,4,659,359
NU-106027,5,349,288
NU-106027,6,570,263
NU-106027,7,519,291
NU-106027,8,387,238
NU-106027,9,90,102
NU-106027,10,392,246
NU-106027,11,528,350
NU-106027,12,493,305
NU-106027,13,412,258
NU-106027,14,429,276
NU-106027,15,444,284
NU-106027,16,681,318
NU-105618,1,643,284
NU-105618,2,669,310
NU-105618,3,434,260
NU-105618,4,527,264
NU-105618,5,321,176
NU-105618,6,636,333
NU-105618,7,601,322
NU-105618,8,415,324
NU-105618,9,171,106
NU-105618,10,528,282
NU-105618,11,391,196
NU-105618,12,389,218
NU-105618,13,458,268
NU-105618,14,566,330
NU-105618,15,430,231
NU-105618,16,227,254
NU-100863,1,364,249
NU-100863,2,605,333
NU-100863,3,536,298
NU-100863,4,437,335
NU-100863,5,526,309
NU-100863,6,557,304
NU-100863,7,386,219
NU-100863,8,443,234
NU-100863,9,153,94
NU-100863,10,509,289
NU-100863,11,278,271
NU-100863,12,728,367
NU-100863,13,679,330
NU-100863,14,419,242
NU-100863,15,551,330
NU-100863,16,433,324
NU-105947,1,168,127
NU-105947,2,195,122
NU-105947,3,255,198
NU-105947,4,211,132
NU-105947,5,72,44
NU-105947,6,236,224
NU-105947,7,185,123
NU-105947,8,303,184
NU-105947,9,136,92
NU-105947,10,173,135
NU-105947,11,166,116
NU-105947,12,326,227
NU-105947,13,267,175
NU-105947,14,159,105
NU-105947,15,134,102
NU-105947,16,268,171
NU-100301,1,58,40
NU-100301,2,102,84
NU-100301,3,90,67
NU-100301,4,185,108
NU-100301,5,220,143
NU-100301,6,183,119
NU-100301,7,451,238
NU-100301,8,213,151
NU-100301,9,69,50
NU-100301,10,197,122
NU-100301,11,162,115
NU-100301,12,258,146
NU-100301,13,76,55
NU-100301,14,157,157
NU-100301,15,113,77
NU-100301,16,243,158
NU-109492,1,524,346
NU-109492,2,667,362
NU-109492,3,543,283
NU-109492,4,420,320
NU-109492,5,454,285
NU-109492,6,422,298
NU-109492,7,565,289
NU-109492,8,385,287
NU-109492,9,88,81
NU-109492,10,534,264
NU-109492,11,702,310
NU-109492,12,394,288
NU-109492,13,447,328
NU-109492,14,492,264
NU-109492,15,573,316
NU-109492,16,416,300
NU-105866,1,304,266
NU-105866,2,395,201
NU-105866,3,196,124
NU-105866,4,427,257
NU-105866,5,319,168
NU-105866,6,553,248
NU-105866,7,441,206
NU-105866,8,249,190
NU-105866,9,132,73
NU-105866,10,455,233
NU-105866,11,329,225
NU-105866,12,443,295
NU-105866,13,494,266
NU-105866,14,271,211
NU-105866,15,271,228
NU-105866,16,222,192
NU-100932,1,259,170
NU-100932,2,331,193
NU-100932,3,166,115
NU-100932,4,348,217
NU-100932,5,135,147
NU-100932,6,193,160
NU-100932,7,215,201
NU-100932,8,313,235
NU-100932,9,134,80
NU-100932,10,397,238
NU-100932,11,279,190
NU-100932,12,387,245
NU-100932,13,199,120
NU-100932,14,213,149
NU-100932,15,264,162
NU-100932,16,492,234
NU-108062,1,518,298
NU-108062,2,507,291
NU-108062,3,666,315
NU-108062,4,404,297
NU-108062,5,575,326
NU-108062,6,465,297
NU-108062,7,423,240
NU-108062,8,341,233
NU-108062,9,207,113
NU-108062,10,375,290
NU-108062,11,403,281
NU-108062,12,611,343
NU-108062,13,366,313
NU-108062,14,399,217
NU-108062,15,425,248
NU-108062,16,301,228
NU-109522,1,441,299
NU-109522,2,190,225
NU-109522,3,375,223
NU-109522,4,452,211
NU-109522,5,291,213
NU-109522,6,594,286
NU-109522,7,342,261
NU-109522,8,475,256
NU-109522,9,105,78
NU-109522,10,449,293
NU-109522,11,341,247
NU-109522,12,298,187
NU-109522,13,319,244
NU-109522,14,492,276
NU-109522,15,468,280
NU-109522,16,296,193
NU-103280,1,204,152
NU-103280,2,244,164
NU-103280,3,196,132
NU-103280,4,257,196
NU-103280,5,226,118
NU-103280,6,224,119
NU-103280,7,352,205
NU-103280,8,172,108
NU-103280,9,69,45
NU-103280,10,169,125
NU-103280,11,186,144
NU-103280,12,174,121
NU-103280,13,126,88
NU-103280,14,344,164
NU-103280,15,196,121
NU-103280,16,121,78
NU-104031,1,485,288
NU-104031,2,376,241
NU-104031,3,322,184
NU-104031,4,414,258
NU-104031,5,549,302
NU-104031,6,535,290
NU-104031,7,208,270
NU-104031,8,477,248
NU-104031,9,169,116
NU-104031,10,447,287
NU-104031,11,381,250
NU-104031,12,236,160
NU-104031,13,405,291
NU-104031,14,232,191
NU-104031,15,362,199
NU-104031,16,375,243
NU-104895,1,309,176
NU-104895,2,408,258
NU-104895,3,418,268
NU-104895,4,243,294
NU-104895,5,416,281
NU-104895,6,353,198
NU-104895,7,259,174
NU-104895,8,418,244
NU-104895,9,153,107
NU-104895,10,298,179
NU-104895,11,305,190
NU-104895,12,347,249
NU-104895,13,358,241
NU-104895,14,515,272
NU-104895,15,264,243
NU-104895,16,425,249
NU-108337,1,184,134
NU-108337,2,347,214
NU-108337,3,350,207
NU-108337,4,346,238
NU-108337,5,476,261
NU-108337,6,365,242
NU-108337,7,421,239
NU-108337,8,574,285
NU-108337,9,156,108
NU-108337,10,323,232
NU-108337,11,288,224
NU-108337,12,317,221
NU-108337,13,251,184
NU-108337,14,303,175
NU-108337,15,171,140
NU-108337,16,539,256
NU-109231,1,354,186
NU-109231,2,229,169
NU-109231,3,214,158
NU-109231,4,163,97
NU-109231,5,153,80
NU-109231,6,281,183
NU-109231,7,270,201
NU-109231,8,120,62
NU-109231,9,53,30
NU-109231,10,142,134
NU-109231,11,211,124
NU-109231,12,266,152
NU-109231,13,286,188
NU-109231,14,139,100
NU-109231,15,210,116
NU-109231,16,355,209
NU-106037,1,349,191
NU-106037,2,375,254
NU-106037,3,273,163
NU-106037,4,344,245
NU-106037,5,348,184
NU-106037,6,480,197
NU-106037,7,286,172
NU-106037,8,232,225
NU-106037,9,222,90
NU-106037,10,350,204
NU-106037,11,320,191
NU-106037,12,433,259
NU-106037,13,479,246
NU-106037,14,393,215
NU-106037,15,365,214
NU-106037,16,281,234
NU-109351,1,386,267
NU-109351,2,314,235
NU-109351,3,291,178
NU-109351,4,308,233
NU-109351,5,516,283
NU-109351,6,248,286
NU-109351,7,264,194
NU-109351,8,262,227
NU-109351,9,105,89
NU-109351,10,324,196
NU-109351,11,210,213
NU-109351,12,300,231
NU-109351,13,338,285
NU-109351,14,409,212
NU-109351,15,372,229
NU-109351,16,271,210
NU-107610,1,587,307
NU-107610,2,374,254
NU-107610,3,431,291
NU-107610,4,608,302
NU-107610,5,663,372
NU-107610,6,448,305
NU-107610,7,505,248
NU-107610,8,530,292
NU-107610,9,212,98
NU-107610,10,403,294
NU-107610,11,296,283
NU-107610,12,412,273
NU-107610,13,533,349
NU-107610,14,499,298
NU-107610,15,343,235
NU-107610,16,432,262
NU-108457,1,484,344
NU-108457,2,641,328
NU-108457,3,601,354
NU-108457,4,445,296
NU-108457,5,331,280
NU-108457,6,405,327
NU-108457,7,542,355
NU-108457,8,462,291
NU-108457,9,170,105
NU-108457,10,300,255
NU-108457,11,621,312
NU-108457,12,516,315
NU-108457,13,763,351
NU-108457,14,754,355
NU-108457,15,630,306
NU-108457,16,493,244
NU-107821,1,621,380
NU-107821,2,499,337
NU-107821,3,593,273
NU-107821,4,436,254
NU-107821,5,521,335
NU-107821,6,362,268
NU-107821,7,511,310
NU-107821,8,451,291
NU-107821,9,189,132
NU-107821,10,635,273
NU-107821,11,283,289
NU-107821,12,440,256
NU-107821,13,521,315
NU-107821,14,367,214
NU-107821,15,392,325
NU-107821,16,449,247
NU-108856,1,442,227
NU-108856,2,322,270
NU-108856,3,255,220
NU-108856,4,456,245
NU-108856,5,336,236
NU-108856,6,259,253
NU-108856,7,326,217
NU-108856,8,451,259
NU-108856,9,144,103
NU-108856,10,547,302
NU-108856,11,575,318
NU-108856,12,467,301
NU-108856,13,443,299
NU-108856,14,496,243
NU-108856,15,478,224
NU-108856,16,338,251
NU-101070,1,505,311
NU-101070,2,463,282
NU-101070,3,571,329
NU-101070,4,463,254
NU-101070,5,597,269
NU-101070,6,380,258
NU-101070,7,434,239
NU-101070,8,468,288
NU-101070,9,107,113
NU-101070,10,323,241
NU-101070,11,391,289
NU-101070,12,417,226
NU-101070,13,397,285
NU-101070,14,495,275
NU-101070,15,403,308
NU-101070,16,513,255
NU-108108,1,156,119
NU-108108,2,141,84
NU-108108,3,226,144
NU-108108,4,92,96
NU-108108,5,98,51
NU-108108,6,106,74
NU-108108,7,168,133
NU-108108,8,273,144
NU-108108,9,179,92
NU-108108,10,231,186
NU-108108,11,167,121
NU-108108,12,236,229
NU-108108,13,162,156
NU-108108,14,209,169
NU-108108,15,149,120
NU-108108,16,182,125
NU-107016,1,297,206
NU-107016,2,291,187
NU-107016,3,176,140
NU-107016,4,401,221
NU-107016,5,256,235
NU-107016,6,317,183
NU-107016,7,484,262
NU-107016,8,163,123
NU-107016,9,141,85
NU-107016,10,407,259
NU-107016,11,421,231
NU-107016,12,383,180
NU-107016,13,519,215
NU-107016,14,215,212
NU-107016,15,275,155
NU-107016,16,480,287
NU-106923,1,524,299
NU-106923,2,784,363
NU-106923,3,636,383
NU-106923,4,563,293
NU-106923,5,483,279
NU-106923,6,396,286
NU-106923,7,385,302
NU-106923,8,593,344
NU-106923,9,210,101
NU-106923,10,360,258
NU-106923,11,554,405
NU-106923,12,443,315
NU-106923,13,639,322
NU-106923,14,445,282
NU-106923,15,719,325
NU-106923,16,317,277
NU-105942,1,243,154
NU-105942,2,163,100
NU-105942,3,251,151
NU-105942,4,327,158
NU-105942,5,279,168
NU-105942,6,289,186
NU-105942,7,291,152
NU-105942,8,197,182
NU-105942,9,73,36
NU-105942,10,224,150
NU-105942,11,217,191
NU-105942,12,194,136
NU-105942,13,249,152
NU-105942,14,285,237
NU-105942,15,177,105
NU-105942,16,155,124
NU-103852,1,467,232
NU-103852,2,224,147
NU-103852,3,189,149
NU-103852,4,219,120
NU-103852,5,382,182
NU-103852,6,191,125
NU-103852,7,437,222
NU-103852,8,294,171
NU-103852,9,130,63
NU-103852,10,181,125
NU-103852,11,226,157
NU-103852,12,230,109
NU-103852,13,135,142
NU-103852,14,150,133
NU-103852,15,264,162
NU-103852,16,399,199
NU-100770,1,456,251
NU-100770,2,329,194
NU-100770,3,371,333
NU-100770,4,296,244
NU-100770,5,558,324
NU-100770,6,501,283
NU-100770,7,391,282
NU-100770,8,328,267
NU-100770,9,112,79
NU-100770,10,490,290
NU-100770,11,380,247
NU-100770,12,384,206
NU-100770,13,226,227
NU-100770,14,468,254
NU-100770,15,276,208
NU-100770,16,302,179
NU-105819,1,167,95
NU-105819,2,244,130
NU-105819,3,183,107
NU-105819,4,150,108
NU-105819,5,271,151
NU-105819,6,208,129
NU-105819,7,220,137
NU-105819,8,164,141
NU-105819,9,110,54
NU-105819,10,260,125
NU-105819,11,129,70
NU-105819,12,208,133
NU-105819,13,116,67
NU-105819,14,175,97
NU-105819,15,170,119
NU-105819,16,153,111
NU-103928,1,563,310
NU-103928,2,451,270
NU-103928,3,491,317
NU-103928,4,547,265
NU-103928,5,680,339
NU-103928,6,500,279
NU-103928,7,407,306
NU-103928,8,399,283
NU-103928,9,164,114
NU-103928,10,429,207
NU-103928,11,702,337
NU-103928,12,248,279
NU-103928,13,451,316
NU-103928,14,437,240
NU-103928,15,441,230
NU-103928,16,412,272
NU-100236,1,392,222
NU-100236,2,299,209
NU-100236,3,321,315
NU-100236,4,324,233
NU-100236,5,432,267
NU-100236,6,304,263
NU-100236,7,421,298
NU-100236,8,604,328
NU-100236,9,188,101
NU-100236,10,585,318
NU-100236,11,378,325
NU-100236,12,259,261
NU-100236,13,476,318
NU-100236,14,509,344
NU-100236,15,391,288
NU-100236,16,565,293
NU-103193,1,284,161
NU-103193,2,146,119
NU-103193,3,344,198
NU-103193,4,365,180
NU-103193,5,387,175
NU-103193,6,369,193
NU-103193,7,222,184
NU-103193,8,218,157
NU-103193,9,123,70
NU-103193,10,382,187
NU-103193,11,378,311
NU-103193,12,234,173
NU-103193,13,320,199
NU-103193,14,385,178
NU-103193,15,382,200
NU-103193,16,246,153
NU-100253,1,374,202
NU-100253,2,337,213
NU-100253,3,462,309
NU-100253,4,358,248
NU-100253,5,346,243
NU-100253,6,344,266
NU-100253,7,425,228
NU-100253,8,377,301
NU-100253,9,196,131
NU-100253,10,290,234
NU-100253,11,411,243
NU-100253,12,419,232
NU-100253,13,403,253
NU-100253,14,366,222
NU-100253,15,620,276
NU-100253,16,440,222
NU-106674,1,458,254
NU-106674,2,575,397
NU-106674,3,460,252
NU-106674,4,457,214
NU-106674,5,390,275
NU-106674,6,291,220
NU-106674,7,489,322
NU-106674,8,409,263
NU-106674,9,181,103
NU-106674,10,428,212
NU-106674,11,507,319
NU-106674,12,533,275
NU-106674,13,300,220
NU-106674,14,319,268
NU-106674,15,463,259
NU-106674,16,527,298
NU-103478,1,196,145
NU-103478,2,304,182
NU-103478,3,210,183
NU-103478,4,282,149
NU-103478,5,322,178
NU-103478,6,155,93
NU-103478,7,369,165
NU-103478,8,218,166
NU-103478,9,106,60
NU-103478,10,262,165
NU-103478,11,208,176
NU-103478,12,169,174
NU-103478,13,363,209
NU-103478,14,289,158
NU-103478,15,469,196
NU-103478,16,266,199
NU-107715,1,251,144
NU-107715,2,210,203
NU-107715,3,245,171
NU-107715,4,421,233
NU-107715,5,334,227
NU-107715,6,274,246
NU-107715,7,234,131
NU-107715,8,316,219
NU-107715,9,150,89
NU-107715,10,418,254
NU-107715,11,457,203
NU-107715,12,459,247
NU-107715,13,328,218
NU-107715,14,282,223
NU-107715,15,523,281
NU-107715,16,237,203
NU-103155,1,248,149
NU-103155,2,360,215
NU-103155,3,346,179
NU-103155,4,143,169
NU-103155,5,366,227
NU-103155,6,171,140
NU-103155,7,234,166
NU-103155,8,254,142
NU-103155,9,82,68
NU-103155,10,264,194
NU-103155,11,196,103
NU-103155,12,297,180
NU-103155,13,174,153
NU-103155,14,335,178
NU-103155,15,225,138
NU-103155,16,263,206
NU-100701,1,181,161
NU-100701,2,129,68
NU-100701,3,156,95
NU-100701,4,147,84
NU-100701,5,202,128
NU-100701,6,215,154
NU-100701,7,139,88
NU-100701,8,80,43
NU-100701,9,74,45
NU-100701,10,138,89
NU-100701,11,120,72
NU-100701,12,234,112
NU-100701,13,243,135
NU-100701,14,257,166
NU-100701,15,52,30
NU-100701,16,143,81
NU-109137,1,185,110
NU-109137,2,301,185
NU-109137,3,220,131
NU-109137,4,457,264
NU-109137,5,183,122
NU-109137,6,270,137
NU-109137,7,312,227
NU-109137,8,303,180
NU-109137,9,100,63
NU-109137,10,202,143
NU-109137,11,258,159
NU-109137,12,387,221
NU-109137,13,246,131
NU-109137,14,347,217
NU-109137,15,178,118
NU-109137,16,450,255
NU-109481,1,189,131
NU-109481,2,319,192
NU-109481,3,291,214
NU-109481,4,264,191
NU-109481,5,185,114
NU-109481,6,269,148
NU-109481,7,258,182
NU-109481,8,237,150
NU-109481,9,124,75
NU-109481,10,461,248
NU-109481,11,380,206
NU-109481,12,389,196
NU-109481,13,213,130
NU-109481,14,184,125
NU-109481,15,430,281
NU-109481,16,377,255
NU-107786,1,396,293
NU-107786,2,616,376
NU-107786,3,441,304
NU-107786,4,472,285
NU-107786,5,526,313
NU-107786,6,333,292
NU-107786,7,368,317
NU-107786,8,559,353
NU-107786,9,275,166
NU-107786,10,633,312
NU-107786,11,535,289
NU-107786,12,688,335
NU-107786,13,505,354
NU-107786,14,387,277
NU-107786,15,289,250
NU-107786,16,251,273
NU-107894,1,422,287
NU-107894,2,301,297
NU-107894,3,258,193
NU-107894,4,316,237
NU-107894,5,458,226
NU-107894,6,443,271
NU-107894,7,467,272
NU-107894,8,395,267
NU-107894,9,183,111
NU-107894,10,334,272
NU-107894,11,475,245
NU-107894,12,376,258
NU-107894,13,478,323
NU-107894,14,260,194
NU-107894,15,460,210
NU-107894,16,377,235
NU-101961,1,396,298
NU-101961,2,475,252
NU-101961,3,282,216
NU-101961,4,491,294
NU-101961,5,511,278
NU-101961,6,354,256
NU-101961,7,547,312
NU-101961,8,698,307
NU-101961,9,209,140
NU-101961,10,617,361
NU-101961,11,469,299
NU-101961,12,336,253
NU-101961,13,363,286
NU-101961,14,742,323
NU-101961,15,404,301
NU-101961,16,334,275
NU-106941,1,345,221
NU-106941,2,397,189
NU-106941,3,209,153
NU-106941,4,453,218
NU-106941,5,480,260
NU-106941,6,358,237
NU-106941,7,354,238
NU-106941,8,307,257
NU-106941,9,121,84
NU-106941,10,320,249
NU-106941,11,278,174
NU-106941,12,409,272
NU-106941,13,257,126
NU-106941,14,358,273
NU-106941,15,233,193
NU-106941,16,441,199
NU-109892,1,494,320
NU-109892,2,341,229
NU-109892,3,247,283
NU-109892,4,374,371
NU-109892,5,429,266
NU-109892,6,475,271
NU-109892,7,728,332
NU-109892,8,554,326
NU-109892,9,146,110
NU-109892,10,402,316
NU-109892,11,485,278
NU-109892,12,437,292
NU-109892,13,487,284
NU-109892,14,330,300
NU-109892,15,430,280
NU-109892,16,394,323
NU-106257,1,414,293
NU-106257,2,427,303
NU-106257,3,459,263
NU-106257,4,530,301
NU-106257,5,568,330
NU-106257,6,488,274
NU-106257,7,362,256
NU-106257,8,341,278
NU-106257,9,166,128
NU-106257,10,431,260
NU-106257,11,392,284
NU-106257,12,575,325
NU-106257,13,357,266
NU-106257,14,300,219
NU-106257,15,304,263
NU-106257,16,364,233
NU-107208,1,314,174
NU-107208,2,314,180
NU-107208,3,325,189
NU-107208,4,241,143
NU-107208,5,243,146
NU-107208,6,316,191
NU-107208,7,343,212
NU-107208,8,291,180
NU-107208,9,144,69
NU-107208,10,244,196
NU-107208,11,254,193
NU-107208,12,186,139
NU-107208,13,248,195
NU-107208,14,223,171
NU-107208,15,361,195
NU-107208,16,431,206
NU-104299,1,326,200
NU-104299,2,120,86
NU-104299,3,271,143
NU-104299,4,210,140
NU-104299,5,250,148
NU-104299,6,190,126
NU-104299,7,286,188
NU-104299,8,291,188
NU-104299,9,166,84
NU-104299,10,228,152
NU-104299,11,326,207
NU-104299,12,228,162
NU-104299,13,295,200
NU-104299,14,201,112
NU-104299,15,355,182
NU-104299,16,199,127
NU-103917,1,234,137
NU-103917,2,207,182
NU-103917,3,156,110
NU-103917,4,148,135
NU-103917,5,115,94
NU-103917,6,108,77
NU-103917,7,101,81
NU-103917,8,140,105
NU-103917,9,32,21
NU-103917,10,245,176
NU-103917,11,174,142
NU-103917,12,385,223
NU-103917,13,158,113
NU-103917,14,227,159
NU-103917,15,148,122
NU-103917,16,122,80
NU-103006,1,233,173
NU-103006,2,504,239
NU-103006,3,435,240
NU-103006,4,283,201
NU-103006,5,329,171
NU-103006,6,362,220
NU-103006,7,461,206
NU-103006,8,304,193
NU-103006,9,183,101
NU-103006,10,239,133
NU-103006,11,320,164
NU-103006,12,288,171
NU-103006,13,404,222
NU-103006,14,332,235
NU-103006,15,366,218
NU-103006,16,361,221
NU-105140,1,198,164
NU-105140,2,198,152
NU-105140,3,590,257
NU-105140,4,300,196
NU-105140,5,391,184
NU-105140,6,306,232
NU-105140,7,202,197
NU-105140,8,188,136
NU-105140,9,116,70
NU-105140,10,345,189
NU-105140,11,311,154
NU-105140,12,249,161
NU-105140,13,244,167
NU-105140,14,192,186
NU-105140,15,291,164
NU-105140,16,249,164
NU-101266,1,223,167
NU-101266,2,207,144
NU-101266,3,316,215
NU-101266,4,355,196
NU-101266,5,475,259
NU-101266,6,324,205
NU-101266,7,281,178
NU-101266,8,381,224
NU-101266,9,142,92
NU-101266,10,398,211
NU-101266,11,427,229
NU-101266,12,454,263
NU-101266,13,318,206
NU-101266,14,354,164
NU-101266,15,350,203
NU-101266,16,239,149
NU-104037,1,421,231
NU-104037,2,381,253
NU-104037,3,232,208
NU-104037,4,256,232
NU-104037,5,568,249
NU-104037,6,424,259
NU-104037,7,262,164
NU-104037,8,354,211
NU-104037,9,220,116
NU-104037,10,408,234
NU-104037,11,394,281
NU-104037,12,370,194
NU-104037,13,316,263
NU-104037,14,400,225
NU-104037,15,293,223
NU-104037,16,250,197
NU-108187,1,434,231
NU-108187,2,425,283
NU-108187,3,125,129
NU-108187,4,423,289
NU-108187,5,394,197
NU-108187,6,433,297
NU-108187,7,438,251
NU-108187,8,428,230
NU-108187,9,63,55
NU-108187,10,377,220
NU-108187,11,420,210
NU-108187,12,195,148
NU-108187,13,347,226
NU-108187,14,328,230
NU-108187,15,398,237
NU-108187,16,387,213
NU-102300,1,217,124
NU-102300,2,107,64
NU-102300,3,281,139
NU-102300,4,122,99
NU-102300,5,281,139
NU-102300,6,311,152
NU-102300,7,314,202
NU-102300,8,167,131
NU-102300,9,64,46
NU-102300,10,327,188
NU-102300,11,105,97
NU-102300,12,74,45
NU-102300,13,142,67
NU-102300,14,159,118
NU-102300,15,170,149
NU-102300,16,95,78
NU-101827,1,493,303
NU-101827,2,539,325
NU-101827,3,426,247
NU-101827,4,625,403
NU-101827,5,517,309
NU-101827,6,402,317
NU-101827,7,509,298
NU-101827,8,464,275
NU-101827,9,163,93
NU-101827,10,384,265
NU-101827,11,517,318
NU-101827,12,868,357
NU-101827,13,428,308
NU-101827,14,521,323
NU-101827,15,552,320
NU-101827,16,569,348
NU-108076,1,340,246
NU-108076,2,288,189
NU-108076,3,382,184
NU-108076,4,483,274
NU-108076,5,322,226
NU-108076,6,295,194
NU-108076,7,440,250
NU-108076,8,265,170
NU-108076,9,126,81
NU-108076,10,236,149
NU-108076,11,259,179
NU-108076,12,314,180
NU-108076,13,273,213
NU-108076,14,254,167
NU-108076,15,323,170
NU-108076,16,310,201
NU-102436,1,363,199
NU-102436,2,326,226
NU-102436,3,369,235
NU-102436,4,430,223
NU-102436,5,242,159
NU-102436,6,210,166
NU-102436,7,251,200
NU-102436,8,426,233
NU-102436,9,79,69
NU-102436,10,216,162
NU-102436,11,453,279
NU-102436,12,234,176
NU-102436,13,255,213
NU-102436,14,276,243
NU-102436,15,276,231
NU-102436,16,414,214
NU-102578,1,342,259
NU-102578,2,355,210
NU-102578,3,413,207
NU-102578,4,307,222
NU-102578,5,418,230
NU-102578,6,331,262
NU-102578,7,178,192
NU-102578,8,279,174
NU-102578,9,135,76
NU-102578,10,224,169
NU-102578,11,280,197
NU-102578,12,413,232
NU-102578,13,247,148
NU-102578,14,355,214
NU-102578,15,456,259
NU-102578,16,326,223
NU-108871,1,52,30
NU-108871,2,162,98
NU-108871,3,61,44
NU-108871,4,276,161
NU-108871,5,86,69
NU-108871,6,171,93
NU-108871,7,96,57
NU-108871,8,180,93
NU-108871,9,86,52
NU-108871,10,99,56
NU-108871,11,268,139
NU-108871,12,64,48
NU-108871,13,187,129
NU-108871,14,179,119
NU-108871,15,115,76
NU-108871,16,134,112
NU-103697,1,207,164
NU-103697,2,443,223
NU-103697,3,430,279
NU-103697,4,353,181
NU-103697,5,364,253
NU-103697,6,378,256
NU-103697,7,371,218
NU-103697,8,369,205
NU-103697,9,131,89
NU-103697,10,405,241
NU-103697,11,353,215
NU-103697,12,339,189
NU-103697,13,241,155
NU-103697,14,311,246
NU-103697,15,482,307
NU-103697,16,224,142
NU-103734,1,309,170
NU-103734,2,347,214
NU-103734,3,249,181
NU-103734,4,274,183
NU-103734,5,288,205
NU-103734,6,327,273
NU-103734,7,295,195
NU-103734,8,390,204
NU-103734,9,83,75
NU-103734,10,629,256
NU-103734,11,460,244
NU-103734,12,369,201
NU-103734,13,237,185
NU-103734,14,374,198
NU-103734,15,483,282
NU-103734,16,346,213
NU-100702,1,277,185
NU-100702,2,225,126
NU-100702,3,329,204
NU-100702,4,252,149
NU-100702,5,258,234
NU-100702,6,432,239
NU-100702,7,547,295
NU-100702,8,331,207
NU-100702,9,118,76
NU-100702,10,398,212
NU-100702,11,350,186
NU-100702,12,257,204
NU-100702,13,246,182
NU-100702,14,496,227
NU-100702,15,293,196
NU-100702,16,409,227
NU-101246,1,322,230
NU-101246,2,549,291
NU-101246,3,404,297
NU-101246,4,337,162
NU-101246,5,251,184
NU-101246,6,521,315
NU-101246,7,346,267
NU-101246,8,431,263
NU-101246,9,131,93
NU-101246,10,468,243
NU-101246,11,364,216
NU-101246,12,296,226
NU-101246,13,263,155
NU-101246,14,394,272
NU-101246,15,322,180
NU-101246,16,406,324
NU-101455,1,107,61
NU-101455,2,19,19
NU-101455,3,125,83
NU-101455,4,0,0
NU-101455,5,117,92
NU-101455,6,90,61
NU-101455,7,41,30
NU-101455,8,152,77
NU-101455,9,29,20
NU-101455,10,161,95
NU-101455,11,94,62
NU-101455,12,44,27
NU-101455,13,282,126
NU-101455,14,18,11
NU-101455,15,220,152
NU-101455,16,127,104
NU-100718,1,434,295
NU-100718,2,370,269
NU-100718,3,322,255
NU-100718,4,359,263
NU-100718,5,519,290
NU-100718,6,397,292
NU-100718,7,616,333
NU-100718,8,388,202
NU-100718,9,232,141
NU-100718,10,285,257
NU-100718,11,500,289
NU-100718,12,405,279
NU-100718,13,626,379
NU-100718,14,314,264
NU-100718,15,537,299
NU-100718,16,336,275
NU-101019,1,258,212
NU-101019,2,308,192
NU-101019,3,205,197
NU-101019,4,275,187
NU-101019,5,338,200
NU-101019,6,387,216
NU-101019,7,380,227
NU-101019,8,431,212
NU-101019,9,97,88
NU-101019,10,314,174
NU-101019,11,266,202
NU-101019,12,364,229
NU-101019,13,353,242
NU-101019,14,294,186
NU-101019,15,357,191
NU-101019,16,457,250
NU-103829,1,382,212
NU-103829,2,192,155
NU-103829,3,190,136
NU-103829,4,203,117
NU-103829,5,245,213
NU-103829,6,385,208
NU-103829,7,441,216
NU-103829,8,257,197
NU-103829,9,72,54
NU-103829,10,208,131
NU-103829,11,165,133
NU-103829,12,262,151
NU-103829,13,374,206
NU-103829,14,226,111
NU-103829,15,280,138
NU-103829,16,94,93
NU-106359,1,355,238
NU-106359,2,260,143
NU-106359,3,299,184
NU-106359,4,172,141
NU-106359,5,247,155
NU-106359,6,223,130
NU-106359,7,242,127
NU-106359,8,247,188
NU-106359,9,107,75
NU-106359,10,250,190
NU-106359,11,418,210
NU-106359,12,231,148
NU-106359,13,398,222
NU-106359,14,275,208
NU-106359,15,166,118
NU-106359,16,290,137
NU-109592,1,115,61
NU-109592,2,65,53
NU-109592,3,79,63
NU-109592,4,94,79
NU-109592,5,0,0
NU-109592,6,55,25
NU-109592,7,223,142
NU-109592,8,122,95
NU-109592,9,110,54
NU-109592,10,142,109
NU-109592,11,87,64
NU-109592,12,0,0
NU-109592,13,177,100
NU-109592,14,222,127
NU-109592,15,156,91
NU-109592,16,102,53
NU-108769,1,578,293
NU-108769,2,260,239
NU-108769,3,344,192
NU-108769,4,568,334
NU-108769,5,497,266
NU-108769,6,475,274
NU-108769,7,499,317
NU-108769,8,532,320
NU-108769,9,210,127
NU-108769,10,720,350
NU-108769,11,359,230
NU-108769,12,530,279
NU-108769,13,390,318
NU-108769,14,526,321
NU-108769,15,552,293
NU-108769,16,369,274
NU-109415,1,446,295
NU-109415,2,503,334
NU-109415,3,472,309
NU-109415,4,423,285
NU-109415,5,501,317
NU-109415,6,469,295
NU-109415,7,457,233
NU-109415,8,540,323
NU-109415,9,199,116
NU-109415,10,405,303
NU-109415,11,618,341
NU-109415,12,311,299
NU-109415,13,571,359
NU-109415,14,298,281
NU-109415,15,693,360
NU-109415,16,268,263
NU-102179,1,324,206
NU-102179,2,341,201
NU-102179,3,276,186
NU-102179,4,329,147
NU-102179,5,275,158
NU-102179,6,277,191
NU-102179,7,361,200
NU-102179,8,276,153
NU-102179,9,83,72
NU-102179,10,327,146
NU-102179,11,275,161
NU-102179,12,206,140
NU-102179,13,354,202
NU-102179,14,327,197
NU-102179,15,209,152
NU-102179,16,394,210
NU-103674,1,878,423
NU-103674,2,413,364
NU-103674,3,484,340
NU-103674,4,375,298
NU-103674,5,664,399
NU-103674,6,602,376
NU-103674,7,487,301
NU-103674,8,383,286
NU-103674,9,145,146
NU-103674,10,548,318
NU-103674,11,370,294
NU-103674,12,532,330
NU-103674,13,459,306
NU-103674,14,766,388
NU-103674,15,763,420
NU-103674,16,753,402
NU-102640,1,569,325
NU-102640,2,428,299
NU-102640,3,618,395
NU-102640,4,867,364
NU-102640,5,565,344
NU-102640,6,415,325
NU-102640,7,320,253
NU-102640,8,415,312
NU-102640,9,165,131
NU-102640,10,603,333
NU-102640,11,444,352
NU-102640,12,577,320
NU-102640,13,419,324
NU-102640,14,317,226
NU-102640,15,569,322
NU-102640,16,537,367
NU-104196,1,374,226
NU-104196,2,323,199
NU-104196,3,580,280
NU-104196,4,436,290
NU-104196,5,420,237
NU-104196,6,345,230
NU-104196,7,478,247
NU-104196,8,261,209
NU-104196,9,187,125
NU-104196,10,261,207
NU-104196,11,361,198
NU-104196,12,334,238
NU-104196,13,349,251
NU-104196,14,292,198
NU-104196,15,548,279
NU-104196,16,498,269
NU-104511,1,293,197
NU-104511,2,65,42
NU-104511,3,292,162
NU-104511,4,306,192
NU-104511,5,222,145
NU-104511,6,151,100
NU-104511,7,266,153
NU-104511,8,319,183
NU-104511,9,78,54
NU-104511,10,218,132
NU-104511,11,282,169
NU-104511,12,204,119
NU-104511,13,141,73
NU-104511,14,176,111
NU-104511,15,115,74
NU-104511,16,218,143
NU-105747,1,248,173
NU-105747,2,94,74
NU-105747,3,365,208
NU-105747,4,234,133
NU-105747,5,252,146
NU-105747,6,310,195
NU-105747,7,202,122
NU-105747,8,257,140
NU-105747,9,83,36
NU-105747,10,353,193
NU-105747,11,217,98
NU-105747,12,154,66
NU-105747,13,77,49
NU-105747,14,358,199
NU-105747,15,131,101
NU-105747,16,9,6
NU-109486,1,332,181
NU-109486,2,271,182
NU-109486,3,475,291
NU-109486,4,214,123
NU-109486,5,292,173
NU-109486,6,370,201
NU-109486,7,280,189
NU-109486,8,320,196
NU-109486,9,76,46
NU-109486,10,237,208
NU-109486,11,116,92
NU-109486,12,143,124
NU-109486,13,252,164
NU-109486,14,274,152
NU-109486,15,301,166
NU-109486,16,388,207
NU-100819,1,198,167
NU-100819,2,386,211
NU-100819,3,274,172
NU-100819,4,185,163
NU-100819,5,203,155
NU-100819,6,139,112
NU-100819,7,103,52
NU-100819,8,52,32
NU-100819,9,104,59
NU-100819,10,190,105
NU-100819,11,269,136
NU-100819,12,220,170
NU-100819,13,209,145
NU-100819,14,143,125
NU-100819,15,200,127
NU-100819,16,371,153
NU-105562,1,335,188
NU-105562,2,476,241
NU-105562,3,374,257
NU-105562,4,380,232
NU-105562,5,383,238
NU-105562,6,315,238
NU-105562,7,561,257
NU-105562,8,504,290
NU-105562,9,178,106
NU-105562,10,416,272
NU-105562,11,383,231
NU-105562,12,569,291
NU-105562,13,376,196
NU-105562,14,305,171
NU-105562,15,477,219
NU-105562,16,299,180
NU-102698,1,474,264
NU-102698,2,540,273
NU-102698,3,331,221
NU-102698,4,370,231
NU-102698,5,176,179
NU-102698,6,240,212
NU-102698,7,275,229
NU-102698,8,269,176
NU-102698,9,206,92
NU-102698,10,221,210
NU-102698,11,312,199
NU-102698,12,328,235
NU-102698,13,398,235
NU-102698,14,751,333
NU-102698,15,334,179
NU-102698,16,341,224
NU-103147,1,117,83
NU-103147,2,222,152
NU-103147,3,297,176
NU-103147,4,75,46
NU-103147,5,173,97
NU-103147,6,115,70
NU-103147,7,122,79
NU-103147,8,134,65
NU-103147,9,95,48
NU-103147,10,212,144
NU-103147,11,169,91
NU-103147,12,179,96
NU-103147,13,106,92
NU-103147,14,203,118
NU-103147,15,260,159
NU-103147,16,129,90
NU-108341,1,344,234
NU-108341,2,280,188
NU-108341,3,350,196
NU-108341,4,268,177
NU-108341,5,292,162
NU-108341,6,232,158
NU-108341,7,310,190
NU-108341,8,531,278
NU-108341,9,174,105
NU-108341,10,326,172
NU-108341,11,346,218
NU-108341,12,263,149
NU-108341,13,234,215
NU-108341,14,141,88
NU-108341,15,238,178
NU-108341,16,332,146
NU-100966,1,314,204
NU-100966,2,357,207
NU-100966,3,284,235
NU-100966,4,261,189
NU-100966,5,294,172
NU-100966,6,584,306
NU-100966,7,261,218
NU-100966,8,297,194
NU-100966,9,232,108
NU-100966,10,323,239
NU-100966,11,387,228
NU-100966,12,197,140
NU-100966,13,496,260
NU-100966,14,362,224
NU-100966,15,381,220
NU-100966,16,234,177
NU-108825,1,394,196
NU-108825,2,465,283
NU-108825,3,411,222
NU-108825,4,318,222
NU-108825,5,303,163
NU-108825,6,243,151
NU-108825,7,169,150
NU-108825,8,353,239
NU-108825,9,124,100
NU-108825,10,373,207
NU-108825,11,379,238
NU-108825,12,494,213
NU-108825,13,424,260
NU-108825,14,395,238
NU-108825,15,374,301
NU-108825,16,227,192
NU-106830,1,234,110
NU-106830,2,342,200
NU-106830,3,147,87
NU-106830,4,100,82
NU-106830,5,209,110
NU-106830,6,237,136
NU-106830,7,312,160
NU-106830,8,285,172
NU-106830,9,91,44
NU-106830,10,339,213
NU-106830,11,144,153
NU-106830,12,300,163
NU-106830,13,225,130
NU-106830,14,281,146
NU-106830,15,284,171
NU-106830,16,295,168
NU-104860,1,398,274
NU-104860,2,559,336
NU-104860,3,441,259
NU-104860,4,272,246
NU-104860,5,607,316
NU-104860,6,612,291
NU-104860,7,591,297
NU-104860,8,506,351
NU-104860,9,260,130
NU-104860,10,412,261
NU-104860,11,593,338
NU-104860,12,390,231
NU-104860,13,502,340
NU-104860,14,294,263
NU-104860,15,484,305
NU-104860,16,424,316
NU-106865,1,175,129
NU-106865,2,214,129
NU-106865,3,268,127
NU-106865,4,365,220
NU-106865,5,191,101
NU-106865,6,185,184
NU-106865,7,180,132
NU-106865,8,211,176
NU-106865,9,113,71
NU-106865,10,129,79
NU-106865,11,205,126
NU-106865,12,356,179
NU-106865,13,158,90
NU-106865,14,217,119
NU-106865,15,182,151
NU-106865,16,144,108
NU-101128,1,431,290
NU-101128,2,449,270
NU-101128,3,440,256
NU-101128,4,329,212
NU-101128,5,234,158
NU-101128,6,341,263
NU-101128,7,384,220
NU-101128,8,452,272
NU-101128,9,223,101
NU-101128,10,359,223
NU-101128,11,403,270
NU-101128,12,408,246
NU-101128,13,349,225
NU-101128,14,455,255
NU-101128,15,397,271
NU-101128,16,470,291
NU-106086,1,460,229
NU-106086,2,505,246
NU-106086,3,256,151
NU-106086,4,577,230
NU-106086,5,159,149
NU-106086,6,259,186
NU-106086,7,209,102
NU-106086,8,192,162
NU-106086,9,127,110
NU-106086,10,238,169
NU-106086,11,207,157
NU-106086,12,440,236
NU-106086,13,187,133
NU-106086,14,304,170
NU-106086,15,192,177
NU-106086,16,215,159
NU-108602,1,334,184
NU-108602,2,218,165
NU-108602,3,279,166
NU-108602,4,308,160
NU-108602,5,482,241
NU-108602,6,271,166
NU-108602,7,185,138
NU-108602,8,262,158
NU-108602,9,213,96
NU-108602,10,216,148
NU-108602,11,220,169
NU-108602,12,178,114
NU-108602,13,213,114
NU-108602,14,212,150
NU-108602,15,242,143
NU-108602,16,277,179
NU-108935,1,207,146
NU-108935,2,202,112
NU-108935,3,280,136
NU-108935,4,128,72
NU-108935,5,63,38
NU-108935,6,169,175
NU-108935,7,169,102
NU-108935,8,172,135
NU-108935,9,57,37
NU-108935,10,35,21
NU-108935,11,205,114
NU-108935,12,73,51
NU-108935,13,285,158
NU-108935,14,174,123
NU-108935,15,106,86
NU-108935,16,125,59
NU-109360,1,298,225
NU-109360,2,350,254
NU-109360,3,395,230
NU-109360,4,285,157
NU-109360,5,366,215
NU-109360,6,327,223
NU-109360,7,241,151
NU-109360,8,403,237
NU-109360,9,161,104
NU-109360,10,564,266
NU-109360,11,348,220
NU-109360,12,305,289
NU-109360,13,471,226
NU-109360,14,450,258
NU-109360,15,204,127
NU-109360,16,557,247
NU-104342,1,542,353
NU-104342,2,437,320
NU-104342,3,430,341
NU-104342,4,552,338
NU-104342,5,174,267
NU-104342,6,432,258
NU-104342,7,528,332
NU-104342,8,603,355
NU-104342,9,193,153
NU-104342,10,650,353
NU-104342,11,509,275
NU-104342,12,320,256
NU-104342,13,579,387
NU-104342,14,561,372
NU-104342,15,342,247
NU-104342,16,441,313
NU-100621,1,354,217
NU-100621,2,198,121
NU-100621,3,272,131
NU-100621,4,245,113
NU-100621,5,175,133
NU-100621,6,102,86
NU-100621,7,404,191
NU-100621,8,145,100
NU-100621,9,41,58
NU-100621,10,380,186
NU-100621,11,111,65
NU-100621,12,141,84
NU-100621,13,204,148
NU-100621,14,108,83
NU-100621,15,255,148
NU-100621,16,261,128
NU-108181,1,318,253
NU-108181,2,544,296
NU-108181,3,487,277
NU-108181,4,444,305
NU-108181,5,181,260
NU-108181,6,381,246
NU-108181,7,650,303
NU-108181,8,576,342
NU-108181,9,186,149
NU-108181,10,405,231
NU-108181,11,401,285
NU-108181,12,612,286
NU-108181,13,509,295
NU-108181,14,268,266
NU-108181,15,285,310
NU-108181,16,354,306
NU-104233,1,310,170
NU-104233,2,354,211
NU-104233,3,269,149
NU-104233,4,278,234
NU-104233,5,189,125
NU-104233,6,160,125
NU-104233,7,390,172
NU-104233,8,257,160
NU-104233,9,119,75
NU-104233,10,281,174
NU-104233,11,324,188
NU-104233,12,338,206
NU-104233,13,239,159
NU-104233,14,400,219
NU-104233,15,294,196
NU-104233,16,322,208
NU-103675,1,485,293
NU-103675,2,343,281
NU-103675,3,434,290
NU-103675,4,347,252
NU-103675,5,438,242
NU-103675,6,498,280
NU-103675,7,372,299
NU-103675,8,388,308
NU-103675,9,229,122
NU-103675,10,488,319
NU-103675,11,252,256
NU-103675,12,421,310
NU-103675,13,756,342
NU-103675,14,363,245
NU-103675,15,414,280
NU-103675,16,487,261
NU-101229,1,467,272
NU-101229,2,409,271
NU-101229,3,634,319
NU-101229,4,389,298
NU-101229,5,500,280
NU-101229,6,382,212
NU-101229,7,338,314
NU-101229,8,504,299
NU-101229,9,235,125
NU-101229,10,403,286
NU-101229,11,524,312
NU-101229,12,474,290
NU-101229,13,496,326
NU-101229,14,602,304
NU-101229,15,522,286
NU-101229,16,419,318
NU-100798,1,281,144
NU-100798,2,162,84
NU-100798,3,126,120
NU-100798,4,185,116
NU-100798,5,121,94
NU-100798,6,133,96
NU-100798,7,175,125
NU-100798,8,175,100
NU-100798,9,71,40
NU-100798,10,128,79
NU-100798,11,233,152
NU-100798,12,335,209
NU-100798,13,135,108
NU-100798,14,247,151
NU-100798,15,136,95
NU-100798,16,132,68
NU-102047,1,170,210
NU-102047,2,356,202
NU-102047,3,507,297
NU-102047,4,491,286
NU-102047,5,347,271
NU-102047,6,222,172
NU-102047,7,318,245
NU-102047,8,319,239
NU-102047,9,128,68
NU-102047,10,400,261
NU-102047,11,350,252
NU-102047,12,479,273
NU-102047,13,399,222
NU-102047,14,563,343
NU-102047,15,341,219
NU-102047,16,538,264
NU-100073,1,321,191
NU-100073,2,337,181
NU-100073,3,308,136
NU-100073,4,121,100
NU-100073,5,136,99
NU-100073,6,194,108
NU-100073,7,225,139
NU-100073,8,140,84
NU-100073,9,75,65
NU-100073,10,110,110
NU-100073,11,159,118
NU-100073,12,241,175
NU-100073,13,127,93
NU-100073,14,209,104
NU-100073,15,163,128
NU-100073,16,158,99
NU-101142,1,374,274
NU-101142,2,429,260
NU-101142,3,558,384
NU-101142,4,413,279
NU-101142,5,385,353
NU-101142,6,442,297
NU-101142,7,559,373
NU-101142,8,524,312
NU-101142,9,193,118
NU-101142,10,581,306
NU-101142,11,590,283
NU-101142,12,678,313
NU-101142,13,578,327
NU-101142,14,495,287
NU-101142,15,233,204
NU-101142,16,283,236
NU-102955,1,276,144
NU-102955,2,233,136
NU-102955,3,420,271
NU-102955,4,454,248
NU-102955,5,403,252
NU-102955,6,261,213
NU-102955,7,214,166
NU-102955,8,328,219
NU-102955,9,173,87
NU-102955,10,213,162
NU-102955,11,408,236
NU-102955,12,264,214
NU-102955,13,424,261
NU-102955,14,359,189
NU-102955,15,404,169
NU-102955,16,230,162
NU-106245,1,403,204
NU-106245,2,356,195
NU-106245,3,430,207
NU-106245,4,369,200
NU-106245,5,475,241
NU-106245,6,483,292
NU-106245,7,444,296
NU-106245,8,415,244
NU-106245,9,180,109
NU-106245,10,558,249
NU-106245,11,376,230
NU-106245,12,467,239
NU-106245,13,295,200
NU-106245,14,312,192
NU-106245,15,330,244
NU-106245,16,371,223
NU-101657,1,115,77
NU-101657,2,305,196
NU-101657,3,282,157
NU-101657,4,379,208
NU-101657,5,215,117
NU-101657,6,306,183
NU-101657,7,183,164
NU-101657,8,218,118
NU-101657,9,108,74
NU-101657,10,221,161
NU-101657,11,229,120
NU-101657,12,126,114
NU-101657,13,314,185
NU-101657,14,268,151
NU-101657,15,314,197
NU-101657,16,167,94
NU-108207,1,231,118
NU-108207,2,279,163
NU-108207,3,145,86
NU-108207,4,212,111
NU-108207,5,396,230
NU-108207,6,131,118
NU-108207,7,155,103
NU-108207,8,297,201
NU-108207,9,120,71
NU-108207,10,268,135
NU-108207,11,141,86
NU-108207,12,332,171
NU-108207,13,281,162
NU-108207,14,225,154
NU-108207,15,158,115
NU-108207,16,139,84
NU-102983,1,585,343
NU-102983,2,515,294
NU-102983,3,656,404
NU-102983,4,733,369
NU-102983,5,558,346
NU-102983,6,582,362
NU-102983,7,562,350
NU-102983,8,603,347
NU-102983,9,194,134
NU-102983,10,356,294
NU-102983,11,582,382
NU-102983,12,436,347
NU-102983,13,735,446
NU-102983,14,567,451
NU-102983,15,606,353
NU-102983,16,501,344
NU-103406,1,265,184
NU-103406,2,474,236
NU-103406,3,314,214
NU-103406,4,302,174
NU-103406,5,445,215
NU-103406,6,238,174
NU-103406,7,357,215
NU-103406,8,404,246
NU-103406,9,232,109
NU-103406,10,292,198
NU-103406,11,387,223
NU-103406,12,150,155
NU-103406,13,289,178
NU-103406,14,319,207
NU-103406,15,467,234
NU-103406,16,380,234
NU-107790,1,536,283
NU-107790,2,346,212
NU-107790,3,612,358
NU-107790,4,571,361
NU-107790,5,470,287
NU-107790,6,455,355
NU-107790,7,460,366
NU-107790,8,601,356
NU-107790,9,207,114
NU-107790,10,535,311
NU-107790,11,559,274
NU-107790,12,354,235
NU-107790,13,402,284
NU-107790,14,574,323
NU-107790,15,678,376
NU-107790,16,399,258
NU-104536,1,446,247
NU-104536,2,438,270
NU-104536,3,402,273
NU-104536,4,443,251
NU-104536,5,594,269
NU-104536,6,733,410
NU-104536,7,460,303
NU-104536,8,567,336
NU-104536,9,84,89
NU-104536,10,540,294
NU-104536,11,510,279
NU-104536,12,371,254
NU-104536,13,451,303
NU-104536,14,492,275
NU-104536,15,523,303
NU-104536,16,360,254
NU-100684,1,470,269
NU-100684,2,218,176
NU-100684,3,500,307
NU-100684,4,478,281
NU-100684,5,454,255
NU-100684,6,409,240
NU-100684,7,452,242
NU-100684,8,196,179
NU-100684,9,147,89
NU-100684,10,262,139
NU-100684,11,443,294
NU-100684,12,451,240
NU-100684,13,473,249
NU-100684,14,297,191
NU-100684,15,493,200
NU-100684,16,510,295
NU-106789,1,242,122
NU-106789,2,175,147
NU-106789,3,123,77
NU-106789,4,213,144
NU-106789,5,295,135
NU-106789,6,110,80
NU-106789,7,272,164
NU-106789,8,184,163
NU-106789,9,88,52
NU-106789,10,147,94
NU-106789,11,179,169
NU-106789,12,119,72
NU-106789,13,182,106
NU-106789,14,330,166
NU-106789,15,192,100
NU-106789,16,129,109
NU-109858,1,301,213
NU-109858,2,292,158
NU-109858,3,427,239
NU-109858,4,227,159
NU-109858,5,252,134
NU-109858,6,284,188
NU-109858,7,342,220
NU-109858,8,375,175
NU-109858,9,116,74
NU-109858,10,193,200
NU-109858,11,416,222
NU-109858,12,200,143
NU-109858,13,232,106
NU-109858,14,191,159
NU-109858,15,463,185
NU-109858,16,238,152
NU-104843,1,253,133
NU-104843,2,332,205
NU-104843,3,311,190
NU-104843,4,250,134
NU-104843,5,229,155
NU-104843,6,179,104
NU-104843,7,101,85
NU-104843,8,178,112
NU-104843,9,80,51
NU-104843,10,226,122
NU-104843,11,260,196
NU-104843,12,418,204
NU-104843,13,260,150
NU-104843,14,110,79
NU-104843,15,290,167
NU-104843,16,155,99
NU-108608,1,474,205
NU-108608,2,327,180
NU-108608,3,277,113
NU-108608,4,415,179
NU-108608,5,364,182
NU-108608,6,282,165
NU-108608,7,235,196
NU-108608,8,295,164
NU-108608,9,102,60
NU-108608,10,241,192
NU-108608,11,492,242
NU-108608,12,297,209
NU-108608,13,351,175
NU-108608,14,389,216
NU-108608,15,312,165
NU-108608,16,374,237
NU-100442,1,722,334
NU-100442,2,598,410
NU-100442,3,643,414
NU-100442,4,527,319
NU-100442,5,572,363
NU-100442,6,824,391
NU-100442,7,600,364
NU-100442,8,581,297
NU-100442,9,215,132
NU-100442,10,745,412
NU-100442,11,532,325
NU-100442,12,518,356
NU-100442,13,742,329
NU-100442,14,408,268
NU-100442,15,576,332
NU-100442,16,387,287
NU-102108,1,285,220
NU-102108,2,508,273
NU-102108,3,464,274
NU-102108,4,294,265
NU-102108,5,378,249
NU-102108,6,545,269
NU-102108,7,372,257
NU-102108,8,210,221
NU-102108,9,175,118
NU-102108,10,419,299
NU-102108,11,610,339
NU-102108,12,290,254
NU-102108,13,372,317
NU-102108,14,329,244
NU-102108,15,769,348
NU-102108,16,365,288
NU-105679,1,312,208
NU-105679,2,219,214
NU-105679,3,283,170
NU-105679,4,441,222
NU-105679,5,255,125
NU-105679,6,216,140
NU-105679,7,344,266
NU-105679,8,426,245
NU-105679,9,137,74
NU-105679,10,485,254
NU-105679,11,519,255
NU-105679,12,287,198
NU-105679,13,497,287
NU-105679,14,457,237
NU-105679,15,405,200
NU-105679,16,452,258
NU-108094,1,388,289
NU-108094,2,412,309
NU-108094,3,393,276
NU-108094,4,398,278
NU-108094,5,288,214
NU-108094,6,458,240
NU-108094,7,465,296
NU-108094,8,515,228
NU-108094,9,156,120
NU-108094,10,461,292
NU-108094,11,696,345
NU-108094,12,489,321
NU-108094,13,416,255
NU-108094,14,444,268
NU-108094,15,548,284
NU-108094,16,389,259
NU-106937,1,500,237
NU-106937,2,376,314
NU-106937,3,525,257
NU-106937,4,476,252
NU-106937,5,546,295
NU-106937,6,383,307
NU-106937,7,642,319
NU-106937,8,511,325
NU-106937,9,164,142
NU-106937,10,487,242
NU-106937,11,601,308
NU-106937,12,465,247
NU-106937,13,744,348
NU-106937,14,440,325
NU-106937,15,486,281
NU-106937,16,560,350
NU-100663,1,210,192
NU-100663,2,300,207
NU-100663,3,149,77
NU-100663,4,240,190
NU-100663,5,307,165
NU-100663,6,292,185
NU-100663,7,413,198
NU-100663,8,402,228
NU-100663,9,132,93
NU-100663,10,359,208
NU-100663,11,349,167
NU-100663,12,479,305
NU-100663,13,275,169
NU-100663,14,344,187
NU-100663,15,199,142
NU-100663,16,270,191
NU-106608,1,414,202
NU-106608,2,342,213
NU-106608,3,234,197
NU-106608,4,307,220
NU-106608,5,336,213
NU-106608,6,423,243
NU-106608,7,518,256
NU-106608,8,394,208
NU-106608,9,194,95
NU-106608,10,347,208
NU-106608,11,230,173
NU-106608,12,268,200
NU-106608,13,405,293
NU-106608,14,316,258
NU-106608,15,341,302
NU-106608,16,360,223
NU-104969,1,507,325
NU-104969,2,531,268
NU-104969,3,500,277
NU-104969,4,496,358
NU-104969,5,320,243
NU-104969,6,349,214
NU-104969,7,423,309
NU-104969,8,416,259
NU-104969,9,211,118
NU-104969,10,471,249
NU-104969,11,365,277
NU-104969,12,353,213
NU-104969,13,587,297
NU-104969,14,510,291
NU-104969,15,513,286
NU-104969,16,308,223
NU-105186,1,374,201
NU-105186,2,316,197
NU-105186,3,425,247
NU-105186,4,404,197
NU-105186,5,208,199
NU-105186,6,239,180
NU-105186,7,187,195
NU-105186,8,220,224
NU-105186,9,124,91
NU-105186,10,511,283
NU-105186,11,339,217
NU-105186,12,539,206
NU-105186,13,340,224
NU-105186,14,330,251
NU-105186,15,281,198
NU-105186,16,367,187
NU-102337,1,237,146
NU-102337,2,310,183
NU-102337,3,177,114
NU-102337,4,256,158
NU-102337,5,158,112
NU-102337,6,269,150
NU-102337,7,287,188
NU-102337,8,178,132
NU-102337,9,142,61
NU-102337,10,276,139
NU-102337,11,195,122
NU-102337,12,177,162
NU-102337,13,471,259
NU-102337,14,247,139
NU-102337,15,160,104
NU-102337,16,299,162
NU-108200,1,366,257
NU-108200,2,395,272
NU-108200,3,357,302
NU-108200,4,420,231
NU-108200,5,603,275
NU-108200,6,447,303
NU-108200,7,354,238
NU-108200,8,543,315
NU-108200,9,266,136
NU-108200,10,333,275
NU-108200,11,393,298
NU-108200,12,350,242
NU-108200,13,398,280
NU-108200,14,536,281
NU-108200,15,502,282
NU-108200,16,603,322
NU-106976,1,291,255
NU-106976,2,441,234
NU-106976,3,484,273
NU-106976,4,443,272
NU-106976,5,236,162
NU-106976,6,365,224
NU-106976,7,418,254
NU-106976,8,298,190
NU-106976,9,141,105
NU-106976,10,346,242
NU-106976,11,364,248
NU-106976,12,432,217
NU-106976,13,380,270
NU-106976,14,335,192
NU-106976,15,350,233
NU-106976,16,547,262
NU-101686,1,179,136
NU-101686,2,307,194
NU-101686,3,352,254
NU-101686,4,273,174
NU-101686,5,376,222
NU-101686,6,257,226
NU-101686,7,319,216
NU-101686,8,432,227
NU-101686,9,155,74
NU-101686,10,202,161
NU-101686,11,300,168
NU-101686,12,266,144
NU-101686,13,293,208
NU-101686,14,243,156
NU-101686,15,390,225
NU-101686,16,429,265
NU-108733,1,228,138
NU-108733,2,290,195
NU-108733,3,284,193
NU-108733,4,201,139
NU-108733,5,302,176
NU-108733,6,360,238
NU-108733,7,368,195
NU-108733,8,429,219
NU-108733,9,126,69
NU-108733,10,210,138
NU-108733,11,396,234
NU-108733,12,150,136
NU-108733,13,216,151
NU-108733,14,266,221
NU-108733,15,229,159
NU-108733,16,317,246
NU-100300,1,456,215
NU-100300,2,493,281
NU-100300,3,263,177
NU-100300,4,392,197
NU-100300,5,327,190
NU-100300,6,244,173
NU-100300,7,441,287
NU-100300,8,211,133
NU-100300,9,145,91
NU-100300,10,222,191
NU-100300,11,248,206
NU-100300,12,401,272
NU-100300,13,511,269
NU-100300,14,355,221
NU-100300,15,324,231
NU-100300,16,259,250
NU-103141,1,380,317
NU-103141,2,542,356
NU-103141,3,580,306
NU-103141,4,671,305
NU-103141,5,434,248
NU-103141,6,386,294
NU-103141,7,477,317
NU-103141,8,581,373
NU-103141,9,220,144
NU-103141,10,502,361
NU-103141,11,412,227
NU-103141,12,419,326
NU-103141,13,522,332
NU-103141,14,386,274
NU-103141,15,439,303
NU-103141,16,428,276
NU-101342,1,429,250
NU-101342,2,432,273
NU-101342,3,249,190
NU-101342,4,395,251
NU-101342,5,326,237
NU-101342,6,319,289
NU-101342,7,359,246
NU-101342,8,394,224
NU-101342,9,173,90
NU-101342,10,241,260
NU-101342,11,662,295
NU-101342,12,420,245
NU-101342,13,337,269
NU-101342,14,586,277
NU-101342,15,368,284
NU-101342,16,305,213
NU-108961,1,195,123
NU-108961,2,311,196
NU-108961,3,378,188
NU-108961,4,137,102
NU-108961,5,292,169
NU-108961,6,182,174
NU-108961,7,303,229
NU-108961,8,187,153
NU-108961,9,108,54
NU-108961,10,257,205
NU-108961,11,458,225
NU-108961,12,340,172
NU-108961,13,133,72
NU-108961,14,275,213
NU-108961,15,226,171
NU-108961,16,448,207
NU-104489,1,387,233
NU-104489,2,422,238
NU-104489,3,260,160
NU-104489,4,248,210
NU-104489,5,379,186
NU-104489,6,420,218
NU-104489,7,205,155
NU-104489,8,349,215
NU-104489,9,139,97
NU-104489,10,174,182
NU-104489,11,291,155
NU-104489,12,270,151
NU-104489,13,210,142
NU-104489,14,458,213
NU-104489,15,198,140
NU-104489,16,397,248
NU-103653,1,459,241
NU-103653,2,381,205
NU-103653,3,298,174
NU-103653,4,298,162
NU-103653,5,270,158
NU-103653,6,330,198
NU-103653,7,327,219
NU-103653,8,198,112
NU-103653,9,179,96
NU-103653,10,394,201
NU-103653,11,315,212
NU-103653,12,368,207
NU-103653,13,225,178
NU-103653,14,196,148
NU-103653,15,250,127
NU-103653,16,328,179
NU-108724,1,416,247
NU-108724,2,455,193
NU-108724,3,283,231
NU-108724,4,329,257
NU-108724,5,423,229
NU-108724,6,376,296
NU-108724,7,380,293
NU-108724,8,378,265
NU-108724,9,139,89
NU-108724,10,400,195
NU-108724,11,424,261
NU-108724,12,332,190
NU-108724,13,242,265
NU-108724,14,365,232
NU-108724,15,243,221
NU-108724,16,304,248
NU-109275,1,410,308
NU-109275,2,349,259
NU-109275,3,243,222
NU-109275,4,299,210
NU-109275,5,341,272
NU-109275,6,360,230
NU-109275,7,521,272
NU-109275,8,513,349
NU-109275,9,140,107
NU-109275,10,503,330
NU-109275,11,499,289
NU-109275,12,748,358
NU-109275,13,711,333
NU-109275,14,444,247
NU-109275,15,403,211
NU-109275,16,418,250
NU-104676,1,336,192
NU-104676,2,366,297
NU-104676,3,423,290
NU-104676,4,346,227
NU-104676,5,459,219
NU-104676,6,446,248
NU-104676,7,292,192
NU-104676,8,391,260
NU-104676,9,183,110
NU-104676,10,379,249
NU-104676,11,358,245
NU-104676,12,372,248
NU-104676,13,504,235
NU-104676,14,416,240
NU-104676,15,504,288
NU-104676,16,541,266
NU-107928,1,406,253
NU-107928,2,454,256
NU-107928,3,670,319
NU-107928,4,252,214
NU-107928,5,346,194
NU-107928,6,279,281
NU-107928,7,295,204
NU-107928,8,424,250
NU-107928,9,119,95
NU-107928,10,442,251
NU-107928,11,318,198
NU-107928,12,470,254
NU-107928,13,259,238
NU-107928,14,617,332
NU-107928,15,576,307
NU-107928,16,502,259
NU-100697,1,374,203
NU-100697,2,237,259
NU-100697,3,348,170
NU-100697,4,471,261
NU-100697,5,416,260
NU-100697,6,584,285
NU-100697,7,536,312
NU-100697,8,413,224
NU-100697,9,146,101
NU-100697,10,214,152
NU-100697,11,444,271
NU-100697,12,502,280
NU-100697,13,282,218
NU-100697,14,571,269
NU-100697,15,378,257
NU-100697,16,385,246
NU-105982,1,605,291
NU-105982,2,327,281
NU-105982,3,342,211
NU-105982,4,614,338
NU-105982,5,459,298
NU-105982,6,308,295
NU-105982,7,248,238
NU-105982,8,456,323
NU-105982,9,153,103
NU-105982,10,520,340
NU-105982,11,145,191
NU-105982,12,467,246
NU-105982,13,505,268
NU-105982,14,383,214
NU-105982,15,359,221
NU-105982,16,432,264
NU-100365,1,87,61
NU-100365,2,222,150
NU-100365,3,225,169
NU-100365,4,387,203
NU-100365,5,275,185
NU-100365,6,165,127
NU-100365,7,395,238
NU-100365,8,188,142
NU-100365,9,69,47
NU-100365,10,295,168
NU-100365,11,245,129
NU-100365,12,287,139
NU-100365,13,202,110
NU-100365,14,260,174
NU-100365,15,232,142
NU-100365,16,229,157
NU-104768,1,431,275
NU-104768,2,350,187
NU-104768,3,185,117
NU-104768,4,291,216
NU-104768,5,215,128
NU-104768,6,367,185
NU-104768,7,201,157
NU-104768,8,228,162
NU-104768,9,114,83
NU-104768,10,261,186
NU-104768,11,320,189
NU-104768,12,246,149
NU-104768,13,280,180
NU-104768,14,316,199
NU-104768,15,351,197
NU-104768,16,298,199
NU-104547,1,439,317
NU-104547,2,635,334
NU-104547,3,592,346
NU-104547,4,392,326
NU-104547,5,428,259
NU-104547,6,538,239
NU-104547,7,457,275
NU-104547,8,541,314
NU-104547,9,168,128
NU-104547,10,447,302
NU-104547,11,480,368
NU-104547,12,434,276
NU-104547,13,473,326
NU-104547,14,497,302
NU-104547,15,871,358
NU-104547,16,544,283
NU-102815,1,319,159
NU-102815,2,236,157
NU-102815,3,287,196
NU-102815,4,298,203
NU-102815,5,291,208
NU-102815,6,311,164
NU-102815,7,274,133
NU-102815,8,333,232
NU-102815,9,147,79
NU-102815,10,237,183
NU-102815,11,324,176
NU-102815,12,261,224
NU-102815,13,213,175
NU-102815,14,220,152
NU-102815,15,236,171
NU-102815,16,499,250
NU-108091,1,317,145
NU-108091,2,132,86
NU-108091,3,279,221
NU-108091,4,91,70
NU-108091,5,84,48
NU-108091,6,97,79
NU-108091,7,39,26
NU-108091,8,259,136
NU-108091,9,61,39
NU-108091,10,153,96
NU-108091,11,233,116
NU-108091,12,274,185
NU-108091,13,271,148
NU-108091,14,120,89
NU-108091,15,331,174
NU-108091,16,175,151
NU-109355,1,197,178
NU-109355,2,267,163
NU-109355,3,333,226
NU-109355,4,276,157
NU-109355,5,316,256
NU-109355,6,243,150
NU-109355,7,519,272
NU-109355,8,330,211
NU-109355,9,80,62
NU-109355,10,187,160
NU-109355,11,334,219
NU-109355,12,199,158
NU-109355,13,288,179
NU-109355,14,389,204
NU-109355,15,382,244
NU-109355,16,345,229
NU-108319,1,388,227
NU-108319,2,506,255
NU-108319,3,402,303
NU-108319,4,200,177
NU-108319,5,415,252
NU-108319,6,402,250
NU-108319,7,401,241
NU-108319,8,521,256
NU-108319,9,143,92
NU-108319,10,551,361
NU-108319,11,359,189
NU-108319,12,446,272
NU-108319,13,451,266
NU-108319,14,162,244
NU-108319,15,457,284
NU-108319,16,620,284
NU-107644,1,533,321
NU-107644,2,436,343
NU-107644,3,607,371
NU-107644,4,408,297
NU-107644,5,643,375
NU-107644,6,399,278
NU-107644,7,629,359
NU-107644,8,708,352
NU-107644,9,272,136
NU-107644,10,656,368
NU-107644,11,434,268
NU-107644,12,510,323
NU-107644,13,922,413
NU-107644,14,543,323
NU-107644,15,451,308
NU-107644,16,415,364
NU-102593,1,196,135
NU-102593,2,313,186
NU-102593,3,200,114
NU-102593,4,191,133
NU-102593,5,165,108
NU-102593,6,251,157
NU-102593,7,192,111
NU-102593,8,309,184
NU-102593,9,108,61
NU-102593,10,102,99
NU-102593,11,183,110
NU-102593,12,245,159
NU-102593,13,315,183
NU-102593,14,138,86
NU-102593,15,296,158
NU-102593,16,230,129
NU-104621,1,310,214
NU-104621,2,240,160
NU-104621,3,294,201
NU-104621,4,127,115
NU-104621,5,134,88
NU-104621,6,162,105
NU-104621,7,221,156
NU-104621,8,176,135
NU-104621,9,78,45
NU-104621,10,208,112
NU-104621,11,98,66
NU-104621,12,199,122
NU-104621,13,57,49
NU-104621,14,208,162
NU-104621,15,135,145
NU-104621,16,195,133
NU-104644,1,201,116
NU-104644,2,290,180
NU-104644,3,198,113
NU-104644,4,158,108
NU-104644,5,130,85
NU-104644,6,143,75
NU-104644,7,159,122
NU-104644,8,250,149
NU-104644,9,91,50
NU-104644,10,350,164
NU-104644,11,132,81
NU-104644,12,190,113
NU-104644,13,159,100
NU-104644,14,149,107
NU-104644,15,286,154
NU-104644,16,176,122
NU-105864,1,166,107
NU-105864,2,294,142
NU-105864,3,211,138
NU-105864,4,171,137
NU-105864,5,206,130
NU-105864,6,183,135
NU-105864,7,106,68
NU-105864,8,214,140
NU-105864,9,80,64
NU-105864,10,203,99
NU-105864,11,107,95
NU-105864,12,124,102
NU-105864,13,266,173
NU-105864,14,278,195
NU-105864,15,156,126
NU-105864,16,271,162
NU-103870,1,757,389
NU-103870,2,685,333
NU-103870,3,476,317
NU-103870,4,630,332
NU-103870,5,485,283
NU-103870,6,565,353
NU-103870,7,542,299
NU-103870,8,653,330
NU-103870,9,203,131
NU-103870,10,420,263
NU-103870,11,570,343
NU-103870,12,461,335
NU-103870,13,381,325
NU-103870,14,555,328
NU-103870,15,591,377
NU-103870,16,432,387
NU-109608,1,278,164
NU-109608,2,115,83
NU-109608,3,296,160
NU-109608,4,277,144
NU-109608,5,116,97
NU-109608,6,138,123
NU-109608,7,215,169
NU-109608,8,131,82
NU-109608,9,110,58
NU-109608,10,360,168
NU-109608,11,157,122
NU-109608,12,223,134
NU-109608,13,106,69
NU-109608,14,319,203
NU-109608,15,266,191
NU-109608,16,182,138
NU-104193,1,347,250
NU-104193,2,319,190
NU-104193,3,385,246
NU-104193,4,482,249
NU-104193,5,262,251
NU-104193,6,302,189
NU-104193,7,185,102
NU-104193,8,213,208
NU-104193,9,184,122
NU-104193,10,255,193
NU-104193,11,489,283
NU-104193,12,99,97
NU-104193,13,272,127
NU-104193,14,440,257
NU-104193,15,360,196
NU-104193,16,299,196
NU-100057,1,256,278
NU-100057,2,540,288
NU-100057,3,514,305
NU-100057,4,248,196
NU-100057,5,466,259
NU-100057,6,449,260
NU-100057,7,492,296
NU-100057,8,439,289
NU-100057,9,153,108
NU-100057,10,312,174
NU-100057,11,488,284
NU-100057,12,572,311
NU-100057,13,368,256
NU-100057,14,318,167
NU-100057,15,313,254
NU-100057,16,351,249
NU-105656,1,543,264
NU-105656,2,287,251
NU-105656,3,503,302
NU-105656,4,382,290
NU-105656,5,578,301
NU-105656,6,306,276
NU-105656,7,467,311
NU-105656,8,450,328
NU-105656,9,259,128
NU-105656,10,580,258
NU-105656,11,377,201
NU-105656,12,438,336
NU-105656,13,613,291
NU-105656,14,352,195
NU-105656,15,531,240
NU-105656,16,450,285
NU-102194,1,339,217
NU-102194,2,306,239
NU-102194,3,283,244
NU-102194,4,403,250
NU-102194,5,430,261
NU-102194,6,294,260
NU-102194,7,619,305
NU-102194,8,466,306
NU-102194,9,202,123
NU-102194,10,390,236
NU-102194,11,553,277
NU-102194,12,378,189
NU-102194,13,364,248
NU-102194,14,209,234
NU-102194,15,302,241
NU-102194,16,425,229
NU-106954,1,4,3
NU-106954,2,97,67
NU-106954,3,217,109
NU-106954,4,201,118
NU-106954,5,43,28
NU-106954,6,33,21
NU-106954,7,25,16
NU-106954,8,131,64
NU-106954,9,3,2
NU-106954,10,19,12
NU-106954,11,0,0
NU-106954,12,24,12
NU-106954,13,124,80
NU-106954,14,23,20
NU-106954,15,68,59
NU-106954,16,237,149
NU-105558,1,477,317
NU-105558,2,428,256
NU-105558,3,367,231
NU-105558,4,446,344
NU-105558,5,286,213
NU-105558,6,376,301
NU-105558,7,254,265
NU-105558,8,243,219
NU-105558,9,192,112
NU-105558,10,625,369
NU-105558,11,469,308
NU-105558,12,324,195
NU-105558,13,316,268
NU-105558,14,540,259
NU-105558,15,307,218
NU-105558,16,386,257
NU-107267,1,380,227
NU-107267,2,361,230
NU-107267,3,218,203
NU-107267,4,265,150
NU-107267,5,282,175
NU-107267,6,150,94
NU-107267,7,371,268
NU-107267,8,275,167
NU-107267,9,129,74
NU-107267,10,351,198
NU-107267,11,329,206
NU-107267,12,223,132
NU-107267,13,181,141
NU-107267,14,292,206
NU-107267,15,494,299
NU-107267,16,191,143
NU-109659,1,576,352
NU-109659,2,397,256
NU-109659,3,398,326
NU-109659,4,645,302
NU-109659,5,421,299
NU-109659,6,386,262
NU-109659,7,490,246
NU-109659,8,565,315
NU-109659,9,219,120
NU-109659,10,333,307
NU-109659,11,408,241
NU-109659,12,565,287
NU-109659,13,480,247
NU-109659,14,497,288
NU-109659,15,306,243
NU-109659,16,546,324
NU-105698,1,590,321
NU-105698,2,436,294
NU-105698,3,419,197
NU-105698,4,357,279
NU-105698,5,451,256
NU-105698,6,350,257
NU-105698,7,237,229
NU-105698,8,249,173
NU-105698,9,250,131
NU-105698,10,348,226
NU-105698,11,428,306
NU-105698,12,302,262
NU-105698,13,456,274
NU-105698,14,384,254
NU-105698,15,383,346
NU-105698,16,749,370
NU-108316,1,226,252
NU-108316,2,324,234
NU-108316,3,421,270
NU-108316,4,255,232
NU-108316,5,432,226
NU-108316,6,440,240
NU-108316,7,556,333
NU-108316,8,548,290
NU-108316,9,179,120
NU-108316,10,250,185
NU-108316,11,398,264
NU-108316,12,414,263
NU-108316,13,311,237
NU-108316,14,512,278
NU-108316,15,478,274
NU-108316,16,283,174
NU-105259,1,622,290
NU-105259,2,329,263
NU-105259,3,425,264
NU-105259,4,446,293
NU-105259,5,458,205
NU-105259,6,445,238
NU-105259,7,690,310
NU-105259,8,319,201
NU-105259,9,177,111
NU-105259,10,342,221
NU-105259,11,342,212
NU-105259,12,391,219
NU-105259,13,301,232
NU-105259,14,290,240
NU-105259,15,315,214
NU-105259,16,404,259
NU-108140,1,399,268
NU-108140,2,460,267
NU-108140,3,415,233
NU-108140,4,624,350
NU-108140,5,580,261
NU-108140,6,757,350
NU-108140,7,321,284
NU-108140,8,355,274
NU-108140,9,139,95
NU-108140,10,485,287
NU-108140,11,242,207
NU-108140,12,339,277
NU-108140,13,375,262
NU-108140,14,536,301
NU-108140,15,430,291
NU-108140,16,510,323
NU-106776,1,508,261
NU-106776,2,430,286
NU-106776,3,325,295
NU-106776,4,400,257
NU-106776,5,521,316
NU-106776,6,226,271
NU-106776,7,425,258
NU-106776,8,422,288
NU-106776,9,187,120
NU-106776,10,404,261
NU-106776,11,394,248
NU-106776,12,407,258
NU-106776,13,573,309
NU-106776,14,339,299
NU-106776,15,607,323
NU-106776,16,523,295
NU-106648,1,360,335
NU-106648,2,490,319
NU-106648,3,375,262
NU-106648,4,572,349
NU-106648,5,514,319
NU-106648,6,504,291
NU-106648,7,452,275
NU-106648,8,311,262
NU-106648,9,162,115
NU-106648,10,378,285
NU-106648,11,441,252
NU-106648,12,639,314
NU-106648,13,250,277
NU-106648,14,330,307
NU-106648,15,525,292
NU-106648,16,550,257
NU-109057,1,645,319
NU-109057,2,601,360
NU-109057,3,569,322
NU-109057,4,436,292
NU-109057,5,421,285
NU-109057,6,523,319
NU-109057,7,436,321
NU-109057,8,571,401
NU-109057,9,268,144
NU-109057,10,454,317
NU-109057,11,476,301
NU-109057,12,519,307
NU-109057,13,507,330
NU-109057,14,624,361
NU-109057,15,375,292
NU-109057,16,614,319
NU-100349,1,155,112
NU-100349,2,282,161
NU-100349,3,266,217
NU-100349,4,160,130
NU-100349,5,208,117
NU-100349,6,320,208
NU-100349,7,221,128
NU-100349,8,197,132
NU-100349,9,61,34
NU-100349,10,170,114
NU-100349,11,224,128
NU-100349,12,302,195
NU-100349,13,378,214
NU-100349,14,406,208
NU-100349,15,381,214
NU-100349,16,334,229
NU-109558,1,388,219
NU-109558,2,317,198
NU-109558,3,367,218
NU-109558,4,216,178
NU-109558,5,349,219
NU-109558,6,350,188
NU-109558,7,345,249
NU-109558,8,433,244
NU-109558,9,138,93
NU-109558,10,158,107
NU-109558,11,381,206
NU-109558,12,363,189
NU-109558,13,263,220
NU-109558,14,374,197
NU-109558,15,280,252
NU-109558,16,231,204
NU-101338,1,476,267
NU-101338,2,329,272
NU-101338,3,466,314
NU-101338,4,397,249
NU-101338,5,184,189
NU-101338,6,563,345
NU-101338,7,487,307
NU-101338,8,430,305
NU-101338,9,178,102
NU-101338,10,448,259
NU-101338,11,370,219
NU-101338,12,496,257
NU-101338,13,378,258
NU-101338,14,647,358
NU-101338,15,446,300
NU-101338,16,512,287
NU-109346,1,358,290
NU-109346,2,228,271
NU-109346,3,434,288
NU-109346,4,432,308
NU-109346,5,508,279
NU-109346,6,590,328
NU-109346,7,585,339
NU-109346,8,352,223
NU-109346,9,216,119
NU-109346,10,412,301
NU-109346,11,362,249
NU-109346,12,384,321
NU-109346,13,541,259
NU-109346,14,447,255
NU-109346,15,564,322
NU-109346,16,343,291
NU-103299,1,208,146
NU-103299,2,393,206
NU-103299,3,336,251
NU-103299,4,305,194
NU-103299,5,248,174
NU-103299,6,366,248
NU-103299,7,288,194
NU-103299,8,265,193
NU-103299,9,118,76
NU-103299,10,324,193
NU-103299,11,166,160
NU-103299,12,250,151
NU-103299,13,455,247
NU-103299,14,312,215
NU-103299,15,321,186
NU-103299,16,204,170
NU-103247,1,468,249
NU-103247,2,360,204
NU-103247,3,499,263
NU-103247,4,386,211
NU-103247,5,568,314
NU-103247,6,391,278
NU-103247,7,479,301
NU-103247,8,452,298
NU-103247,9,198,110
NU-103247,10,466,302
NU-103247,11,297,221
NU-103247,12,467,224
NU-103247,13,493,285
NU-103247,14,357,217
NU-103247,15,396,231
NU-103247,16,530,242
NU-103466,1,240,180
NU-103466,2,280,227
NU-103466,3,410,211
NU-103466,4,232,149
NU-103466,5,407,193
NU-103466,6,414,229
NU-103466,7,410,244
NU-103466,8,305,166
NU-103466,9,169,86
NU-103466,10,432,217
NU-103466,11,271,178
NU-103466,12,175,133
NU-103466,13,515,223
NU-103466,14,327,181
NU-103466,15,413,188
NU-103466,16,440,209
NU-107024,1,276,164
NU-107024,2,343,172
NU-107024,3,303,239
NU-107024,4,175,106
NU-107024,5,336,203
NU-107024,6,324,225
NU-107024,7,153,94
NU-107024,8,76,68
NU-107024,9,177,90
NU-107024,10,219,192
NU-107024,11,372,233
NU-107024,12,295,164
NU-107024,13,346,208
NU-107024,14,83,64
NU-107024,15,284,197
NU-107024,16,325,268
NU-102608,1,391,216
NU-102608,2,373,219
NU-102608,3,358,245
NU-102608,4,328,222
NU-102608,5,343,236
NU-102608,6,311,222
NU-102608,7,281,211
NU-102608,8,444,225
NU-102608,9,131,126
NU-102608,10,483,262
NU-102608,11,267,197
NU-102608,12,426,284
NU-102608,13,479,255
NU-102608,14,501,331
NU-102608,15,724,318
NU-102608,16,275,234
NU-103471,1,305,220
NU-103471,2,308,234
NU-103471,3,253,204
NU-103471,4,315,214
NU-103471,5,194,150
NU-103471,6,320,188
NU-103471,7,422,259
NU-103471,8,276,182
NU-103471,9,171,106
NU-103471,10,275,178
NU-103471,11,185,126
NU-103471,12,478,230
NU-103471,13,215,222
NU-103471,14,386,232
NU-103471,15,380,220
NU-103471,16,292,166
NU-107607,1,374,318
NU-107607,2,406,271
NU-107607,3,533,356
NU-107607,4,353,230
NU-107607,5,533,256
NU-107607,6,510,306
NU-107607,7,357,282
NU-107607,8,394,290
NU-107607,9,228,124
NU-107607,10,380,241
NU-107607,11,366,243
NU-107607,12,698,308
NU-107607,13,444,304
NU-107607,14,353,259
NU-107607,15,257,252
NU-107607,16,313,226
NU-105806,1,471,247
NU-105806,2,219,180
NU-105806,3,276,143
NU-105806,4,508,264
NU-105806,5,363,276
NU-105806,6,367,238
NU-105806,7,460,265
NU-105806,8,467,248
NU-105806,9,74,60
NU-105806,10,329,182
NU-105806,11,219,228
NU-105806,12,366,238
NU-105806,13,473,235
NU-105806,14,345,209
NU-105806,15,407,216
NU-105806,16,306,260
NU-108099,1,436,213
NU-108099,2,364,214
NU-108099,3,290,227
NU-108099,4,324,237
NU-108099,5,239,182
NU-108099,6,229,182
NU-108099,7,468,311
NU-108099,8,141,119
NU-108099,9,114,113
NU-108099,10,236,153
NU-108099,11,221,169
NU-108099,12,249,195
NU-108099,13,324,188
NU-108099,14,351,256
NU-108099,15,436,239
NU-108099,16,299,185
NU-105676,1,475,286
NU-105676,2,416,269
NU-105676,3,456,224
NU-105676,4,338,260
NU-105676,5,345,230
NU-105676,6,689,376
NU-105676,7,550,270
NU-105676,8,282,200
NU-105676,9,173,88
NU-105676,10,562,285
NU-105676,11,412,261
NU-105676,12,265,176
NU-105676,13,419,236
NU-105676,14,590,303
NU-105676,15,422,238
NU-105676,16,350,252
NU-100343,1,450,352
NU-100343,2,388,264
NU-100343,3,579,304
NU-100343,4,531,287
NU-100343,5,482,265
NU-100343,6,690,360
NU-100343,7,488,339
NU-100343,8,334,279
NU-100343,9,275,161
NU-100343,10,454,297
NU-100343,11,725,346
NU-100343,12,521,294
NU-100343,13,498,317
NU-100343,14,516,271
NU-100343,15,310,223
NU-100343,16,673,333
NU-107748,1,198,100
NU-107748,2,176,84
NU-107748,3,108,69
NU-107748,4,217,139
NU-107748,5,5,4
NU-107748,6,129,84
NU-107748,7,212,89
NU-107748,8,120,79
NU-107748,9,29,21
NU-107748,10,84,44
NU-107748,11,29,20
NU-107748,12,161,89
NU-107748,13,257,142
NU-107748,14,147,83
NU-107748,15,56,35
NU-107748,16,20,11
NU-103715,1,346,186
NU-103715,2,411,216
NU-103715,3,329,190
NU-103715,4,256,143
NU-103715,5,305,184
NU-103715,6,238,111
NU-103715,7,321,206
NU-103715,8,417,247
NU-103715,9,65,50
NU-103715,10,499,237
NU-103715,11,373,231
NU-103715,12,247,124
NU-103715,13,261,151
NU-103715,14,334,187
NU-103715,15,130,81
NU-103715,16,311,151
NU-108493,1,182,147
NU-108493,2,193,197
NU-108493,3,328,201
NU-108493,4,332,198
NU-108493,5,249,231
NU-108493,6,224,133
NU-108493,7,106,44
NU-108493,8,183,130
NU-108493,9,173,102
NU-108493,10,315,189
NU-108493,11,250,130
NU-108493,12,209,112
NU-108493,13,259,181
NU-108493,14,324,163
NU-108493,15,287,169
NU-108493,16,255,170
NU-100754,1,339,182
NU-100754,2,228,164
NU-100754,3,208,117
NU-100754,4,341,225
NU-100754,5,294,160
NU-100754,6,202,130
NU-100754,7,291,182
NU-100754,8,252,150
NU-100754,9,123,63
NU-100754,10,293,145
NU-100754,11,137,71
NU-100754,12,193,154
NU-100754,13,417,261
NU-100754,14,110,71
NU-100754,15,277,163
NU-100754,16,323,127
NU-100173,1,252,167
NU-100173,2,312,197
NU-100173,3,605,312
NU-100173,4,275,203
NU-100173,5,366,261
NU-100173,6,288,228
NU-100173,7,444,234
NU-100173,8,244,211
NU-100173,9,69,52
NU-100173,10,286,194
NU-100173,11,260,234
NU-100173,12,365,247
NU-100173,13,362,215
NU-100173,14,344,238
NU-100173,15,363,187
NU-100173,16,580,270
NU-103871,1,271,211
NU-103871,2,308,217
NU-103871,3,430,195
NU-103871,4,411,263
NU-103871,5,319,225
NU-103871,6,170,145
NU-103871,7,348,222
NU-103871,8,379,205
NU-103871,9,135,94
NU-103871,10,391,190
NU-103871,11,402,237
NU-103871,12,271,211
NU-103871,13,325,180
NU-103871,14,243,176
NU-103871,15,389,218
NU-103871,16,215,200
NU-101728,1,200,153
NU-101728,2,273,171
NU-101728,3,231,160
NU-101728,4,291,170
NU-101728,5,323,210
NU-101728,6,376,208
NU-101728,7,335,196
NU-101728,8,444,241
NU-101728,9,96,57
NU-101728,10,125,106
NU-101728,11,392,235
NU-101728,12,284,207
NU-101728,13,280,177
NU-101728,14,265,210
NU-101728,15,333,167
NU-101728,16,316,188
NU-101662,1,337,215
NU-101662,2,281,176
NU-101662,3,207,151
NU-101662,4,252,190
NU-101662,5,391,177
NU-101662,6,292,157
NU-101662,7,320,183
NU-101662,8,261,141
NU-101662,9,71,73
NU-101662,10,225,157
NU-101662,11,251,182
NU-101662,12,416,221
NU-101662,13,183,142
NU-101662,14,265,231
NU-101662,15,348,252
NU-101662,16,339,169
NU-100235,1,593,367
NU-100235,2,696,341
NU-100235,3,762,373
NU-100235,4,754,380
NU-100235,5,440,334
NU-100235,6,397,358
NU-100235,7,495,337
NU-100235,8,311,272
NU-100235,9,159,110
NU-100235,10,412,241
NU-100235,11,297,233
NU-100235,12,681,376
NU-100235,13,652,374
NU-100235,14,374,274
NU-100235,15,283,223
NU-100235,16,290,238
NU-108902,1,183,131
NU-108902,2,168,102
NU-108902,3,350,171
NU-108902,4,188,110
NU-108902,5,133,106
NU-108902,6,103,78
NU-108902,7,162,106
NU-108902,8,195,122
NU-108902,9,74,48
NU-108902,10,200,122
NU-108902,11,188,136
NU-108902,12,243,121
NU-108902,13,115,119
NU-108902,14,87,54
NU-108902,15,98,62
NU-108902,16,244,152
NU-107591,1,278,243
NU-107591,2,627,325
NU-107591,3,380,356
NU-107591,4,552,321
NU-107591,5,325,293
NU-107591,6,484,324
NU-107591,7,330,173
NU-107591,8,561,339
NU-107591,9,145,84
NU-107591,10,404,256
NU-107591,11,525,285
NU-107591,12,455,262
NU-107591,13,425,322
NU-107591,14,407,300
NU-107591,15,325,268
NU-107591,16,552,299
NU-109548,1,422,253
NU-109548,2,281,203
NU-109548,3,548,272
NU-109548,4,464,295
NU-109548,5,568,279
NU-109548,6,389,212
NU-109548,7,452,261
NU-109548,8,523,240
NU-109548,9,143,97
NU-109548,10,475,254
NU-109548,11,349,226
NU-109548,12,527,271
NU-109548,13,256,201
NU-109548,14,358,248
NU-109548,15,298,148
NU-109548,16,487,274
NU-105090,1,561,279
NU-105090,2,322,208
NU-105090,3,435,251
NU-105090,4,436,299
NU-105090,5,557,316
NU-105090,6,527,282
NU-105090,7,448,309
NU-105090,8,540,317
NU-105090,9,168,127
NU-105090,10,400,275
NU-105090,11,305,244
NU-105090,12,481,292
NU-105090,13,385,267
NU-105090,14,404,243
NU-105090,15,553,254
NU-105090,16,366,293
NU-107531,1,137,96
NU-107531,2,192,118
NU-107531,3,235,114
NU-107531,4,321,173
NU-107531,5,305,230
NU-107531,6,210,142
NU-107531,7,352,209
NU-107531,8,314,187
NU-107531,9,76,75
NU-107531,10,273,164
NU-107531,11,164,145
NU-107531,12,304,160
NU-107531,13,310,170
NU-107531,14,264,182
NU-107531,15,322,189
NU-107531,16,317,172
NU-103754,1,220,127
NU-103754,2,279,207
NU-103754,3,223,201
NU-103754,4,290,139
NU-103754,5,271,197
NU-103754,6,189,123
NU-103754,7,294,194
NU-103754,8,301,176
NU-103754,9,194,86
NU-103754,10,260,173
NU-103754,11,353,231
NU-103754,12,324,142
NU-103754,13,214,136
NU-103754,14,240,119
NU-103754,15,305,171
NU-103754,16,316,186
NU-104945,1,436,242
NU-104945,2,251,160
NU-104945,3,225,142
NU-104945,4,402,212
NU-104945,5,276,138
NU-104945,6,201,137
NU-104945,7,436,232
NU-104945,8,370,236
NU-104945,9,109,63
NU-104945,10,295,188
NU-104945,11,362,178
NU-104945,12,140,106
NU-104945,13,349,182
NU-104945,14,254,172
NU-104945,15,282,181
NU-104945,16,318,189
NU-105603,1,490,253
NU-105603,2,420,303
NU-105603,3,579,313
NU-105603,4,541,282
NU-105603,5,667,344
NU-105603,6,324,276
NU-105603,7,435,265
NU-105603,8,452,259
NU-105603,9,213,135
NU-105603,10,442,307
NU-105603,11,575,311
NU-105603,12,531,325
NU-105603,13,295,218
NU-105603,14,415,258
NU-105603,15,345,313
NU-105603,16,475,321
NU-102123,1,294,268
NU-102123,2,294,195
NU-102123,3,411,236
NU-102123,4,540,260
NU-102123,5,289,212
NU-102123,6,345,184
NU-102123,7,403,198
NU-102123,8,210,115
NU-102123,9,157,90
NU-102123,10,339,262
NU-102123,11,378,209
NU-102123,12,308,221
NU-102123,13,473,247
NU-102123,14,513,284
NU-102123,15,388,219
NU-102123,16,237,200
NU-108129,1,407,273
NU-108129,2,440,269
NU-108129,3,321,239
NU-108129,4,436,298
NU-108129,5,409,216
NU-108129,6,356,250
NU-108129,7,343,178
NU-108129,8,572,270
NU-108129,9,145,96
NU-108129,10,461,222
NU-108129,11,346,225
NU-108129,12,402,237
NU-108129,13,441,244
NU-108129,14,291,163
NU-108129,15,373,246
NU-108129,16,278,190
NU-109950,1,256,171
NU-109950,2,620,351
NU-109950,3,538,283
NU-109950,4,422,267
NU-109950,5,489,279
NU-109950,6,364,199
NU-109950,7,309,216
NU-109950,8,334,208
NU-109950,9,165,126
NU-109950,10,599,359
NU-109950,11,371,224
NU-109950,12,317,191
NU-109950,13,425,220
NU-109950,14,306,250
NU-109950,15,627,265
NU-109950,16,456,236
NU-104739,1,324,183
NU-104739,2,164,96
NU-104739,3,398,203
NU-104739,4,309,188
NU-104739,5,315,208
NU-104739,6,392,231
NU-104739,7,383,218
NU-104739,8,266,248
NU-104739,9,116,92
NU-104739,10,242,157
NU-104739,11,158,154
NU-104739,12,172,149
NU-104739,13,204,145
NU-104739,14,206,147
NU-104739,15,243,177
NU-104739,16,272,160
NU-101323,1,403,247
NU-101323,2,410,274
NU-101323,3,394,282
NU-101323,4,546,342
NU-101323,5,385,318
NU-101323,6,474,321
NU-101323,7,529,270
NU-101323,8,459,296
NU-101323,9,278,142
NU-101323,10,356,301
NU-101323,11,373,286
NU-101323,12,593,330
NU-101323,13,500,272
NU-101323,14,525,370
NU-101323,15,436,339
NU-101323,16,569,343
NU-101881,1,503,336
NU-101881,2,440,241
NU-101881,3,208,259
NU-101881,4,534,268
NU-101881,5,378,232
NU-101881,6,408,226
NU-101881,7,348,193
NU-101881,8,257,195
NU-101881,9,178,103
NU-101881,10,192,277
NU-101881,11,382,288
NU-101881,12,491,264
NU-101881,13,352,226
NU-101881,14,426,251
NU-101881,15,573,314
NU-101881,16,526,280
NU-106175,1,395,223
NU-106175,2,627,386
NU-106175,3,435,281
NU-106175,4,568,349
NU-106175,5,415,278
NU-106175,6,406,262
NU-106175,7,523,315
NU-106175,8,566,314
NU-106175,9,215,125
NU-106175,10,286,218
NU-106175,11,251,261
NU-106175,12,545,366
NU-106175,13,429,286
NU-106175,14,402,273
NU-106175,15,849,394
NU-106175,16,425,214
NU-109871,1,211,136
NU-109871,2,186,132
NU-109871,3,288,165
NU-109871,4,206,136
NU-109871,5,94,119
NU-109871,6,348,168
NU-109871,7,167,130
NU-109871,8,197,143
NU-109871,9,113,60
NU-109871,10,126,88
NU-109871,11,250,140
NU-109871,12,299,190
NU-109871,13,285,178
NU-109871,14,333,162
NU-109871,15,215,163
NU-109871,16,238,179
NU-103477,1,270,190
NU-103477,2,323,187
NU-103477,3,273,227
NU-103477,4,140,157
NU-103477,5,472,236
NU-103477,6,235,147
NU-103477,7,294,183
NU-103477,8,280,157
NU-103477,9,114,72
NU-103477,10,292,172
NU-103477,11,251,193
NU-103477,12,176,126
NU-103477,13,286,252
NU-103477,14,355,175
NU-103477,15,336,202
NU-103477,16,414,184
NU-101673,1,479,226
NU-101673,2,514,259
NU-101673,3,226,211
NU-101673,4,356,207
NU-101673,5,390,251
NU-101673,6,299,171
NU-101673,7,455,266
NU-101673,8,160,98
NU-101673,9,201,107
NU-101673,10,324,194
NU-101673,11,543,250
NU-101673,12,571,286
NU-101673,13,346,248
NU-101673,14,486,267
NU-101673,15,349,200
NU-101673,16,420,219
NU-105532,1,540,408
NU-105532,2,384,220
NU-105532,3,345,282
NU-105532,4,500,311
NU-105532,5,423,298
NU-105532,6,429,241
NU-105532,7,447,301
NU-105532,8,530,287
NU-105532,9,220,139
NU-105532,10,723,377
NU-105532,11,407,257
NU-105532,12,527,326
NU-105532,13,533,306
NU-105532,14,574,283
NU-105532,15,334,309
NU-105532,16,520,285
NU-106731,1,157,81
NU-106731,2,37,32
NU-106731,3,46,39
NU-106731,4,274,155
NU-106731,5,218,113
NU-106731,6,188,126
NU-106731,7,162,75
NU-106731,8,158,108
NU-106731,9,30,18
NU-106731,10,166,118
NU-106731,11,122,87
NU-106731,12,61,34
NU-106731,13,134,85
NU-106731,14,64,35
NU-106731,15,197,152
NU-106731,16,53,38
NU-106388,1,144,100
NU-106388,2,281,200
NU-106388,3,260,150
NU-106388,4,231,123
NU-106388,5,200,142
NU-106388,6,245,132
NU-106388,7,277,182
NU-106388,8,209,100
NU-106388,9,64,39
NU-106388,10,318,203
NU-106388,11,250,152
NU-106388,12,108,101
NU-106388,13,418,285
NU-106388,14,130,82
NU-106388,15,341,189
NU-106388,16,283,191
NU-104873,1,322,259
NU-104873,2,501,293
NU-104873,3,357,212
NU-104873,4,409,230
NU-104873,5,276,280
NU-104873,6,448,258
NU-104873,7,363,227
NU-104873,8,231,170
NU-104873,9,211,113
NU-104873,10,390,267
NU-104873,11,251,266
NU-104873,12,374,246
NU-104873,13,444,298
NU-104873,14,387,242
NU-104873,15,399,290
NU-104873,16,336,157
NU-108577,1,319,195
NU-108577,2,413,242
NU-108577,3,431,238
NU-108577,4,357,221
NU-108577,5,477,260
NU-108577,6,509,289
NU-108577,7,340,205
NU-108577,8,369,213
NU-108577,9,131,78
NU-108577,10,284,190
NU-108577,11,287,213
NU-108577,12,403,240
NU-108577,13,319,247
NU-108577,14,251,162
NU-108577,15,618,274
NU-108577,16,229,213
NU-109287,1,404,237
NU-109287,2,385,233
NU-109287,3,224,177
NU-109287,4,266,228
NU-109287,5,352,307
NU-109287,6,319,278
NU-109287,7,356,250
NU-109287,8,442,266
NU-109287,9,127,131
NU-109287,10,389,278
NU-109287,11,275,196
NU-109287,12,419,258
NU-109287,13,368,291
NU-109287,14,408,256
NU-109287,15,440,247
NU-109287,16,437,256
NU-104381,1,237,172
NU-104381,2,176,155
NU-104381,3,229,116
NU-104381,4,429,212
NU-104381,5,241,133
NU-104381,6,371,182
NU-104381,7,126,70
NU-104381,8,319,182
NU-104381,9,94,55
NU-104381,10,239,175
NU-104381,11,320,176
NU-104381,12,131,83
NU-104381,13,164,136
NU-104381,14,216,117
NU-104381,15,333,219
NU-104381,16,216,125
NU-107697,1,289,190
NU-107697,2,297,220
NU-107697,3,261,153
NU-107697,4,311,204
NU-107697,5,457,220
NU-107697,6,425,235
NU-107697,7,208,137
NU-107697,8,313,234
NU-107697,9,117,66
NU-107697,10,333,230
NU-107697,11,342,223
NU-107697,12,427,200
NU-107697,13,270,168
NU-107697,14,300,231
NU-107697,15,267,184
NU-107697,16,313,189
NU-103969,1,458,281
NU-103969,2,465,235
NU-103969,3,527,289
NU-103969,4,560,300
NU-103969,5,289,191
NU-103969,6,483,219
NU-103969,7,560,350
NU-103969,8,391,276
NU-103969,9,129,83
NU-103969,10,386,263
NU-103969,11,516,259
NU-103969,12,360,237
NU-103969,13,431,206
NU-103969,14,346,257
NU-103969,15,414,261
NU-103969,16,350,185
NU-108429,1,602,322
NU-108429,2,312,246
NU-108429,3,448,291
NU-108429,4,443,225
NU-108429,5,498,338
NU-108429,6,469,314
NU-108429,7,354,243
NU-108429,8,318,327
NU-108429,9,212,121
NU-108429,10,524,316
NU-108429,11,582,308
NU-108429,12,613,377
NU-108429,13,691,364
NU-108429,14,257,248
NU-108429,15,438,294
NU-108429,16,330,188
NU-106863,1,253,192
NU-106863,2,370,205
NU-106863,3,356,221
NU-106863,4,303,185
NU-106863,5,210,150
NU-106863,6,202,197
NU-106863,7,377,242
NU-106863,8,412,242
NU-106863,9,150,104
NU-106863,10,264,162
NU-106863,11,177,172
NU-106863,12,385,223
NU-106863,13,256,161
NU-106863,14,339,189
NU-106863,15,189,134
NU-106863,16,286,240
NU-109301,1,385,201
NU-109301,2,304,192
NU-109301,3,267,193
NU-109301,4,250,145
NU-109301,5,347,158
NU-109301,6,308,201
NU-109301,7,291,189
NU-109301,8,329,197
NU-109301,9,187,101
NU-109301,10,428,250
NU-109301,11,411,228
NU-109301,12,153,91
NU-109301,13,102,65
NU-109301,14,268,158
NU-109301,15,399,233
NU-109301,16,301,228
NU-104775,1,214,218
NU-104775,2,334,205
NU-104775,3,313,217
NU-104775,4,337,216
NU-104775,5,342,193
NU-104775,6,238,170
NU-104775,7,376,234
NU-104775,8,287,139
NU-104775,9,133,73
NU-104775,10,197,168
NU-104775,11,363,242
NU-104775,12,279,192
NU-104775,13,246,155
NU-104775,14,553,269
NU-104775,15,335,227
NU-104775,16,300,252
NU-109966,1,390,289
NU-109966,2,646,347
NU-109966,3,605,403
NU-109966,4,564,316
NU-109966,5,523,348
NU-109966,6,427,305
NU-109966,7,409,291
NU-109966,8,726,408
NU-109966,9,203,150
NU-109966,10,618,361
NU-109966,11,745,375
NU-109966,12,477,309
NU-109966,13,429,383
NU-109966,14,671,369
NU-109966,15,510,337
NU-109966,16,527,331
NU-103248,1,359,215
NU-103248,2,341,184
NU-103248,3,390,213
NU-103248,4,182,134
NU-103248,5,242,150
NU-103248,6,265,131
NU-103248,7,215,176
NU-103248,8,347,209
NU-103248,9,114,56
NU-103248,10,249,154
NU-103248,11,271,179
NU-103248,12,316,195
NU-103248,13,321,221
NU-103248,14,353,190
NU-103248,15,283,176
NU-103248,16,215,131
NU-106084,1,409,263
NU-106084,2,727,273
NU-106084,3,431,234
NU-106084,4,446,286
NU-106084,5,366,244
NU-106084,6,424,255
NU-106084,7,466,265
NU-106084,8,431,315
NU-106084,9,79,99
NU-106084,10,451,286
NU-106084,11,546,305
NU-106084,12,347,229
NU-106084,13,428,240
NU-106084,14,633,311
NU-106084,15,418,242
NU-106084,16,363,262
NU-101546,1,501,301
NU-101546,2,407,249
NU-101546,3,502,246
NU-101546,4,238,258
NU-101546,5,294,217
NU-101546,6,592,297
NU-101546,7,361,182
NU-101546,8,440,237
NU-101546,9,144,120
NU-101546,10,493,255
NU-101546,11,399,283
NU-101546,12,333,241
NU-101546,13,384,205
NU-101546,14,238,155
NU-101546,15,492,254
NU-101546,16,416,254
NU-104946,1,348,294
NU-104946,2,513,292
NU-104946,3,478,274
NU-104946,4,380,219
NU-104946,5,365,218
NU-104946,6,458,247
NU-104946,7,334,207
NU-104946,8,543,283
NU-104946,9,87,68
NU-104946,10,478,240
NU-104946,11,459,265
NU-104946,12,260,175
NU-104946,13,482,267
NU-104946,14,438,207
NU-104946,15,424,270
NU-104946,16,276,253
NU-107965,1,518,287
NU-107965,2,385,260
NU-107965,3,441,234
NU-107965,4,555,327
NU-107965,5,619,294
NU-107965,6,341,230
NU-107965,7,493,255
NU-107965,8,407,246
NU-107965,9,149,108
NU-107965,10,441,239
NU-107965,11,585,332
NU-107965,12,718,302
NU-107965,13,305,235
NU-107965,14,611,295
NU-107965,15,214,214
NU-107965,16,387,306
NU-107221,1,415,267
NU-107221,2,601,268
NU-107221,3,420,263
NU-107221,4,439,223
NU-107221,5,447,321
NU-107221,6,475,294
NU-107221,7,394,304
NU-107221,8,380,284
NU-107221,9,319,132
NU-107221,10,355,249
NU-107221,11,421,305
NU-107221,12,447,254
NU-107221,13,578,347
NU-107221,14,618,358
NU-107221,15,346,237
NU-107221,16,528,347
NU-100560,1,442,277
NU-100560,2,401,242
NU-100560,3,311,168
NU-100560,4,489,268
NU-100560,5,340,215
NU-100560,6,297,221
NU-100560,7,327,219
NU-100560,8,205,205
NU-100560,9,201,119
NU-100560,10,279,198
NU-100560,11,271,172
NU-100560,12,344,243
NU-100560,13,511,250
NU-100560,14,362,242
NU-100560,15,390,273
NU-100560,16,385,275
NU-100492,1,223,129
NU-100492,2,294,154
NU-100492,3,134,80
NU-100492,4,235,117
NU-100492,5,209,179
NU-100492,6,402,214
NU-100492,7,206,121
NU-100492,8,196,137
NU-100492,9,117,75
NU-100492,10,260,128
NU-100492,11,326,198
NU-100492,12,212,129
NU-100492,13,172,105
NU-100492,14,342,191
NU-100492,15,224,156
NU-100492,16,222,152
NU-107424,1,232,159
NU-107424,2,209,159
NU-107424,3,345,240
NU-107424,4,335,264
NU-107424,5,214,182
NU-107424,6,319,195
NU-107424,7,211,152
NU-107424,8,241,185
NU-107424,9,89,59
NU-107424,10,239,166
NU-107424,11,328,219
NU-107424,12,181,149
NU-107424,13,324,219
NU-107424,14,428,227
NU-107424,15,269,144
NU-107424,16,186,116
NU-106924,1,454,283
NU-106924,2,471,222
NU-106924,3,277,240
NU-106924,4,239,231
NU-106924,5,360,253
NU-106924,6,337,179
NU-106924,7,481,288
NU-106924,8,412,316
NU-106924,9,205,117
NU-106924,10,392,252
NU-106924,11,532,301
NU-106924,12,464,277
NU-106924,13,392,247
NU-106924,14,204,260
NU-106924,15,388,259
NU-106924,16,454,291
NU-106573,1,111,79
NU-106573,2,95,63
NU-106573,3,85,41
NU-106573,4,110,70
NU-106573,5,221,122
NU-106573,6,157,105
NU-106573,7,166,100
NU-106573,8,136,100
NU-106573,9,123,67
NU-106573,10,123,74
NU-106573,11,226,121
NU-106573,12,102,62
NU-106573,13,240,124
NU-106573,14,83,48
NU-106573,15,141,112
NU-106573,16,98,91
NU-104359,1,162,108
NU-104359,2,220,126
NU-104359,3,164,102
NU-104359,4,188,130
NU-104359,5,489,227
NU-104359,6,264,144
NU-104359,7,122,63
NU-104359,8,68,62
NU-104359,9,85,69
NU-104359,10,237,126
NU-104359,11,127,112
NU-104359,12,167,118
NU-104359,13,192,95
NU-104359,14,269,150
NU-104359,15,287,125
NU-104359,16,68,43
NU-103785,1,486,318
NU-103785,2,442,257
NU-103785,3,359,251
NU-103785,4,604,310
NU-103785,5,451,316
NU-103785,6,638,335
NU-103785,7,369,251
NU-103785,8,273,248
NU-103785,9,175,113
NU-103785,10,396,220
NU-103785,11,369,233
NU-103785,12,293,205
NU-103785,13,449,292
NU-103785,14,365,230
NU-103785,15,517,293
NU-103785,16,400,274
NU-102908,1,183,99
NU-102908,2,170,83
NU-102908,3,156,101
NU-102908,4,60,77
NU-102908,5,290,172
NU-102908,6,99,57
NU-102908,7,187,151
NU-102908,8,69,51
NU-102908,9,131,60
NU-102908,10,234,155
NU-102908,11,157,73
NU-102908,12,52,33
NU-102908,13,183,107
NU-102908,14,239,137
NU-102908,15,175,112
NU-102908,16,299,189
NU-102648,1,291,241
NU-102648,2,0,0
NU-102648,3,175,99
NU-102648,4,264,130
NU-102648,5,125,85
NU-102648,6,230,154
NU-102648,7,296,151
NU-102648,8,196,133
NU-102648,9,95,83
NU-102648,10,153,124
NU-102648,11,161,167
NU-102648,12,249,149
NU-102648,13,170,109
NU-102648,14,205,144
NU-102648,15,156,105
NU-102648,16,283,168
NU-104053,1,250,140
NU-104053,2,137,98
NU-104053,3,185,125
NU-104053,4,136,80
NU-104053,5,61,34
NU-104053,6,218,135
NU-104053,7,246,102
NU-104053,8,136,83
NU-104053,9,45,19
NU-104053,10,277,175
NU-104053,11,222,120
NU-104053,12,130,72
NU-104053,13,208,150
NU-104053,14,163,79
NU-104053,15,224,120
NU-104053,16,256,122
NU-107613,1,235,189
NU-107613,2,436,258
NU-107613,3,587,294
NU-107613,4,358,247
NU-107613,5,373,213
NU-107613,6,396,285
NU-107613,7,588,318
NU-107613,8,358,204
NU-107613,9,181,91
NU-107613,10,451,237
NU-107613,11,247,200
NU-107613,12,314,278
NU-107613,13,417,327
NU-107613,14,514,285
NU-107613,15,453,255
NU-107613,16,318,182
NU-107166,1,456,298
NU-107166,2,545,298
NU-107166,3,473,306
NU-107166,4,642,370
NU-107166,5,540,314
NU-107166,6,285,272
NU-107166,7,519,309
NU-107166,8,808,392
NU-107166,9,227,116
NU-107166,10,611,287
NU-107166,11,503,336
NU-107166,12,392,270
NU-107166,13,482,356
NU-107166,14,413,264
NU-107166,15,563,335
NU-107166,16,639,314
NU-109286,1,697,361
NU-109286,2,344,275
NU-109286,3,476,301
NU-109286,4,324,207
NU-109286,5,714,359
NU-109286,6,421,244
NU-109286,7,256,186
NU-109286,8,370,271
NU-109286,9,139,127
NU-109286,10,413,300
NU-109286,11,426,293
NU-109286,12,436,223
NU-109286,13,632,335
NU-109286,14,671,363
NU-109286,15,453,248
NU-109286,16,473,247
NU-102859,1,247,213
NU-102859,2,415,245
NU-102859,3,406,276
NU-102859,4,385,246
NU-102859,5,332,185
NU-102859,6,340,230
NU-102859,7,448,289
NU-102859,8,305,248
NU-102859,9,218,107
NU-102859,10,384,280
NU-102859,11,302,167
NU-102859,12,420,212
NU-102859,13,441,246
NU-102859,14,537,307
NU-102859,15,376,260
NU-102859,16,329,215
NU-109435,1,158,98
NU-109435,2,272,177
NU-109435,3,162,154
NU-109435,4,267,139
NU-109435,5,281,178
NU-109435,6,246,190
NU-109435,7,248,139
NU-109435,8,312,202
NU-109435,9,93,57
NU-109435,10,209,148
NU-109435,11,275,196
NU-109435,12,170,114
NU-109435,13,307,219
NU-109435,14,458,213
NU-109435,15,361,212
NU-109435,16,350,223
NU-107462,1,239,216
NU-107462,2,338,216
NU-107462,3,409,224
NU-107462,4,303,213
NU-107462,5,275,185
NU-107462,6,363,253
NU-107462,7,249,183
NU-107462,8,250,216
NU-107462,9,106,74
NU-107462,10,308,219
NU-107462,11,410,285
NU-107462,12,325,188
NU-107462,13,355,241
NU-107462,14,295,199
NU-107462,15,278,184
NU-107462,16,318,224
NU-109377,1,593,359
NU-109377,2,348,272
NU-109377,3,533,231
NU-109377,4,478,284
NU-109377,5,405,285
NU-109377,6,399,256
NU-109377,7,402,273
NU-109377,8,419,293
NU-109377,9,158,113
NU-109377,10,452,284
NU-109377,11,347,325
NU-109377,12,350,226
NU-109377,13,503,277
NU-109377,14,439,321
NU-109377,15,451,257
NU-109377,16,420,241
NU-106478,1,143,94
NU-106478,2,20,13
NU-106478,3,26,16
NU-106478,4,76,55
NU-106478,5,10,10
NU-106478,6,0,0
NU-106478,7,76,52
NU-106478,8,19,9
NU-106478,9,68,39
NU-106478,10,105,69
NU-106478,11,188,92
NU-106478,12,107,77
NU-106478,13,50,67
NU-106478,14,0,0
NU-106478,15,2,1
NU-106478,16,157,98
NU-100592,1,267,172
NU-100592,2,398,217
NU-100592,3,379,225
NU-100592,4,384,176
NU-100592,5,180,132
NU-100592,6,371,222
NU-100592,7,332,202
NU-100592,8,183,121
NU-100592,9,89,75
NU-100592,10,206,151
NU-100592,11,176,134
NU-100592,12,240,145
NU-100592,13,204,103
NU-100592,14,273,209
NU-100592,15,185,124
NU-100592,16,263,203
NU-100500,1,474,269
NU-100500,2,370,239
NU-100500,3,292,198
NU-100500,4,510,254
NU-100500,5,316,204
NU-100500,6,520,228
NU-100500,7,402,248
NU-100500,8,314,225
NU-100500,9,122,114
NU-100500,10,613,304
NU-100500,11,368,226
NU-100500,12,286,183
NU-100500,13,315,198
NU-100500,14,364,248
NU-100500,15,515,291
NU-100500,16,258,210
NU-105952,1,176,100
NU-105952,2,188,117
NU-105952,3,238,170
NU-105952,4,229,153
NU-105952,5,69,57
NU-105952,6,289,183
NU-105952,7,159,104
NU-105952,8,192,126
NU-105952,9,89,40
NU-105952,10,212,138
NU-105952,11,154,104
NU-105952,12,123,62
NU-105952,13,107,64
NU-105952,14,182,142
NU-105952,15,188,108
NU-105952,16,182,180
NU-105954,1,358,230
NU-105954,2,418,299
NU-105954,3,456,224
NU-105954,4,312,213
NU-105954,5,488,250
NU-105954,6,455,278
NU-105954,7,330,231
NU-105954,8,481,213
NU-105954,9,152,91
NU-105954,10,498,244
NU-105954,11,211,166
NU-105954,12,437,304
NU-105954,13,372,235
NU-105954,14,306,204
NU-105954,15,398,271
NU-105954,16,308,182
NU-105489,1,388,247
NU-105489,2,163,89
NU-105489,3,209,139
NU-105489,4,297,192
NU-105489,5,162,103
NU-105489,6,318,198
NU-105489,7,293,148
NU-105489,8,356,234
NU-105489,9,160,95
NU-105489,10,364,213
NU-105489,11,267,199
NU-105489,12,457,230
NU-105489,13,326,181
NU-105489,14,254,145
NU-105489,15,276,177
NU-105489,16,269,155
NU-105487,1,133,94
NU-105487,2,237,126
NU-105487,3,215,150
NU-105487,4,241,117
NU-105487,5,251,157
NU-105487,6,268,143
NU-105487,7,253,178
NU-105487,8,198,150
NU-105487,9,148,86
NU-105487,10,243,127
NU-105487,11,264,209
NU-105487,12,292,195
NU-105487,13,73,82
NU-105487,14,209,148
NU-105487,15,326,185
NU-105487,16,441,205
NU-108219,1,322,177
NU-108219,2,125,118
NU-108219,3,333,225
NU-108219,4,357,174
NU-108219,5,145,134
NU-108219,6,325,178
NU-108219,7,223,186
NU-108219,8,292,172
NU-108219,9,155,93
NU-108219,10,249,132
NU-108219,11,343,213
NU-108219,12,302,185
NU-108219,13,193,187
NU-108219,14,289,252
NU-108219,15,222,129
NU-108219,16,271,178
NU-104436,1,287,198
NU-104436,2,399,227
NU-104436,3,436,254
NU-104436,4,308,188
NU-104436,5,461,255
NU-104436,6,295,179
NU-104436,7,507,282
NU-104436,8,316,184
NU-104436,9,198,105
NU-104436,10,286,230
NU-104436,11,447,259
NU-104436,12,421,250
NU-104436,13,297,177
NU-104436,14,392,207
NU-104436,15,380,228
NU-104436,16,554,246
NU-109236,1,448,215
NU-109236,2,277,170
NU-109236,3,277,224
NU-109236,4,250,167
NU-109236,5,464,252
NU-109236,6,378,200
NU-109236,7,396,214
NU-109236,8,222,168
NU-109236,9,74,49
NU-109236,10,417,244
NU-109236,11,286,157
NU-109236,12,350,236
NU-109236,13,278,211
NU-109236,14,323,219
NU-109236,15,415,242
NU-109236,16,307,217
NU-100243,1,407,220
NU-100243,2,322,190
NU-100243,3,524,272
NU-100243,4,445,206
NU-100243,5,446,258
NU-100243,6,338,210
NU-100243,7,267,177
NU-100243,8,323,183
NU-100243,9,199,108
NU-100243,10,305,241
NU-100243,11,597,289
NU-100243,12,266,147
NU-100243,13,397,235
NU-100243,14,361,218
NU-100243,15,253,195
NU-100243,16,416,279
NU-107334,1,297,264
NU-107334,2,365,318
NU-107334,3,399,292
NU-107334,4,215,223
NU-107334,5,228,217
NU-107334,6,433,234
NU-107334,7,302,220
NU-107334,8,490,287
NU-107334,9,89,82
NU-107334,10,383,235
NU-107334,11,429,296
NU-107334,12,487,315
NU-107334,13,453,270
NU-107334,14,390,290
NU-107334,15,276,187
NU-107334,16,466,332
NU-105384,1,256,201
NU-105384,2,326,228
NU-105384,3,261,179
NU-105384,4,543,336
NU-105384,5,384,210
NU-105384,6,424,299
NU-105384,7,326,206
NU-105384,8,466,251
NU-105384,9,254,116
NU-105384,10,376,247
NU-105384,11,368,250
NU-105384,12,347,235
NU-105384,13,391,259
NU-105384,14,438,244
NU-105384,15,406,204
NU-105384,16,371,219
NU-103262,1,449,286
NU-103262,2,288,270
NU-103262,3,414,224
NU-103262,4,410,296
NU-103262,5,643,315
NU-103262,6,631,323
NU-103262,7,428,273
NU-103262,8,488,264
NU-103262,9,187,107
NU-103262,10,341,267
NU-103262,11,459,308
NU-103262,12,470,327
NU-103262,13,340,280
NU-103262,14,522,311
NU-103262,15,532,310
NU-103262,16,464,293
NU-101344,1,272,206
NU-101344,2,313,180
NU-101344,3,340,174
NU-101344,4,267,200
NU-101344,5,355,194
NU-101344,6,338,219
NU-101344,7,233,161
NU-101344,8,303,167
NU-101344,9,102,89
NU-101344,10,388,199
NU-101344,11,343,276
NU-101344,12,403,221
NU-101344,13,322,217
NU-101344,14,385,185
NU-101344,15,377,209
NU-101344,16,228,179
NU-100308,1,494,313
NU-100308,2,374,307
NU-100308,3,472,292
NU-100308,4,271,203
NU-100308,5,459,236
NU-100308,6,567,286
NU-100308,7,387,232
NU-100308,8,397,270
NU-100308,9,196,138
NU-100308,10,400,285
NU-100308,11,270,195
NU-100308,12,452,229
NU-100308,13,348,266
NU-100308,14,326,208
NU-100308,15,499,314
NU-100308,16,470,281
NU-100050,1,400,252
NU-100050,2,171,140
NU-100050,3,406,237
NU-100050,4,361,209
NU-100050,5,356,191
NU-100050,6,367,236
NU-100050,7,402,244
NU-100050,8,352,226
NU-100050,9,143,98
NU-100050,10,294,152
NU-100050,11,269,186
NU-100050,12,472,238
NU-100050,13,340,201
NU-100050,14,362,235
NU-100050,15,246,214
NU-100050,16,360,215
NU-109745,1,237,134
NU-109745,2,294,170
NU-109745,3,249,153
NU-109745,4,260,166
NU-109745,5,176,161
NU-109745,6,271,186
NU-109745,7,265,170
NU-109745,8,272,174
NU-109745,9,83,59
NU-109745,10,230,176
NU-109745,11,160,142
NU-109745,12,157,122
NU-109745,13,365,209
NU-109745,14,207,200
NU-109745,15,285,164
NU-109745,16,208,138
NU-107127,1,371,221
NU-107127,2,309,165
NU-107127,3,375,225
NU-107127,4,206,102
NU-107127,5,251,190
NU-107127,6,417,203
NU-107127,7,321,230
NU-107127,8,193,160
NU-107127,9,81,54
NU-107127,10,338,211
NU-107127,11,157,122
NU-107127,12,280,147
NU-107127,13,241,172
NU-107127,14,315,179
NU-107127,15,487,221
NU-107127,16,415,201
NU-105420,1,205,154
NU-105420,2,260,164
NU-105420,3,214,178
NU-105420,4,328,217
NU-105420,5,303,214
NU-105420,6,450,202
NU-105420,7,248,145
NU-105420,8,237,165
NU-105420,9,178,89
NU-105420,10,266,184
NU-105420,11,357,228
NU-105420,12,237,144
NU-105420,13,375,174
NU-105420,14,187,169
NU-105420,15,299,151
NU-105420,16,223,162
NU-100089,1,304,165
NU-100089,2,464,277
NU-100089,3,397,217
NU-100089,4,352,199
NU-100089,5,327,194
NU-100089,6,454,248
NU-100089,7,324,198
NU-100089,8,273,237
NU-100089,9,155,95
NU-100089,10,350,216
NU-100089,11,264,230
NU-100089,12,323,150
NU-100089,13,573,281
NU-100089,14,412,256
NU-100089,15,222,172
NU-100089,16,558,211
NU-106599,1,527,251
NU-106599,2,309,169
NU-106599,3,197,196
NU-106599,4,481,276
NU-106599,5,365,264
NU-106599,6,290,164
NU-106599,7,125,133
NU-106599,8,216,191
NU-106599,9,105,63
NU-106599,10,252,183
NU-106599,11,273,151
NU-106599,12,421,254
NU-106599,13,339,166
NU-106599,14,374,203
NU-106599,15,178,151
NU-106599,16,266,206
NU-100491,1,255,201
NU-100491,2,330,170
NU-100491,3,530,293
NU-100491,4,410,213
NU-100491,5,238,158
NU-100491,6,386,224
NU-100491,7,372,241
NU-100491,8,350,188
NU-100491,9,184,109
NU-100491,10,243,225
NU-100491,11,344,206
NU-100491,12,345,191
NU-100491,13,349,258
NU-100491,14,300,199
NU-100491,15,399,193
NU-100491,16,283,184
NU-107901,1,597,327
NU-107901,2,443,242
NU-107901,3,558,273
NU-107901,4,364,274
NU-107901,5,300,244
NU-107901,6,387,251
NU-107901,7,424,253
NU-107901,8,566,362
NU-107901,9,127,83
NU-107901,10,402,279
NU-107901,11,651,302
NU-107901,12,384,242
NU-107901,13,651,317
NU-107901,14,610,359
NU-107901,15,646,270
NU-107901,16,426,269
NU-106300,1,119,81
NU-106300,2,147,106
NU-106300,3,287,192
NU-106300,4,138,112
NU-106300,5,93,72
NU-106300,6,256,136
NU-106300,7,336,170
NU-106300,8,171,125
NU-106300,9,94,77
NU-106300,10,206,118
NU-106300,11,246,154
NU-106300,12,212,113
NU-106300,13,244,120
NU-106300,14,216,138
NU-106300,15,335,222
NU-106300,16,428,191
NU-103557,1,298,229
NU-103557,2,440,220
NU-103557,3,436,209
NU-103557,4,273,185
NU-103557,5,366,200
NU-103557,6,428,224
NU-103557,7,341,217
NU-103557,8,147,89
NU-103557,9,150,108
NU-103557,10,372,226
NU-103557,11,379,214
NU-103557,12,215,198
NU-103557,13,296,167
NU-103557,14,427,207
NU-103557,15,540,304
NU-103557,16,255,160
NU-101947,1,437,286
NU-101947,2,413,298
NU-101947,3,385,277
NU-101947,4,223,189
NU-101947,5,657,338
NU-101947,6,393,277
NU-101947,7,651,325
NU-101947,8,452,267
NU-101947,9,113,89
NU-101947,10,414,202
NU-101947,11,387,273
NU-101947,12,295,167
NU-101947,13,425,191
NU-101947,14,388,307
NU-101947,15,455,244
NU-101947,16,304,232
NU-107053,1,365,271
NU-107053,2,329,307
NU-107053,3,410,298
NU-107053,4,492,296
NU-107053,5,611,313
NU-107053,6,381,337
NU-107053,7,606,327
NU-107053,8,499,311
NU-107053,9,147,115
NU-107053,10,410,327
NU-107053,11,564,299
NU-107053,12,293,287
NU-107053,13,625,363
NU-107053,14,537,335
NU-107053,15,439,280
NU-107053,16,465,298
NU-103836,1,678,359
NU-103836,2,467,285
NU-103836,3,553,297
NU-103836,4,404,308
NU-103836,5,530,274
NU-103836,6,269,263
NU-103836,7,664,305
NU-103836,8,592,317
NU-103836,9,192,137
NU-103836,10,662,383
NU-103836,11,437,258
NU-103836,12,346,335
NU-103836,13,526,293
NU-103836,14,435,299
NU-103836,15,492,326
NU-103836,16,399,286
NU-103607,1,179,133
NU-103607,2,166,73
NU-103607,3,132,91
NU-103607,4,176,107
NU-103607,5,160,105
NU-103607,6,95,76
NU-103607,7,134,93
NU-103607,8,209,104
NU-103607,9,20,15
NU-103607,10,222,138
NU-103607,11,101,70
NU-103607,12,135,93
NU-103607,13,249,140
NU-103607,14,121,91
NU-103607,15,127,105
NU-103607,16,252,133
NU-100106,1,351,235
NU-100106,2,442,212
NU-100106,3,317,196
NU-100106,4,386,225
NU-100106,5,549,310
NU-100106,6,233,167
NU-100106,7,329,200
NU-100106,8,466,232
NU-100106,9,108,79
NU-100106,10,449,267
NU-100106,11,224,156
NU-100106,12,292,207
NU-100106,13,318,206
NU-100106,14,423,221
NU-100106,15,252,176
NU-100106,16,304,189
NU-105847,1,24,18
NU-105847,2,70,52
NU-105847,3,205,104
NU-105847,4,75,76
NU-105847,5,164,89
NU-105847,6,166,117
NU-105847,7,95,56
NU-105847,8,58,37
NU-105847,9,14,9
NU-105847,10,127,79
NU-105847,11,113,83
NU-105847,12,206,110
NU-105847,13,110,77
NU-105847,14,46,34
NU-105847,15,73,69
NU-105847,16,61,33
NU-109077,1,279,156
NU-109077,2,211,139
NU-109077,3,276,184
NU-109077,4,331,185
NU-109077,5,255,155
NU-109077,6,187,101
NU-109077,7,259,135
NU-109077,8,298,172
NU-109077,9,108,60
NU-109077,10,338,190
NU-109077,11,282,164
NU-109077,12,329,183
NU-109077,13,222,124
NU-109077,14,216,126
NU-109077,15,174,150
NU-109077,16,170,135
NU-108793,1,320,245
NU-108793,2,494,248
NU-108793,3,479,229
NU-108793,4,540,232
NU-108793,5,319,204
NU-108793,6,546,283
NU-108793,7,243,218
NU-108793,8,360,224
NU-108793,9,196,102
NU-108793,10,519,294
NU-108793,11,392,254
NU-108793,12,578,296
NU-108793,13,439,254
NU-108793,14,487,245
NU-108793,15,310,275
NU-108793,16,414,230
NU-100485,1,588,339
NU-100485,2,420,264
NU-100485,3,362,304
NU-100485,4,741,321
NU-100485,5,547,314
NU-100485,6,426,220
NU-100485,7,441,281
NU-100485,8,472,237
NU-100485,9,230,123
NU-100485,10,453,297
NU-100485,11,192,189
NU-100485,12,337,274
NU-100485,13,306,255
NU-100485,14,380,227
NU-100485,15,365,236
NU-100485,16,374,330
NU-106629,1,413,287
NU-106629,2,723,397
NU-106629,3,791,366
NU-106629,4,624,402
NU-106629,5,722,372
NU-106629,6,690,350
NU-106629,7,631,392
NU-106629,8,543,346
NU-106629,9,137,123
NU-106629,10,543,365
NU-106629,11,564,307
NU-106629,12,773,384
NU-106629,13,639,363
NU-106629,14,720,382
NU-106629,15,524,352
NU-106629,16,692,363
NU-105674,1,363,181
NU-105674,2,246,196
NU-105674,3,163,180
NU-105674,4,250,210
NU-105674,5,192,171
NU-105674,6,212,179
NU-105674,7,343,238
NU-105674,8,290,185
NU-105674,9,147,69
NU-105674,10,294,164
NU-105674,11,398,230
NU-105674,12,300,169
NU-105674,13,316,207
NU-105674,14,339,161
NU-105674,15,406,200
NU-105674,16,237,168
NU-103854,1,519,294
NU-103854,2,512,289
NU-103854,3,493,316
NU-103854,4,203,172
NU-103854,5,357,341
NU-103854,6,520,315
NU-103854,7,521,280
NU-103854,8,593,397
NU-103854,9,159,118
NU-103854,10,275,183
NU-103854,11,528,281
NU-103854,12,343,259
NU-103854,13,618,344
NU-103854,14,446,330
NU-103854,15,505,298
NU-103854,16,304,213
NU-108110,1,256,162
NU-108110,2,130,127
NU-108110,3,280,183
NU-108110,4,291,216
NU-108110,5,329,245
NU-108110,6,412,236
NU-108110,7,382,261
NU-108110,8,352,179
NU-108110,9,168,82
NU-108110,10,208,207
NU-108110,11,297,231
NU-108110,12,258,158
NU-108110,13,456,239
NU-108110,14,362,249
NU-108110,15,318,222
NU-108110,16,519,269
NU-101200,1,385,271
NU-101200,2,199,247
NU-101200,3,380,238
NU-101200,4,314,295
NU-101200,5,357,245
NU-101200,6,449,317
NU-101200,7,537,341
NU-101200,8,576,294
NU-101200,9,249,108
NU-101200,10,246,168
NU-101200,11,221,242
NU-101200,12,240,230
NU-101200,13,489,312
NU-101200,14,588,315
NU-101200,15,483,285
NU-101200,16,347,230
NU-104976,1,337,183
NU-104976,2,262,144
NU-104976,3,178,140
NU-104976,4,328,197
NU-104976,5,133,81
NU-104976,6,284,189
NU-104976,7,318,189
NU-104976,8,206,133
NU-104976,9,113,86
NU-104976,10,220,153
NU-104976,11,234,133
NU-104976,12,252,175
NU-104976,13,219,107
NU-104976,14,180,149
NU-104976,15,198,206
NU-104976,16,382,214
NU-106046,1,196,171
NU-106046,2,317,155
NU-106046,3,205,166
NU-106046,4,327,178
NU-106046,5,212,166
NU-106046,6,324,205
NU-106046,7,344,204
NU-106046,8,161,103
NU-106046,9,123,69
NU-106046,10,368,178
NU-106046,11,302,237
NU-106046,12,198,114
NU-106046,13,197,175
NU-106046,14,386,244
NU-106046,15,261,203
NU-106046,16,322,199
NU-103619,1,358,226
NU-103619,2,272,163
NU-103619,3,282,167
NU-103619,4,372,208
NU-103619,5,218,153
NU-103619,6,212,180
NU-103619,7,368,210
NU-103619,8,320,192
NU-103619,9,174,98
NU-103619,10,190,162
NU-103619,11,226,149
NU-103619,12,331,178
NU-103619,13,220,132
NU-103619,14,222,182
NU-103619,15,158,141
NU-103619,16,362,176
NU-101178,1,300,189
NU-101178,2,227,215
NU-101178,3,480,268
NU-101178,4,337,257
NU-101178,5,503,297
NU-101178,6,465,230
NU-101178,7,487,279
NU-101178,8,327,222
NU-101178,9,133,79
NU-101178,10,250,206
NU-101178,11,222,219
NU-101178,12,452,219
NU-101178,13,287,236
NU-101178,14,466,308
NU-101178,15,359,243
NU-101178,16,321,264
NU-100255,1,146,108
NU-100255,2,189,142
NU-100255,3,348,162
NU-100255,4,163,111
NU-100255,5,112,93
NU-100255,6,135,139
NU-100255,7,202,121
NU-100255,8,408,224
NU-100255,9,180,89
NU-100255,10,185,116
NU-100255,11,169,136
NU-100255,12,212,133
NU-100255,13,412,213
NU-100255,14,354,180
NU-100255,15,241,155
NU-100255,16,228,176
NU-108180,1,526,259
NU-108180,2,344,249
NU-108180,3,392,228
NU-108180,4,236,189
NU-108180,5,325,255
NU-108180,6,357,238
NU-108180,7,251,211
NU-108180,8,323,197
NU-108180,9,114,74
NU-108180,10,489,263
NU-108180,11,303,225
NU-108180,12,281,233
NU-108180,13,316,267
NU-108180,14,424,227
NU-108180,15,481,319
NU-108180,16,285,220
NU-100241,1,287,235
NU-100241,2,357,166
NU-100241,3,195,159
NU-100241,4,320,221
NU-100241,5,297,203
NU-100241,6,223,172
NU-100241,7,252,177
NU-100241,8,440,238
NU-100241,9,149,85
NU-100241,10,224,201
NU-100241,11,236,161
NU-100241,12,259,182
NU-100241,13,440,229
NU-100241,14,237,256
NU-100241,15,442,211
NU-100241,16,314,223
NU-104470,1,643,354
NU-104470,2,742,419
NU-104470,3,549,335
NU-104470,4,373,255
NU-104470,5,377,275
NU-104470,6,340,302
NU-104470,7,407,316
NU-104470,8,727,445
NU-104470,9,184,123
NU-104470,10,490,284
NU-104470,11,539,337
NU-104470,12,566,347
NU-104470,13,553,294
NU-104470,14,428,309
NU-104470,15,613,340
NU-104470,16,476,288
NU-104529,1,259,171
NU-104529,2,415,207
NU-104529,3,463,260
NU-104529,4,343,200
NU-104529,5,269,211
NU-104529,6,342,269
NU-104529,7,453,278
NU-104529,8,323,186
NU-104529,9,87,79
NU-104529,10,254,151
NU-104529,11,381,221
NU-104529,12,303,175
NU-104529,13,260,144
NU-104529,14,238,127
NU-104529,15,401,215
NU-104529,16,599,228
NU-100307,1,375,244
NU-100307,2,421,246
NU-100307,3,286,244
NU-100307,4,380,236
NU-100307,5,284,203
NU-100307,6,499,285
NU-100307,7,521,248
NU-100307,8,260,201
NU-100307,9,157,95
NU-100307,10,349,253
NU-100307,11,389,231
NU-100307,12,467,257
NU-100307,13,217,236
NU-100307,14,463,266
NU-100307,15,335,216
NU-100307,16,454,223
NU-106254,1,207,207
NU-106254,2,287,136
NU-106254,3,287,215
NU-106254,4,352,228
NU-106254,5,317,291
NU-106254,6,373,269
NU-106254,7,260,180
NU-106254,8,243,157
NU-106254,9,174,98
NU-106254,10,295,211
NU-106254,11,428,246
NU-106254,12,523,288
NU-106254,13,154,101
NU-106254,14,450,250
NU-106254,15,375,237
NU-106254,16,495,235
NU-104612,1,261,200
NU-104612,2,404,214
NU-104612,3,163,141
NU-104612,4,258,170
NU-104612,5,305,193
NU-104612,6,299,222
NU-104612,7,466,261
NU-104612,8,369,202
NU-104612,9,109,76
NU-104612,10,487,246
NU-104612,11,400,208
NU-104612,12,586,313
NU-104612,13,375,195
NU-104612,14,319,218
NU-104612,15,514,242
NU-104612,16,287,234
NU-107941,1,397,277
NU-107941,2,456,318
NU-107941,3,503,304
NU-107941,4,556,323
NU-107941,5,381,240
NU-107941,6,375,289
NU-107941,7,486,260
NU-107941,8,474,274
NU-107941,9,258,139
NU-107941,10,498,316
NU-107941,11,594,320
NU-107941,12,504,306
NU-107941,13,427,220
NU-107941,14,545,298
NU-107941,15,437,327
NU-107941,16,688,350
NU-108247,1,212,197
NU-108247,2,315,249
NU-108247,3,310,174
NU-108247,4,297,235
NU-108247,5,185,92
NU-108247,6,219,188
NU-108247,7,196,150
NU-108247,8,378,249
NU-108247,9,95,59
NU-108247,10,458,228
NU-108247,11,380,177
NU-108247,12,169,154
NU-108247,13,339,156
NU-108247,14,255,138
NU-108247,15,403,246
NU-108247,16,296,135
NU-101572,1,515,265
NU-101572,2,417,260
NU-101572,3,391,237
NU-101572,4,457,263
NU-101572,5,294,236
NU-101572,6,318,265
NU-101572,7,410,261
NU-101572,8,373,300
NU-101572,9,124,79
NU-101572,10,341,217
NU-101572,11,403,208
NU-101572,12,235,254
NU-101572,13,322,188
NU-101572,14,338,203
NU-101572,15,473,228
NU-101572,16,391,258
NU-103973,1,346,212
NU-103973,2,271,145
NU-103973,3,376,229
NU-103973,4,147,163
NU-103973,5,265,138
NU-103973,6,372,218
NU-103973,7,229,138
NU-103973,8,321,206
NU-103973,9,123,74
NU-103973,10,391,206
NU-103973,11,323,262
NU-103973,12,316,197
NU-103973,13,299,181
NU-103973,14,225,124
NU-103973,15,219,147
NU-103973,16,256,139
NU-105693,1,360,275
NU-105693,2,428,209
NU-105693,3,291,210
NU-105693,4,566,287
NU-105693,5,355,189
NU-105693,6,199,193
NU-105693,7,263,233
NU-105693,8,361,205
NU-105693,9,142,103
NU-105693,10,347,277
NU-105693,11,369,262
NU-105693,12,319,232
NU-105693,13,516,248
NU-105693,14,568,296
NU-105693,15,403,214
NU-105693,16,407,238
NU-103419,1,305,182
NU-103419,2,182,236
NU-103419,3,266,191
NU-103419,4,243,161
NU-103419,5,267,186
NU-103419,6,296,198
NU-103419,7,325,238
NU-103419,8,297,170
NU-103419,9,118,76
NU-103419,10,466,240
NU-103419,11,252,174
NU-103419,12,399,237
NU-103419,13,237,227
NU-103419,14,352,157
NU-103419,15,528,264
NU-103419,16,278,200
NU-105526,1,163,115
NU-105526,2,252,173
NU-105526,3,379,228
NU-105526,4,309,179
NU-105526,5,454,202
NU-105526,6,414,215
NU-105526,7,372,198
NU-105526,8,332,192
NU-105526,9,193,92
NU-105526,10,243,129
NU-105526,11,345,208
NU-105526,12,247,155
NU-105526,13,319,188
NU-105526,14,423,191
NU-105526,15,274,168
NU-105526,16,171,115
NU-102154,1,253,173
NU-102154,2,317,194
NU-102154,3,339,193
NU-102154,4,271,181
NU-102154,5,332,248
NU-102154,6,298,217
NU-102154,7,261,142
NU-102154,8,461,226
NU-102154,9,96,49
NU-102154,10,216,138
NU-102154,11,281,201
NU-102154,12,286,246
NU-102154,13,306,198
NU-102154,14,355,217
NU-102154,15,303,235
NU-102154,16,385,247
NU-109123,1,395,235
NU-109123,2,563,323
NU-109123,3,301,268
NU-109123,4,430,267
NU-109123,5,376,246
NU-109123,6,461,341
NU-109123,7,402,293
NU-109123,8,558,341
NU-109123,9,207,128
NU-109123,10,589,317
NU-109123,11,477,319
NU-109123,12,438,298
NU-109123,13,401,273
NU-109123,14,516,332
NU-109123,15,487,275
NU-109123,16,427,304
NU-100051,1,263,180
NU-100051,2,177,125
NU-100051,3,214,145
NU-100051,4,390,213
NU-100051,5,234,148
NU-100051,6,250,164
NU-100051,7,218,182
NU-100051,8,264,194
NU-100051,9,164,110
NU-100051,10,292,168
NU-100051,11,232,199
NU-100051,12,440,272
NU-100051,13,262,192
NU-100051,14,310,173
NU-100051,15,281,219
NU-100051,16,537,324
NU-104374,1,361,218
NU-104374,2,223,194
NU-104374,3,275,224
NU-104374,4,279,188
NU-104374,5,206,145
NU-104374,6,358,205
NU-104374,7,391,214
NU-104374,8,345,182
NU-104374,9,119,87
NU-104374,10,460,248
NU-104374,11,242,179
NU-104374,12,284,168
NU-104374,13,270,190
NU-104374,14,301,231
NU-104374,15,294,189
NU-104374,16,187,151
NU-101359,1,563,315
NU-101359,2,654,302
NU-101359,3,260,202
NU-101359,4,308,243
NU-101359,5,608,311
NU-101359,6,491,303
NU-101359,7,539,300
NU-101359,8,457,262
NU-101359,9,186,110
NU-101359,10,444,263
NU-101359,11,433,249
NU-101359,12,561,284
NU-101359,13,567,298
NU-101359,14,540,337
NU-101359,15,239,255
NU-101359,16,450,270
NU-106622,1,349,177
NU-106622,2,64,38
NU-106622,3,203,127
NU-106622,4,171,87
NU-106622,5,119,72
NU-106622,6,305,172
NU-106622,7,183,102
NU-106622,8,158,150
NU-106622,9,35,30
NU-106622,10,283,188
NU-106622,11,261,175
NU-106622,12,58,30
NU-106622,13,188,123
NU-106622,14,51,40
NU-106622,15,142,105
NU-106622,16,231,154
NU-101592,1,332,176
NU-101592,2,262,199
NU-101592,3,422,223
NU-101592,4,319,221
NU-101592,5,303,197
NU-101592,6,298,184
NU-101592,7,234,209
NU-101592,8,484,244
NU-101592,9,133,81
NU-101592,10,399,253
NU-101592,11,385,181
NU-101592,12,381,179
NU-101592,13,188,199
NU-101592,14,334,185
NU-101592,15,489,264
NU-101592,16,395,260
NU-100458,1,81,71
NU-100458,2,214,132
NU-100458,3,325,183
NU-100458,4,201,106
NU-100458,5,170,104
NU-100458,6,351,229
NU-100458,7,175,83
NU-100458,8,189,133
NU-100458,9,105,65
NU-100458,10,374,195
NU-100458,11,404,194
NU-100458,12,201,142
NU-100458,13,330,159
NU-100458,14,253,144
NU-100458,15,147,143
NU-100458,16,231,156
NU-103765,1,329,173
NU-103765,2,484,258
NU-103765,3,493,275
NU-103765,4,407,220
NU-103765,5,394,261
NU-103765,6,558,265
NU-103765,7,461,258
NU-103765,8,410,233
NU-103765,9,167,102
NU-103765,10,511,241
NU-103765,11,315,231
NU-103765,12,427,265
NU-103765,13,281,200
NU-103765,14,417,271
NU-103765,15,413,228
NU-103765,16,484,247
NU-106831,1,410,218
NU-106831,2,337,218
NU-106831,3,270,132
NU-106831,4,310,241
NU-106831,5,239,195
NU-106831,6,246,146
NU-106831,7,180,116
NU-106831,8,203,171
NU-106831,9,164,78
NU-106831,10,433,234
NU-106831,11,342,178
NU-106831,12,332,194
NU-106831,13,133,102
NU-106831,14,477,246
NU-106831,15,249,123
NU-106831,16,377,173
NU-105369,1,143,102
NU-105369,2,218,124
NU-105369,3,162,85
NU-105369,4,132,93
NU-105369,5,155,105
NU-105369,6,150,99
NU-105369,7,258,148
NU-105369,8,253,136
NU-105369,9,87,45
NU-105369,10,286,173
NU-105369,11,215,167
NU-105369,12,248,134
NU-105369,13,109,66
NU-105369,14,202,147
NU-105369,15,352,169
NU-105369,16,205,175
NU-106496,1,434,255
NU-106496,2,505,313
NU-106496,3,357,305
NU-106496,4,400,228
NU-106496,5,459,251
NU-106496,6,587,263
NU-106496,7,416,284
NU-106496,8,561,338
NU-106496,9,242,114
NU-106496,10,617,356
NU-106496,11,352,264
NU-106496,12,570,315
NU-106496,13,664,363
NU-106496,14,454,315
NU-106496,15,353,239
NU-106496,16,458,317
NU-101441,1,286,186
NU-101441,2,449,238
NU-101441,3,507,247
NU-101441,4,327,209
NU-101441,5,463,245
NU-101441,6,297,253
NU-101441,7,371,265
NU-101441,8,341,258
NU-101441,9,189,104
NU-101441,10,459,246
NU-101441,11,323,268
NU-101441,12,381,212
NU-101441,13,263,272
NU-101441,14,483,260
NU-101441,15,276,222
NU-101441,16,335,203
NU-106313,1,440,272
NU-106313,2,483,290
NU-106313,3,479,356
NU-106313,4,504,276
NU-106313,5,410,245
NU-106313,6,379,309
NU-106313,7,372,284
NU-106313,8,263,222
NU-106313,9,146,82
NU-106313,10,505,262
NU-106313,11,440,236
NU-106313,12,351,212
NU-106313,13,423,292
NU-106313,14,337,216
NU-106313,15,305,245
NU-106313,16,529,265
NU-101709,1,240,174
NU-101709,2,255,167
NU-101709,3,327,232
NU-101709,4,64,43
NU-101709,5,410,258
NU-101709,6,339,221
NU-101709,7,352,216
NU-101709,8,342,188
NU-101709,9,87,66
NU-101709,10,216,162
NU-101709,11,134,112
NU-101709,12,316,184
NU-101709,13,293,190
NU-101709,14,337,171
NU-101709,15,363,188
NU-101709,16,181,117
NU-106947,1,373,257
NU-106947,2,597,273
NU-106947,3,358,264
NU-106947,4,606,272
NU-106947,5,418,227
NU-106947,6,676,406
NU-106947,7,455,287
NU-106947,8,461,271
NU-106947,9,241,131
NU-106947,10,458,315
NU-106947,11,345,324
NU-106947,12,405,271
NU-106947,13,601,278
NU-106947,14,563,319
NU-106947,15,460,298
NU-106947,16,471,261
NU-107060,1,365,217
NU-107060,2,391,278
NU-107060,3,327,195
NU-107060,4,334,230
NU-107060,5,330,278
NU-107060,6,389,257
NU-107060,7,303,180
NU-107060,8,402,226
NU-107060,9,112,110
NU-107060,10,259,237
NU-107060,11,502,229
NU-107060,12,465,283
NU-107060,13,194,193
NU-107060,14,588,259
NU-107060,15,592,272
NU-107060,16,302,180
NU-107594,1,516,317
NU-107594,2,622,385
NU-107594,3,542,319
NU-107594,4,630,358
NU-107594,5,467,292
NU-107594,6,441,278
NU-107594,7,466,308
NU-107594,8,503,287
NU-107594,9,214,112
NU-107594,10,476,299
NU-107594,11,580,283
NU-107594,12,417,247
NU-107594,13,557,337
NU-107594,14,494,316
NU-107594,15,509,297
NU-107594,16,334,297
NU-103274,1,126,76
NU-103274,2,63,44
NU-103274,3,139,82
NU-103274,4,179,85
NU-103274,5,185,112
NU-103274,6,203,118
NU-103274,7,77,56
NU-103274,8,311,172
NU-103274,9,0,0
NU-103274,10,97,73
NU-103274,11,193,102
NU-103274,12,167,131
NU-103274,13,68,60
NU-103274,14,135,90
NU-103274,15,93,56
NU-103274,16,92,47
NU-107869,1,330,225
NU-107869,2,356,180
NU-107869,3,297,194
NU-107869,4,470,231
NU-107869,5,263,159
NU-107869,6,257,149
NU-107869,7,351,274
NU-107869,8,286,177
NU-107869,9,149,118
NU-107869,10,392,243
NU-107869,11,266,229
NU-107869,12,281,168
NU-107869,13,315,237
NU-107869,14,358,190
NU-107869,15,246,200
NU-107869,16,291,195
NU-104222,1,219,114
NU-104222,2,342,214
NU-104222,3,289,206
NU-104222,4,450,250
NU-104222,5,421,266
NU-104222,6,258,202
NU-104222,7,372,251
NU-104222,8,170,131
NU-104222,9,182,115
NU-104222,10,330,226
NU-104222,11,244,214
NU-104222,12,258,222
NU-104222,13,425,235
NU-104222,14,409,186
NU-104222,15,313,235
NU-104222,16,226,169
NU-108061,1,231,207
NU-108061,2,428,237
NU-108061,3,478,339
NU-108061,4,495,269
NU-108061,5,251,126
NU-108061,6,520,260
NU-108061,7,373,270
NU-108061,8,465,297
NU-108061,9,139,107
NU-108061,10,440,237
NU-108061,11,368,239
NU-108061,12,276,211
NU-108061,13,449,306
NU-108061,14,383,232
NU-108061,15,420,261
NU-108061,16,503,262
NU-105356,1,417,250
NU-105356,2,313,190
NU-105356,3,308,173
NU-105356,4,360,242
NU-105356,5,281,236
NU-105356,6,408,235
NU-105356,7,285,207
NU-105356,8,361,291
NU-105356,9,95,66
NU-105356,10,187,183
NU-105356,11,246,174
NU-105356,12,481,238
NU-105356,13,374,222
NU-105356,14,225,233
NU-105356,15,490,295
NU-105356,16,337,229
NU-108259,1,588,270
NU-108259,2,437,315
NU-108259,3,609,288
NU-108259,4,359,272
NU-108259,5,418,234
NU-108259,6,527,268
NU-108259,7,447,214
NU-108259,8,368,295
NU-108259,9,129,110
NU-108259,10,484,279
NU-108259,11,391,301
NU-108259,12,372,252
NU-108259,13,583,277
NU-108259,14,626,298
NU-108259,15,517,296
NU-108259,16,330,222
NU-107870,1,96,66
NU-107870,2,223,167
NU-107870,3,345,230
NU-107870,4,373,210
NU-107870,5,215,182
NU-107870,6,239,151
NU-107870,7,343,181
NU-107870,8,271,208
NU-107870,9,111,64
NU-107870,10,328,193
NU-107870,11,468,233
NU-107870,12,325,266
NU-107870,13,355,231
NU-107870,14,276,176
NU-107870,15,208,173
NU-107870,16,293,195
NU-101256,1,270,152
NU-101256,2,97,79
NU-101256,3,237,123
NU-101256,4,244,202
NU-101256,5,14,6
NU-101256,6,129,91
NU-101256,7,257,183
NU-101256,8,218,164
NU-101256,9,144,90
NU-101256,10,230,144
NU-101256,11,197,190
NU-101256,12,215,155
NU-101256,13,238,154
NU-101256,14,294,201
NU-101256,15,318,237
NU-101256,16,227,175
NU-109175,1,504,266
NU-109175,2,483,282
NU-109175,3,581,285
NU-109175,4,408,309
NU-109175,5,243,231
NU-109175,6,485,281
NU-109175,7,406,323
NU-109175,8,562,257
NU-109175,9,211,121
NU-109175,10,593,308
NU-109175,11,260,232
NU-109175,12,593,320
NU-109175,13,470,266
NU-109175,14,509,236
NU-109175,15,561,270
NU-109175,16,261,301
NU-103545,1,266,171
NU-103545,2,277,210
NU-103545,3,433,203
NU-103545,4,313,175
NU-103545,5,341,195
NU-103545,6,208,174
NU-103545,7,264,180
NU-103545,8,325,194
NU-103545,9,88,72
NU-103545,10,312,178
NU-103545,11,236,193
NU-103545,12,316,175
NU-103545,13,211,135
NU-103545,14,197,135
NU-103545,15,200,155
NU-103545,16,379,202
NU-100262,1,402,234
NU-100262,2,443,254
NU-100262,3,499,292
NU-100262,4,382,247
NU-100262,5,335,230
NU-100262,6,479,276
NU-100262,7,323,273
NU-100262,8,431,226
NU-100262,9,172,116
NU-100262,10,321,256
NU-100262,11,517,358
NU-100262,12,459,312
NU-100262,13,361,207
NU-100262,14,482,247
NU-100262,15,355,193
NU-100262,16,539,270
NU-101568,1,127,76
NU-101568,2,120,85
NU-101568,3,71,53
NU-101568,4,270,169
NU-101568,5,174,120
NU-101568,6,225,155
NU-101568,7,344,167
NU-101568,8,260,120
NU-101568,9,43,30
NU-101568,10,69,37
NU-101568,11,219,127
NU-101568,12,169,98
NU-101568,13,167,102
NU-101568,14,198,146
NU-101568,15,146,98
NU-101568,16,223,137
NU-104686,1,206,126
NU-104686,2,425,243
NU-104686,3,195,188
NU-104686,4,305,235
NU-104686,5,696,307
NU-104686,6,278,212
NU-104686,7,186,177
NU-104686,8,294,241
NU-104686,9,115,76
NU-104686,10,339,211
NU-104686,11,305,196
NU-104686,12,113,92
NU-104686,13,381,237
NU-104686,14,231,197
NU-104686,15,468,202
NU-104686,16,210,127
NU-108851,1,273,181
NU-108851,2,413,325
NU-108851,3,576,319
NU-108851,4,341,227
NU-108851,5,546,313
NU-108851,6,525,283
NU-108851,7,340,259
NU-108851,8,637,275
NU-108851,9,158,86
NU-108851,10,313,241
NU-108851,11,557,294
NU-108851,12,386,287
NU-108851,13,320,227
NU-108851,14,469,233
NU-108851,15,383,271
NU-108851,16,510,316
NU-105093,1,456,263
NU-105093,2,276,211
NU-105093,3,302,266
NU-105093,4,262,171
NU-105093,5,457,257
NU-105093,6,559,299
NU-105093,7,343,274
NU-105093,8,429,248
NU-105093,9,166,111
NU-105093,10,237,217
NU-105093,11,273,228
NU-105093,12,413,280
NU-105093,13,612,325
NU-105093,14,397,214
NU-105093,15,282,182
NU-105093,16,422,223
NU-106874,1,308,208
NU-106874,2,432,267
NU-106874,3,451,230
NU-106874,4,292,242
NU-106874,5,311,233
NU-106874,6,281,181
NU-106874,7,131,93
NU-106874,8,410,187
NU-106874,9,96,51
NU-106874,10,243,156
NU-106874,11,354,189
NU-106874,12,397,217
NU-106874,13,368,176
NU-106874,14,309,140
NU-106874,15,377,262
NU-106874,16,220,135
